"groupID","subjectID","gender","age","handedness","stage","trialID","P","T","W","Shape","Label","CorrectKey","Response","RT","Correct","RT_ms","T_ms","W_ms","Press"
7,1,1,24,2,"formal",9,8,0.1,1.1,"square","self","j","j",0.669496000016807,1,669.496000016807,100,1100,1
7,1,1,24,2,"formal",10,8,0.1,1.1,"square","stranger","f","f",0.900684699998237,1,900.684699998237,100,1100,1
7,1,1,24,2,"formal",11,8,0.1,1.1,"circle","self","f","f",0.676788899989333,1,676.788899989333,100,1100,1
7,1,1,24,2,"formal",12,8,0.1,1.1,"circle","stranger","j","j",0.740959099988686,1,740.959099988686,100,1100,1
7,1,1,24,2,"formal",13,8,0.1,1.1,"circle","stranger","j","j",0.83680269998149,1,836.80269998149,100,1100,1
7,1,1,24,2,"formal",14,8,0.1,1.1,"circle","self","f","f",0.530560700019123,1,530.560700019123,100,1100,1
7,1,1,24,2,"formal",15,8,0.1,1.1,"square","self","j","f",0.607344300020486,0,607.344300020486,100,1100,1
7,1,1,24,2,"formal",16,8,0.1,1.1,"square","stranger","f","f",0.93444380001165,1,934.44380001165,100,1100,1
7,1,1,24,2,"formal",17,8,0.1,1.1,"square","stranger","f","f",0.565451600006782,1,565.451600006782,100,1100,1
7,1,1,24,2,"formal",18,8,0.1,1.1,"square","self","j","j",1.14365810001618,1,1143.65810001618,100,1100,1
7,1,1,24,2,"formal",19,8,0.1,1.1,"circle","self","f","f",0.791163699992467,1,791.163699992467,100,1100,1
7,1,1,24,2,"formal",20,8,0.1,1.1,"circle","stranger","j","j",0.606651900016004,1,606.651900016004,100,1100,1
7,1,1,24,2,"formal",21,8,0.1,1.1,"circle","self","f","f",0.66921750002075,1,669.21750002075,100,1100,1
7,1,1,24,2,"formal",22,8,0.1,1.1,"square","stranger","f","f",0.815150899987202,1,815.150899987202,100,1100,1
7,1,1,24,2,"formal",23,8,0.1,1.1,"square","self","j","j",1.00149540000712,1,1001.49540000712,100,1100,1
7,1,1,24,2,"formal",24,8,0.1,1.1,"circle","stranger","j","j",0.824058800004423,1,824.058800004423,100,1100,1
7,1,1,24,2,"formal",25,8,0.1,1.1,"circle","stranger","j","j",0.782633199996781,1,782.633199996781,100,1100,1
7,1,1,24,2,"formal",26,8,0.1,1.1,"square","stranger","f","f",0.96834389999276,1,968.34389999276,100,1100,1
7,1,1,24,2,"formal",27,8,0.1,1.1,"square","self","j","j",0.680939999991097,1,680.939999991097,100,1100,1
7,1,1,24,2,"formal",28,8,0.1,1.1,"circle","self","f","f",0.632870100002037,1,632.870100002037,100,1100,1
7,1,1,24,2,"formal",29,8,0.1,1.1,"circle","stranger","j","j",0.63212530000601,1,632.12530000601,100,1100,1
7,1,1,24,2,"formal",30,8,0.1,1.1,"circle","self","f","f",0.66411309997784,1,664.11309997784,100,1100,1
7,1,1,24,2,"formal",31,8,0.1,1.1,"square","stranger","f","f",0.936692999996012,1,936.692999996012,100,1100,1
7,1,1,24,2,"formal",32,8,0.1,1.1,"square","self","j","j",0.976911900012055,1,976.911900012055,100,1100,1
7,1,1,24,2,"formal",33,8,0.1,1.1,"circle","self","f","f",0.815703100000974,1,815.703100000974,100,1100,1
7,1,1,24,2,"formal",34,8,0.1,1.1,"square","self","j","j",0.703316999977687,1,703.316999977687,100,1100,1
7,1,1,24,2,"formal",35,8,0.1,1.1,"square","stranger","f","f",0.937524799985113,1,937.524799985113,100,1100,1
7,1,1,24,2,"formal",36,8,0.1,1.1,"circle","stranger","j","j",0.785791900008917,1,785.791900008917,100,1100,1
7,1,1,24,2,"formal",37,8,0.1,1.1,"circle","stranger","j","j",0.703670799994143,1,703.670799994143,100,1100,1
7,1,1,24,2,"formal",38,8,0.1,1.1,"circle","self","f","f",0.608351799979573,1,608.351799979573,100,1100,1
7,1,1,24,2,"formal",39,8,0.1,1.1,"square","stranger","f","f",0.655366000020877,1,655.366000020877,100,1100,1
7,1,1,24,2,"formal",40,8,0.1,1.1,"square","self","j","j",0.720027400006074,1,720.027400006074,100,1100,1
7,1,1,24,2,"formal",41,8,0.1,1.1,"circle","self","f","f",0.815258699993137,1,815.258699993137,100,1100,1
7,1,1,24,2,"formal",42,8,0.1,1.1,"square","stranger","f","f",0.671986799978185,1,671.986799978185,100,1100,1
7,1,1,24,2,"formal",43,8,0.1,1.1,"square","self","j","j",0.734834400005639,1,734.834400005639,100,1100,1
7,1,1,24,2,"formal",44,8,0.1,1.1,"circle","stranger","j","j",0.719498299993575,1,719.498299993575,100,1100,1
7,1,1,24,2,"formal",45,8,0.1,1.1,"square","stranger","f","f",0.640329099987866,1,640.329099987866,100,1100,1
7,1,1,24,2,"formal",46,8,0.1,1.1,"square","self","j","j",0.760296899999958,1,760.296899999958,100,1100,1
7,1,1,24,2,"formal",47,8,0.1,1.1,"circle","self","f","f",0.58307349999086,1,583.07349999086,100,1100,1
7,1,1,24,2,"formal",48,8,0.1,1.1,"circle","stranger","j","j",1.03248940000776,1,1032.48940000776,100,1100,1
7,1,1,24,2,"formal",49,8,0.1,1.1,"square","self","j","j",0.728131999989273,1,728.131999989273,100,1100,1
7,1,1,24,2,"formal",50,8,0.1,1.1,"circle","stranger","j","j",0.779941899992991,1,779.941899992991,100,1100,1
7,1,1,24,2,"formal",51,8,0.1,1.1,"square","stranger","f","f",0.624382599984528,1,624.382599984528,100,1100,1
7,1,1,24,2,"formal",52,8,0.1,1.1,"circle","self","f","f",0.656146199995419,1,656.146199995419,100,1100,1
7,1,1,24,2,"formal",53,8,0.1,1.1,"square","self","j","j",1.04025540000293,1,1040.25540000293,100,1100,1
7,1,1,24,2,"formal",54,8,0.1,1.1,"circle","self","f","f",0.654809099971317,1,654.809099971317,100,1100,1
7,1,1,24,2,"formal",55,8,0.1,1.1,"circle","stranger","j","j",0.622475199983455,1,622.475199983455,100,1100,1
7,1,1,24,2,"formal",56,8,0.1,1.1,"square","stranger","f","f",0.575345699995523,1,575.345699995523,100,1100,1
7,1,1,24,2,"formal",57,8,0.1,1.1,"circle","stranger","j","j",1.15882229999988,1,1158.82229999988,100,1100,1
7,1,1,24,2,"formal",58,8,0.1,1.1,"circle","self","f","f",0.670921800017823,1,670.921800017823,100,1100,1
7,1,1,24,2,"formal",59,8,0.1,1.1,"square","self","j","j",0.678822099987883,1,678.822099987883,100,1100,1
7,1,1,24,2,"formal",60,8,0.1,1.1,"square","stranger","f","f",1.0003202999942,1,1000.3202999942,100,1100,1
7,1,1,24,2,"formal",61,8,0.1,1.1,"circle","self","f","f",0.619956800015643,1,619.956800015643,100,1100,1
7,1,1,24,2,"formal",62,8,0.1,1.1,"square","self","j","j",0.748292299977038,1,748.292299977038,100,1100,1
7,1,1,24,2,"formal",63,8,0.1,1.1,"circle","stranger","j","j",0.787832499976503,1,787.832499976503,100,1100,1
7,1,1,24,2,"formal",64,8,0.1,1.1,"square","stranger","f","f",0.694676499988418,1,694.676499988418,100,1100,1
7,1,1,24,2,"formal",65,8,0.1,1.1,"circle","stranger","j","j",0.86392179998802,1,863.92179998802,100,1100,1
7,1,1,24,2,"formal",66,8,0.1,1.1,"square","self","j","f",0.871317000011913,0,871.317000011913,100,1100,1
7,1,1,24,2,"formal",67,8,0.1,1.1,"square","stranger","f","",NA,0,NA,100,1100,0
7,1,1,24,2,"formal",68,8,0.1,1.1,"circle","self","f","j",0.125340000027791,0,125.340000027791,100,1100,1
7,1,1,24,2,"formal",69,8,0.1,1.1,"square","stranger","f","",NA,0,NA,100,1100,0
7,1,1,24,2,"formal",70,8,0.1,1.1,"circle","stranger","j","j",0.919695400021737,1,919.695400021737,100,1100,1
7,1,1,24,2,"formal",71,8,0.1,1.1,"circle","self","f","f",0.639287199999671,1,639.287199999671,100,1100,1
7,1,1,24,2,"formal",72,8,0.1,1.1,"square","self","j","j",1.07251430000179,1,1072.51430000179,100,1100,1
7,1,1,24,2,"formal",73,8,0.1,1.1,"circle","self","f","f",0.65656790000503,1,656.56790000503,100,1100,1
7,1,1,24,2,"formal",74,8,0.1,1.1,"circle","stranger","j","j",0.734820699988632,1,734.820699988632,100,1100,1
7,1,1,24,2,"formal",75,8,0.1,1.1,"square","stranger","f","f",1.14588239998557,1,1145.88239998557,100,1100,1
7,1,1,24,2,"formal",76,8,0.1,1.1,"square","self","j","j",0.69375200002105,1,693.75200002105,100,1100,1
7,1,1,24,2,"formal",77,8,0.1,1.1,"square","stranger","f","f",0.975814300007187,1,975.814300007187,100,1100,1
7,1,1,24,2,"formal",78,8,0.1,1.1,"circle","self","f","f",0.623616500000935,1,623.616500000935,100,1100,1
7,1,1,24,2,"formal",79,8,0.1,1.1,"circle","stranger","j","j",0.599511999986134,1,599.511999986134,100,1100,1
7,1,1,24,2,"formal",80,8,0.1,1.1,"square","self","j","j",0.871990899991943,1,871.990899991943,100,1100,1
7,1,1,24,2,"formal",81,8,0.1,1.1,"square","stranger","f","f",0.864759899995988,1,864.759899995988,100,1100,1
7,1,1,24,2,"formal",82,8,0.1,1.1,"circle","stranger","j","j",0.742087800026638,1,742.087800026638,100,1100,1
7,1,1,24,2,"formal",83,8,0.1,1.1,"square","self","j","j",0.816310700000031,1,816.310700000031,100,1100,1
7,1,1,24,2,"formal",84,8,0.1,1.1,"circle","self","f","f",0.871764799987432,1,871.764799987432,100,1100,1
7,1,1,24,2,"formal",85,8,0.1,1.1,"circle","self","f","f",0.687983100011479,1,687.983100011479,100,1100,1
7,1,1,24,2,"formal",86,8,0.1,1.1,"circle","stranger","j","j",0.583582799998112,1,583.582799998112,100,1100,1
7,1,1,24,2,"formal",87,8,0.1,1.1,"square","self","j","j",0.702753399993526,1,702.753399993526,100,1100,1
7,1,1,24,2,"formal",88,8,0.1,1.1,"square","stranger","f","f",0.545323500002269,1,545.323500002269,100,1100,1
7,1,1,24,2,"formal",89,8,0.1,1.1,"circle","stranger","j","j",0.839598499995191,1,839.598499995191,100,1100,1
7,1,1,24,2,"formal",90,8,0.1,1.1,"square","self","j","f",0.912631899991538,0,912.631899991538,100,1100,1
7,1,1,24,2,"formal",91,8,0.1,1.1,"square","stranger","f","j",0.840025800018338,0,840.025800018338,100,1100,1
7,1,1,24,2,"formal",92,8,0.1,1.1,"circle","self","f","f",0.888138999987859,1,888.138999987859,100,1100,1
7,1,1,24,2,"formal",93,8,0.1,1.1,"circle","stranger","j","j",0.812257399986265,1,812.257399986265,100,1100,1
7,1,1,24,2,"formal",94,8,0.1,1.1,"square","stranger","f","f",0.695916900003795,1,695.916900003795,100,1100,1
7,1,1,24,2,"formal",95,8,0.1,1.1,"circle","self","f","f",0.799717100017006,1,799.717100017006,100,1100,1
7,1,1,24,2,"formal",96,8,0.1,1.1,"square","self","j","j",1.00018699999782,1,1000.18699999782,100,1100,1
7,1,1,24,2,"formal",97,8,0.1,1.1,"square","self","j","j",0.775136599986581,1,775.136599986581,100,1100,1
7,1,1,24,2,"formal",98,8,0.1,1.1,"circle","stranger","j","j",0.687871500005713,1,687.871500005713,100,1100,1
7,1,1,24,2,"formal",99,8,0.1,1.1,"circle","self","f","f",0.623607699992135,1,623.607699992135,100,1100,1
7,1,1,24,2,"formal",100,8,0.1,1.1,"square","stranger","f","f",0.8962998999923,1,896.2998999923,100,1100,1
7,1,1,24,2,"formal",101,8,0.1,1.1,"square","stranger","f","f",0.655443900002865,1,655.443900002865,100,1100,1
7,1,1,24,2,"formal",102,8,0.1,1.1,"square","self","j","j",0.686775100009982,1,686.775100009982,100,1100,1
7,1,1,24,2,"formal",103,8,0.1,1.1,"circle","stranger","j","j",1.00577719998546,1,1005.77719998546,100,1100,1
7,1,1,24,2,"formal",104,8,0.1,1.1,"circle","self","f","f",0.6393412000034,1,639.3412000034,100,1100,1
7,1,1,24,2,"formal",105,8,0.1,1.1,"square","stranger","f","f",1.17561730000307,1,1175.61730000307,100,1100,1
7,1,1,24,2,"formal",106,8,0.1,1.1,"square","self","j","j",0.832109600014519,1,832.109600014519,100,1100,1
7,1,1,24,2,"formal",107,8,0.1,1.1,"circle","self","f","f",0.863407700002426,1,863.407700002426,100,1100,1
7,1,1,24,2,"formal",108,8,0.1,1.1,"circle","stranger","j","j",0.672346500010462,1,672.346500010462,100,1100,1
7,1,1,24,2,"formal",109,8,0.1,1.1,"circle","stranger","j","f",0.96795099999872,0,967.95099999872,100,1100,1
7,1,1,24,2,"formal",110,8,0.1,1.1,"square","self","j","j",1.02296790000401,1,1022.96790000401,100,1100,1
7,1,1,24,2,"formal",111,8,0.1,1.1,"square","stranger","f","f",1.00808589998633,1,1008.08589998633,100,1100,1
7,1,1,24,2,"formal",112,8,0.1,1.1,"circle","self","f","f",0.687863500003004,1,687.863500003004,100,1100,1
7,1,1,24,2,"formal",113,8,0.1,1.1,"square","self","j","j",0.689986400015187,1,689.986400015187,100,1100,1
7,1,1,24,2,"formal",114,8,0.1,1.1,"square","stranger","f","f",0.599333199992543,1,599.333199992543,100,1100,1
7,1,1,24,2,"formal",115,8,0.1,1.1,"circle","stranger","j","j",0.759566900000209,1,759.566900000209,100,1100,1
7,1,1,24,2,"formal",116,8,0.1,1.1,"circle","self","f","f",0.528268599999137,1,528.268599999137,100,1100,1
7,1,1,24,2,"formal",117,8,0.1,1.1,"square","self","j","j",0.639145399996778,1,639.145399996778,100,1100,1
7,1,1,24,2,"formal",118,8,0.1,1.1,"circle","stranger","j","j",0.608868100011023,1,608.868100011023,100,1100,1
7,1,1,24,2,"formal",119,8,0.1,1.1,"square","stranger","f","f",0.60771779998322,1,607.71779998322,100,1100,1
7,1,1,24,2,"formal",120,8,0.1,1.1,"circle","self","f","f",0.670684399985475,1,670.684399985475,100,1100,1
7,1,1,24,2,"formal",121,8,0.1,1.1,"square","self","j","j",0.744121099996846,1,744.121099996846,100,1100,1
7,1,1,24,2,"formal",122,8,0.1,1.1,"square","stranger","f","f",0.903563100000611,1,903.563100000611,100,1100,1
7,1,1,24,2,"formal",123,8,0.1,1.1,"circle","stranger","j","j",0.719399499997962,1,719.399499997962,100,1100,1
7,1,1,24,2,"formal",124,8,0.1,1.1,"circle","self","f","f",0.547079599986318,1,547.079599986318,100,1100,1
7,1,1,24,2,"formal",125,8,0.1,1.1,"square","self","j","j",0.934333600016544,1,934.333600016544,100,1100,1
7,1,1,24,2,"formal",126,8,0.1,1.1,"circle","stranger","j","j",0.767889600014314,1,767.889600014314,100,1100,1
7,1,1,24,2,"formal",127,8,0.1,1.1,"square","stranger","f","f",0.695869299990591,1,695.869299990591,100,1100,1
7,1,1,24,2,"formal",128,8,0.1,1.1,"circle","self","f","f",0.609259599994402,1,609.259599994402,100,1100,1
7,1,1,24,2,"formal",129,8,0.1,1.1,"square","stranger","f","f",0.720342799992068,1,720.342799992068,100,1100,1
7,1,1,24,2,"formal",130,8,0.1,1.1,"square","self","j","j",0.559025700000348,1,559.025700000348,100,1100,1
7,1,1,24,2,"formal",131,8,0.1,1.1,"circle","self","f","f",0.719678499997826,1,719.678499997826,100,1100,1
7,1,1,24,2,"formal",132,8,0.1,1.1,"circle","stranger","j","j",0.583358600008069,1,583.358600008069,100,1100,1
7,1,1,24,2,"formal",133,8,0.1,1.1,"circle","stranger","j","j",0.639569699997082,1,639.569699997082,100,1100,1
7,1,1,24,2,"formal",134,8,0.1,1.1,"square","self","j","j",0.784037999983411,1,784.037999983411,100,1100,1
7,1,1,24,2,"formal",135,8,0.1,1.1,"square","stranger","f","f",0.742549399990821,1,742.549399990821,100,1100,1
7,1,1,24,2,"formal",136,8,0.1,1.1,"circle","self","f","f",0.53534979998949,1,535.34979998949,100,1100,1
7,1,1,24,2,"formal",137,8,0.1,1.1,"circle","stranger","j","j",0.855217800009996,1,855.217800009996,100,1100,1
7,1,1,24,2,"formal",138,8,0.1,1.1,"square","self","j","j",0.792108399997232,1,792.108399997232,100,1100,1
7,1,1,24,2,"formal",139,8,0.1,1.1,"circle","self","f","f",0.840176300000167,1,840.176300000167,100,1100,1
7,1,1,24,2,"formal",140,8,0.1,1.1,"square","stranger","f","f",0.761228899995331,1,761.228899995331,100,1100,1
7,1,1,24,2,"formal",141,8,0.1,1.1,"square","self","j","j",0.76725720000104,1,767.25720000104,100,1100,1
7,1,1,24,2,"formal",142,8,0.1,1.1,"circle","stranger","j","j",0.719844600011129,1,719.844600011129,100,1100,1
7,1,1,24,2,"formal",143,8,0.1,1.1,"circle","self","f","f",0.971031699999003,1,971.031699999003,100,1100,1
7,1,1,24,2,"formal",144,8,0.1,1.1,"square","stranger","f","f",0.591067500005011,1,591.067500005011,100,1100,1
7,1,1,24,2,"formal",145,8,0.1,1.1,"circle","self","f","f",0.647487199981697,1,647.487199981697,100,1100,1
7,1,1,24,2,"formal",146,8,0.1,1.1,"circle","stranger","j","j",0.544807300000684,1,544.807300000684,100,1100,1
7,1,1,24,2,"formal",147,8,0.1,1.1,"square","self","j","j",0.927300900017144,1,927.300900017144,100,1100,1
7,1,1,24,2,"formal",148,8,0.1,1.1,"square","stranger","f","f",1.02306050001062,1,1023.06050001062,100,1100,1
7,1,1,24,2,"formal",149,8,0.1,1.1,"circle","stranger","j","j",0.687841000006301,1,687.841000006301,100,1100,1
7,1,1,24,2,"formal",150,8,0.1,1.1,"square","stranger","f","f",0.8074493999884,1,807.4493999884,100,1100,1
7,1,1,24,2,"formal",151,8,0.1,1.1,"circle","self","f","f",0.66408849999425,1,664.08849999425,100,1100,1
7,1,1,24,2,"formal",152,8,0.1,1.1,"square","self","j","j",1.11854210001184,1,1118.54210001184,100,1100,1
7,1,1,24,2,"formal",153,8,0.1,1.1,"circle","stranger","j","",NA,0,NA,100,1100,0
7,1,1,24,2,"formal",154,8,0.1,1.1,"square","self","j","j",0.686806000012439,1,686.806000012439,100,1100,1
7,1,1,24,2,"formal",155,8,0.1,1.1,"square","stranger","f","f",0.624247400002787,1,624.247400002787,100,1100,1
7,1,1,24,2,"formal",156,8,0.1,1.1,"circle","self","f","f",0.639514999988023,1,639.514999988023,100,1100,1
7,1,1,24,2,"formal",157,8,0.1,1.1,"circle","stranger","j","j",0.614472899993416,1,614.472899993416,100,1100,1
7,1,1,24,2,"formal",158,8,0.1,1.1,"square","stranger","f","f",0.687674500019057,1,687.674500019057,100,1100,1
7,1,1,24,2,"formal",159,8,0.1,1.1,"square","self","j","j",0.887712399999145,1,887.712399999145,100,1100,1
7,1,1,24,2,"formal",160,8,0.1,1.1,"circle","self","f","f",0.734551700006705,1,734.551700006705,100,1100,1
7,1,1,24,2,"formal",161,8,0.1,1.1,"square","self","j","j",0.688498100003926,1,688.498100003926,100,1100,1
7,1,1,24,2,"formal",162,8,0.1,1.1,"circle","self","f","f",0.567185099993367,1,567.185099993367,100,1100,1
7,1,1,24,2,"formal",163,8,0.1,1.1,"circle","stranger","j","j",0.665009699994698,1,665.009699994698,100,1100,1
7,1,1,24,2,"formal",164,8,0.1,1.1,"square","stranger","f","f",0.687586000014562,1,687.586000014562,100,1100,1
7,1,1,24,2,"formal",165,8,0.1,1.1,"square","stranger","f","f",0.786338999983855,1,786.338999983855,100,1100,1
7,1,1,24,2,"formal",166,8,0.1,1.1,"circle","self","f","f",0.543949200015049,1,543.949200015049,100,1100,1
7,1,1,24,2,"formal",167,8,0.1,1.1,"square","self","j","j",0.559029900003225,1,559.029900003225,100,1100,1
7,1,1,24,2,"formal",168,8,0.1,1.1,"circle","stranger","j","j",0.857302799995523,1,857.302799995523,100,1100,1
7,1,1,24,2,"formal",169,8,0.1,1.1,"circle","self","f","f",0.542581300018355,1,542.581300018355,100,1100,1
7,1,1,24,2,"formal",170,8,0.1,1.1,"square","self","j","j",0.815715300006559,1,815.715300006559,100,1100,1
7,1,1,24,2,"formal",171,8,0.1,1.1,"circle","stranger","j","j",0.743035299994517,1,743.035299994517,100,1100,1
7,1,1,24,2,"formal",172,8,0.1,1.1,"square","stranger","f","f",1.07862600000226,1,1078.62600000226,100,1100,1
7,1,1,24,2,"formal",173,8,0.1,1.1,"circle","self","f","f",0.599198899988551,1,599.198899988551,100,1100,1
7,1,1,24,2,"formal",174,8,0.1,1.1,"square","self","j","j",0.599460299999919,1,599.460299999919,100,1100,1
7,1,1,24,2,"formal",175,8,0.1,1.1,"circle","stranger","j","j",0.583390000014333,1,583.390000014333,100,1100,1
7,1,1,24,2,"formal",176,8,0.1,1.1,"square","stranger","f","f",0.6148807000136,1,614.8807000136,100,1100,1
7,1,1,24,2,"formal",177,8,0.1,1.1,"circle","stranger","j","j",0.614183799974853,1,614.183799974853,100,1100,1
7,1,1,24,2,"formal",178,8,0.1,1.1,"square","self","j","j",0.616061899985652,1,616.061899985652,100,1100,1
7,1,1,24,2,"formal",179,8,0.1,1.1,"square","stranger","f","f",0.64885240001604,1,648.85240001604,100,1100,1
7,1,1,24,2,"formal",180,8,0.1,1.1,"circle","self","f","f",0.535210500005633,1,535.210500005633,100,1100,1
7,1,1,24,2,"formal",181,8,0.1,1.1,"circle","stranger","j","j",0.576045299996622,1,576.045299996622,100,1100,1
7,1,1,24,2,"formal",182,8,0.1,1.1,"circle","self","f","j",0.823214999982156,0,823.214999982156,100,1100,1
7,1,1,24,2,"formal",183,8,0.1,1.1,"square","stranger","f","f",0.894686599989654,1,894.686599989654,100,1100,1
7,1,1,24,2,"formal",184,8,0.1,1.1,"square","self","j","j",0.639622599992435,1,639.622599992435,100,1100,1
7,1,1,24,2,"formal",185,8,0.1,1.1,"circle","self","f","f",0.622008799982723,1,622.008799982723,100,1100,1
7,1,1,24,2,"formal",186,8,0.1,1.1,"square","self","j","j",0.99213850000524,1,992.13850000524,100,1100,1
7,1,1,24,2,"formal",187,8,0.1,1.1,"circle","stranger","j","j",1.11913169999025,1,1119.13169999025,100,1100,1
7,1,1,24,2,"formal",188,8,0.1,1.1,"square","stranger","f","f",0.665157399984309,1,665.157399984309,100,1100,1
7,1,1,24,2,"formal",189,8,0.1,1.1,"circle","self","f","f",0.56759210000746,1,567.59210000746,100,1100,1
7,1,1,24,2,"formal",190,8,0.1,1.1,"circle","stranger","j","j",0.567533099994762,1,567.533099994762,100,1100,1
7,1,1,24,2,"formal",191,8,0.1,1.1,"square","stranger","f","f",1.1205287000048,1,1120.5287000048,100,1100,1
7,1,1,24,2,"formal",192,8,0.1,1.1,"square","self","j","j",0.912140999978874,1,912.140999978874,100,1100,1
7,1,1,24,2,"formal",193,8,0.1,1.1,"circle","stranger","j","j",1.11815019999631,1,1118.15019999631,100,1100,1
7,1,1,24,2,"formal",194,8,0.1,1.1,"circle","self","f","f",0.488332599983551,1,488.332599983551,100,1100,1
7,1,1,24,2,"formal",195,8,0.1,1.1,"square","self","j","j",0.680029600014677,1,680.029600014677,100,1100,1
7,1,1,24,2,"formal",196,8,0.1,1.1,"square","stranger","f","",NA,0,NA,100,1100,0
7,1,1,24,2,"formal",197,8,0.1,1.1,"square","stranger","f","f",0.864331000018865,1,864.331000018865,100,1100,1
7,1,1,24,2,"formal",198,8,0.1,1.1,"circle","self","f","f",0.51809540000977,1,518.09540000977,100,1100,1
7,1,1,24,2,"formal",199,8,0.1,1.1,"circle","stranger","j","j",0.775087499991059,1,775.087499991059,100,1100,1
7,1,1,24,2,"formal",200,8,0.1,1.1,"square","self","j","j",1.16509399999632,1,1165.09399999632,100,1100,1
7,1,1,24,2,"formal",201,8,0.1,1.1,"circle","self","f","f",0.734903600008693,1,734.903600008693,100,1100,1
7,1,1,24,2,"formal",202,8,0.1,1.1,"circle","stranger","j","j",1.00056230000337,1,1000.56230000337,100,1100,1
7,1,1,24,2,"formal",203,8,0.1,1.1,"square","stranger","f","f",0.566975899972022,1,566.975899972022,100,1100,1
7,1,1,24,2,"formal",204,8,0.1,1.1,"square","self","j","j",0.520418200001586,1,520.418200001586,100,1100,1
7,1,1,24,2,"formal",205,8,0.1,1.1,"square","stranger","f","f",0.728277199988952,1,728.277199988952,100,1100,1
7,1,1,24,2,"formal",206,8,0.1,1.1,"circle","stranger","j","j",1.04792330000782,1,1047.92330000782,100,1100,1
7,1,1,24,2,"formal",207,8,0.1,1.1,"square","self","j","j",0.679595400026301,1,679.595400026301,100,1100,1
7,1,1,24,2,"formal",208,8,0.1,1.1,"circle","self","f","f",0.816019699996104,1,816.019699996104,100,1100,1
7,1,1,24,2,"formal",209,8,0.1,1.1,"square","self","j","j",0.679797399992822,1,679.797399992822,100,1100,1
7,1,1,24,2,"formal",210,8,0.1,1.1,"circle","stranger","j","j",0.710755699983565,1,710.755699983565,100,1100,1
7,1,1,24,2,"formal",211,8,0.1,1.1,"circle","self","f","f",0.75958690000698,1,759.58690000698,100,1100,1
7,1,1,24,2,"formal",212,8,0.1,1.1,"square","stranger","f","f",0.431260199984536,1,431.260199984536,100,1100,1
7,1,1,24,2,"formal",213,8,0.1,1.1,"circle","stranger","j","j",0.583075900009135,1,583.075900009135,100,1100,1
7,1,1,24,2,"formal",214,8,0.1,1.1,"circle","self","f","f",0.789642599993385,1,789.642599993385,100,1100,1
7,1,1,24,2,"formal",215,8,0.1,1.1,"square","stranger","f","f",0.775353999983054,1,775.353999983054,100,1100,1
7,1,1,24,2,"formal",216,8,0.1,1.1,"square","self","j","j",0.783471700007794,1,783.471700007794,100,1100,1
7,1,1,24,2,"formal",217,8,0.1,1.1,"circle","self","f","f",0.546980400016764,1,546.980400016764,100,1100,1
7,1,1,24,2,"formal",218,8,0.1,1.1,"square","stranger","f","f",0.639888499979861,1,639.888499979861,100,1100,1
7,1,1,24,2,"formal",219,8,0.1,1.1,"square","self","j","j",0.58320230001118,1,583.20230001118,100,1100,1
7,1,1,24,2,"formal",220,8,0.1,1.1,"circle","stranger","j","j",0.66417159998673,1,664.17159998673,100,1100,1
7,1,1,24,2,"formal",221,8,0.1,1.1,"circle","stranger","j","j",0.727095400012331,1,727.095400012331,100,1100,1
7,1,1,24,2,"formal",222,8,0.1,1.1,"square","stranger","f","f",0.702733899990562,1,702.733899990562,100,1100,1
7,1,1,24,2,"formal",223,8,0.1,1.1,"square","self","j","j",0.5915427999862,1,591.5427999862,100,1100,1
7,1,1,24,2,"formal",224,8,0.1,1.1,"circle","self","f","f",0.502972899994347,1,502.972899994347,100,1100,1
7,1,1,24,2,"formal",225,8,0.1,1.1,"circle","stranger","j","j",0.495674500009045,1,495.674500009045,100,1100,1
7,1,1,24,2,"formal",226,8,0.1,1.1,"square","self","j","j",0.766519299999345,1,766.519299999345,100,1100,1
7,1,1,24,2,"formal",227,8,0.1,1.1,"square","stranger","f","f",0.583521299995482,1,583.521299995482,100,1100,1
7,1,1,24,2,"formal",228,8,0.1,1.1,"circle","self","f","f",0.622911700018449,1,622.911700018449,100,1100,1
7,1,1,24,2,"formal",229,8,0.1,1.1,"square","stranger","f","f",0.64056560001336,1,640.56560001336,100,1100,1
7,1,1,24,2,"formal",230,8,0.1,1.1,"circle","stranger","j","j",0.472848100005649,1,472.848100005649,100,1100,1
7,1,1,24,2,"formal",231,8,0.1,1.1,"circle","self","f","f",0.624152100004721,1,624.152100004721,100,1100,1
7,1,1,24,2,"formal",232,8,0.1,1.1,"square","self","j","j",0.60786749998806,1,607.86749998806,100,1100,1
7,1,1,24,2,"formal",233,8,0.1,1.1,"circle","stranger","j","j",0.621277400001418,1,621.277400001418,100,1100,1
7,1,1,24,2,"formal",234,8,0.1,1.1,"square","self","j","j",0.751951199985342,1,751.951199985342,100,1100,1
7,1,1,24,2,"formal",235,8,0.1,1.1,"square","stranger","f","f",0.711871000006795,1,711.871000006795,100,1100,1
7,1,1,24,2,"formal",236,8,0.1,1.1,"circle","self","f","f",0.53463360000751,1,534.63360000751,100,1100,1
7,1,1,24,2,"formal",237,8,0.1,1.1,"square","stranger","f","f",0.615828599984525,1,615.828599984525,100,1100,1
7,1,1,24,2,"formal",238,8,0.1,1.1,"circle","self","f","f",0.567139199993107,1,567.139199993107,100,1100,1
7,1,1,24,2,"formal",239,8,0.1,1.1,"square","self","j","",NA,0,NA,100,1100,0
7,1,1,24,2,"formal",240,8,0.1,1.1,"circle","stranger","j","j",0.757700700021815,1,757.700700021815,100,1100,1
7,1,1,24,2,"formal",241,8,0.1,1.1,"circle","stranger","j","",NA,0,NA,100,1100,0
7,1,1,24,2,"formal",242,8,0.1,1.1,"square","stranger","f","f",0.976713999989443,1,976.713999989443,100,1100,1
7,1,1,24,2,"formal",243,8,0.1,1.1,"circle","self","f","f",0.71188550000079,1,711.88550000079,100,1100,1
7,1,1,24,2,"formal",244,8,0.1,1.1,"square","self","j","j",1.18414769999799,1,1184.14769999799,100,1100,1
7,1,1,24,2,"formal",245,8,0.1,1.1,"square","self","j","j",1.19038389998605,1,1190.38389998605,100,1100,1
7,1,1,24,2,"formal",246,8,0.1,1.1,"circle","stranger","j","",NA,0,NA,100,1100,0
7,1,1,24,2,"formal",247,8,0.1,1.1,"circle","self","f","f",0.502868299983675,1,502.868299983675,100,1100,1
7,1,1,24,2,"formal",248,8,0.1,1.1,"square","stranger","f","f",0.614663499989547,1,614.663499989547,100,1100,1
7,1,1,24,2,"formal",249,8,0.1,1.1,"square","stranger","f","",NA,0,NA,100,1100,0
7,1,1,24,2,"formal",250,8,0.1,1.1,"circle","self","f","",NA,0,NA,100,1100,0
7,1,1,24,2,"formal",251,8,0.1,1.1,"circle","stranger","j","j",0.601767499989364,1,601.767499989364,100,1100,1
7,1,1,24,2,"formal",252,8,0.1,1.1,"square","self","j","f",0.743235400004778,0,743.235400004778,100,1100,1
7,1,1,24,2,"formal",253,8,0.1,1.1,"circle","self","f","",NA,0,NA,100,1100,0
7,1,1,24,2,"formal",254,8,0.1,1.1,"square","self","j","j",0.846044400008395,1,846.044400008395,100,1100,1
7,1,1,24,2,"formal",255,8,0.1,1.1,"square","stranger","f","f",0.831359700008761,1,831.359700008761,100,1100,1
7,1,1,24,2,"formal",256,8,0.1,1.1,"circle","stranger","j","j",0.893768399982946,1,893.768399982946,100,1100,1
7,1,1,24,2,"formal",257,8,0.1,1.1,"square","self","j","f",0.591507499979343,0,591.507499979343,100,1100,1
7,1,1,24,2,"formal",258,8,0.1,1.1,"circle","self","f","",NA,0,NA,100,1100,0
7,1,1,24,2,"formal",259,8,0.1,1.1,"square","stranger","f","f",0.940715100005036,1,940.715100005036,100,1100,1
7,1,1,24,2,"formal",260,8,0.1,1.1,"circle","stranger","j","j",0.863204299996141,1,863.204299996141,100,1100,1
7,1,1,24,2,"formal",261,8,0.1,1.1,"square","stranger","f","j",0.704095099994447,0,704.095099994447,100,1100,1
7,1,1,24,2,"formal",262,8,0.1,1.1,"circle","stranger","j","",NA,0,NA,100,1100,0
7,1,1,24,2,"formal",263,8,0.1,1.1,"circle","self","f","f",0.590290399995865,1,590.290399995865,100,1100,1
7,1,1,24,2,"formal",264,8,0.1,1.1,"square","self","j","j",1.19171990000177,1,1191.71990000177,100,1100,1
7,1,1,24,2,"formal",265,8,0.1,1.1,"square","stranger","f","f",0.687257599987788,1,687.257599987788,100,1100,1
7,1,1,24,2,"formal",266,8,0.1,1.1,"circle","self","f","j",1.02305669998168,0,1023.05669998168,100,1100,1
7,1,1,24,2,"formal",267,8,0.1,1.1,"square","self","j","",NA,0,NA,100,1100,0
7,1,1,24,2,"formal",268,8,0.1,1.1,"circle","stranger","j","j",0.862401199992746,1,862.401199992746,100,1100,1
7,1,1,24,2,"formal",269,8,0.1,1.1,"square","self","j","j",0.665699500008486,1,665.699500008486,100,1100,1
7,1,1,24,2,"formal",270,8,0.1,1.1,"square","stranger","f","f",0.662969400000293,1,662.969400000293,100,1100,1
7,1,1,24,2,"formal",271,8,0.1,1.1,"circle","stranger","j","j",0.637887099990621,1,637.887099990621,100,1100,1
7,1,1,24,2,"formal",272,8,0.1,1.1,"circle","self","f","f",0.551799000008032,1,551.799000008032,100,1100,1
7,1,1,24,2,"formal",273,8,0.1,1.1,"square","stranger","f","f",0.807435099995928,1,807.435099995928,100,1100,1
7,1,1,24,2,"formal",274,8,0.1,1.1,"square","self","j","j",0.819993400014937,1,819.993400014937,100,1100,1
7,1,1,24,2,"formal",275,8,0.1,1.1,"circle","self","f","f",0.622769299981883,1,622.769299981883,100,1100,1
7,1,1,24,2,"formal",276,8,0.1,1.1,"circle","stranger","j","j",0.614612499979557,1,614.612499979557,100,1100,1
7,1,1,24,2,"formal",277,8,0.1,1.1,"circle","stranger","j","j",0.774504500004696,1,774.504500004696,100,1100,1
7,1,1,24,2,"formal",278,8,0.1,1.1,"circle","self","f","f",0.44606859999476,1,446.06859999476,100,1100,1
7,1,1,24,2,"formal",279,8,0.1,1.1,"square","self","j","j",0.782835999998497,1,782.835999998497,100,1100,1
7,1,1,24,2,"formal",280,8,0.1,1.1,"square","stranger","f","f",0.622513200010872,1,622.513200010872,100,1100,1
7,1,1,24,2,"formal",281,8,0.1,1.1,"square","stranger","f","f",0.910539600008633,1,910.539600008633,100,1100,1
7,1,1,24,2,"formal",282,8,0.1,1.1,"circle","stranger","j","j",0.74373009998817,1,743.73009998817,100,1100,1
7,1,1,24,2,"formal",283,8,0.1,1.1,"square","self","j","f",0.581935499998508,0,581.935499998508,100,1100,1
7,1,1,24,2,"formal",284,8,0.1,1.1,"circle","self","f","f",0.823676600004546,1,823.676600004546,100,1100,1
7,1,1,24,2,"formal",285,8,0.1,1.1,"circle","self","f","f",0.573471099982271,1,573.471099982271,100,1100,1
7,1,1,24,2,"formal",286,8,0.1,1.1,"square","self","j","",NA,0,NA,100,1100,0
7,1,1,24,2,"formal",287,8,0.1,1.1,"circle","stranger","j","j",0.796033000020543,1,796.033000020543,100,1100,1
7,1,1,24,2,"formal",288,8,0.1,1.1,"square","stranger","f","f",0.639786700019613,1,639.786700019613,100,1100,1
7,1,1,24,2,"formal",289,8,0.1,1.1,"square","self","j","j",1.07946680000168,1,1079.46680000168,100,1100,1
7,1,1,24,2,"formal",290,8,0.1,1.1,"circle","stranger","j","",NA,0,NA,100,1100,0
7,1,1,24,2,"formal",291,8,0.1,1.1,"circle","self","f","f",0.573934799991548,1,573.934799991548,100,1100,1
7,1,1,24,2,"formal",292,8,0.1,1.1,"square","stranger","f","f",0.976302700000815,1,976.302700000815,100,1100,1
7,1,1,24,2,"formal",293,8,0.1,1.1,"circle","self","f","",NA,0,NA,100,1100,0
7,1,1,24,2,"formal",294,8,0.1,1.1,"circle","stranger","j","j",1.18085519998567,1,1180.85519998567,100,1100,1
7,1,1,24,2,"formal",295,8,0.1,1.1,"square","self","j","j",0.807636699988507,1,807.636699988507,100,1100,1
7,1,1,24,2,"formal",296,8,0.1,1.1,"square","stranger","f","f",0.766845699981786,1,766.845699981786,100,1100,1
7,1,1,24,2,"formal",297,8,0.1,1.1,"circle","stranger","j","",NA,0,NA,100,1100,0
7,1,1,24,2,"formal",298,8,0.1,1.1,"square","self","j","j",0.836478099983651,1,836.478099983651,100,1100,1
7,1,1,24,2,"formal",299,8,0.1,1.1,"circle","self","f","",NA,0,NA,100,1100,0
7,1,1,24,2,"formal",300,8,0.1,1.1,"square","stranger","f","f",0.101764399994863,1,101.764399994863,100,1100,1
7,1,1,24,2,"formal",301,8,0.1,1.1,"square","self","j","",NA,0,NA,100,1100,0
7,1,1,24,2,"formal",302,8,0.1,1.1,"square","stranger","f","f",0.791548000008333,1,791.548000008333,100,1100,1
7,1,1,24,2,"formal",303,8,0.1,1.1,"circle","stranger","j","j",0.909992300003069,1,909.992300003069,100,1100,1
7,1,1,24,2,"formal",304,8,0.1,1.1,"circle","self","f","",NA,0,NA,100,1100,0
7,1,1,24,2,"formal",305,8,0.1,1.1,"circle","self","f","f",0.5809816,1,580.9816,100,1100,1
7,1,1,24,2,"formal",306,8,0.1,1.1,"square","stranger","f","f",0.751076099986676,1,751.076099986676,100,1100,1
7,1,1,24,2,"formal",307,8,0.1,1.1,"circle","stranger","j","j",0.879840900015552,1,879.840900015552,100,1100,1
7,1,1,24,2,"formal",308,8,0.1,1.1,"square","self","j","j",1.04694999998901,1,1046.94999998901,100,1100,1
7,1,1,24,2,"formal",309,8,0.1,1.1,"circle","self","f","",NA,0,NA,100,1100,0
7,1,1,24,2,"formal",310,8,0.1,1.1,"circle","stranger","j","j",0.757499999977881,1,757.499999977881,100,1100,1
7,1,1,24,2,"formal",311,8,0.1,1.1,"square","self","j","",NA,0,NA,100,1100,0
7,1,1,24,2,"formal",312,8,0.1,1.1,"square","stranger","f","f",0.101770800014492,1,101.770800014492,100,1100,1
7,1,1,24,2,"formal",313,8,0.1,1.1,"circle","stranger","j","",NA,0,NA,100,1100,0
7,1,1,24,2,"formal",314,8,0.1,1.1,"circle","self","f","f",0.644689899985678,1,644.689899985678,100,1100,1
7,1,1,24,2,"formal",315,8,0.1,1.1,"square","self","j","j",1.00636020000093,1,1006.36020000093,100,1100,1
7,1,1,24,2,"formal",316,8,0.1,1.1,"square","stranger","f","",NA,0,NA,100,1100,0
7,1,1,24,2,"formal",317,8,0.1,1.1,"square","self","j","j",0.786543399997754,1,786.543399997754,100,1100,1
7,1,1,24,2,"formal",318,8,0.1,1.1,"circle","stranger","j","f",0.678977900010068,0,678.977900010068,100,1100,1
7,1,1,24,2,"formal",319,8,0.1,1.1,"square","stranger","f","",NA,0,NA,100,1100,0
7,1,1,24,2,"formal",320,8,0.1,1.1,"circle","self","f","f",0.101785199978622,1,101.785199978622,100,1100,1
7,1,1,24,2,"formal",321,8,0.1,1.1,"square","stranger","f","f",0.875406699982705,1,875.406699982705,100,1100,1
7,1,1,24,2,"formal",322,8,0.1,1.1,"circle","self","f","f",0.631406500004232,1,631.406500004232,100,1100,1
7,1,1,24,2,"formal",323,8,0.1,1.1,"circle","stranger","j","j",0.661426599981496,1,661.426599981496,100,1100,1
7,1,1,24,2,"formal",324,8,0.1,1.1,"square","self","j","j",0.958896099997219,1,958.896099997219,100,1100,1
7,1,1,24,2,"formal",325,8,0.1,1.1,"square","stranger","f","f",1.03872700000647,1,1038.72700000647,100,1100,1
7,1,1,24,2,"formal",326,8,0.1,1.1,"circle","self","f","f",0.501799600024242,1,501.799600024242,100,1100,1
7,1,1,24,2,"formal",327,8,0.1,1.1,"circle","stranger","j","j",0.590398800006369,1,590.398800006369,100,1100,1
7,1,1,24,2,"formal",328,8,0.1,1.1,"square","self","j","j",0.800149999995483,1,800.149999995483,100,1100,1
7,1,1,24,2,"formal",329,8,0.1,1.1,"square","self","j","j",0.829967800003942,1,829.967800003942,100,1100,1
7,1,1,24,2,"formal",330,8,0.1,1.1,"circle","stranger","j","j",1.04628409998259,1,1046.28409998259,100,1100,1
7,1,1,24,2,"formal",331,8,0.1,1.1,"circle","self","f","f",0.470216400019126,1,470.216400019126,100,1100,1
7,1,1,24,2,"formal",332,8,0.1,1.1,"square","stranger","f","f",0.614516300003743,1,614.516300003743,100,1100,1
7,1,1,24,2,"formal",333,8,0.1,1.1,"square","stranger","f","f",0.678797599975951,1,678.797599975951,100,1100,1
7,1,1,24,2,"formal",334,8,0.1,1.1,"circle","stranger","j","j",0.677711600001203,1,677.711600001203,100,1100,1
7,1,1,24,2,"formal",335,8,0.1,1.1,"square","self","j","j",0.782724799995776,1,782.724799995776,100,1100,1
7,1,1,24,2,"formal",336,8,0.1,1.1,"circle","self","f","f",0.470346499991138,1,470.346499991138,100,1100,1
7,1,1,24,2,"formal",337,8,0.1,1.1,"circle","self","f","f",0.796290300000692,1,796.290300000692,100,1100,1
7,1,1,24,2,"formal",338,8,0.1,1.1,"circle","stranger","j","j",0.614016100007575,1,614.016100007575,100,1100,1
7,1,1,24,2,"formal",339,8,0.1,1.1,"square","stranger","f","",NA,0,NA,100,1100,0
7,1,1,24,2,"formal",340,8,0.1,1.1,"square","self","j","j",0.733199299982516,1,733.199299982516,100,1100,1
7,1,1,24,2,"formal",341,8,0.1,1.1,"square","self","j","j",0.773600899992744,1,773.600899992744,100,1100,1
7,1,1,24,2,"formal",342,8,0.1,1.1,"circle","stranger","j","j",0.734027800004696,1,734.027800004696,100,1100,1
7,1,1,24,2,"formal",343,8,0.1,1.1,"circle","self","f","f",0.64568259997759,1,645.68259997759,100,1100,1
7,1,1,24,2,"formal",344,8,0.1,1.1,"square","stranger","f","f",0.494181400019443,1,494.181400019443,100,1100,1
7,1,1,24,2,"formal",345,8,0.1,1.1,"square","stranger","f","f",0.622106599999825,1,622.106599999825,100,1100,1
7,1,1,24,2,"formal",346,8,0.1,1.1,"circle","self","f","f",0.702448699972592,1,702.448699972592,100,1100,1
7,1,1,24,2,"formal",347,8,0.1,1.1,"square","self","j","f",0.67090170001029,0,670.90170001029,100,1100,1
7,1,1,24,2,"formal",348,8,0.1,1.1,"circle","stranger","j","j",0.86193430001731,1,861.93430001731,100,1100,1
7,1,1,24,2,"formal",349,8,0.1,1.1,"square","self","j","j",0.814410999999382,1,814.410999999382,100,1100,1
7,1,1,24,2,"formal",350,8,0.1,1.1,"square","stranger","f","f",0.974321100016823,1,974.321100016823,100,1100,1
7,1,1,24,2,"formal",351,8,0.1,1.1,"circle","stranger","j","j",0.750627799978247,1,750.627799978247,100,1100,1
7,1,1,24,2,"formal",352,8,0.1,1.1,"circle","self","f","f",0.934261799993692,1,934.261799993692,100,1100,1
7,1,1,24,2,"formal",353,8,0.1,1.1,"circle","self","f","f",0.621049800014589,1,621.049800014589,100,1100,1
7,1,1,24,2,"formal",354,8,0.1,1.1,"square","stranger","f","f",1.14109459999599,1,1141.09459999599,100,1100,1
7,1,1,24,2,"formal",355,8,0.1,1.1,"circle","stranger","j","j",0.526697500026785,1,526.697500026785,100,1100,1
7,1,1,24,2,"formal",356,8,0.1,1.1,"square","self","j","j",0.646750799991423,1,646.750799991423,100,1100,1
7,1,1,24,2,"formal",357,8,0.1,1.1,"circle","self","f","f",0.72670269999071,1,726.70269999071,100,1100,1
7,1,1,24,2,"formal",358,8,0.1,1.1,"circle","stranger","j","j",0.574544600007357,1,574.544600007357,100,1100,1
7,1,1,24,2,"formal",359,8,0.1,1.1,"square","stranger","f","f",0.863447899988387,1,863.447899988387,100,1100,1
7,1,1,24,2,"formal",360,8,0.1,1.1,"square","self","j","j",0.781966500013368,1,781.966500013368,100,1100,1
7,1,1,24,2,"formal",361,8,0.1,1.1,"square","stranger","f","f",0.909739399998216,1,909.739399998216,100,1100,1
7,1,1,24,2,"formal",362,8,0.1,1.1,"circle","self","f","f",0.894043500011321,1,894.043500011321,100,1100,1
7,1,1,24,2,"formal",363,8,0.1,1.1,"circle","stranger","j","j",0.654643999994732,1,654.643999994732,100,1100,1
7,1,1,24,2,"formal",364,8,0.1,1.1,"square","self","j","j",1.07041369998478,1,1070.41369998478,100,1100,1
7,1,1,24,2,"formal",365,8,0.1,1.1,"square","stranger","f","f",0.757600699987961,1,757.600699987961,100,1100,1
7,1,1,24,2,"formal",366,8,0.1,1.1,"circle","self","f","f",0.87066300000879,1,870.66300000879,100,1100,1
7,1,1,24,2,"formal",367,8,0.1,1.1,"square","self","j","j",0.718913099990459,1,718.913099990459,100,1100,1
7,1,1,24,2,"formal",368,8,0.1,1.1,"circle","stranger","j","j",0.789345400000457,1,789.345400000457,100,1100,1
7,1,1,24,2,"formal",369,8,0.1,1.1,"square","stranger","f","f",0.878185499983374,1,878.185499983374,100,1100,1
7,1,1,24,2,"formal",370,8,0.1,1.1,"circle","stranger","j","",NA,0,NA,100,1100,0
7,1,1,24,2,"formal",371,8,0.1,1.1,"square","self","j","f",0.612982899998315,0,612.982899998315,100,1100,1
7,1,1,24,2,"formal",372,8,0.1,1.1,"circle","self","f","f",1.05481279999367,1,1054.81279999367,100,1100,1
7,1,1,24,2,"formal",373,8,0.1,1.1,"circle","stranger","j","f",0.850536699988879,0,850.536699988879,100,1100,1
7,1,1,24,2,"formal",374,8,0.1,1.1,"square","stranger","f","f",0.717998400010401,1,717.998400010401,100,1100,1
7,1,1,24,2,"formal",375,8,0.1,1.1,"circle","self","f","f",0.566783699992811,1,566.783699992811,100,1100,1
7,1,1,24,2,"formal",376,8,0.1,1.1,"square","self","j","j",0.573308199993335,1,573.308199993335,100,1100,1
7,1,1,24,2,"formal",377,8,0.1,1.1,"circle","self","f","f",0.86282849998679,1,862.82849998679,100,1100,1
7,1,1,24,2,"formal",378,8,0.1,1.1,"square","self","j","j",0.583278300007805,1,583.278300007805,100,1100,1
7,1,1,24,2,"formal",379,8,0.1,1.1,"circle","stranger","j","j",0.798041000001831,1,798.041000001831,100,1100,1
7,1,1,24,2,"formal",380,8,0.1,1.1,"square","stranger","f","f",0.677392300014617,1,677.392300014617,100,1100,1
7,1,1,24,2,"formal",381,8,0.1,1.1,"square","stranger","f","f",0.861858299991582,1,861.858299991582,100,1100,1
7,1,1,24,2,"formal",382,8,0.1,1.1,"circle","stranger","j","j",0.669102699990617,1,669.102699990617,100,1100,1
7,1,1,24,2,"formal",383,8,0.1,1.1,"circle","self","f","f",0.740101400006097,1,740.101400006097,100,1100,1
7,1,1,24,2,"formal",384,8,0.1,1.1,"square","self","j","j",0.663797499990324,1,663.797499990324,100,1100,1
7,1,1,24,2,"formal",385,8,0.1,1.1,"circle","stranger","j","j",0.79663990001427,1,796.63990001427,100,1100,1
7,1,1,24,2,"formal",386,8,0.1,1.1,"square","self","j","j",0.623477499990258,1,623.477499990258,100,1100,1
7,1,1,24,2,"formal",387,8,0.1,1.1,"square","stranger","f","f",0.701451100001577,1,701.451100001577,100,1100,1
7,1,1,24,2,"formal",388,8,0.1,1.1,"circle","self","f","f",0.758749100001296,1,758.749100001296,100,1100,1
7,1,1,24,2,"formal",389,8,0.1,1.1,"circle","self","f","f",0.573651699989568,1,573.651699989568,100,1100,1
7,1,1,24,2,"formal",390,8,0.1,1.1,"square","stranger","f","f",0.598079200019129,1,598.079200019129,100,1100,1
7,1,1,24,2,"formal",391,8,0.1,1.1,"circle","stranger","j","j",0.828765400015982,1,828.765400015982,100,1100,1
7,1,1,24,2,"formal",392,8,0.1,1.1,"square","self","j","j",0.614308299991535,1,614.308299991535,100,1100,1
7,1,1,24,2,"formal",393,8,0.1,1.1,"circle","stranger","j","j",0.990343899989966,1,990.343899989966,100,1100,1
7,1,1,24,2,"formal",394,8,0.1,1.1,"circle","self","f","f",0.758325100003276,1,758.325100003276,100,1100,1
7,1,1,24,2,"formal",395,8,0.1,1.1,"square","self","j","j",0.820991700020386,1,820.991700020386,100,1100,1
7,1,1,24,2,"formal",396,8,0.1,1.1,"square","stranger","f","f",1.04629550001118,1,1046.29550001118,100,1100,1
7,1,1,24,2,"formal",397,8,0.1,1.1,"square","self","j","j",0.732547699997667,1,732.547699997667,100,1100,1
7,1,1,24,2,"formal",398,8,0.1,1.1,"circle","stranger","j","",NA,0,NA,100,1100,0
7,1,1,24,2,"formal",399,8,0.1,1.1,"circle","self","f","f",0.621243200002937,1,621.243200002937,100,1100,1
7,1,1,24,2,"formal",400,8,0.1,1.1,"square","stranger","f","",NA,0,NA,100,1100,0
7,1,1,24,2,"formal",401,8,0.1,1.1,"circle","self","f","",NA,0,NA,100,1100,0
7,1,1,24,2,"formal",402,8,0.1,1.1,"square","stranger","f","f",0.102327700005844,1,102.327700005844,100,1100,1
7,1,1,24,2,"formal",403,8,0.1,1.1,"circle","stranger","j","",NA,0,NA,100,1100,0
7,1,1,24,2,"formal",404,8,0.1,1.1,"square","self","j","j",0.728154199983692,1,728.154199983692,100,1100,1
7,1,1,24,2,"formal",405,8,0.1,1.1,"circle","stranger","j","j",1.12651360000018,1,1126.51360000018,100,1100,1
7,1,1,24,2,"formal",406,8,0.1,1.1,"square","self","j","",NA,0,NA,100,1100,0
7,1,1,24,2,"formal",407,8,0.1,1.1,"square","stranger","f","f",0.748704400000861,1,748.704400000861,100,1100,1
7,1,1,24,2,"formal",408,8,0.1,1.1,"circle","self","f","f",0.597406799992314,1,597.406799992314,100,1100,1
7,1,1,24,2,"formal",409,8,0.1,1.1,"square","stranger","f","f",0.76713719998952,1,767.13719998952,100,1100,1
7,1,1,24,2,"formal",410,8,0.1,1.1,"circle","self","f","f",0.700989100005245,1,700.989100005245,100,1100,1
7,1,1,24,2,"formal",411,8,0.1,1.1,"square","self","j","j",0.646220400027232,1,646.220400027232,100,1100,1
7,1,1,24,2,"formal",412,8,0.1,1.1,"circle","stranger","j","j",0.66804069999489,1,668.04069999489,100,1100,1
7,1,1,24,2,"formal",413,8,0.1,1.1,"square","stranger","f","f",0.622088000003714,1,622.088000003714,100,1100,1
7,1,1,24,2,"formal",414,8,0.1,1.1,"square","self","j","f",0.966474999993807,0,966.474999993807,100,1100,1
7,1,1,24,2,"formal",415,8,0.1,1.1,"circle","self","f","f",0.734049699996831,1,734.049699996831,100,1100,1
7,1,1,24,2,"formal",416,8,0.1,1.1,"circle","stranger","j","j",0.684700699988753,1,684.700699988753,100,1100,1
7,1,1,24,2,"formal",417,8,0.1,1.1,"square","self","j","j",1.02986189999501,1,1029.86189999501,100,1100,1
7,1,1,24,2,"formal",418,8,0.1,1.1,"circle","self","f","f",0.660981599998195,1,660.981599998195,100,1100,1
7,1,1,24,2,"formal",419,8,0.1,1.1,"square","stranger","f","j",0.572494599997299,0,572.494599997299,100,1100,1
7,1,1,24,2,"formal",420,8,0.1,1.1,"circle","stranger","j","",NA,0,NA,100,1100,0
7,1,1,24,2,"formal",421,8,0.1,1.1,"square","self","j","",NA,0,NA,100,1100,0
7,1,1,24,2,"formal",422,8,0.1,1.1,"circle","stranger","j","j",0.678654300019844,1,678.654300019844,100,1100,1
7,1,1,24,2,"formal",423,8,0.1,1.1,"circle","self","f","f",0.765584900014801,1,765.584900014801,100,1100,1
7,1,1,24,2,"formal",424,8,0.1,1.1,"square","stranger","f","f",0.854528099996969,1,854.528099996969,100,1100,1
7,1,1,24,2,"formal",425,8,0.1,1.1,"square","stranger","f","f",0.779200100019807,1,779.200100019807,100,1100,1
7,1,1,24,2,"formal",426,8,0.1,1.1,"circle","self","f","f",0.51715410000179,1,517.15410000179,100,1100,1
7,1,1,24,2,"formal",427,8,0.1,1.1,"square","self","j","j",0.878630399995018,1,878.630399995018,100,1100,1
7,1,1,24,2,"formal",428,8,0.1,1.1,"circle","stranger","j","j",0.765276899997843,1,765.276899997843,100,1100,1
7,1,1,24,2,"formal",429,8,0.1,1.1,"square","stranger","f","f",0.741279599984409,1,741.279599984409,100,1100,1
7,1,1,24,2,"formal",430,8,0.1,1.1,"square","self","j","j",0.717858400021214,1,717.858400021214,100,1100,1
7,1,1,24,2,"formal",431,8,0.1,1.1,"circle","self","f","f",0.653617900010431,1,653.617900010431,100,1100,1
7,1,1,24,2,"formal",432,8,0.1,1.1,"circle","stranger","j","j",0.548932200006675,1,548.932200006675,100,1100,1
7,1,1,24,2,"formal",433,8,0.1,1.1,"square","self","j","j",1.0953910999815,1,1095.3910999815,100,1100,1
7,1,1,24,2,"formal",434,8,0.1,1.1,"square","stranger","f","f",0.622678499988979,1,622.678499988979,100,1100,1
7,1,1,24,2,"formal",435,8,0.1,1.1,"circle","stranger","j","j",0.763966200000141,1,763.966200000141,100,1100,1
7,1,1,24,2,"formal",436,8,0.1,1.1,"circle","self","f","f",0.702022900019074,1,702.022900019074,100,1100,1
7,1,1,24,2,"formal",437,8,0.1,1.1,"circle","stranger","j","j",0.742383000004338,1,742.383000004338,100,1100,1
7,1,1,24,2,"formal",438,8,0.1,1.1,"square","stranger","f","f",0.477717200003099,1,477.717200003099,100,1100,1
7,1,1,24,2,"formal",439,8,0.1,1.1,"circle","self","f","f",0.676564900000812,1,676.564900000812,100,1100,1
7,1,1,24,2,"formal",440,8,0.1,1.1,"square","self","j","j",0.759920999989845,1,759.920999989845,100,1100,1
7,1,1,24,2,"formal",441,8,0.1,1.1,"circle","self","f","f",0.798912500002189,1,798.912500002189,100,1100,1
7,1,1,24,2,"formal",442,8,0.1,1.1,"square","stranger","f","f",0.598395000008168,1,598.395000008168,100,1100,1
7,1,1,24,2,"formal",443,8,0.1,1.1,"square","self","j","f",0.791476199985482,0,791.476199985482,100,1100,1
7,1,1,24,2,"formal",444,8,0.1,1.1,"circle","stranger","j","j",0.891878299997188,1,891.878299997188,100,1100,1
7,1,1,24,2,"formal",445,8,0.1,1.1,"circle","stranger","j","j",0.814307099994039,1,814.307099994039,100,1100,1
7,1,1,24,2,"formal",446,8,0.1,1.1,"square","stranger","f","f",0.614835099986522,1,614.835099986522,100,1100,1
7,1,1,24,2,"formal",447,8,0.1,1.1,"square","self","j","j",0.685125399992103,1,685.125399992103,100,1100,1
7,1,1,24,2,"formal",448,8,0.1,1.1,"circle","self","f","f",0.613320199976442,1,613.320199976442,100,1100,1
7,1,1,24,2,"formal",449,8,0.1,1.1,"circle","stranger","j","j",0.773956500022905,1,773.956500022905,100,1100,1
7,1,1,24,2,"formal",450,8,0.1,1.1,"circle","self","f","f",0.74895869998727,1,748.95869998727,100,1100,1
7,1,1,24,2,"formal",451,8,0.1,1.1,"square","stranger","f","j",0.927038900001207,0,927.038900001207,100,1100,1
7,1,1,24,2,"formal",452,8,0.1,1.1,"square","self","j","j",0.72572700001183,1,725.72700001183,100,1100,1
7,1,1,24,2,"formal",453,8,0.1,1.1,"circle","self","f","f",0.589366000000155,1,589.366000000155,100,1100,1
7,1,1,24,2,"formal",454,8,0.1,1.1,"square","self","j","j",0.654013399995165,1,654.013399995165,100,1100,1
7,1,1,24,2,"formal",455,8,0.1,1.1,"square","stranger","f","f",0.989293000020552,1,989.293000020552,100,1100,1
7,1,1,24,2,"formal",456,8,0.1,1.1,"circle","stranger","j","j",0.869344099977752,1,869.344099977752,100,1100,1
7,1,1,24,2,"formal",457,8,0.1,1.1,"circle","stranger","j","j",0.628800700011197,1,628.800700011197,100,1100,1
7,1,1,24,2,"formal",458,8,0.1,1.1,"square","stranger","f","f",0.710013300005812,1,710.013300005812,100,1100,1
7,1,1,24,2,"formal",459,8,0.1,1.1,"square","self","j","j",0.693631200003438,1,693.631200003438,100,1100,1
7,1,1,24,2,"formal",460,8,0.1,1.1,"circle","self","f","f",0.749474800017197,1,749.474800017197,100,1100,1
7,1,1,24,2,"formal",461,8,0.1,1.1,"circle","stranger","j","",NA,0,NA,100,1100,0
7,1,1,24,2,"formal",462,8,0.1,1.1,"square","stranger","f","f",0.658506799984025,1,658.506799984025,100,1100,1
7,1,1,24,2,"formal",463,8,0.1,1.1,"square","self","j","j",0.565133399999468,1,565.133399999468,100,1100,1
7,1,1,24,2,"formal",464,8,0.1,1.1,"circle","self","f","f",0.789820100006182,1,789.820100006182,100,1100,1
7,1,1,24,2,"formal",465,8,0.1,1.1,"square","self","j","j",0.821880700008478,1,821.880700008478,100,1100,1
7,1,1,24,2,"formal",466,8,0.1,1.1,"square","stranger","f","f",0.613214099983452,1,613.214099983452,100,1100,1
7,1,1,24,2,"formal",467,8,0.1,1.1,"circle","self","f","j",0.564190700009931,0,564.190700009931,100,1100,1
7,1,1,24,2,"formal",468,8,0.1,1.1,"circle","stranger","j","j",0.981634399999166,1,981.634399999166,100,1100,1
7,1,1,24,2,"formal",469,8,0.1,1.1,"square","stranger","f","f",0.725418200017884,1,725.418200017884,100,1100,1
7,1,1,24,2,"formal",470,8,0.1,1.1,"square","self","j","j",0.717858499992872,1,717.858499992872,100,1100,1
7,1,1,24,2,"formal",471,8,0.1,1.1,"circle","stranger","j","",NA,0,NA,100,1100,0
7,1,1,24,2,"formal",472,8,0.1,1.1,"circle","self","f","f",0.578690099995583,1,578.690099995583,100,1100,1
7,1,1,24,2,"formal",473,8,0.1,1.1,"square","self","j","j",0.822908400004962,1,822.908400004962,100,1100,1
7,1,1,24,2,"formal",474,8,0.1,1.1,"square","stranger","f","f",0.830582700000377,1,830.582700000377,100,1100,1
7,1,1,24,2,"formal",475,8,0.1,1.1,"circle","self","f","f",0.732555300026434,1,732.555300026434,100,1100,1
7,1,1,24,2,"formal",476,8,0.1,1.1,"circle","stranger","j","j",0.540549600002123,1,540.549600002123,100,1100,1
7,1,1,24,2,"formal",477,8,0.1,1.1,"square","self","j","j",0.595006499992451,1,595.006499992451,100,1100,1
7,1,1,24,2,"formal",478,8,0.1,1.1,"circle","self","f","f",0.597402999992482,1,597.402999992482,100,1100,1
7,1,1,24,2,"formal",479,8,0.1,1.1,"circle","stranger","j","j",0.645344999997178,1,645.344999997178,100,1100,1
7,1,1,24,2,"formal",480,8,0.1,1.1,"square","stranger","f","f",0.581935700000031,1,581.935700000031,100,1100,1
7,1,1,24,2,"formal",481,8,0.1,1.1,"square","self","j","j",0.597168700012844,1,597.168700012844,100,1100,1
7,1,1,24,2,"formal",482,8,0.1,1.1,"square","stranger","f","f",0.597870899975533,1,597.870899975533,100,1100,1
7,1,1,24,2,"formal",483,8,0.1,1.1,"circle","self","f","f",0.58230999999796,1,582.30999999796,100,1100,1
7,1,1,24,2,"formal",484,8,0.1,1.1,"circle","stranger","j","j",0.637970899988431,1,637.970899988431,100,1100,1
7,1,1,24,2,"formal",485,8,0.1,1.1,"circle","stranger","j","j",0.648135700001149,1,648.135700001149,100,1100,1
7,1,1,24,2,"formal",486,8,0.1,1.1,"square","stranger","f","f",0.661439999996219,1,661.439999996219,100,1100,1
7,1,1,24,2,"formal",487,8,0.1,1.1,"square","self","j","j",0.781366900017019,1,781.366900017019,100,1100,1
7,1,1,24,2,"formal",488,8,0.1,1.1,"circle","self","f","f",0.663086199987447,1,663.086199987447,100,1100,1
7,1,1,24,2,"formal",489,8,0.1,1.1,"circle","self","f","f",0.597468300024047,1,597.468300024047,100,1100,1
7,1,1,24,2,"formal",490,8,0.1,1.1,"square","self","j","j",0.661224199982826,1,661.224199982826,100,1100,1
7,1,1,24,2,"formal",491,8,0.1,1.1,"square","stranger","f","f",0.492666100006318,1,492.666100006318,100,1100,1
7,1,1,24,2,"formal",492,8,0.1,1.1,"circle","stranger","j","j",0.685443199996371,1,685.443199996371,100,1100,1
7,1,1,24,2,"formal",493,8,0.1,1.1,"circle","self","f","f",0.901458499982255,1,901.458499982255,100,1100,1
7,1,1,24,2,"formal",494,8,0.1,1.1,"circle","stranger","j","j",0.572833999991417,1,572.833999991417,100,1100,1
7,1,1,24,2,"formal",495,8,0.1,1.1,"square","self","j","j",0.837684400001308,1,837.684400001308,100,1100,1
7,1,1,24,2,"formal",496,8,0.1,1.1,"square","stranger","f","f",0.605101399996784,1,605.101399996784,100,1100,1
7,1,1,24,2,"formal",497,8,0.1,1.1,"square","self","j","j",0.942744100000709,1,942.744100000709,100,1100,1
7,1,1,24,2,"formal",498,8,0.1,1.1,"circle","stranger","j","j",0.852657699986594,1,852.657699986594,100,1100,1
7,1,1,24,2,"formal",499,8,0.1,1.1,"circle","self","f","f",0.709164300002158,1,709.164300002158,100,1100,1
7,1,1,24,2,"formal",500,8,0.1,1.1,"square","stranger","f","f",0.791460200009169,1,791.460200009169,100,1100,1
7,1,1,24,2,"formal",501,8,0.1,1.1,"circle","stranger","j","j",0.571923200011952,1,571.923200011952,100,1100,1
7,1,1,24,2,"formal",502,8,0.1,1.1,"circle","self","f","f",0.963770300004398,1,963.770300004398,100,1100,1
7,1,1,24,2,"formal",503,8,0.1,1.1,"square","stranger","f","f",0.532649900007527,1,532.649900007527,100,1100,1
7,1,1,24,2,"formal",504,8,0.1,1.1,"square","self","j","j",0.596922199998517,1,596.922199998517,100,1100,1
7,1,1,24,2,"formal",505,8,0.1,1.1,"circle","self","f","f",0.996176299988292,1,996.176299988292,100,1100,1
7,1,1,24,2,"formal",506,8,0.1,1.1,"square","stranger","f","f",0.61320930000511,1,613.20930000511,100,1100,1
7,1,1,24,2,"formal",507,8,0.1,1.1,"circle","stranger","j","j",0.502905900008045,1,502.905900008045,100,1100,1
7,1,1,24,2,"formal",508,8,0.1,1.1,"square","self","j","j",0.724193400004879,1,724.193400004879,100,1100,1
7,1,1,24,2,"formal",509,8,0.1,1.1,"square","stranger","f","",NA,0,NA,100,1100,0
7,1,1,24,2,"formal",510,8,0.1,1.1,"square","self","j","j",0.819481999991694,1,819.481999991694,100,1100,1
7,1,1,24,2,"formal",511,8,0.1,1.1,"circle","self","f","f",0.788989599997876,1,788.989599997876,100,1100,1
7,1,1,24,2,"formal",512,8,0.1,1.1,"circle","stranger","j","j",0.572732600005111,1,572.732600005111,100,1100,1
7,1,1,24,2,"formal",513,8,0.1,1.1,"square","self","j","j",0.550113499979489,1,550.113499979489,100,1100,1
7,1,1,24,2,"formal",514,8,0.1,1.1,"square","stranger","f","f",0.517829699994763,1,517.829699994763,100,1100,1
7,1,1,24,2,"formal",515,8,0.1,1.1,"circle","self","f","f",0.670166700001573,1,670.166700001573,100,1100,1
7,1,1,24,2,"formal",516,8,0.1,1.1,"circle","stranger","j","j",0.622369300021091,1,622.369300021091,100,1100,1
7,1,1,24,2,"formal",517,8,0.1,1.1,"circle","stranger","j","j",0.700824800005648,1,700.824800005648,100,1100,1
7,1,1,24,2,"formal",518,8,0.1,1.1,"circle","self","f","f",0.517330399976345,1,517.330399976345,100,1100,1
7,1,1,24,2,"formal",519,8,0.1,1.1,"square","self","j","j",0.589598300022772,1,589.598300022772,100,1100,1
7,1,1,24,2,"formal",520,8,0.1,1.1,"square","stranger","f","f",0.501913999993121,1,501.913999993121,100,1100,1
7,1,1,24,2,"formal",521,8,0.1,1.1,"square","self","j","",NA,0,NA,100,1100,0
7,1,1,24,2,"formal",522,8,0.1,1.1,"square","stranger","f","f",0.739464500016766,1,739.464500016766,100,1100,1
7,1,1,24,2,"formal",523,8,0.1,1.1,"circle","self","f","f",0.685962299990933,1,685.962299990933,100,1100,1
7,1,1,24,2,"formal",524,8,0.1,1.1,"circle","stranger","j","j",0.566137799993157,1,566.137799993157,100,1100,1
7,1,1,24,2,"formal",525,8,0.1,1.1,"square","stranger","f","",NA,0,NA,100,1100,0
7,1,1,24,2,"formal",526,8,0.1,1.1,"circle","self","f","f",0.644208799989428,1,644.208799989428,100,1100,1
7,1,1,24,2,"formal",527,8,0.1,1.1,"square","self","j","j",0.637766399973771,1,637.766399973771,100,1100,1
7,1,1,24,2,"formal",528,8,0.1,1.1,"circle","stranger","j","j",0.748681899975054,1,748.681899975054,100,1100,1
7,2,1,23,2,"formal",9,8,0.1,1.1,"square","self","j","j",0.607519899989711,1,607.519899989711,100,1100,1
7,2,1,23,2,"formal",10,8,0.1,1.1,"circle","self","f","f",0.8381226999918,1,838.1226999918,100,1100,1
7,2,1,23,2,"formal",11,8,0.1,1.1,"circle","stranger","j","f",0.678640300000552,0,678.640300000552,100,1100,1
7,2,1,23,2,"formal",12,8,0.1,1.1,"square","stranger","f","f",0.958027699991362,1,958.027699991362,100,1100,1
7,2,1,23,2,"formal",13,8,0.1,1.1,"circle","stranger","j","j",0.85360520001268,1,853.60520001268,100,1100,1
7,2,1,23,2,"formal",14,8,0.1,1.1,"circle","self","f","f",0.677621299983002,1,677.621299983002,100,1100,1
7,2,1,23,2,"formal",15,8,0.1,1.1,"square","self","j","j",0.663147300016135,1,663.147300016135,100,1100,1
7,2,1,23,2,"formal",16,8,0.1,1.1,"square","stranger","f","f",0.765840700012632,1,765.840700012632,100,1100,1
7,2,1,23,2,"formal",17,8,0.1,1.1,"square","self","j","j",0.62324250000529,1,623.24250000529,100,1100,1
7,2,1,23,2,"formal",18,8,0.1,1.1,"square","stranger","f","f",0.727651200024411,1,727.651200024411,100,1100,1
7,2,1,23,2,"formal",19,8,0.1,1.1,"circle","self","f","f",0.926044599997113,1,926.044599997113,100,1100,1
7,2,1,23,2,"formal",20,8,0.1,1.1,"circle","stranger","j","j",0.733830900018802,1,733.830900018802,100,1100,1
7,2,1,23,2,"formal",21,8,0.1,1.1,"circle","stranger","j","j",0.711498899996514,1,711.498899996514,100,1100,1
7,2,1,23,2,"formal",22,8,0.1,1.1,"circle","self","f","f",0.822903599997517,1,822.903599997517,100,1100,1
7,2,1,23,2,"formal",23,8,0.1,1.1,"square","self","j","j",0.631577699998161,1,631.577699998161,100,1100,1
7,2,1,23,2,"formal",24,8,0.1,1.1,"square","stranger","f","f",0.838605500000995,1,838.605500000995,100,1100,1
7,2,1,23,2,"formal",25,8,0.1,1.1,"circle","self","f","",NA,0,NA,100,1100,0
7,2,1,23,2,"formal",26,8,0.1,1.1,"square","stranger","f","f",0.868465500010643,1,868.465500010643,100,1100,1
7,2,1,23,2,"formal",27,8,0.1,1.1,"square","self","j","j",0.615433899976779,1,615.433899976779,100,1100,1
7,2,1,23,2,"formal",28,8,0.1,1.1,"circle","stranger","j","j",0.766977300023427,1,766.977300023427,100,1100,1
7,2,1,23,2,"formal",29,8,0.1,1.1,"circle","self","f","f",0.653845199994976,1,653.845199994976,100,1100,1
7,2,1,23,2,"formal",30,8,0.1,1.1,"square","stranger","f","",NA,0,NA,100,1100,0
7,2,1,23,2,"formal",31,8,0.1,1.1,"square","self","j","j",0.627934999996796,1,627.934999996796,100,1100,1
7,2,1,23,2,"formal",32,8,0.1,1.1,"circle","stranger","j","j",0.871429799997713,1,871.429799997713,100,1100,1
7,2,1,23,2,"formal",33,8,0.1,1.1,"circle","self","f","f",0.887807499995688,1,887.807499995688,100,1100,1
7,2,1,23,2,"formal",34,8,0.1,1.1,"circle","stranger","j","f",1.14332910001394,0,1143.32910001394,100,1100,1
7,2,1,23,2,"formal",35,8,0.1,1.1,"square","self","j","j",0.823497600009432,1,823.497600009432,100,1100,1
7,2,1,23,2,"formal",36,8,0.1,1.1,"square","stranger","f","f",1.07010480001918,1,1070.10480001918,100,1100,1
7,2,1,23,2,"formal",37,8,0.1,1.1,"circle","stranger","j","",NA,0,NA,100,1100,0
7,2,1,23,2,"formal",38,8,0.1,1.1,"circle","self","f","j",1.01186060000327,0,1011.86060000327,100,1100,1
7,2,1,23,2,"formal",39,8,0.1,1.1,"square","self","j","j",0.47120420000283,1,471.20420000283,100,1100,1
7,2,1,23,2,"formal",40,8,0.1,1.1,"square","stranger","f","f",0.710808500007261,1,710.808500007261,100,1100,1
7,2,1,23,2,"formal",41,8,0.1,1.1,"circle","stranger","j","",NA,0,NA,100,1100,0
7,2,1,23,2,"formal",42,8,0.1,1.1,"square","self","j","j",0.661188600002788,1,661.188600002788,100,1100,1
7,2,1,23,2,"formal",43,8,0.1,1.1,"square","stranger","f","f",0.542122799990466,1,542.122799990466,100,1100,1
7,2,1,23,2,"formal",44,8,0.1,1.1,"circle","self","f","f",0.750384400016628,1,750.384400016628,100,1100,1
7,2,1,23,2,"formal",45,8,0.1,1.1,"square","self","j","j",0.406523600016953,1,406.523600016953,100,1100,1
7,2,1,23,2,"formal",46,8,0.1,1.1,"square","stranger","f","j",0.34332159999758,0,343.32159999758,100,1100,1
7,2,1,23,2,"formal",47,8,0.1,1.1,"circle","stranger","j","j",0.534234599996125,1,534.234599996125,100,1100,1
7,2,1,23,2,"formal",48,8,0.1,1.1,"circle","self","f","f",0.574697000003653,1,574.697000003653,100,1100,1
7,2,1,23,2,"formal",49,8,0.1,1.1,"circle","stranger","j","j",0.686732700007269,1,686.732700007269,100,1100,1
7,2,1,23,2,"formal",50,8,0.1,1.1,"square","self","j","j",0.493919500004267,1,493.919500004267,100,1100,1
7,2,1,23,2,"formal",51,8,0.1,1.1,"square","stranger","f","f",0.888097999995807,1,888.097999995807,100,1100,1
7,2,1,23,2,"formal",52,8,0.1,1.1,"circle","self","f","j",1.10233699998935,0,1102.33699998935,100,1100,1
7,2,1,23,2,"formal",53,8,0.1,1.1,"circle","self","f","",NA,0,NA,100,1100,0
7,2,1,23,2,"formal",54,8,0.1,1.1,"square","self","j","j",0.486300300020957,1,486.300300020957,100,1100,1
7,2,1,23,2,"formal",55,8,0.1,1.1,"square","stranger","f","f",0.879058799997438,1,879.058799997438,100,1100,1
7,2,1,23,2,"formal",56,8,0.1,1.1,"circle","stranger","j","",NA,0,NA,100,1100,0
7,2,1,23,2,"formal",57,8,0.1,1.1,"square","self","j","f",0.158395900012692,0,158.395900012692,100,1100,1
7,2,1,23,2,"formal",58,8,0.1,1.1,"circle","stranger","j","j",0.846061699994607,1,846.061699994607,100,1100,1
7,2,1,23,2,"formal",59,8,0.1,1.1,"square","stranger","f","j",0.911571499978891,0,911.571499978891,100,1100,1
7,2,1,23,2,"formal",60,8,0.1,1.1,"circle","self","f","f",0.671287499979371,1,671.287499979371,100,1100,1
7,2,1,23,2,"formal",61,8,0.1,1.1,"circle","self","f","",NA,0,NA,100,1100,0
7,2,1,23,2,"formal",62,8,0.1,1.1,"circle","stranger","j","j",1.17878410001867,1,1178.78410001867,100,1100,1
7,2,1,23,2,"formal",63,8,0.1,1.1,"square","stranger","f","j",0.799617899989244,0,799.617899989244,100,1100,1
7,2,1,23,2,"formal",64,8,0.1,1.1,"square","self","j","j",0.605727800022578,1,605.727800022578,100,1100,1
7,2,1,23,2,"formal",65,8,0.1,1.1,"square","self","j","j",0.647080800001277,1,647.080800001277,100,1100,1
7,2,1,23,2,"formal",66,8,0.1,1.1,"circle","stranger","j","",NA,0,NA,100,1100,0
7,2,1,23,2,"formal",67,8,0.1,1.1,"circle","self","f","",NA,0,NA,100,1100,0
7,2,1,23,2,"formal",68,8,0.1,1.1,"square","stranger","f","",NA,0,NA,100,1100,0
7,2,1,23,2,"formal",69,8,0.1,1.1,"circle","self","f","",NA,0,NA,100,1100,0
7,2,1,23,2,"formal",70,8,0.1,1.1,"square","stranger","f","",NA,0,NA,100,1100,0
7,2,1,23,2,"formal",71,8,0.1,1.1,"square","self","j","j",0.655790599994361,1,655.790599994361,100,1100,1
7,2,1,23,2,"formal",72,8,0.1,1.1,"circle","stranger","j","",NA,0,NA,100,1100,0
7,2,1,23,2,"formal",73,8,0.1,1.1,"circle","stranger","j","j",0.837173200008692,1,837.173200008692,100,1100,1
7,2,1,23,2,"formal",74,8,0.1,1.1,"circle","self","f","",NA,0,NA,100,1100,0
7,2,1,23,2,"formal",75,8,0.1,1.1,"square","self","j","j",0.357580700016115,1,357.580700016115,100,1100,1
7,2,1,23,2,"formal",76,8,0.1,1.1,"square","stranger","f","",NA,0,NA,100,1100,0
7,2,1,23,2,"formal",77,8,0.1,1.1,"square","self","j","",NA,0,NA,100,1100,0
7,2,1,23,2,"formal",78,8,0.1,1.1,"circle","stranger","j","j",0.851293900021119,1,851.293900021119,100,1100,1
7,2,1,23,2,"formal",79,8,0.1,1.1,"square","stranger","f","",NA,0,NA,100,1100,0
7,2,1,23,2,"formal",80,8,0.1,1.1,"circle","self","f","",NA,0,NA,100,1100,0
7,2,1,23,2,"formal",81,8,0.1,1.1,"square","self","j","j",0.372960599983344,1,372.960599983344,100,1100,1
7,2,1,23,2,"formal",82,8,0.1,1.1,"square","stranger","f","",NA,0,NA,100,1100,0
7,2,1,23,2,"formal",83,8,0.1,1.1,"circle","stranger","j","j",0.544359000021359,1,544.359000021359,100,1100,1
7,2,1,23,2,"formal",84,8,0.1,1.1,"circle","self","f","",NA,0,NA,100,1100,0
7,2,1,23,2,"formal",85,8,0.1,1.1,"circle","self","f","",NA,0,NA,100,1100,0
7,2,1,23,2,"formal",86,8,0.1,1.1,"circle","stranger","j","",NA,0,NA,100,1100,0
7,2,1,23,2,"formal",87,8,0.1,1.1,"square","self","j","j",0.568950799992308,1,568.950799992308,100,1100,1
7,2,1,23,2,"formal",88,8,0.1,1.1,"square","stranger","f","",NA,0,NA,100,1100,0
7,2,1,23,2,"formal",89,8,0.1,1.1,"square","self","j","",NA,0,NA,100,1100,0
7,2,1,23,2,"formal",90,8,0.1,1.1,"square","stranger","f","",NA,0,NA,100,1100,0
7,2,1,23,2,"formal",91,8,0.1,1.1,"circle","self","f","",NA,0,NA,100,1100,0
7,2,1,23,2,"formal",92,8,0.1,1.1,"circle","stranger","j","j",0.340005200006999,1,340.005200006999,100,1100,1
7,2,1,23,2,"formal",93,8,0.1,1.1,"square","stranger","f","",NA,0,NA,100,1100,0
7,2,1,23,2,"formal",94,8,0.1,1.1,"circle","stranger","j","",NA,0,NA,100,1100,0
7,2,1,23,2,"formal",95,8,0.1,1.1,"circle","self","f","j",0.44914820001577,0,449.14820001577,100,1100,1
7,2,1,23,2,"formal",96,8,0.1,1.1,"square","self","j","j",0.568025099986698,1,568.025099986698,100,1100,1
7,2,1,23,2,"formal",97,8,0.1,1.1,"square","self","j","j",0.622960800013971,1,622.960800013971,100,1100,1
7,2,1,23,2,"formal",98,8,0.1,1.1,"circle","stranger","j","j",0.831425900018075,1,831.425900018075,100,1100,1
7,2,1,23,2,"formal",99,8,0.1,1.1,"square","stranger","f","",NA,0,NA,100,1100,0
7,2,1,23,2,"formal",100,8,0.1,1.1,"circle","self","f","j",0.485482399992179,0,485.482399992179,100,1100,1
7,2,1,23,2,"formal",101,8,0.1,1.1,"circle","self","f","",NA,0,NA,100,1100,0
7,2,1,23,2,"formal",102,8,0.1,1.1,"square","stranger","f","j",0.662882000004174,0,662.882000004174,100,1100,1
7,2,1,23,2,"formal",103,8,0.1,1.1,"square","self","j","j",0.711005599994678,1,711.005599994678,100,1100,1
7,2,1,23,2,"formal",104,8,0.1,1.1,"circle","stranger","j","j",0.630766400019638,1,630.766400019638,100,1100,1
7,2,1,23,2,"formal",105,8,0.1,1.1,"square","stranger","f","",NA,0,NA,100,1100,0
7,2,1,23,2,"formal",106,8,0.1,1.1,"circle","self","f","j",0.972990099980962,0,972.990099980962,100,1100,1
7,2,1,23,2,"formal",107,8,0.1,1.1,"circle","stranger","j","j",0.775008500000695,1,775.008500000695,100,1100,1
7,2,1,23,2,"formal",108,8,0.1,1.1,"square","self","j","j",0.511937700008275,1,511.937700008275,100,1100,1
7,2,1,23,2,"formal",109,8,0.1,1.1,"circle","self","f","",NA,0,NA,100,1100,0
7,2,1,23,2,"formal",110,8,0.1,1.1,"circle","stranger","j","j",0.644706099992618,1,644.706099992618,100,1100,1
7,2,1,23,2,"formal",111,8,0.1,1.1,"square","stranger","f","",NA,0,NA,100,1100,0
7,2,1,23,2,"formal",112,8,0.1,1.1,"square","self","j","j",0.781097500002943,1,781.097500002943,100,1100,1
7,2,1,23,2,"formal",113,8,0.1,1.1,"square","stranger","f","j",0.540131800022209,0,540.131800022209,100,1100,1
7,2,1,23,2,"formal",114,8,0.1,1.1,"square","self","j","j",1.00733239998226,1,1007.33239998226,100,1100,1
7,2,1,23,2,"formal",115,8,0.1,1.1,"circle","self","f","",NA,0,NA,100,1100,0
7,2,1,23,2,"formal",116,8,0.1,1.1,"circle","stranger","j","j",1.14135910000186,1,1141.35910000186,100,1100,1
7,2,1,23,2,"formal",117,8,0.1,1.1,"circle","stranger","j","j",0.662579600000754,1,662.579600000754,100,1100,1
7,2,1,23,2,"formal",118,8,0.1,1.1,"circle","self","f","",NA,0,NA,100,1100,0
7,2,1,23,2,"formal",119,8,0.1,1.1,"square","self","j","j",0.534608100017067,1,534.608100017067,100,1100,1
7,2,1,23,2,"formal",120,8,0.1,1.1,"square","stranger","f","j",0.775505900004646,0,775.505900004646,100,1100,1
7,2,1,23,2,"formal",121,8,0.1,1.1,"square","self","j","j",0.719881600001827,1,719.881600001827,100,1100,1
7,2,1,23,2,"formal",122,8,0.1,1.1,"square","stranger","f","",NA,0,NA,100,1100,0
7,2,1,23,2,"formal",123,8,0.1,1.1,"circle","self","f","",NA,0,NA,100,1100,0
7,2,1,23,2,"formal",124,8,0.1,1.1,"circle","stranger","j","",NA,0,NA,100,1100,0
7,2,1,23,2,"formal",125,8,0.1,1.1,"square","self","j","j",0.714271300006658,1,714.271300006658,100,1100,1
7,2,1,23,2,"formal",126,8,0.1,1.1,"square","stranger","f","",NA,0,NA,100,1100,0
7,2,1,23,2,"formal",127,8,0.1,1.1,"circle","self","f","",NA,0,NA,100,1100,0
7,2,1,23,2,"formal",128,8,0.1,1.1,"circle","stranger","j","",NA,0,NA,100,1100,0
7,2,1,23,2,"formal",129,8,0.1,1.1,"circle","self","f","",NA,0,NA,100,1100,0
7,2,1,23,2,"formal",130,8,0.1,1.1,"circle","stranger","j","",NA,0,NA,100,1100,0
7,2,1,23,2,"formal",131,8,0.1,1.1,"square","stranger","f","j",0.344402599992463,0,344.402599992463,100,1100,1
7,2,1,23,2,"formal",132,8,0.1,1.1,"square","self","j","",NA,0,NA,100,1100,0
7,2,1,23,2,"formal",133,8,0.1,1.1,"square","self","j","j",0.605838099989342,1,605.838099989342,100,1100,1
7,2,1,23,2,"formal",134,8,0.1,1.1,"circle","stranger","j","",NA,0,NA,100,1100,0
7,2,1,23,2,"formal",135,8,0.1,1.1,"square","stranger","f","",NA,0,NA,100,1100,0
7,2,1,23,2,"formal",136,8,0.1,1.1,"circle","self","f","",NA,0,NA,100,1100,0
7,2,1,23,2,"formal",137,8,0.1,1.1,"circle","stranger","j","j",0.968302399996901,1,968.302399996901,100,1100,1
7,2,1,23,2,"formal",138,8,0.1,1.1,"square","self","j","j",0.359297500021057,1,359.297500021057,100,1100,1
7,2,1,23,2,"formal",139,8,0.1,1.1,"square","stranger","f","",NA,0,NA,100,1100,0
7,2,1,23,2,"formal",140,8,0.1,1.1,"circle","self","f","",NA,0,NA,100,1100,0
7,2,1,23,2,"formal",141,8,0.1,1.1,"circle","self","f","",NA,0,NA,100,1100,0
7,2,1,23,2,"formal",142,8,0.1,1.1,"circle","stranger","j","",NA,0,NA,100,1100,0
7,2,1,23,2,"formal",143,8,0.1,1.1,"square","self","j","j",1.02575969998725,1,1025.75969998725,100,1100,1
7,2,1,23,2,"formal",144,8,0.1,1.1,"square","stranger","f","",NA,0,NA,100,1100,0
7,2,1,23,2,"formal",145,8,0.1,1.1,"square","self","j","",NA,0,NA,100,1100,0
7,2,1,23,2,"formal",146,8,0.1,1.1,"circle","stranger","j","j",0.657951000001049,1,657.951000001049,100,1100,1
7,2,1,23,2,"formal",147,8,0.1,1.1,"square","stranger","f","",NA,0,NA,100,1100,0
7,2,1,23,2,"formal",148,8,0.1,1.1,"circle","self","f","",NA,0,NA,100,1100,0
7,2,1,23,2,"formal",149,8,0.1,1.1,"circle","stranger","j","j",0.354281400010223,1,354.281400010223,100,1100,1
7,2,1,23,2,"formal",150,8,0.1,1.1,"square","self","j","j",0.89420889999019,1,894.20889999019,100,1100,1
7,2,1,23,2,"formal",151,8,0.1,1.1,"circle","self","f","",NA,0,NA,100,1100,0
7,2,1,23,2,"formal",152,8,0.1,1.1,"square","stranger","f","",NA,0,NA,100,1100,0
7,2,1,23,2,"formal",153,8,0.1,1.1,"circle","stranger","j","",NA,0,NA,100,1100,0
7,2,1,23,2,"formal",154,8,0.1,1.1,"square","self","j","j",0.626663000002736,1,626.663000002736,100,1100,1
7,2,1,23,2,"formal",155,8,0.1,1.1,"square","stranger","f","f",0.783274299988989,1,783.274299988989,100,1100,1
7,2,1,23,2,"formal",156,8,0.1,1.1,"circle","self","f","j",0.831008600012865,0,831.008600012865,100,1100,1
7,2,1,23,2,"formal",157,8,0.1,1.1,"circle","self","f","",NA,0,NA,100,1100,0
7,2,1,23,2,"formal",158,8,0.1,1.1,"square","stranger","f","j",0.822948400018504,0,822.948400018504,100,1100,1
7,2,1,23,2,"formal",159,8,0.1,1.1,"circle","stranger","j","",NA,0,NA,100,1100,0
7,2,1,23,2,"formal",160,8,0.1,1.1,"square","self","j","",NA,0,NA,100,1100,0
7,2,1,23,2,"formal",161,8,0.1,1.1,"circle","self","f","j",0.564973200001987,0,564.973200001987,100,1100,1
7,2,1,23,2,"formal",162,8,0.1,1.1,"square","stranger","f","",NA,0,NA,100,1100,0
7,2,1,23,2,"formal",163,8,0.1,1.1,"square","self","j","j",0.685970100021223,1,685.970100021223,100,1100,1
7,2,1,23,2,"formal",164,8,0.1,1.1,"circle","stranger","j","j",0.655082399985986,1,655.082399985986,100,1100,1
7,2,1,23,2,"formal",165,8,0.1,1.1,"square","stranger","f","j",0.756566099997144,0,756.566099997144,100,1100,1
7,2,1,23,2,"formal",166,8,0.1,1.1,"circle","stranger","j","j",1.06242569998722,1,1062.42569998722,100,1100,1
7,2,1,23,2,"formal",167,8,0.1,1.1,"circle","self","f","f",0.999595299974317,1,999.595299974317,100,1100,1
7,2,1,23,2,"formal",168,8,0.1,1.1,"square","self","j","j",0.719889300002251,1,719.889300002251,100,1100,1
7,2,1,23,2,"formal",169,8,0.1,1.1,"square","stranger","f","f",0.895870899985312,1,895.870899985312,100,1100,1
7,2,1,23,2,"formal",170,8,0.1,1.1,"square","self","j","j",0.608121199999005,1,608.121199999005,100,1100,1
7,2,1,23,2,"formal",171,8,0.1,1.1,"circle","stranger","j","j",0.863119099987671,1,863.119099987671,100,1100,1
7,2,1,23,2,"formal",172,8,0.1,1.1,"circle","self","f","f",0.774842399987392,1,774.842399987392,100,1100,1
7,2,1,23,2,"formal",173,8,0.1,1.1,"square","stranger","f","f",0.871228900010465,1,871.228900010465,100,1100,1
7,2,1,23,2,"formal",174,8,0.1,1.1,"circle","self","f","f",0.815616200008662,1,815.616200008662,100,1100,1
7,2,1,23,2,"formal",175,8,0.1,1.1,"square","self","j","j",0.518946999975014,1,518.946999975014,100,1100,1
7,2,1,23,2,"formal",176,8,0.1,1.1,"circle","stranger","j","j",0.367580199992517,1,367.580199992517,100,1100,1
7,2,1,23,2,"formal",177,8,0.1,1.1,"square","self","j","f",0.638086399994791,0,638.086399994791,100,1100,1
7,2,1,23,2,"formal",178,8,0.1,1.1,"circle","stranger","j","j",0.991232799977297,1,991.232799977297,100,1100,1
7,2,1,23,2,"formal",179,8,0.1,1.1,"circle","self","f","f",0.679748800001107,1,679.748800001107,100,1100,1
7,2,1,23,2,"formal",180,8,0.1,1.1,"square","stranger","f","j",0.743498799973167,0,743.498799973167,100,1100,1
7,2,1,23,2,"formal",181,8,0.1,1.1,"circle","stranger","j","j",1.00677399997949,1,1006.77399997949,100,1100,1
7,2,1,23,2,"formal",182,8,0.1,1.1,"circle","self","f","f",0.798824900004547,1,798.824900004547,100,1100,1
7,2,1,23,2,"formal",183,8,0.1,1.1,"square","self","j","j",0.496114600013243,1,496.114600013243,100,1100,1
7,2,1,23,2,"formal",184,8,0.1,1.1,"square","stranger","f","f",1.0316844,1,1031.6844,100,1100,1
7,2,1,23,2,"formal",185,8,0.1,1.1,"square","stranger","f","f",1.13840749999508,1,1138.40749999508,100,1100,1
7,2,1,23,2,"formal",186,8,0.1,1.1,"circle","self","f","f",0.998190399986925,1,998.190399986925,100,1100,1
7,2,1,23,2,"formal",187,8,0.1,1.1,"square","self","j","j",0.599837199988542,1,599.837199988542,100,1100,1
7,2,1,23,2,"formal",188,8,0.1,1.1,"circle","stranger","j","j",1.0953465999919,1,1095.3465999919,100,1100,1
7,2,1,23,2,"formal",189,8,0.1,1.1,"circle","self","f","f",0.687353899993468,1,687.353899993468,100,1100,1
7,2,1,23,2,"formal",190,8,0.1,1.1,"square","self","j","",NA,0,NA,100,1100,0
7,2,1,23,2,"formal",191,8,0.1,1.1,"circle","stranger","j","j",0.957889899989823,1,957.889899989823,100,1100,1
7,2,1,23,2,"formal",192,8,0.1,1.1,"square","stranger","f","f",0.639384099980816,1,639.384099980816,100,1100,1
7,2,1,23,2,"formal",193,8,0.1,1.1,"square","stranger","f","f",0.711108299990883,1,711.108299990883,100,1100,1
7,2,1,23,2,"formal",194,8,0.1,1.1,"square","self","j","",NA,0,NA,100,1100,0
7,2,1,23,2,"formal",195,8,0.1,1.1,"circle","stranger","j","j",0.597362900007283,1,597.362900007283,100,1100,1
7,2,1,23,2,"formal",196,8,0.1,1.1,"circle","self","f","f",0.806206899986137,1,806.206899986137,100,1100,1
7,2,1,23,2,"formal",197,8,0.1,1.1,"circle","stranger","j","j",0.67713540000841,1,677.13540000841,100,1100,1
7,2,1,23,2,"formal",198,8,0.1,1.1,"square","stranger","f","f",0.814358000003267,1,814.358000003267,100,1100,1
7,2,1,23,2,"formal",199,8,0.1,1.1,"square","self","j","j",0.558522000006633,1,558.522000006633,100,1100,1
7,2,1,23,2,"formal",200,8,0.1,1.1,"circle","self","f","f",0.54231289998279,1,542.31289998279,100,1100,1
7,2,1,23,2,"formal",201,8,0.1,1.1,"circle","self","f","f",0.534533199999714,1,534.533199999714,100,1100,1
7,2,1,23,2,"formal",202,8,0.1,1.1,"circle","stranger","j","j",0.918679299997166,1,918.679299997166,100,1100,1
7,2,1,23,2,"formal",203,8,0.1,1.1,"square","self","j","j",0.607523299986497,1,607.523299986497,100,1100,1
7,2,1,23,2,"formal",204,8,0.1,1.1,"square","stranger","f","",NA,0,NA,100,1100,0
7,2,1,23,2,"formal",205,8,0.1,1.1,"circle","self","f","f",1.13250300000072,1,1132.50300000072,100,1100,1
7,2,1,23,2,"formal",206,8,0.1,1.1,"square","stranger","f","f",0.869911999994656,1,869.911999994656,100,1100,1
7,2,1,23,2,"formal",207,8,0.1,1.1,"circle","stranger","j","j",0.663186999998288,1,663.186999998288,100,1100,1
7,2,1,23,2,"formal",208,8,0.1,1.1,"square","self","j","j",0.518562200013548,1,518.562200013548,100,1100,1
7,2,1,23,2,"formal",209,8,0.1,1.1,"square","stranger","f","f",1.15892700001132,1,1158.92700001132,100,1100,1
7,2,1,23,2,"formal",210,8,0.1,1.1,"circle","self","f","f",1.11901239998406,1,1119.01239998406,100,1100,1
7,2,1,23,2,"formal",211,8,0.1,1.1,"circle","stranger","j","",NA,0,NA,100,1100,0
7,2,1,23,2,"formal",212,8,0.1,1.1,"square","self","j","j",0.450241999991704,1,450.241999991704,100,1100,1
7,2,1,23,2,"formal",213,8,0.1,1.1,"circle","self","f","f",0.75893479998922,1,758.93479998922,100,1100,1
7,2,1,23,2,"formal",214,8,0.1,1.1,"circle","stranger","j","",NA,0,NA,100,1100,0
7,2,1,23,2,"formal",215,8,0.1,1.1,"square","stranger","f","",NA,0,NA,100,1100,0
7,2,1,23,2,"formal",216,8,0.1,1.1,"square","self","j","j",0.428621499973815,1,428.621499973815,100,1100,1
7,2,1,23,2,"formal",217,8,0.1,1.1,"circle","stranger","j","j",0.82050539998454,1,820.50539998454,100,1100,1
7,2,1,23,2,"formal",218,8,0.1,1.1,"circle","self","f","f",0.759272499999497,1,759.272499999497,100,1100,1
7,2,1,23,2,"formal",219,8,0.1,1.1,"square","self","j","j",0.623051600006875,1,623.051600006875,100,1100,1
7,2,1,23,2,"formal",220,8,0.1,1.1,"square","stranger","f","",NA,0,NA,100,1100,0
7,2,1,23,2,"formal",221,8,0.1,1.1,"square","self","j","j",1.13386429997627,1,1133.86429997627,100,1100,1
7,2,1,23,2,"formal",222,8,0.1,1.1,"circle","self","f","f",1.0553461999807,1,1055.3461999807,100,1100,1
7,2,1,23,2,"formal",223,8,0.1,1.1,"circle","stranger","j","",NA,0,NA,100,1100,0
7,2,1,23,2,"formal",224,8,0.1,1.1,"square","stranger","f","",NA,0,NA,100,1100,0
7,2,1,23,2,"formal",225,8,0.1,1.1,"circle","self","f","j",0.315669300005538,0,315.669300005538,100,1100,1
7,2,1,23,2,"formal",226,8,0.1,1.1,"square","stranger","f","f",0.847651000018232,1,847.651000018232,100,1100,1
7,2,1,23,2,"formal",227,8,0.1,1.1,"circle","stranger","j","",NA,0,NA,100,1100,0
7,2,1,23,2,"formal",228,8,0.1,1.1,"square","self","j","j",0.356271700002253,1,356.271700002253,100,1100,1
7,2,1,23,2,"formal",229,8,0.1,1.1,"circle","stranger","j","f",0.486255299998447,0,486.255299998447,100,1100,1
7,2,1,23,2,"formal",230,8,0.1,1.1,"square","self","j","j",0.576187900005607,1,576.187900005607,100,1100,1
7,2,1,23,2,"formal",231,8,0.1,1.1,"square","stranger","f","",NA,0,NA,100,1100,0
7,2,1,23,2,"formal",232,8,0.1,1.1,"circle","self","f","j",0.844961499999044,0,844.961499999044,100,1100,1
7,2,1,23,2,"formal",233,8,0.1,1.1,"square","stranger","f","",NA,0,NA,100,1100,0
7,2,1,23,2,"formal",234,8,0.1,1.1,"circle","stranger","j","j",0.798399099992821,1,798.399099992821,100,1100,1
7,2,1,23,2,"formal",235,8,0.1,1.1,"square","self","j","j",0.36762470001122,1,367.62470001122,100,1100,1
7,2,1,23,2,"formal",236,8,0.1,1.1,"circle","self","f","f",0.598874399991473,1,598.874399991473,100,1100,1
7,2,1,23,2,"formal",237,8,0.1,1.1,"square","stranger","f","j",0.927260800002841,0,927.260800002841,100,1100,1
7,2,1,23,2,"formal",238,8,0.1,1.1,"circle","stranger","j","",NA,0,NA,100,1100,0
7,2,1,23,2,"formal",239,8,0.1,1.1,"circle","self","f","f",0.93221800000174,1,932.21800000174,100,1100,1
7,2,1,23,2,"formal",240,8,0.1,1.1,"square","self","j","j",0.903422700008377,1,903.422700008377,100,1100,1
7,2,1,23,2,"formal",241,8,0.1,1.1,"circle","self","f","f",0.807902300002752,1,807.902300002752,100,1100,1
7,2,1,23,2,"formal",242,8,0.1,1.1,"circle","stranger","j","j",1.07176779999281,1,1071.76779999281,100,1100,1
7,2,1,23,2,"formal",243,8,0.1,1.1,"square","self","j","j",0.935634499997832,1,935.634499997832,100,1100,1
7,2,1,23,2,"formal",244,8,0.1,1.1,"square","stranger","f","j",0.967065500008175,0,967.065500008175,100,1100,1
7,2,1,23,2,"formal",245,8,0.1,1.1,"square","self","j","j",0.534299799997825,1,534.299799997825,100,1100,1
7,2,1,23,2,"formal",246,8,0.1,1.1,"circle","self","f","f",0.598328699998092,1,598.328699998092,100,1100,1
7,2,1,23,2,"formal",247,8,0.1,1.1,"square","stranger","f","j",0.67839250000543,0,678.39250000543,100,1100,1
7,2,1,23,2,"formal",248,8,0.1,1.1,"circle","stranger","j","j",0.67927769999369,1,679.27769999369,100,1100,1
7,2,1,23,2,"formal",249,8,0.1,1.1,"circle","self","f","f",0.679632700019283,1,679.632700019283,100,1100,1
7,2,1,23,2,"formal",250,8,0.1,1.1,"circle","stranger","j","",NA,0,NA,100,1100,0
7,2,1,23,2,"formal",251,8,0.1,1.1,"square","self","j","j",0.676713900000323,1,676.713900000323,100,1100,1
7,2,1,23,2,"formal",252,8,0.1,1.1,"square","stranger","f","f",0.943456499982858,1,943.456499982858,100,1100,1
7,2,1,23,2,"formal",253,8,0.1,1.1,"circle","self","f","j",0.925430700008292,0,925.430700008292,100,1100,1
7,2,1,23,2,"formal",254,8,0.1,1.1,"square","stranger","f","j",0.618622600013623,0,618.622600013623,100,1100,1
7,2,1,23,2,"formal",255,8,0.1,1.1,"circle","stranger","j","j",0.742402300005779,1,742.402300005779,100,1100,1
7,2,1,23,2,"formal",256,8,0.1,1.1,"square","self","j","j",0.526779900013935,1,526.779900013935,100,1100,1
7,2,1,23,2,"formal",257,8,0.1,1.1,"circle","stranger","j","",NA,0,NA,100,1100,0
7,2,1,23,2,"formal",258,8,0.1,1.1,"square","stranger","f","",NA,0,NA,100,1100,0
7,2,1,23,2,"formal",259,8,0.1,1.1,"circle","self","f","f",0.801431700005196,1,801.431700005196,100,1100,1
7,2,1,23,2,"formal",260,8,0.1,1.1,"square","self","j","j",0.575397700013127,1,575.397700013127,100,1100,1
7,2,1,23,2,"formal",261,8,0.1,1.1,"square","self","j","",NA,0,NA,100,1100,0
7,2,1,23,2,"formal",262,8,0.1,1.1,"circle","stranger","j","",NA,0,NA,100,1100,0
7,2,1,23,2,"formal",263,8,0.1,1.1,"circle","self","f","",NA,0,NA,100,1100,0
7,2,1,23,2,"formal",264,8,0.1,1.1,"square","stranger","f","f",0.722555599990301,1,722.555599990301,100,1100,1
7,2,1,23,2,"formal",265,8,0.1,1.1,"circle","self","f","f",0.734946099983063,1,734.946099983063,100,1100,1
7,2,1,23,2,"formal",266,8,0.1,1.1,"square","stranger","f","j",1.06196520000231,0,1061.96520000231,100,1100,1
7,2,1,23,2,"formal",267,8,0.1,1.1,"circle","stranger","j","j",1.11735220000264,1,1117.35220000264,100,1100,1
7,2,1,23,2,"formal",268,8,0.1,1.1,"square","self","j","j",0.575530400004936,1,575.530400004936,100,1100,1
7,2,1,23,2,"formal",269,8,0.1,1.1,"square","self","j","j",0.764361700013978,1,764.361700013978,100,1100,1
7,2,1,23,2,"formal",270,8,0.1,1.1,"circle","stranger","j","j",0.470937499980209,1,470.937499980209,100,1100,1
7,2,1,23,2,"formal",271,8,0.1,1.1,"square","stranger","f","f",0.669735500006936,1,669.735500006936,100,1100,1
7,2,1,23,2,"formal",272,8,0.1,1.1,"circle","self","f","",NA,0,NA,100,1100,0
7,2,1,23,2,"formal",273,8,0.1,1.1,"circle","self","f","f",0.709160700003849,1,709.160700003849,100,1100,1
7,2,1,23,2,"formal",274,8,0.1,1.1,"circle","stranger","j","j",1.04779470001813,1,1047.79470001813,100,1100,1
7,2,1,23,2,"formal",275,8,0.1,1.1,"square","self","j","j",0.783034599997336,1,783.034599997336,100,1100,1
7,2,1,23,2,"formal",276,8,0.1,1.1,"square","stranger","f","",NA,0,NA,100,1100,0
7,2,1,23,2,"formal",277,8,0.1,1.1,"square","self","j","j",0.914494500000728,1,914.494500000728,100,1100,1
7,2,1,23,2,"formal",278,8,0.1,1.1,"square","stranger","f","j",0.6389645000163,0,638.9645000163,100,1100,1
7,2,1,23,2,"formal",279,8,0.1,1.1,"circle","stranger","j","j",0.981532600009814,1,981.532600009814,100,1100,1
7,2,1,23,2,"formal",280,8,0.1,1.1,"circle","self","f","j",0.502482600015355,0,502.482600015355,100,1100,1
7,2,1,23,2,"formal",281,8,0.1,1.1,"circle","self","f","f",0.606635299976915,1,606.635299976915,100,1100,1
7,2,1,23,2,"formal",282,8,0.1,1.1,"circle","stranger","j","j",0.694828600011533,1,694.828600011533,100,1100,1
7,2,1,23,2,"formal",283,8,0.1,1.1,"square","stranger","f","f",0.918570400011959,1,918.570400011959,100,1100,1
7,2,1,23,2,"formal",284,8,0.1,1.1,"square","self","j","j",0.767117699986557,1,767.117699986557,100,1100,1
7,2,1,23,2,"formal",285,8,0.1,1.1,"circle","self","f","f",0.694608999998309,1,694.608999998309,100,1100,1
7,2,1,23,2,"formal",286,8,0.1,1.1,"square","self","j","j",0.944668200012529,1,944.668200012529,100,1100,1
7,2,1,23,2,"formal",287,8,0.1,1.1,"square","stranger","f","f",0.759566399996402,1,759.566399996402,100,1100,1
7,2,1,23,2,"formal",288,8,0.1,1.1,"circle","stranger","j","",NA,0,NA,100,1100,0
7,2,1,23,2,"formal",289,8,0.1,1.1,"square","self","j","j",1.03714179998497,1,1037.14179998497,100,1100,1
7,2,1,23,2,"formal",290,8,0.1,1.1,"circle","stranger","j","j",0.814628899999661,1,814.628899999661,100,1100,1
7,2,1,23,2,"formal",291,8,0.1,1.1,"circle","self","f","f",0.943224299990106,1,943.224299990106,100,1100,1
7,2,1,23,2,"formal",292,8,0.1,1.1,"square","stranger","f","",NA,0,NA,100,1100,0
7,2,1,23,2,"formal",293,8,0.1,1.1,"circle","self","f","f",0.70010970000294,1,700.10970000294,100,1100,1
7,2,1,23,2,"formal",294,8,0.1,1.1,"square","stranger","f","f",0.7676885999972,1,767.6885999972,100,1100,1
7,2,1,23,2,"formal",295,8,0.1,1.1,"circle","stranger","j","j",0.527322200010531,1,527.322200010531,100,1100,1
7,2,1,23,2,"formal",296,8,0.1,1.1,"square","self","j","j",0.526181900000665,1,526.181900000665,100,1100,1
7,2,1,23,2,"formal",297,8,0.1,1.1,"circle","stranger","j","j",0.902390299976105,1,902.390299976105,100,1100,1
7,2,1,23,2,"formal",298,8,0.1,1.1,"square","stranger","f","f",0.702469100011513,1,702.469100011513,100,1100,1
7,2,1,23,2,"formal",299,8,0.1,1.1,"circle","self","f","f",0.479399000003468,1,479.399000003468,100,1100,1
7,2,1,23,2,"formal",300,8,0.1,1.1,"square","self","j","j",0.551359100005357,1,551.359100005357,100,1100,1
7,2,1,23,2,"formal",301,8,0.1,1.1,"circle","self","f","j",1.02227079999284,0,1022.27079999284,100,1100,1
7,2,1,23,2,"formal",302,8,0.1,1.1,"square","self","j","j",0.519713899993803,1,519.713899993803,100,1100,1
7,2,1,23,2,"formal",303,8,0.1,1.1,"square","stranger","f","j",0.559159600001294,0,559.159600001294,100,1100,1
7,2,1,23,2,"formal",304,8,0.1,1.1,"circle","stranger","j","j",0.622565700003179,1,622.565700003179,100,1100,1
7,2,1,23,2,"formal",305,8,0.1,1.1,"circle","stranger","j","j",0.606932199996663,1,606.932199996663,100,1100,1
7,2,1,23,2,"formal",306,8,0.1,1.1,"circle","self","f","f",0.551356699987082,1,551.356699987082,100,1100,1
7,2,1,23,2,"formal",307,8,0.1,1.1,"square","stranger","f","f",0.77483690000372,1,774.83690000372,100,1100,1
7,2,1,23,2,"formal",308,8,0.1,1.1,"square","self","j","j",0.638258799997857,1,638.258799997857,100,1100,1
7,2,1,23,2,"formal",309,8,0.1,1.1,"circle","stranger","j","f",0.982923299976392,0,982.923299976392,100,1100,1
7,2,1,23,2,"formal",310,8,0.1,1.1,"circle","self","f","f",1.13469350000378,1,1134.69350000378,100,1100,1
7,2,1,23,2,"formal",311,8,0.1,1.1,"square","stranger","f","f",0.733571899996605,1,733.571899996605,100,1100,1
7,2,1,23,2,"formal",312,8,0.1,1.1,"square","self","j","j",0.574882599990815,1,574.882599990815,100,1100,1
7,2,1,23,2,"formal",313,8,0.1,1.1,"square","self","j","j",0.423922099987976,1,423.922099987976,100,1100,1
7,2,1,23,2,"formal",314,8,0.1,1.1,"square","stranger","f","f",0.679130500007886,1,679.130500007886,100,1100,1
7,2,1,23,2,"formal",315,8,0.1,1.1,"circle","self","f","f",0.775642099994002,1,775.642099994002,100,1100,1
7,2,1,23,2,"formal",316,8,0.1,1.1,"circle","stranger","j","j",0.445624800020596,1,445.624800020596,100,1100,1
7,2,1,23,2,"formal",317,8,0.1,1.1,"circle","stranger","j","",NA,0,NA,100,1100,0
7,2,1,23,2,"formal",318,8,0.1,1.1,"square","stranger","f","f",0.725092999986373,1,725.092999986373,100,1100,1
7,2,1,23,2,"formal",319,8,0.1,1.1,"circle","self","f","f",0.623053199989954,1,623.053199989954,100,1100,1
7,2,1,23,2,"formal",320,8,0.1,1.1,"square","self","j","j",0.678800599998794,1,678.800599998794,100,1100,1
7,2,1,23,2,"formal",321,8,0.1,1.1,"square","stranger","f","j",0.988519700011238,0,988.519700011238,100,1100,1
7,2,1,23,2,"formal",322,8,0.1,1.1,"square","self","j","j",0.702679700014414,1,702.679700014414,100,1100,1
7,2,1,23,2,"formal",323,8,0.1,1.1,"circle","stranger","j","j",0.654394500015769,1,654.394500015769,100,1100,1
7,2,1,23,2,"formal",324,8,0.1,1.1,"circle","self","f","f",0.68757059998461,1,687.57059998461,100,1100,1
7,2,1,23,2,"formal",325,8,0.1,1.1,"square","self","j","j",0.694700599997304,1,694.700599997304,100,1100,1
7,2,1,23,2,"formal",326,8,0.1,1.1,"circle","stranger","j","j",0.559110899979714,1,559.110899979714,100,1100,1
7,2,1,23,2,"formal",327,8,0.1,1.1,"circle","self","f","",NA,0,NA,100,1100,0
7,2,1,23,2,"formal",328,8,0.1,1.1,"square","stranger","f","f",0.892668599990429,1,892.668599990429,100,1100,1
7,2,1,23,2,"formal",329,8,0.1,1.1,"circle","self","f","f",0.743218499992508,1,743.218499992508,100,1100,1
7,2,1,23,2,"formal",330,8,0.1,1.1,"square","stranger","f","f",0.727861599996686,1,727.861599996686,100,1100,1
7,2,1,23,2,"formal",331,8,0.1,1.1,"circle","stranger","j","j",0.806485100009013,1,806.485100009013,100,1100,1
7,2,1,23,2,"formal",332,8,0.1,1.1,"square","self","j","j",0.399823899992043,1,399.823899992043,100,1100,1
7,2,1,23,2,"formal",333,8,0.1,1.1,"circle","stranger","j","f",0.70232500002021,0,702.32500002021,100,1100,1
7,2,1,23,2,"formal",334,8,0.1,1.1,"square","stranger","f","f",0.775238500005798,1,775.238500005798,100,1100,1
7,2,1,23,2,"formal",335,8,0.1,1.1,"circle","self","f","f",0.774617899995064,1,774.617899995064,100,1100,1
7,2,1,23,2,"formal",336,8,0.1,1.1,"square","self","j","j",0.487075100012589,1,487.075100012589,100,1100,1
7,2,1,23,2,"formal",337,8,0.1,1.1,"square","self","j","f",0.607562499993946,0,607.562499993946,100,1100,1
7,2,1,23,2,"formal",338,8,0.1,1.1,"circle","stranger","j","j",0.885946599999443,1,885.946599999443,100,1100,1
7,2,1,23,2,"formal",339,8,0.1,1.1,"circle","self","f","j",0.461687300004996,0,461.687300004996,100,1100,1
7,2,1,23,2,"formal",340,8,0.1,1.1,"square","stranger","f","j",0.574863399990136,0,574.863399990136,100,1100,1
7,2,1,23,2,"formal",341,8,0.1,1.1,"circle","self","f","f",0.671280099981232,1,671.280099981232,100,1100,1
7,2,1,23,2,"formal",342,8,0.1,1.1,"square","stranger","f","j",0.608120200020494,0,608.120200020494,100,1100,1
7,2,1,23,2,"formal",343,8,0.1,1.1,"square","self","j","j",0.62279180000769,1,622.79180000769,100,1100,1
7,2,1,23,2,"formal",344,8,0.1,1.1,"circle","stranger","j","j",0.639019700000063,1,639.019700000063,100,1100,1
7,2,1,23,2,"formal",345,8,0.1,1.1,"square","self","j","j",0.7598373000219,1,759.8373000219,100,1100,1
7,2,1,23,2,"formal",346,8,0.1,1.1,"circle","self","f","f",0.695099699980346,1,695.099699980346,100,1100,1
7,2,1,23,2,"formal",347,8,0.1,1.1,"circle","stranger","j","f",0.694724400003906,0,694.724400003906,100,1100,1
7,2,1,23,2,"formal",348,8,0.1,1.1,"square","stranger","f","f",0.824108200002229,1,824.108200002229,100,1100,1
7,2,1,23,2,"formal",349,8,0.1,1.1,"square","self","j","",NA,0,NA,100,1100,0
7,2,1,23,2,"formal",350,8,0.1,1.1,"square","stranger","f","f",0.861663200019393,1,861.663200019393,100,1100,1
7,2,1,23,2,"formal",351,8,0.1,1.1,"circle","self","f","j",0.854472000006353,0,854.472000006353,100,1100,1
7,2,1,23,2,"formal",352,8,0.1,1.1,"circle","stranger","j","j",0.622309200000018,1,622.309200000018,100,1100,1
7,2,1,23,2,"formal",353,8,0.1,1.1,"square","self","j","j",0.725338899996132,1,725.338899996132,100,1100,1
7,2,1,23,2,"formal",354,8,0.1,1.1,"circle","stranger","j","j",0.638462399976561,1,638.462399976561,100,1100,1
7,2,1,23,2,"formal",355,8,0.1,1.1,"square","stranger","f","f",0.837558700004593,1,837.558700004593,100,1100,1
7,2,1,23,2,"formal",356,8,0.1,1.1,"circle","self","f","j",1.03873430000385,0,1038.73430000385,100,1100,1
7,2,1,23,2,"formal",357,8,0.1,1.1,"square","stranger","f","",NA,0,NA,100,1100,0
7,2,1,23,2,"formal",358,8,0.1,1.1,"circle","self","f","",NA,0,NA,100,1100,0
7,2,1,23,2,"formal",359,8,0.1,1.1,"circle","stranger","j","f",1.18299889998161,0,1182.99889998161,100,1100,1
7,2,1,23,2,"formal",360,8,0.1,1.1,"square","self","j","j",0.598863100021845,1,598.863100021845,100,1100,1
7,2,1,23,2,"formal",361,8,0.1,1.1,"circle","self","f","j",0.534877700003562,0,534.877700003562,100,1100,1
7,2,1,23,2,"formal",362,8,0.1,1.1,"square","stranger","f","f",0.696182700019563,1,696.182700019563,100,1100,1
7,2,1,23,2,"formal",363,8,0.1,1.1,"circle","stranger","j","",NA,0,NA,100,1100,0
7,2,1,23,2,"formal",364,8,0.1,1.1,"square","self","j","j",0.74244789997465,1,742.44789997465,100,1100,1
7,2,1,23,2,"formal",365,8,0.1,1.1,"circle","stranger","j","j",0.774382400006289,1,774.382400006289,100,1100,1
7,2,1,23,2,"formal",366,8,0.1,1.1,"square","self","j","j",0.543554999982007,1,543.554999982007,100,1100,1
7,2,1,23,2,"formal",367,8,0.1,1.1,"circle","self","f","f",0.822879300016211,1,822.879300016211,100,1100,1
7,2,1,23,2,"formal",368,8,0.1,1.1,"square","stranger","f","j",0.687200100015616,0,687.200100015616,100,1100,1
7,2,1,23,2,"formal",369,8,0.1,1.1,"square","stranger","f","f",0.943980199983343,1,943.980199983343,100,1100,1
7,2,1,23,2,"formal",370,8,0.1,1.1,"circle","stranger","j","",NA,0,NA,100,1100,0
7,2,1,23,2,"formal",371,8,0.1,1.1,"square","self","j","j",0.713733200012939,1,713.733200012939,100,1100,1
7,2,1,23,2,"formal",372,8,0.1,1.1,"circle","self","f","",NA,0,NA,100,1100,0
7,2,1,23,2,"formal",373,8,0.1,1.1,"circle","stranger","j","j",0.688934899982996,1,688.934899982996,100,1100,1
7,2,1,23,2,"formal",374,8,0.1,1.1,"square","stranger","f","j",0.58294720001868,0,582.94720001868,100,1100,1
7,2,1,23,2,"formal",375,8,0.1,1.1,"circle","self","f","f",0.79843660001643,1,798.43660001643,100,1100,1
7,2,1,23,2,"formal",376,8,0.1,1.1,"square","self","j","f",1.07089500001166,0,1070.89500001166,100,1100,1
7,2,1,23,2,"formal",377,8,0.1,1.1,"square","self","j","j",0.687708899989957,1,687.708899989957,100,1100,1
7,2,1,23,2,"formal",378,8,0.1,1.1,"square","stranger","f","f",0.959759300021688,1,959.759300021688,100,1100,1
7,2,1,23,2,"formal",379,8,0.1,1.1,"circle","stranger","j","j",0.885594399995171,1,885.594399995171,100,1100,1
7,2,1,23,2,"formal",380,8,0.1,1.1,"circle","self","f","f",0.733929999987595,1,733.929999987595,100,1100,1
7,2,1,23,2,"formal",381,8,0.1,1.1,"square","stranger","f","j",0.597717299999204,0,597.717299999204,100,1100,1
7,2,1,23,2,"formal",382,8,0.1,1.1,"circle","self","f","f",0.582421600003727,1,582.421600003727,100,1100,1
7,2,1,23,2,"formal",383,8,0.1,1.1,"square","self","j","j",0.566845499997726,1,566.845499997726,100,1100,1
7,2,1,23,2,"formal",384,8,0.1,1.1,"circle","stranger","j","j",0.805598599981749,1,805.598599981749,100,1100,1
7,2,1,23,2,"formal",385,8,0.1,1.1,"square","self","j","",NA,0,NA,100,1100,0
7,2,1,23,2,"formal",386,8,0.1,1.1,"circle","self","f","f",0.771309300005669,1,771.309300005669,100,1100,1
7,2,1,23,2,"formal",387,8,0.1,1.1,"circle","stranger","j","f",0.854371499997796,0,854.371499997796,100,1100,1
7,2,1,23,2,"formal",388,8,0.1,1.1,"square","stranger","f","j",0.552881100011291,0,552.881100011291,100,1100,1
7,2,1,23,2,"formal",389,8,0.1,1.1,"circle","stranger","j","j",0.749761599989142,1,749.761599989142,100,1100,1
7,2,1,23,2,"formal",390,8,0.1,1.1,"square","stranger","f","f",0.766556299990043,1,766.556299990043,100,1100,1
7,2,1,23,2,"formal",391,8,0.1,1.1,"square","self","j","j",0.471473300014623,1,471.473300014623,100,1100,1
7,2,1,23,2,"formal",392,8,0.1,1.1,"circle","self","f","f",0.71934969999711,1,719.34969999711,100,1100,1
7,2,1,23,2,"formal",393,8,0.1,1.1,"square","stranger","f","j",1.0308248999936,0,1030.8248999936,100,1100,1
7,2,1,23,2,"formal",394,8,0.1,1.1,"circle","stranger","j","",NA,0,NA,100,1100,0
7,2,1,23,2,"formal",395,8,0.1,1.1,"circle","self","f","j",0.787292299995897,0,787.292299995897,100,1100,1
7,2,1,23,2,"formal",396,8,0.1,1.1,"square","self","j","j",0.863172800018219,1,863.172800018219,100,1100,1
7,2,1,23,2,"formal",397,8,0.1,1.1,"circle","stranger","j","j",1.03020619999734,1,1030.20619999734,100,1100,1
7,2,1,23,2,"formal",398,8,0.1,1.1,"square","self","j","j",0.732850599975791,1,732.850599975791,100,1100,1
7,2,1,23,2,"formal",399,8,0.1,1.1,"square","stranger","f","f",0.941918900003657,1,941.918900003657,100,1100,1
7,2,1,23,2,"formal",400,8,0.1,1.1,"circle","self","f","f",1.16738270001952,1,1167.38270001952,100,1100,1
7,2,1,23,2,"formal",401,8,0.1,1.1,"circle","self","f","f",0.694318099995144,1,694.318099995144,100,1100,1
7,2,1,23,2,"formal",402,8,0.1,1.1,"square","stranger","f","j",0.662156200007303,0,662.156200007303,100,1100,1
7,2,1,23,2,"formal",403,8,0.1,1.1,"square","self","j","j",0.751008299994282,1,751.008299994282,100,1100,1
7,2,1,23,2,"formal",404,8,0.1,1.1,"circle","stranger","j","j",1.08773749999818,1,1087.73749999818,100,1100,1
7,2,1,23,2,"formal",405,8,0.1,1.1,"square","self","j","j",0.606947099993704,1,606.947099993704,100,1100,1
7,2,1,23,2,"formal",406,8,0.1,1.1,"circle","stranger","j","j",0.629876500024693,1,629.876500024693,100,1100,1
7,2,1,23,2,"formal",407,8,0.1,1.1,"square","stranger","f","f",0.663127699983306,1,663.127699983306,100,1100,1
7,2,1,23,2,"formal",408,8,0.1,1.1,"circle","self","f","f",0.861431800003629,1,861.431800003629,100,1100,1
7,2,1,23,2,"formal",409,8,0.1,1.1,"square","stranger","f","j",0.623748100013472,0,623.748100013472,100,1100,1
7,2,1,23,2,"formal",410,8,0.1,1.1,"circle","stranger","j","j",0.718428499996662,1,718.428499996662,100,1100,1
7,2,1,23,2,"formal",411,8,0.1,1.1,"circle","self","f","j",1.0376663999923,0,1037.6663999923,100,1100,1
7,2,1,23,2,"formal",412,8,0.1,1.1,"square","self","j","j",0.751547499996377,1,751.547499996377,100,1100,1
7,2,1,23,2,"formal",413,8,0.1,1.1,"circle","self","f","f",0.662830900022527,1,662.830900022527,100,1100,1
7,2,1,23,2,"formal",414,8,0.1,1.1,"circle","stranger","j","j",0.862546299991664,1,862.546299991664,100,1100,1
7,2,1,23,2,"formal",415,8,0.1,1.1,"square","stranger","f","f",0.919210399995791,1,919.210399995791,100,1100,1
7,2,1,23,2,"formal",416,8,0.1,1.1,"square","self","j","j",1.14252630001283,1,1142.52630001283,100,1100,1
7,2,1,23,2,"formal",417,8,0.1,1.1,"circle","self","f","",NA,0,NA,100,1100,0
7,2,1,23,2,"formal",418,8,0.1,1.1,"square","stranger","f","f",0.102123799995752,1,102.123799995752,100,1100,1
7,2,1,23,2,"formal",419,8,0.1,1.1,"circle","stranger","j","f",0.301565200003097,0,301.565200003097,100,1100,1
7,2,1,23,2,"formal",420,8,0.1,1.1,"square","self","j","j",0.575295299990103,1,575.295299990103,100,1100,1
7,2,1,23,2,"formal",421,8,0.1,1.1,"square","stranger","f","f",0.662768399983179,1,662.768399983179,100,1100,1
7,2,1,23,2,"formal",422,8,0.1,1.1,"circle","stranger","j","j",0.735869500000263,1,735.869500000263,100,1100,1
7,2,1,23,2,"formal",423,8,0.1,1.1,"circle","self","f","f",0.638097599992761,1,638.097599992761,100,1100,1
7,2,1,23,2,"formal",424,8,0.1,1.1,"square","self","j","j",0.750714199995855,1,750.714199995855,100,1100,1
7,2,1,23,2,"formal",425,8,0.1,1.1,"circle","self","f","",NA,0,NA,100,1100,0
7,2,1,23,2,"formal",426,8,0.1,1.1,"circle","stranger","j","f",0.682154599984642,0,682.154599984642,100,1100,1
7,2,1,23,2,"formal",427,8,0.1,1.1,"square","stranger","f","f",0.600133900006767,1,600.133900006767,100,1100,1
7,2,1,23,2,"formal",428,8,0.1,1.1,"square","self","j","j",0.518222200014861,1,518.222200014861,100,1100,1
7,2,1,23,2,"formal",429,8,0.1,1.1,"circle","self","f","f",0.566799799998989,1,566.799799998989,100,1100,1
7,2,1,23,2,"formal",430,8,0.1,1.1,"circle","stranger","j","f",0.741405000007944,0,741.405000007944,100,1100,1
7,2,1,23,2,"formal",431,8,0.1,1.1,"square","stranger","f","f",0.622129499999573,1,622.129499999573,100,1100,1
7,2,1,23,2,"formal",432,8,0.1,1.1,"square","self","j","j",0.65470529999584,1,654.70529999584,100,1100,1
7,2,1,23,2,"formal",433,8,0.1,1.1,"square","stranger","f","f",0.710943200014299,1,710.943200014299,100,1100,1
7,2,1,23,2,"formal",434,8,0.1,1.1,"circle","self","f","f",0.550649199984036,1,550.649199984036,100,1100,1
7,2,1,23,2,"formal",435,8,0.1,1.1,"circle","stranger","j","j",0.5187292000046,1,518.7292000046,100,1100,1
7,2,1,23,2,"formal",436,8,0.1,1.1,"square","self","j","j",0.471695600019302,1,471.695600019302,100,1100,1
7,2,1,23,2,"formal",437,8,0.1,1.1,"square","self","j","j",0.815420799975982,1,815.420799975982,100,1100,1
7,2,1,23,2,"formal",438,8,0.1,1.1,"square","stranger","f","f",0.559468599996762,1,559.468599996762,100,1100,1
7,2,1,23,2,"formal",439,8,0.1,1.1,"circle","self","f","j",0.588505499996245,0,588.505499996245,100,1100,1
7,2,1,23,2,"formal",440,8,0.1,1.1,"circle","stranger","j","j",0.742868300003465,1,742.868300003465,100,1100,1
7,2,1,23,2,"formal",441,8,0.1,1.1,"square","stranger","f","f",0.998268099996494,1,998.268099996494,100,1100,1
7,2,1,23,2,"formal",442,8,0.1,1.1,"square","self","j","j",0.750541499990504,1,750.541499990504,100,1100,1
7,2,1,23,2,"formal",443,8,0.1,1.1,"circle","stranger","j","j",1.13394139998127,1,1133.94139998127,100,1100,1
7,2,1,23,2,"formal",444,8,0.1,1.1,"circle","self","f","f",0.58246499998495,1,582.46499998495,100,1100,1
7,2,1,23,2,"formal",445,8,0.1,1.1,"square","stranger","f","j",1.10243930001161,0,1102.43930001161,100,1100,1
7,2,1,23,2,"formal",446,8,0.1,1.1,"square","self","j","j",0.98398879999877,1,983.98879999877,100,1100,1
7,2,1,23,2,"formal",447,8,0.1,1.1,"circle","self","f","f",0.918029399996158,1,918.029399996158,100,1100,1
7,2,1,23,2,"formal",448,8,0.1,1.1,"circle","stranger","j","",NA,0,NA,100,1100,0
7,2,1,23,2,"formal",449,8,0.1,1.1,"circle","self","f","f",0.124425199988764,1,124.425199988764,100,1100,1
7,2,1,23,2,"formal",450,8,0.1,1.1,"square","stranger","f","j",0.519837300002109,0,519.837300002109,100,1100,1
7,2,1,23,2,"formal",451,8,0.1,1.1,"circle","stranger","j","j",0.758680800005095,1,758.680800005095,100,1100,1
7,2,1,23,2,"formal",452,8,0.1,1.1,"square","self","j","j",0.599324599985266,1,599.324599985266,100,1100,1
7,2,1,23,2,"formal",453,8,0.1,1.1,"square","stranger","f","f",0.990479500003858,1,990.479500003858,100,1100,1
7,2,1,23,2,"formal",454,8,0.1,1.1,"circle","stranger","j","f",0.806159600004321,0,806.159600004321,100,1100,1
7,2,1,23,2,"formal",455,8,0.1,1.1,"square","self","j","j",0.614732899994124,1,614.732899994124,100,1100,1
7,2,1,23,2,"formal",456,8,0.1,1.1,"circle","self","f","f",0.685610300017288,1,685.610300017288,100,1100,1
7,2,1,23,2,"formal",457,8,0.1,1.1,"circle","self","f","f",0.717466700007208,1,717.466700007208,100,1100,1
7,2,1,23,2,"formal",458,8,0.1,1.1,"square","stranger","f","j",0.463374199985992,0,463.374199985992,100,1100,1
7,2,1,23,2,"formal",459,8,0.1,1.1,"square","self","j","j",0.999476600001799,1,999.476600001799,100,1100,1
7,2,1,23,2,"formal",460,8,0.1,1.1,"circle","stranger","j","",NA,0,NA,100,1100,0
7,2,1,23,2,"formal",461,8,0.1,1.1,"square","stranger","f","j",0.100998900015838,0,100.998900015838,100,1100,1
7,2,1,23,2,"formal",462,8,0.1,1.1,"square","self","j","j",0.101666100003058,1,101.666100003058,100,1100,1
7,2,1,23,2,"formal",463,8,0.1,1.1,"circle","self","f","j",0.101886300020851,0,101.886300020851,100,1100,1
7,2,1,23,2,"formal",464,8,0.1,1.1,"circle","stranger","j","j",0.102099099982297,1,102.099099982297,100,1100,1
7,2,1,23,2,"formal",465,8,0.1,1.1,"square","stranger","f","j",0.102061699988553,0,102.061699988553,100,1100,1
7,2,1,23,2,"formal",466,8,0.1,1.1,"circle","self","f","",NA,0,NA,100,1100,0
7,2,1,23,2,"formal",467,8,0.1,1.1,"square","self","j","f",0.397425999981351,0,397.425999981351,100,1100,1
7,2,1,23,2,"formal",468,8,0.1,1.1,"circle","stranger","j","f",0.767018799990183,0,767.018799990183,100,1100,1
7,2,1,23,2,"formal",469,8,0.1,1.1,"square","stranger","f","j",1.11918159999186,0,1119.18159999186,100,1100,1
7,2,1,23,2,"formal",470,8,0.1,1.1,"circle","stranger","j","",NA,0,NA,100,1100,0
7,2,1,23,2,"formal",471,8,0.1,1.1,"circle","self","f","j",0.443097200011835,0,443.097200011835,100,1100,1
7,2,1,23,2,"formal",472,8,0.1,1.1,"square","self","j","j",0.583487299998524,1,583.487299998524,100,1100,1
7,2,1,23,2,"formal",473,8,0.1,1.1,"circle","self","f","f",1.1163763999939,1,1116.3763999939,100,1100,1
7,2,1,23,2,"formal",474,8,0.1,1.1,"circle","stranger","j","j",0.917802999989362,1,917.802999989362,100,1100,1
7,2,1,23,2,"formal",475,8,0.1,1.1,"square","self","j","j",0.509642899996834,1,509.642899996834,100,1100,1
7,2,1,23,2,"formal",476,8,0.1,1.1,"square","stranger","f","f",0.598025400016923,1,598.025400016923,100,1100,1
7,2,1,23,2,"formal",477,8,0.1,1.1,"circle","self","f","f",0.612825699994573,1,612.825699994573,100,1100,1
7,2,1,23,2,"formal",478,8,0.1,1.1,"square","stranger","f","j",1.10920460001216,0,1109.20460001216,100,1100,1
7,2,1,23,2,"formal",479,8,0.1,1.1,"circle","stranger","j","j",0.838784399995347,1,838.784399995347,100,1100,1
7,2,1,23,2,"formal",480,8,0.1,1.1,"square","self","j","j",0.34368109999923,1,343.68109999923,100,1100,1
7,2,1,23,2,"formal",481,8,0.1,1.1,"square","self","j","f",0.525374500022735,0,525.374500022735,100,1100,1
7,2,1,23,2,"formal",482,8,0.1,1.1,"square","stranger","f","j",0.647060799994506,0,647.060799994506,100,1100,1
7,2,1,23,2,"formal",483,8,0.1,1.1,"circle","stranger","j","j",0.630545799998799,1,630.545799998799,100,1100,1
7,2,1,23,2,"formal",484,8,0.1,1.1,"circle","self","f","f",0.758486500009894,1,758.486500009894,100,1100,1
7,2,1,23,2,"formal",485,8,0.1,1.1,"square","self","j","j",0.59902759999386,1,599.02759999386,100,1100,1
7,2,1,23,2,"formal",486,8,0.1,1.1,"circle","self","f","f",0.823135699989507,1,823.135699989507,100,1100,1
7,2,1,23,2,"formal",487,8,0.1,1.1,"square","stranger","f","j",1.01505560000078,0,1015.05560000078,100,1100,1
7,2,1,23,2,"formal",488,8,0.1,1.1,"circle","stranger","j","j",0.551133899978595,1,551.133899978595,100,1100,1
7,2,1,23,2,"formal",489,8,0.1,1.1,"square","self","j","j",0.390982299984898,1,390.982299984898,100,1100,1
7,2,1,23,2,"formal",490,8,0.1,1.1,"square","stranger","f","f",0.590675400017062,1,590.675400017062,100,1100,1
7,2,1,23,2,"formal",491,8,0.1,1.1,"circle","self","f","f",0.782405400008429,1,782.405400008429,100,1100,1
7,2,1,23,2,"formal",492,8,0.1,1.1,"circle","stranger","j","f",0.679270199994789,0,679.270199994789,100,1100,1
7,2,1,23,2,"formal",493,8,0.1,1.1,"square","stranger","f","f",0.74986050001462,1,749.86050001462,100,1100,1
7,2,1,23,2,"formal",494,8,0.1,1.1,"square","self","j","j",0.66335469999467,1,663.35469999467,100,1100,1
7,2,1,23,2,"formal",495,8,0.1,1.1,"circle","stranger","j","j",0.590791299997363,1,590.791299997363,100,1100,1
7,2,1,23,2,"formal",496,8,0.1,1.1,"circle","self","f","j",1.01503190002404,0,1015.03190002404,100,1100,1
7,2,1,23,2,"formal",497,8,0.1,1.1,"circle","stranger","j","",NA,0,NA,100,1100,0
7,2,1,23,2,"formal",498,8,0.1,1.1,"square","self","j","j",0.661577400023816,1,661.577400023816,100,1100,1
7,2,1,23,2,"formal",499,8,0.1,1.1,"circle","self","f","f",0.670481299981475,1,670.481299981475,100,1100,1
7,2,1,23,2,"formal",500,8,0.1,1.1,"square","stranger","f","j",0.743866500008153,0,743.866500008153,100,1100,1
7,2,1,23,2,"formal",501,8,0.1,1.1,"circle","self","f","j",0.998472000006586,0,998.472000006586,100,1100,1
7,2,1,23,2,"formal",502,8,0.1,1.1,"circle","stranger","j","f",1.11786500000744,0,1117.86500000744,100,1100,1
7,2,1,23,2,"formal",503,8,0.1,1.1,"square","stranger","f","f",0.815371800010325,1,815.371800010325,100,1100,1
7,2,1,23,2,"formal",504,8,0.1,1.1,"square","self","j","j",0.679009500017855,1,679.009500017855,100,1100,1
7,2,1,23,2,"formal",505,8,0.1,1.1,"square","stranger","f","f",0.559408900007838,1,559.408900007838,100,1100,1
7,2,1,23,2,"formal",506,8,0.1,1.1,"circle","stranger","j","f",0.46244969998952,0,462.44969998952,100,1100,1
7,2,1,23,2,"formal",507,8,0.1,1.1,"circle","self","f","f",0.87135970001691,1,871.35970001691,100,1100,1
7,2,1,23,2,"formal",508,8,0.1,1.1,"square","self","j","j",0.566909399989527,1,566.909399989527,100,1100,1
7,2,1,23,2,"formal",509,8,0.1,1.1,"square","self","j","j",0.623535899998387,1,623.535899998387,100,1100,1
7,2,1,23,2,"formal",510,8,0.1,1.1,"circle","self","f","f",0.645258799981093,1,645.258799981093,100,1100,1
7,2,1,23,2,"formal",511,8,0.1,1.1,"square","stranger","f","",NA,0,NA,100,1100,0
7,2,1,23,2,"formal",512,8,0.1,1.1,"circle","stranger","j","",NA,0,NA,100,1100,0
7,2,1,23,2,"formal",513,8,0.1,1.1,"circle","self","f","j",0.101074200007133,0,101.074200007133,100,1100,1
7,2,1,23,2,"formal",514,8,0.1,1.1,"circle","stranger","j","",NA,0,NA,100,1100,0
7,2,1,23,2,"formal",515,8,0.1,1.1,"square","self","j","j",0.620788200001698,1,620.788200001698,100,1100,1
7,2,1,23,2,"formal",516,8,0.1,1.1,"square","stranger","f","",NA,0,NA,100,1100,0
7,2,1,23,2,"formal",517,8,0.1,1.1,"square","stranger","f","f",0.101207100000465,1,101.207100000465,100,1100,1
7,2,1,23,2,"formal",518,8,0.1,1.1,"circle","self","f","j",0.608988499996485,0,608.988499996485,100,1100,1
7,2,1,23,2,"formal",519,8,0.1,1.1,"square","self","j","j",0.983305700006895,1,983.305700006895,100,1100,1
7,2,1,23,2,"formal",520,8,0.1,1.1,"circle","stranger","j","f",0.838746099994751,0,838.746099994751,100,1100,1
7,2,1,23,2,"formal",521,8,0.1,1.1,"circle","self","f","j",0.887373000005027,0,887.373000005027,100,1100,1
7,2,1,23,2,"formal",522,8,0.1,1.1,"square","self","j","j",0.614769300009357,1,614.769300009357,100,1100,1
7,2,1,23,2,"formal",523,8,0.1,1.1,"circle","stranger","j","j",0.88617779998458,1,886.17779998458,100,1100,1
7,2,1,23,2,"formal",524,8,0.1,1.1,"square","stranger","f","f",0.66330939999898,1,663.30939999898,100,1100,1
7,2,1,23,2,"formal",525,8,0.1,1.1,"circle","stranger","j","f",0.966850900003919,0,966.850900003919,100,1100,1
7,2,1,23,2,"formal",526,8,0.1,1.1,"square","stranger","f","f",0.855902200011769,1,855.902200011769,100,1100,1
7,2,1,23,2,"formal",527,8,0.1,1.1,"circle","self","f","f",0.8315539000032,1,831.5539000032,100,1100,1
7,2,1,23,2,"formal",528,8,0.1,1.1,"square","self","j","",NA,0,NA,100,1100,0
7,3,1,23,2,"formal",9,8,0.1,1.1,"square","stranger","j","",NA,0,NA,100,1100,0
7,3,1,23,2,"formal",10,8,0.1,1.1,"circle","stranger","f","",NA,0,NA,100,1100,0
7,3,1,23,2,"formal",11,8,0.1,1.1,"circle","self","j","",NA,0,NA,100,1100,0
7,3,1,23,2,"formal",12,8,0.1,1.1,"square","self","f","",NA,0,NA,100,1100,0
7,3,1,23,2,"formal",13,8,0.1,1.1,"square","stranger","j","",NA,0,NA,100,1100,0
7,3,1,23,2,"formal",14,8,0.1,1.1,"circle","stranger","f","",NA,0,NA,100,1100,0
7,3,1,23,2,"formal",15,8,0.1,1.1,"square","self","f","",NA,0,NA,100,1100,0
7,3,1,23,2,"formal",16,8,0.1,1.1,"circle","self","j","",NA,0,NA,100,1100,0
7,3,1,23,2,"formal",17,8,0.1,1.1,"square","self","f","",NA,0,NA,100,1100,0
7,3,1,23,2,"formal",18,8,0.1,1.1,"circle","stranger","f","",NA,0,NA,100,1100,0
7,3,1,23,2,"formal",19,8,0.1,1.1,"circle","self","j","j",0.599550500017358,1,599.550500017358,100,1100,1
7,3,1,23,2,"formal",20,8,0.1,1.1,"square","stranger","j","f",0.671446499996819,0,671.446499996819,100,1100,1
7,3,1,23,2,"formal",21,8,0.1,1.1,"square","stranger","j","j",1.12712839999585,1,1127.12839999585,100,1100,1
7,3,1,23,2,"formal",22,8,0.1,1.1,"circle","self","j","j",1.00646710000001,1,1006.46710000001,100,1100,1
7,3,1,23,2,"formal",23,8,0.1,1.1,"circle","stranger","f","f",0.903120999981184,1,903.120999981184,100,1100,1
7,3,1,23,2,"formal",24,8,0.1,1.1,"square","self","f","",NA,0,NA,100,1100,0
7,3,1,23,2,"formal",25,8,0.1,1.1,"square","stranger","j","",NA,0,NA,100,1100,0
7,3,1,23,2,"formal",26,8,0.1,1.1,"circle","stranger","f","",NA,0,NA,100,1100,0
7,3,1,23,2,"formal",27,8,0.1,1.1,"circle","self","j","j",0.962774099985836,1,962.774099985836,100,1100,1
7,3,1,23,2,"formal",28,8,0.1,1.1,"square","self","f","",NA,0,NA,100,1100,0
7,3,1,23,2,"formal",29,8,0.1,1.1,"circle","stranger","f","",NA,0,NA,100,1100,0
7,3,1,23,2,"formal",30,8,0.1,1.1,"square","self","f","",NA,0,NA,100,1100,0
7,3,1,23,2,"formal",31,8,0.1,1.1,"square","stranger","j","",NA,0,NA,100,1100,0
7,3,1,23,2,"formal",32,8,0.1,1.1,"circle","self","j","",NA,0,NA,100,1100,0
7,3,1,23,2,"formal",33,8,0.1,1.1,"square","self","f","",NA,0,NA,100,1100,0
7,3,1,23,2,"formal",34,8,0.1,1.1,"square","stranger","j","j",0.886656099988613,1,886.656099988613,100,1100,1
7,3,1,23,2,"formal",35,8,0.1,1.1,"circle","stranger","f","",NA,0,NA,100,1100,0
7,3,1,23,2,"formal",36,8,0.1,1.1,"circle","self","j","j",0.477629500004696,1,477.629500004696,100,1100,1
7,3,1,23,2,"formal",37,8,0.1,1.1,"square","stranger","j","j",1.09621989997686,1,1096.21989997686,100,1100,1
7,3,1,23,2,"formal",38,8,0.1,1.1,"circle","stranger","f","f",0.831590700021479,1,831.590700021479,100,1100,1
7,3,1,23,2,"formal",39,8,0.1,1.1,"square","self","f","",NA,0,NA,100,1100,0
7,3,1,23,2,"formal",40,8,0.1,1.1,"circle","self","j","j",1.04424879999715,1,1044.24879999715,100,1100,1
7,3,1,23,2,"formal",41,8,0.1,1.1,"circle","self","j","j",0.534303000022192,1,534.303000022192,100,1100,1
7,3,1,23,2,"formal",42,8,0.1,1.1,"square","stranger","j","j",0.741268999991007,1,741.268999991007,100,1100,1
7,3,1,23,2,"formal",43,8,0.1,1.1,"square","self","f","f",0.838474699994549,1,838.474699994549,100,1100,1
7,3,1,23,2,"formal",44,8,0.1,1.1,"circle","stranger","f","j",0.823144199996023,0,823.144199996023,100,1100,1
7,3,1,23,2,"formal",45,8,0.1,1.1,"square","self","f","f",1.05607770002098,1,1056.07770002098,100,1100,1
7,3,1,23,2,"formal",46,8,0.1,1.1,"circle","self","j","j",0.590756200021133,1,590.756200021133,100,1100,1
7,3,1,23,2,"formal",47,8,0.1,1.1,"square","stranger","j","j",0.766964899987215,1,766.964899987215,100,1100,1
7,3,1,23,2,"formal",48,8,0.1,1.1,"circle","stranger","f","f",1.03071269998327,1,1030.71269998327,100,1100,1
7,3,1,23,2,"formal",49,8,0.1,1.1,"square","self","f","f",0.743685800000094,1,743.685800000094,100,1100,1
7,3,1,23,2,"formal",50,8,0.1,1.1,"circle","stranger","f","j",0.990277000004426,0,990.277000004426,100,1100,1
7,3,1,23,2,"formal",51,8,0.1,1.1,"circle","self","j","j",0.559403299994301,1,559.403299994301,100,1100,1
7,3,1,23,2,"formal",52,8,0.1,1.1,"square","stranger","j","j",1.19970149997971,1,1199.70149997971,100,1100,1
7,3,1,23,2,"formal",53,8,0.1,1.1,"square","self","f","",NA,0,NA,100,1100,0
7,3,1,23,2,"formal",54,8,0.1,1.1,"circle","stranger","f","",NA,0,NA,100,1100,0
7,3,1,23,2,"formal",55,8,0.1,1.1,"square","stranger","j","",NA,0,NA,100,1100,0
7,3,1,23,2,"formal",56,8,0.1,1.1,"circle","self","j","j",0.418152199999895,1,418.152199999895,100,1100,1
7,3,1,23,2,"formal",57,8,0.1,1.1,"circle","stranger","f","f",0.688197600014973,1,688.197600014973,100,1100,1
7,3,1,23,2,"formal",58,8,0.1,1.1,"circle","self","j","j",0.582034799997928,1,582.034799997928,100,1100,1
7,3,1,23,2,"formal",59,8,0.1,1.1,"square","self","f","f",0.775189800013322,1,775.189800013322,100,1100,1
7,3,1,23,2,"formal",60,8,0.1,1.1,"square","stranger","j","j",0.903473800019128,1,903.473800019128,100,1100,1
7,3,1,23,2,"formal",61,8,0.1,1.1,"square","stranger","j","j",0.748949400003767,1,748.949400003767,100,1100,1
7,3,1,23,2,"formal",62,8,0.1,1.1,"square","self","f","f",0.967361899995012,1,967.361899995012,100,1100,1
7,3,1,23,2,"formal",63,8,0.1,1.1,"circle","self","j","j",0.575999100023182,1,575.999100023182,100,1100,1
7,3,1,23,2,"formal",64,8,0.1,1.1,"circle","stranger","f","f",0.895499000005657,1,895.499000005657,100,1100,1
7,3,1,23,2,"formal",65,8,0.1,1.1,"square","self","f","f",0.783241800003452,1,783.241800003452,100,1100,1
7,3,1,23,2,"formal",66,8,0.1,1.1,"square","stranger","j","j",0.68001889999141,1,680.01889999141,100,1100,1
7,3,1,23,2,"formal",67,8,0.1,1.1,"circle","self","j","j",0.478571699990425,1,478.571699990425,100,1100,1
7,3,1,23,2,"formal",68,8,0.1,1.1,"circle","stranger","f","f",0.838666399999056,1,838.666399999056,100,1100,1
7,3,1,23,2,"formal",69,8,0.1,1.1,"circle","stranger","f","f",0.888265299989143,1,888.265299989143,100,1100,1
7,3,1,23,2,"formal",70,8,0.1,1.1,"square","self","f","f",0.678795699990587,1,678.795699990587,100,1100,1
7,3,1,23,2,"formal",71,8,0.1,1.1,"square","stranger","j","j",0.662974100006977,1,662.974100006977,100,1100,1
7,3,1,23,2,"formal",72,8,0.1,1.1,"circle","self","j","j",0.503672199993161,1,503.672199993161,100,1100,1
7,3,1,23,2,"formal",73,8,0.1,1.1,"circle","stranger","f","f",0.831366900005378,1,831.366900005378,100,1100,1
7,3,1,23,2,"formal",74,8,0.1,1.1,"square","self","f","j",0.767920599988429,0,767.920599988429,100,1100,1
7,3,1,23,2,"formal",75,8,0.1,1.1,"square","stranger","j","j",1.0314694000117,1,1031.4694000117,100,1100,1
7,3,1,23,2,"formal",76,8,0.1,1.1,"circle","self","j","j",0.607701200002339,1,607.701200002339,100,1100,1
7,3,1,23,2,"formal",77,8,0.1,1.1,"circle","self","j","j",0.743552500003716,1,743.552500003716,100,1100,1
7,3,1,23,2,"formal",78,8,0.1,1.1,"square","stranger","j","j",1.03098979999777,1,1030.98979999777,100,1100,1
7,3,1,23,2,"formal",79,8,0.1,1.1,"square","self","f","f",0.719489800016163,1,719.489800016163,100,1100,1
7,3,1,23,2,"formal",80,8,0.1,1.1,"circle","stranger","f","f",0.727832799981115,1,727.832799981115,100,1100,1
7,3,1,23,2,"formal",81,8,0.1,1.1,"circle","stranger","f","",NA,0,NA,100,1100,0
7,3,1,23,2,"formal",82,8,0.1,1.1,"circle","self","j","j",0.606285399990156,1,606.285399990156,100,1100,1
7,3,1,23,2,"formal",83,8,0.1,1.1,"square","self","f","f",0.703041699976893,1,703.041699976893,100,1100,1
7,3,1,23,2,"formal",84,8,0.1,1.1,"square","stranger","j","j",1.08068590000039,1,1080.68590000039,100,1100,1
7,3,1,23,2,"formal",85,8,0.1,1.1,"circle","self","j","j",0.614140199992107,1,614.140199992107,100,1100,1
7,3,1,23,2,"formal",86,8,0.1,1.1,"square","stranger","j","j",0.967393700004322,1,967.393700004322,100,1100,1
7,3,1,23,2,"formal",87,8,0.1,1.1,"circle","stranger","f","f",1.07856460000039,1,1078.56460000039,100,1100,1
7,3,1,23,2,"formal",88,8,0.1,1.1,"square","self","f","f",0.783286600024439,1,783.286600024439,100,1100,1
7,3,1,23,2,"formal",89,8,0.1,1.1,"square","self","f","f",1.11969379999209,1,1119.69379999209,100,1100,1
7,3,1,23,2,"formal",90,8,0.1,1.1,"circle","stranger","f","j",0.687069100007648,0,687.069100007648,100,1100,1
7,3,1,23,2,"formal",91,8,0.1,1.1,"square","stranger","j","j",1.13492240000051,1,1134.92240000051,100,1100,1
7,3,1,23,2,"formal",92,8,0.1,1.1,"circle","self","j","j",0.53493600001093,1,534.93600001093,100,1100,1
7,3,1,23,2,"formal",93,8,0.1,1.1,"circle","stranger","f","f",0.622482400009176,1,622.482400009176,100,1100,1
7,3,1,23,2,"formal",94,8,0.1,1.1,"square","self","f","f",0.759821099985857,1,759.821099985857,100,1100,1
7,3,1,23,2,"formal",95,8,0.1,1.1,"circle","self","j","j",0.605952299985802,1,605.952299985802,100,1100,1
7,3,1,23,2,"formal",96,8,0.1,1.1,"square","stranger","j","f",0.942313999985345,0,942.313999985345,100,1100,1
7,3,1,23,2,"formal",97,8,0.1,1.1,"square","self","f","f",0.702351500018267,1,702.351500018267,100,1100,1
7,3,1,23,2,"formal",98,8,0.1,1.1,"square","stranger","j","f",0.67830130000948,0,678.30130000948,100,1100,1
7,3,1,23,2,"formal",99,8,0.1,1.1,"circle","stranger","f","f",1.14144520001719,1,1141.44520001719,100,1100,1
7,3,1,23,2,"formal",100,8,0.1,1.1,"circle","self","j","j",0.404877499997383,1,404.877499997383,100,1100,1
7,3,1,23,2,"formal",101,8,0.1,1.1,"square","self","f","f",0.951161800010595,1,951.161800010595,100,1100,1
7,3,1,23,2,"formal",102,8,0.1,1.1,"square","stranger","j","j",0.910529900022084,1,910.529900022084,100,1100,1
7,3,1,23,2,"formal",103,8,0.1,1.1,"circle","stranger","f","f",0.933912799984682,1,933.912799984682,100,1100,1
7,3,1,23,2,"formal",104,8,0.1,1.1,"circle","self","j","j",0.431990000011865,1,431.990000011865,100,1100,1
7,3,1,23,2,"formal",105,8,0.1,1.1,"circle","self","j","j",0.558050099993125,1,558.050099993125,100,1100,1
7,3,1,23,2,"formal",106,8,0.1,1.1,"square","self","f","",NA,0,NA,100,1100,0
7,3,1,23,2,"formal",107,8,0.1,1.1,"square","stranger","j","f",0.659863100008806,0,659.863100008806,100,1100,1
7,3,1,23,2,"formal",108,8,0.1,1.1,"circle","stranger","f","j",1.0944438999868,0,1094.4438999868,100,1100,1
7,3,1,23,2,"formal",109,8,0.1,1.1,"circle","self","j","j",0.549575600016396,1,549.575600016396,100,1100,1
7,3,1,23,2,"formal",110,8,0.1,1.1,"circle","stranger","f","f",0.76583709998522,1,765.83709998522,100,1100,1
7,3,1,23,2,"formal",111,8,0.1,1.1,"square","stranger","j","f",0.733517000015127,0,733.517000015127,100,1100,1
7,3,1,23,2,"formal",112,8,0.1,1.1,"square","self","f","",NA,0,NA,100,1100,0
7,3,1,23,2,"formal",113,8,0.1,1.1,"circle","self","j","j",0.451734800008126,1,451.734800008126,100,1100,1
7,3,1,23,2,"formal",114,8,0.1,1.1,"square","self","f","j",0.639648399985163,0,639.648399985163,100,1100,1
7,3,1,23,2,"formal",115,8,0.1,1.1,"circle","stranger","f","f",0.676765500014881,1,676.765500014881,100,1100,1
7,3,1,23,2,"formal",116,8,0.1,1.1,"square","stranger","j","j",1.1424146000063,1,1142.4146000063,100,1100,1
7,3,1,23,2,"formal",117,8,0.1,1.1,"circle","self","j","j",0.533987200004049,1,533.987200004049,100,1100,1
7,3,1,23,2,"formal",118,8,0.1,1.1,"circle","stranger","f","f",0.645074000000022,1,645.074000000022,100,1100,1
7,3,1,23,2,"formal",119,8,0.1,1.1,"square","self","f","f",0.986105999996653,1,986.105999996653,100,1100,1
7,3,1,23,2,"formal",120,8,0.1,1.1,"square","stranger","j","j",0.757362400006969,1,757.362400006969,100,1100,1
7,3,1,23,2,"formal",121,8,0.1,1.1,"circle","self","j","j",0.557987600011984,1,557.987600011984,100,1100,1
7,3,1,23,2,"formal",122,8,0.1,1.1,"square","self","f","f",0.686125599982915,1,686.125599982915,100,1100,1
7,3,1,23,2,"formal",123,8,0.1,1.1,"circle","stranger","f","f",0.75021930001094,1,750.21930001094,100,1100,1
7,3,1,23,2,"formal",124,8,0.1,1.1,"square","stranger","j","j",0.767039900005329,1,767.039900005329,100,1100,1
7,3,1,23,2,"formal",125,8,0.1,1.1,"circle","self","j","j",0.597814600012498,1,597.814600012498,100,1100,1
7,3,1,23,2,"formal",126,8,0.1,1.1,"square","stranger","j","f",0.696014700020896,0,696.014700020896,100,1100,1
7,3,1,23,2,"formal",127,8,0.1,1.1,"circle","stranger","f","f",1.17533199998434,1,1175.33199998434,100,1100,1
7,3,1,23,2,"formal",128,8,0.1,1.1,"square","self","f","f",0.695690699998522,1,695.690699998522,100,1100,1
7,3,1,23,2,"formal",129,8,0.1,1.1,"square","self","f","f",0.678899799997453,1,678.899799997453,100,1100,1
7,3,1,23,2,"formal",130,8,0.1,1.1,"circle","stranger","f","j",0.591700600023614,0,591.700600023614,100,1100,1
7,3,1,23,2,"formal",131,8,0.1,1.1,"square","stranger","j","j",1.15936769999098,1,1159.36769999098,100,1100,1
7,3,1,23,2,"formal",132,8,0.1,1.1,"circle","self","j","j",0.445444299984956,1,445.444299984956,100,1100,1
7,3,1,23,2,"formal",133,8,0.1,1.1,"circle","self","j","j",0.590733799996087,1,590.733799996087,100,1100,1
7,3,1,23,2,"formal",134,8,0.1,1.1,"square","stranger","j","j",1.04766909999307,1,1047.66909999307,100,1100,1
7,3,1,23,2,"formal",135,8,0.1,1.1,"square","self","f","f",0.751870500011137,1,751.870500011137,100,1100,1
7,3,1,23,2,"formal",136,8,0.1,1.1,"circle","stranger","f","f",0.791206699999748,1,791.206699999748,100,1100,1
7,3,1,23,2,"formal",137,8,0.1,1.1,"square","self","f","f",0.736019500007387,1,736.019500007387,100,1100,1
7,3,1,23,2,"formal",138,8,0.1,1.1,"square","stranger","j","j",0.831554099975619,1,831.554099975619,100,1100,1
7,3,1,23,2,"formal",139,8,0.1,1.1,"circle","self","j","j",0.574629399983678,1,574.629399983678,100,1100,1
7,3,1,23,2,"formal",140,8,0.1,1.1,"circle","stranger","f","f",0.807440700009465,1,807.440700009465,100,1100,1
7,3,1,23,2,"formal",141,8,0.1,1.1,"square","stranger","j","",NA,0,NA,100,1100,0
7,3,1,23,2,"formal",142,8,0.1,1.1,"square","self","f","f",0.677447099995334,1,677.447099995334,100,1100,1
7,3,1,23,2,"formal",143,8,0.1,1.1,"circle","self","j","j",0.637827400001697,1,637.827400001697,100,1100,1
7,3,1,23,2,"formal",144,8,0.1,1.1,"circle","stranger","f","",NA,0,NA,100,1100,0
7,3,1,23,2,"formal",145,8,0.1,1.1,"circle","stranger","f","f",0.843434500013245,1,843.434500013245,100,1100,1
7,3,1,23,2,"formal",146,8,0.1,1.1,"circle","self","j","j",0.57468059999519,1,574.68059999519,100,1100,1
7,3,1,23,2,"formal",147,8,0.1,1.1,"square","stranger","j","f",0.591467299993383,0,591.467299993383,100,1100,1
7,3,1,23,2,"formal",148,8,0.1,1.1,"square","self","f","f",0.800165799999377,1,800.165799999377,100,1100,1
7,3,1,23,2,"formal",149,8,0.1,1.1,"square","self","f","f",0.839430799998809,1,839.430799998809,100,1100,1
7,3,1,23,2,"formal",150,8,0.1,1.1,"square","stranger","j","j",0.702167799987365,1,702.167799987365,100,1100,1
7,3,1,23,2,"formal",151,8,0.1,1.1,"circle","self","j","j",0.519509699981427,1,519.509699981427,100,1100,1
7,3,1,23,2,"formal",152,8,0.1,1.1,"circle","stranger","f","f",0.742822800006252,1,742.822800006252,100,1100,1
7,3,1,23,2,"formal",153,8,0.1,1.1,"square","stranger","j","j",0.623561899992637,1,623.561899992637,100,1100,1
7,3,1,23,2,"formal",154,8,0.1,1.1,"square","self","f","f",0.646807100012666,1,646.807100012666,100,1100,1
7,3,1,23,2,"formal",155,8,0.1,1.1,"circle","self","j","j",0.463731700001517,1,463.731700001517,100,1100,1
7,3,1,23,2,"formal",156,8,0.1,1.1,"circle","stranger","f","f",0.598597599979257,1,598.597599979257,100,1100,1
7,3,1,23,2,"formal",157,8,0.1,1.1,"circle","stranger","f","f",0.861719900014577,1,861.719900014577,100,1100,1
7,3,1,23,2,"formal",158,8,0.1,1.1,"square","stranger","j","j",0.847960499988403,1,847.960499988403,100,1100,1
7,3,1,23,2,"formal",159,8,0.1,1.1,"circle","self","j","j",0.470384799991734,1,470.384799991734,100,1100,1
7,3,1,23,2,"formal",160,8,0.1,1.1,"square","self","f","f",0.517708800005494,1,517.708800005494,100,1100,1
7,3,1,23,2,"formal",161,8,0.1,1.1,"square","stranger","j","f",0.646687300002668,0,646.687300002668,100,1100,1
7,3,1,23,2,"formal",162,8,0.1,1.1,"circle","stranger","f","f",0.998646399995778,1,998.646399995778,100,1100,1
7,3,1,23,2,"formal",163,8,0.1,1.1,"square","self","f","f",0.814726099983091,1,814.726099983091,100,1100,1
7,3,1,23,2,"formal",164,8,0.1,1.1,"circle","self","j","j",0.479609300004086,1,479.609300004086,100,1100,1
7,3,1,23,2,"formal",165,8,0.1,1.1,"circle","self","j","j",0.468612700002268,1,468.612700002268,100,1100,1
7,3,1,23,2,"formal",166,8,0.1,1.1,"circle","stranger","f","f",0.654781899997033,1,654.781899997033,100,1100,1
7,3,1,23,2,"formal",167,8,0.1,1.1,"square","self","f","f",1.13593339998624,1,1135.93339998624,100,1100,1
7,3,1,23,2,"formal",168,8,0.1,1.1,"square","stranger","j","f",0.93524350001826,0,935.24350001826,100,1100,1
7,3,1,23,2,"formal",169,8,0.1,1.1,"circle","stranger","f","f",0.877557700005127,1,877.557700005127,100,1100,1
7,3,1,23,2,"formal",170,8,0.1,1.1,"circle","self","j","j",0.462858199985931,1,462.858199985931,100,1100,1
7,3,1,23,2,"formal",171,8,0.1,1.1,"square","stranger","j","j",0.742950899992138,1,742.950899992138,100,1100,1
7,3,1,23,2,"formal",172,8,0.1,1.1,"square","self","f","f",0.655310200003441,1,655.310200003441,100,1100,1
7,3,1,23,2,"formal",173,8,0.1,1.1,"circle","self","j","j",0.510611200006679,1,510.611200006679,100,1100,1
7,3,1,23,2,"formal",174,8,0.1,1.1,"circle","stranger","f","f",0.655358599993633,1,655.358599993633,100,1100,1
7,3,1,23,2,"formal",175,8,0.1,1.1,"square","stranger","j","j",0.766194099996937,1,766.194099996937,100,1100,1
7,3,1,23,2,"formal",176,8,0.1,1.1,"square","self","f","f",0.766498100012541,1,766.498100012541,100,1100,1
7,3,1,23,2,"formal",177,8,0.1,1.1,"square","stranger","j","j",0.807219299982535,1,807.219299982535,100,1100,1
7,3,1,23,2,"formal",178,8,0.1,1.1,"circle","self","j","j",0.48545949999243,1,485.45949999243,100,1100,1
7,3,1,23,2,"formal",179,8,0.1,1.1,"square","self","f","f",1.19145260000369,1,1191.45260000369,100,1100,1
7,3,1,23,2,"formal",180,8,0.1,1.1,"circle","stranger","f","f",0.742075899994234,1,742.075899994234,100,1100,1
7,3,1,23,2,"formal",181,8,0.1,1.1,"circle","stranger","f","f",1.17390150000574,1,1173.90150000574,100,1100,1
7,3,1,23,2,"formal",182,8,0.1,1.1,"square","stranger","j","j",0.774910099979024,1,774.910099979024,100,1100,1
7,3,1,23,2,"formal",183,8,0.1,1.1,"circle","self","j","j",0.549825900001451,1,549.825900001451,100,1100,1
7,3,1,23,2,"formal",184,8,0.1,1.1,"square","self","f","f",0.974383799999487,1,974.383799999487,100,1100,1
7,3,1,23,2,"formal",185,8,0.1,1.1,"circle","self","j","j",0.581680100003723,1,581.680100003723,100,1100,1
7,3,1,23,2,"formal",186,8,0.1,1.1,"square","self","f","f",0.912185000022873,1,912.185000022873,100,1100,1
7,3,1,23,2,"formal",187,8,0.1,1.1,"square","stranger","j","j",0.909885100001702,1,909.885100001702,100,1100,1
7,3,1,23,2,"formal",188,8,0.1,1.1,"circle","stranger","f","f",0.767588299990166,1,767.588299990166,100,1100,1
7,3,1,23,2,"formal",189,8,0.1,1.1,"circle","stranger","f","f",0.79950110000209,1,799.50110000209,100,1100,1
7,3,1,23,2,"formal",190,8,0.1,1.1,"square","self","f","f",0.838256100018043,1,838.256100018043,100,1100,1
7,3,1,23,2,"formal",191,8,0.1,1.1,"square","stranger","j","j",0.719766800000798,1,719.766800000798,100,1100,1
7,3,1,23,2,"formal",192,8,0.1,1.1,"circle","self","j","j",0.550696100021014,1,550.696100021014,100,1100,1
7,3,1,23,2,"formal",193,8,0.1,1.1,"square","self","f","f",0.709362599998713,1,709.362599998713,100,1100,1
7,3,1,23,2,"formal",194,8,0.1,1.1,"circle","stranger","f","f",0.703600399981951,1,703.600399981951,100,1100,1
7,3,1,23,2,"formal",195,8,0.1,1.1,"circle","self","j","j",0.415382899984252,1,415.382899984252,100,1100,1
7,3,1,23,2,"formal",196,8,0.1,1.1,"square","stranger","j","f",0.57504909997806,0,575.04909997806,100,1100,1
7,3,1,23,2,"formal",197,8,0.1,1.1,"circle","stranger","f","",NA,0,NA,100,1100,0
7,3,1,23,2,"formal",198,8,0.1,1.1,"circle","self","j","j",0.460346099978779,1,460.346099978779,100,1100,1
7,3,1,23,2,"formal",199,8,0.1,1.1,"square","self","f","f",0.631137200020021,1,631.137200020021,100,1100,1
7,3,1,23,2,"formal",200,8,0.1,1.1,"square","stranger","j","j",0.742509400006384,1,742.509400006384,100,1100,1
7,3,1,23,2,"formal",201,8,0.1,1.1,"square","self","f","f",0.709396799997194,1,709.396799997194,100,1100,1
7,3,1,23,2,"formal",202,8,0.1,1.1,"square","stranger","j","j",0.999626700009685,1,999.626700009685,100,1100,1
7,3,1,23,2,"formal",203,8,0.1,1.1,"circle","self","j","j",0.42223239998566,1,422.23239998566,100,1100,1
7,3,1,23,2,"formal",204,8,0.1,1.1,"circle","stranger","f","f",0.790440200013109,1,790.440200013109,100,1100,1
7,3,1,23,2,"formal",205,8,0.1,1.1,"circle","stranger","f","f",0.67812630001572,1,678.12630001572,100,1100,1
7,3,1,23,2,"formal",206,8,0.1,1.1,"square","self","f","f",0.704082499985816,1,704.082499985816,100,1100,1
7,3,1,23,2,"formal",207,8,0.1,1.1,"square","stranger","j","j",0.67059419999714,1,670.59419999714,100,1100,1
7,3,1,23,2,"formal",208,8,0.1,1.1,"circle","self","j","j",0.414226799999597,1,414.226799999597,100,1100,1
7,3,1,23,2,"formal",209,8,0.1,1.1,"circle","self","j","j",0.471017400006531,1,471.017400006531,100,1100,1
7,3,1,23,2,"formal",210,8,0.1,1.1,"square","stranger","j","j",0.74228820001008,1,742.28820001008,100,1100,1
7,3,1,23,2,"formal",211,8,0.1,1.1,"circle","stranger","f","f",0.663473399996292,1,663.473399996292,100,1100,1
7,3,1,23,2,"formal",212,8,0.1,1.1,"square","self","f","f",0.927518400014378,1,927.518400014378,100,1100,1
7,3,1,23,2,"formal",213,8,0.1,1.1,"square","self","f","f",0.646292799996445,1,646.292799996445,100,1100,1
7,3,1,23,2,"formal",214,8,0.1,1.1,"circle","self","j","j",0.423609000019496,1,423.609000019496,100,1100,1
7,3,1,23,2,"formal",215,8,0.1,1.1,"circle","stranger","f","f",0.814904200000456,1,814.904200000456,100,1100,1
7,3,1,23,2,"formal",216,8,0.1,1.1,"square","stranger","j","j",0.751166299975011,1,751.166299975011,100,1100,1
7,3,1,23,2,"formal",217,8,0.1,1.1,"circle","stranger","f","f",0.691809899988584,1,691.809899988584,100,1100,1
7,3,1,23,2,"formal",218,8,0.1,1.1,"square","stranger","j","j",0.790645100001711,1,790.645100001711,100,1100,1
7,3,1,23,2,"formal",219,8,0.1,1.1,"circle","self","j","j",0.43796250000014,1,437.96250000014,100,1100,1
7,3,1,23,2,"formal",220,8,0.1,1.1,"square","self","f","f",0.775319899985334,1,775.319899985334,100,1100,1
7,3,1,23,2,"formal",221,8,0.1,1.1,"square","self","f","f",0.767672299989499,1,767.672299989499,100,1100,1
7,3,1,23,2,"formal",222,8,0.1,1.1,"square","stranger","j","j",0.783402900007786,1,783.402900007786,100,1100,1
7,3,1,23,2,"formal",223,8,0.1,1.1,"circle","stranger","f","f",0.732853599998634,1,732.853599998634,100,1100,1
7,3,1,23,2,"formal",224,8,0.1,1.1,"circle","self","j","j",0.47050749999471,1,470.50749999471,100,1100,1
7,3,1,23,2,"formal",225,8,0.1,1.1,"circle","self","j","j",0.446101700013969,1,446.101700013969,100,1100,1
7,3,1,23,2,"formal",226,8,0.1,1.1,"circle","stranger","f","f",0.743176499992842,1,743.176499992842,100,1100,1
7,3,1,23,2,"formal",227,8,0.1,1.1,"square","self","f","f",0.87137690000236,1,871.37690000236,100,1100,1
7,3,1,23,2,"formal",228,8,0.1,1.1,"square","stranger","j","j",0.630871400004253,1,630.871400004253,100,1100,1
7,3,1,23,2,"formal",229,8,0.1,1.1,"square","stranger","j","j",0.830038500018418,1,830.038500018418,100,1100,1
7,3,1,23,2,"formal",230,8,0.1,1.1,"circle","self","j","j",0.477442499977769,1,477.442499977769,100,1100,1
7,3,1,23,2,"formal",231,8,0.1,1.1,"circle","stranger","f","f",0.749663199996576,1,749.663199996576,100,1100,1
7,3,1,23,2,"formal",232,8,0.1,1.1,"square","self","f","f",0.830416600016179,1,830.416600016179,100,1100,1
7,3,1,23,2,"formal",233,8,0.1,1.1,"square","stranger","j","j",0.837549000018043,1,837.549000018043,100,1100,1
7,3,1,23,2,"formal",234,8,0.1,1.1,"square","self","f","",NA,0,NA,100,1100,0
7,3,1,23,2,"formal",235,8,0.1,1.1,"circle","stranger","f","f",0.733201700000791,1,733.201700000791,100,1100,1
7,3,1,23,2,"formal",236,8,0.1,1.1,"circle","self","j","j",0.471081900002901,1,471.081900002901,100,1100,1
7,3,1,23,2,"formal",237,8,0.1,1.1,"square","stranger","j","j",0.903570199996466,1,903.570199996466,100,1100,1
7,3,1,23,2,"formal",238,8,0.1,1.1,"circle","self","j","j",0.510370000003604,1,510.370000003604,100,1100,1
7,3,1,23,2,"formal",239,8,0.1,1.1,"square","self","f","f",0.759858399978839,1,759.858399978839,100,1100,1
7,3,1,23,2,"formal",240,8,0.1,1.1,"circle","stranger","f","j",0.686240699986229,0,686.240699986229,100,1100,1
7,3,1,23,2,"formal",241,8,0.1,1.1,"circle","stranger","f","f",0.823354099993594,1,823.354099993594,100,1100,1
7,3,1,23,2,"formal",242,8,0.1,1.1,"circle","self","j","j",0.558384399977513,1,558.384399977513,100,1100,1
7,3,1,23,2,"formal",243,8,0.1,1.1,"square","self","f","f",0.862481599993771,1,862.481599993771,100,1100,1
7,3,1,23,2,"formal",244,8,0.1,1.1,"square","stranger","j","j",1.04859689998557,1,1048.59689998557,100,1100,1
7,3,1,23,2,"formal",245,8,0.1,1.1,"square","stranger","j","j",0.487354300013976,1,487.354300013976,100,1100,1
7,3,1,23,2,"formal",246,8,0.1,1.1,"circle","self","j","j",0.607079100009287,1,607.079100009287,100,1100,1
7,3,1,23,2,"formal",247,8,0.1,1.1,"circle","stranger","f","f",1.07192819999182,1,1071.92819999182,100,1100,1
7,3,1,23,2,"formal",248,8,0.1,1.1,"square","self","f","f",0.752013799996348,1,752.013799996348,100,1100,1
7,3,1,23,2,"formal",249,8,0.1,1.1,"square","self","f","f",0.870901900023455,1,870.901900023455,100,1100,1
7,3,1,23,2,"formal",250,8,0.1,1.1,"square","stranger","j","j",0.702618100011023,1,702.618100011023,100,1100,1
7,3,1,23,2,"formal",251,8,0.1,1.1,"circle","self","j","j",0.543315299990354,1,543.315299990354,100,1100,1
7,3,1,23,2,"formal",252,8,0.1,1.1,"circle","stranger","f","f",0.839714100002311,1,839.714100002311,100,1100,1
7,3,1,23,2,"formal",253,8,0.1,1.1,"square","self","f","f",1.12037039999268,1,1120.37039999268,100,1100,1
7,3,1,23,2,"formal",254,8,0.1,1.1,"circle","stranger","f","f",0.66291139999521,1,662.91139999521,100,1100,1
7,3,1,23,2,"formal",255,8,0.1,1.1,"circle","self","j","j",0.495558299997356,1,495.558299997356,100,1100,1
7,3,1,23,2,"formal",256,8,0.1,1.1,"square","stranger","j","j",0.679167299997061,1,679.167299997061,100,1100,1
7,3,1,23,2,"formal",257,8,0.1,1.1,"square","stranger","j","j",0.646621399995638,1,646.621399995638,100,1100,1
7,3,1,23,2,"formal",258,8,0.1,1.1,"circle","self","j","j",0.742358199990122,1,742.358199990122,100,1100,1
7,3,1,23,2,"formal",259,8,0.1,1.1,"square","self","f","f",0.664069599995855,1,664.069599995855,100,1100,1
7,3,1,23,2,"formal",260,8,0.1,1.1,"circle","stranger","f","f",0.951204699988011,1,951.204699988011,100,1100,1
7,3,1,23,2,"formal",261,8,0.1,1.1,"square","self","f","f",0.711696699989261,1,711.696699989261,100,1100,1
7,3,1,23,2,"formal",262,8,0.1,1.1,"square","stranger","j","f",0.63842889998341,0,638.42889998341,100,1100,1
7,3,1,23,2,"formal",263,8,0.1,1.1,"circle","self","j","j",0.551912099996116,1,551.912099996116,100,1100,1
7,3,1,23,2,"formal",264,8,0.1,1.1,"circle","stranger","f","f",0.702819099999033,1,702.819099999033,100,1100,1
7,3,1,23,2,"formal",265,8,0.1,1.1,"circle","self","j","j",0.526290800014976,1,526.290800014976,100,1100,1
7,3,1,23,2,"formal",266,8,0.1,1.1,"square","stranger","j","j",1.02348189998884,1,1023.48189998884,100,1100,1
7,3,1,23,2,"formal",267,8,0.1,1.1,"circle","stranger","f","f",0.671960300009232,1,671.960300009232,100,1100,1
7,3,1,23,2,"formal",268,8,0.1,1.1,"square","self","f","",NA,0,NA,100,1100,0
7,3,1,23,2,"formal",269,8,0.1,1.1,"circle","self","j","j",0.525229199993191,1,525.229199993191,100,1100,1
7,3,1,23,2,"formal",270,8,0.1,1.1,"circle","stranger","f","f",0.702177800005302,1,702.177800005302,100,1100,1
7,3,1,23,2,"formal",271,8,0.1,1.1,"square","self","f","f",0.847582399990642,1,847.582399990642,100,1100,1
7,3,1,23,2,"formal",272,8,0.1,1.1,"square","stranger","j","j",0.616200199990999,1,616.200199990999,100,1100,1
7,3,1,23,2,"formal",273,8,0.1,1.1,"square","stranger","j","j",0.599004199990304,1,599.004199990304,100,1100,1
7,3,1,23,2,"formal",274,8,0.1,1.1,"square","self","f","f",0.791163299989421,1,791.163299989421,100,1100,1
7,3,1,23,2,"formal",275,8,0.1,1.1,"circle","self","j","j",0.767574299999978,1,767.574299999978,100,1100,1
7,3,1,23,2,"formal",276,8,0.1,1.1,"circle","stranger","f","f",0.823746200010646,1,823.746200010646,100,1100,1
7,3,1,23,2,"formal",277,8,0.1,1.1,"square","stranger","j","j",0.503278899996076,1,503.278899996076,100,1100,1
7,3,1,23,2,"formal",278,8,0.1,1.1,"circle","stranger","f","f",0.679570399981458,1,679.570399981458,100,1100,1
7,3,1,23,2,"formal",279,8,0.1,1.1,"square","self","f","f",0.95961749998969,1,959.61749998969,100,1100,1
7,3,1,23,2,"formal",280,8,0.1,1.1,"circle","self","j","j",0.454237500001909,1,454.237500001909,100,1100,1
7,3,1,23,2,"formal",281,8,0.1,1.1,"square","stranger","j","f",0.519323000014992,0,519.323000014992,100,1100,1
7,3,1,23,2,"formal",282,8,0.1,1.1,"circle","stranger","f","f",1.10996709999745,1,1109.96709999745,100,1100,1
7,3,1,23,2,"formal",283,8,0.1,1.1,"circle","self","j","j",0.422143000003416,1,422.143000003416,100,1100,1
7,3,1,23,2,"formal",284,8,0.1,1.1,"square","self","f","j",0.671025499992538,0,671.025499992538,100,1100,1
7,3,1,23,2,"formal",285,8,0.1,1.1,"circle","self","j","j",0.435408800025471,1,435.408800025471,100,1100,1
7,3,1,23,2,"formal",286,8,0.1,1.1,"square","self","f","f",0.862441999983275,1,862.441999983275,100,1100,1
7,3,1,23,2,"formal",287,8,0.1,1.1,"square","stranger","j","j",0.821878299990203,1,821.878299990203,100,1100,1
7,3,1,23,2,"formal",288,8,0.1,1.1,"circle","stranger","f","f",0.902811700012535,1,902.811700012535,100,1100,1
7,3,1,23,2,"formal",289,8,0.1,1.1,"square","self","f","f",0.798403399996459,1,798.403399996459,100,1100,1
7,3,1,23,2,"formal",290,8,0.1,1.1,"circle","stranger","f","f",0.702060899988282,1,702.060899988282,100,1100,1
7,3,1,23,2,"formal",291,8,0.1,1.1,"circle","self","j","j",0.518286500009708,1,518.286500009708,100,1100,1
7,3,1,23,2,"formal",292,8,0.1,1.1,"square","stranger","j","f",0.782869499991648,0,782.869499991648,100,1100,1
7,3,1,23,2,"formal",293,8,0.1,1.1,"square","self","f","f",0.711028300022008,1,711.028300022008,100,1100,1
7,3,1,23,2,"formal",294,8,0.1,1.1,"circle","self","j","j",0.559580000001006,1,559.580000001006,100,1100,1
7,3,1,23,2,"formal",295,8,0.1,1.1,"square","stranger","j","f",1.19886629999382,0,1198.86629999382,100,1100,1
7,3,1,23,2,"formal",296,8,0.1,1.1,"circle","stranger","f","f",0.742943400022341,1,742.943400022341,100,1100,1
7,3,1,23,2,"formal",297,8,0.1,1.1,"circle","self","j","j",0.446770000009565,1,446.770000009565,100,1100,1
7,3,1,23,2,"formal",298,8,0.1,1.1,"square","stranger","j","j",0.967104400013341,1,967.104400013341,100,1100,1
7,3,1,23,2,"formal",299,8,0.1,1.1,"square","self","f","f",1.15126250000321,1,1151.26250000321,100,1100,1
7,3,1,23,2,"formal",300,8,0.1,1.1,"circle","stranger","f","f",0.686206300015328,1,686.206300015328,100,1100,1
7,3,1,23,2,"formal",301,8,0.1,1.1,"square","self","f","f",0.741952599986689,1,741.952599986689,100,1100,1
7,3,1,23,2,"formal",302,8,0.1,1.1,"circle","stranger","f","f",0.813364300003741,1,813.364300003741,100,1100,1
7,3,1,23,2,"formal",303,8,0.1,1.1,"square","stranger","j","j",0.926393700006884,1,926.393700006884,100,1100,1
7,3,1,23,2,"formal",304,8,0.1,1.1,"circle","self","j","j",0.526369200000772,1,526.369200000772,100,1100,1
7,3,1,23,2,"formal",305,8,0.1,1.1,"square","stranger","j","j",0.678125500009628,1,678.125500009628,100,1100,1
7,3,1,23,2,"formal",306,8,0.1,1.1,"circle","self","j","j",0.479130200023064,1,479.130200023064,100,1100,1
7,3,1,23,2,"formal",307,8,0.1,1.1,"circle","stranger","f","f",0.645522000006167,1,645.522000006167,100,1100,1
7,3,1,23,2,"formal",308,8,0.1,1.1,"square","self","f","f",0.766197599994484,1,766.197599994484,100,1100,1
7,3,1,23,2,"formal",309,8,0.1,1.1,"circle","stranger","f","f",0.886387800012017,1,886.387800012017,100,1100,1
7,3,1,23,2,"formal",310,8,0.1,1.1,"square","self","f","f",0.871019400015939,1,871.019400015939,100,1100,1
7,3,1,23,2,"formal",311,8,0.1,1.1,"square","stranger","j","j",0.679775299999164,1,679.775299999164,100,1100,1
7,3,1,23,2,"formal",312,8,0.1,1.1,"circle","self","j","j",0.494670100015355,1,494.670100015355,100,1100,1
7,3,1,23,2,"formal",313,8,0.1,1.1,"square","stranger","j","j",0.750913700001547,1,750.913700001547,100,1100,1
7,3,1,23,2,"formal",314,8,0.1,1.1,"circle","self","j","j",0.486580899974797,1,486.580899974797,100,1100,1
7,3,1,23,2,"formal",315,8,0.1,1.1,"circle","stranger","f","f",0.623089400003664,1,623.089400003664,100,1100,1
7,3,1,23,2,"formal",316,8,0.1,1.1,"square","self","f","f",1.1104482000228,1,1110.4482000228,100,1100,1
7,3,1,23,2,"formal",317,8,0.1,1.1,"square","stranger","j","j",0.758510399988154,1,758.510399988154,100,1100,1
7,3,1,23,2,"formal",318,8,0.1,1.1,"square","self","f","f",0.727018999983557,1,727.018999983557,100,1100,1
7,3,1,23,2,"formal",319,8,0.1,1.1,"circle","stranger","f","f",0.901573800016195,1,901.573800016195,100,1100,1
7,3,1,23,2,"formal",320,8,0.1,1.1,"circle","self","j","j",0.558571299974574,1,558.571299974574,100,1100,1
7,3,1,23,2,"formal",321,8,0.1,1.1,"circle","stranger","f","f",0.56433689998812,1,564.33689998812,100,1100,1
7,3,1,23,2,"formal",322,8,0.1,1.1,"square","stranger","j","j",0.934800099988934,1,934.800099988934,100,1100,1
7,3,1,23,2,"formal",323,8,0.1,1.1,"circle","self","j","j",0.390168799989624,1,390.168799989624,100,1100,1
7,3,1,23,2,"formal",324,8,0.1,1.1,"square","self","f","f",0.61622859997442,1,616.22859997442,100,1100,1
7,3,1,23,2,"formal",325,8,0.1,1.1,"circle","stranger","f","f",0.886344700003974,1,886.344700003974,100,1100,1
7,3,1,23,2,"formal",326,8,0.1,1.1,"square","self","f","f",0.821905599994352,1,821.905599994352,100,1100,1
7,3,1,23,2,"formal",327,8,0.1,1.1,"circle","self","j","j",0.525377799989656,1,525.377799989656,100,1100,1
7,3,1,23,2,"formal",328,8,0.1,1.1,"square","stranger","j","j",1.06250140001066,1,1062.50140001066,100,1100,1
7,3,1,23,2,"formal",329,8,0.1,1.1,"square","self","f","f",0.679870199994184,1,679.870199994184,100,1100,1
7,3,1,23,2,"formal",330,8,0.1,1.1,"square","stranger","j","j",0.751941099995747,1,751.941099995747,100,1100,1
7,3,1,23,2,"formal",331,8,0.1,1.1,"circle","self","j","j",0.726794800022617,1,726.794800022617,100,1100,1
7,3,1,23,2,"formal",332,8,0.1,1.1,"circle","stranger","f","f",0.941870099981315,1,941.870099981315,100,1100,1
7,3,1,23,2,"formal",333,8,0.1,1.1,"square","stranger","j","j",1.1020709000004,1,1102.0709000004,100,1100,1
7,3,1,23,2,"formal",334,8,0.1,1.1,"circle","stranger","f","f",1.06361959999776,1,1063.61959999776,100,1100,1
7,3,1,23,2,"formal",335,8,0.1,1.1,"circle","self","j","j",0.574939600017387,1,574.939600017387,100,1100,1
7,3,1,23,2,"formal",336,8,0.1,1.1,"square","self","f","",NA,0,NA,100,1100,0
7,3,1,23,2,"formal",337,8,0.1,1.1,"square","stranger","j","j",1.00492939999094,1,1004.92939999094,100,1100,1
7,3,1,23,2,"formal",338,8,0.1,1.1,"circle","self","j","j",0.671305599971674,1,671.305599971674,100,1100,1
7,3,1,23,2,"formal",339,8,0.1,1.1,"square","self","f","f",1.01041389998863,1,1010.41389998863,100,1100,1
7,3,1,23,2,"formal",340,8,0.1,1.1,"circle","stranger","f","f",0.863234900025418,1,863.234900025418,100,1100,1
7,3,1,23,2,"formal",341,8,0.1,1.1,"square","stranger","j","f",0.831472000019858,0,831.472000019858,100,1100,1
7,3,1,23,2,"formal",342,8,0.1,1.1,"circle","self","j","j",0.52749990002485,1,527.49990002485,100,1100,1
7,3,1,23,2,"formal",343,8,0.1,1.1,"circle","stranger","f","f",0.717856000002939,1,717.856000002939,100,1100,1
7,3,1,23,2,"formal",344,8,0.1,1.1,"square","self","f","f",0.728100600012112,1,728.100600012112,100,1100,1
7,3,1,23,2,"formal",345,8,0.1,1.1,"square","stranger","j","j",0.902795400004834,1,902.795400004834,100,1100,1
7,3,1,23,2,"formal",346,8,0.1,1.1,"circle","stranger","f","f",0.751803399994969,1,751.803399994969,100,1100,1
7,3,1,23,2,"formal",347,8,0.1,1.1,"circle","self","j","j",0.462784000003012,1,462.784000003012,100,1100,1
7,3,1,23,2,"formal",348,8,0.1,1.1,"square","self","f","j",0.5432504999917,0,543.2504999917,100,1100,1
7,3,1,23,2,"formal",349,8,0.1,1.1,"square","stranger","j","",NA,0,NA,100,1100,0
7,3,1,23,2,"formal",350,8,0.1,1.1,"square","self","f","f",0.582035800005542,1,582.035800005542,100,1100,1
7,3,1,23,2,"formal",351,8,0.1,1.1,"circle","self","j","j",0.558945500000846,1,558.945500000846,100,1100,1
7,3,1,23,2,"formal",352,8,0.1,1.1,"circle","stranger","f","f",0.767422700009774,1,767.422700009774,100,1100,1
7,3,1,23,2,"formal",353,8,0.1,1.1,"circle","stranger","f","f",0.814787699986482,1,814.787699986482,100,1100,1
7,3,1,23,2,"formal",354,8,0.1,1.1,"square","stranger","j","j",0.590445400011959,1,590.445400011959,100,1100,1
7,3,1,23,2,"formal",355,8,0.1,1.1,"circle","self","j","j",0.533169900008943,1,533.169900008943,100,1100,1
7,3,1,23,2,"formal",356,8,0.1,1.1,"square","self","f","f",0.823233499977505,1,823.233499977505,100,1100,1
7,3,1,23,2,"formal",357,8,0.1,1.1,"square","self","f","f",0.551250299991807,1,551.250299991807,100,1100,1
7,3,1,23,2,"formal",358,8,0.1,1.1,"square","stranger","j","j",0.767054900003131,1,767.054900003131,100,1100,1
7,3,1,23,2,"formal",359,8,0.1,1.1,"circle","self","j","j",0.437340899981791,1,437.340899981791,100,1100,1
7,3,1,23,2,"formal",360,8,0.1,1.1,"circle","stranger","f","f",0.598093800013885,1,598.093800013885,100,1100,1
7,3,1,23,2,"formal",361,8,0.1,1.1,"circle","self","j","j",0.502916299999924,1,502.916299999924,100,1100,1
7,3,1,23,2,"formal",362,8,0.1,1.1,"square","stranger","j","j",0.735156899987487,1,735.156899987487,100,1100,1
7,3,1,23,2,"formal",363,8,0.1,1.1,"circle","stranger","f","f",0.615380000002915,1,615.380000002915,100,1100,1
7,3,1,23,2,"formal",364,8,0.1,1.1,"square","self","f","j",0.974726199987344,0,974.726199987344,100,1100,1
7,3,1,23,2,"formal",365,8,0.1,1.1,"square","stranger","j","j",0.782512000005227,1,782.512000005227,100,1100,1
7,3,1,23,2,"formal",366,8,0.1,1.1,"square","self","f","f",0.606647100008558,1,606.647100008558,100,1100,1
7,3,1,23,2,"formal",367,8,0.1,1.1,"circle","self","j","j",0.453163600002881,1,453.163600002881,100,1100,1
7,3,1,23,2,"formal",368,8,0.1,1.1,"circle","stranger","f","f",0.93363899999531,1,933.63899999531,100,1100,1
7,3,1,23,2,"formal",369,8,0.1,1.1,"circle","self","j","j",0.470538499997929,1,470.538499997929,100,1100,1
7,3,1,23,2,"formal",370,8,0.1,1.1,"square","self","f","f",1.02345629999763,1,1023.45629999763,100,1100,1
7,3,1,23,2,"formal",371,8,0.1,1.1,"square","stranger","j","j",0.92679309999221,1,926.79309999221,100,1100,1
7,3,1,23,2,"formal",372,8,0.1,1.1,"circle","stranger","f","f",0.694406599999638,1,694.406599999638,100,1100,1
7,3,1,23,2,"formal",373,8,0.1,1.1,"square","self","f","f",0.860321399988607,1,860.321399988607,100,1100,1
7,3,1,23,2,"formal",374,8,0.1,1.1,"circle","stranger","f","f",1.12628230001428,1,1126.28230001428,100,1100,1
7,3,1,23,2,"formal",375,8,0.1,1.1,"circle","self","j","j",0.535111500008497,1,535.111500008497,100,1100,1
7,3,1,23,2,"formal",376,8,0.1,1.1,"square","stranger","j","j",0.846201099979226,1,846.201099979226,100,1100,1
7,3,1,23,2,"formal",377,8,0.1,1.1,"square","self","f","f",0.782583699998213,1,782.583699998213,100,1100,1
7,3,1,23,2,"formal",378,8,0.1,1.1,"circle","stranger","f","f",1.19006679998711,1,1190.06679998711,100,1100,1
7,3,1,23,2,"formal",379,8,0.1,1.1,"circle","self","j","j",0.462686099985149,1,462.686099985149,100,1100,1
7,3,1,23,2,"formal",380,8,0.1,1.1,"square","stranger","j","j",0.720138799981214,1,720.138799981214,100,1100,1
7,3,1,23,2,"formal",381,8,0.1,1.1,"circle","self","j","j",0.581429899990326,1,581.429899990326,100,1100,1
7,3,1,23,2,"formal",382,8,0.1,1.1,"circle","stranger","f","f",0.671194800001103,1,671.194800001103,100,1100,1
7,3,1,23,2,"formal",383,8,0.1,1.1,"square","stranger","j","j",1.03875560002052,1,1038.75560002052,100,1100,1
7,3,1,23,2,"formal",384,8,0.1,1.1,"square","self","f","f",0.679041499999585,1,679.041499999585,100,1100,1
7,3,1,23,2,"formal",385,8,0.1,1.1,"square","self","f","j",0.678667100000894,0,678.667100000894,100,1100,1
7,3,1,23,2,"formal",386,8,0.1,1.1,"circle","self","j","j",0.487028600007761,1,487.028600007761,100,1100,1
7,3,1,23,2,"formal",387,8,0.1,1.1,"circle","stranger","f","f",1.1033040000184,1,1103.3040000184,100,1100,1
7,3,1,23,2,"formal",388,8,0.1,1.1,"square","stranger","j","j",0.719806700013578,1,719.806700013578,100,1100,1
7,3,1,23,2,"formal",389,8,0.1,1.1,"circle","stranger","f","f",0.638080000004265,1,638.080000004265,100,1100,1
7,3,1,23,2,"formal",390,8,0.1,1.1,"square","stranger","j","j",0.792077199992491,1,792.077199992491,100,1100,1
7,3,1,23,2,"formal",391,8,0.1,1.1,"square","self","f","f",0.718746800004737,1,718.746800004737,100,1100,1
7,3,1,23,2,"formal",392,8,0.1,1.1,"circle","self","j","j",0.559964799991576,1,559.964799991576,100,1100,1
7,3,1,23,2,"formal",393,8,0.1,1.1,"square","self","f","f",0.880088900012197,1,880.088900012197,100,1100,1
7,3,1,23,2,"formal",394,8,0.1,1.1,"square","stranger","j","j",1.10308940001414,1,1103.08940001414,100,1100,1
7,3,1,23,2,"formal",395,8,0.1,1.1,"circle","self","j","j",0.462771999998949,1,462.771999998949,100,1100,1
7,3,1,23,2,"formal",396,8,0.1,1.1,"circle","stranger","f","f",0.655665600002976,1,655.665600002976,100,1100,1
7,3,1,23,2,"formal",397,8,0.1,1.1,"square","self","f","f",1.02337790001184,1,1023.37790001184,100,1100,1
7,3,1,23,2,"formal",398,8,0.1,1.1,"circle","self","j","j",0.447278899984667,1,447.278899984667,100,1100,1
7,3,1,23,2,"formal",399,8,0.1,1.1,"square","stranger","j","f",0.471044100006111,0,471.044100006111,100,1100,1
7,3,1,23,2,"formal",400,8,0.1,1.1,"circle","stranger","f","f",0.671356699982425,1,671.356699982425,100,1100,1
7,3,1,23,2,"formal",401,8,0.1,1.1,"square","stranger","j","j",0.696357199980412,1,696.357199980412,100,1100,1
7,3,1,23,2,"formal",402,8,0.1,1.1,"square","self","f","f",0.839880799991079,1,839.880799991079,100,1100,1
7,3,1,23,2,"formal",403,8,0.1,1.1,"circle","stranger","f","f",0.695295899990015,1,695.295899990015,100,1100,1
7,3,1,23,2,"formal",404,8,0.1,1.1,"circle","self","j","j",0.558996300009312,1,558.996300009312,100,1100,1
7,3,1,23,2,"formal",405,8,0.1,1.1,"square","self","f","f",1.11910419998458,1,1119.10419998458,100,1100,1
7,3,1,23,2,"formal",406,8,0.1,1.1,"square","stranger","j","",NA,0,NA,100,1100,0
7,3,1,23,2,"formal",407,8,0.1,1.1,"circle","self","j","j",0.644638500001747,1,644.638500001747,100,1100,1
7,3,1,23,2,"formal",408,8,0.1,1.1,"circle","stranger","f","f",0.6875607999973,1,687.5607999973,100,1100,1
7,3,1,23,2,"formal",409,8,0.1,1.1,"circle","stranger","f","f",0.943541699991329,1,943.541699991329,100,1100,1
7,3,1,23,2,"formal",410,8,0.1,1.1,"square","stranger","j","f",0.447738999995636,0,447.738999995636,100,1100,1
7,3,1,23,2,"formal",411,8,0.1,1.1,"circle","self","j","j",0.526793400000315,1,526.793400000315,100,1100,1
7,3,1,23,2,"formal",412,8,0.1,1.1,"square","self","f","f",0.632373300002655,1,632.373300002655,100,1100,1
7,3,1,23,2,"formal",413,8,0.1,1.1,"circle","self","j","j",0.471089400001802,1,471.089400001802,100,1100,1
7,3,1,23,2,"formal",414,8,0.1,1.1,"square","stranger","j","f",0.704035400005523,0,704.035400005523,100,1100,1
7,3,1,23,2,"formal",415,8,0.1,1.1,"square","self","f","f",0.726896299980581,1,726.896299980581,100,1100,1
7,3,1,23,2,"formal",416,8,0.1,1.1,"circle","stranger","f","f",0.85540420000325,1,855.40420000325,100,1100,1
7,3,1,23,2,"formal",417,8,0.1,1.1,"circle","self","j","j",0.48712579999119,1,487.12579999119,100,1100,1
7,3,1,23,2,"formal",418,8,0.1,1.1,"circle","stranger","f","f",0.687729299999774,1,687.729299999774,100,1100,1
7,3,1,23,2,"formal",419,8,0.1,1.1,"square","self","f","f",0.782905699976254,1,782.905699976254,100,1100,1
7,3,1,23,2,"formal",420,8,0.1,1.1,"square","stranger","j","j",0.646580300002825,1,646.580300002825,100,1100,1
7,3,1,23,2,"formal",421,8,0.1,1.1,"square","stranger","j","j",1.05556049998268,1,1055.56049998268,100,1100,1
7,3,1,23,2,"formal",422,8,0.1,1.1,"circle","stranger","f","f",0.631234999978915,1,631.234999978915,100,1100,1
7,3,1,23,2,"formal",423,8,0.1,1.1,"square","self","f","f",0.655904799990822,1,655.904799990822,100,1100,1
7,3,1,23,2,"formal",424,8,0.1,1.1,"circle","self","j","j",0.519511399994371,1,519.511399994371,100,1100,1
7,3,1,23,2,"formal",425,8,0.1,1.1,"square","self","f","f",0.796434300020337,1,796.434300020337,100,1100,1
7,3,1,23,2,"formal",426,8,0.1,1.1,"circle","self","j","j",0.942706700006966,1,942.706700006966,100,1100,1
7,3,1,23,2,"formal",427,8,0.1,1.1,"circle","stranger","f","f",0.71866620000219,1,718.66620000219,100,1100,1
7,3,1,23,2,"formal",428,8,0.1,1.1,"square","stranger","j","f",0.855574999994133,0,855.574999994133,100,1100,1
7,3,1,23,2,"formal",429,8,0.1,1.1,"circle","stranger","f","f",0.838384000002407,1,838.384000002407,100,1100,1
7,3,1,23,2,"formal",430,8,0.1,1.1,"square","stranger","j","",NA,0,NA,100,1100,0
7,3,1,23,2,"formal",431,8,0.1,1.1,"circle","self","j","j",0.101791599998251,1,101.791599998251,100,1100,1
7,3,1,23,2,"formal",432,8,0.1,1.1,"square","self","f","f",0.68756989997928,1,687.56989997928,100,1100,1
7,3,1,23,2,"formal",433,8,0.1,1.1,"square","stranger","j","j",0.734769699978642,1,734.769699978642,100,1100,1
7,3,1,23,2,"formal",434,8,0.1,1.1,"circle","stranger","f","f",0.662450400006492,1,662.450400006492,100,1100,1
7,3,1,23,2,"formal",435,8,0.1,1.1,"circle","self","j","j",0.477624999999534,1,477.624999999534,100,1100,1
7,3,1,23,2,"formal",436,8,0.1,1.1,"square","self","f","f",0.959685299982084,1,959.685299982084,100,1100,1
7,3,1,23,2,"formal",437,8,0.1,1.1,"square","stranger","j","j",0.694509699998889,1,694.509699998889,100,1100,1
7,3,1,23,2,"formal",438,8,0.1,1.1,"square","self","f","f",0.768181199993705,1,768.181199993705,100,1100,1
7,3,1,23,2,"formal",439,8,0.1,1.1,"circle","stranger","f","f",1.03069740001229,1,1030.69740001229,100,1100,1
7,3,1,23,2,"formal",440,8,0.1,1.1,"circle","self","j","j",0.471019999997225,1,471.019999997225,100,1100,1
7,3,1,23,2,"formal",441,8,0.1,1.1,"circle","stranger","f","f",0.663732700020773,1,663.732700020773,100,1100,1
7,3,1,23,2,"formal",442,8,0.1,1.1,"square","self","f","f",0.855341799993766,1,855.341799993766,100,1100,1
7,3,1,23,2,"formal",443,8,0.1,1.1,"circle","self","j","j",0.79866800000309,1,798.66800000309,100,1100,1
7,3,1,23,2,"formal",444,8,0.1,1.1,"square","stranger","j","j",0.950827199994819,1,950.827199994819,100,1100,1
7,3,1,23,2,"formal",445,8,0.1,1.1,"square","self","f","f",0.711831799999345,1,711.831799999345,100,1100,1
7,3,1,23,2,"formal",446,8,0.1,1.1,"square","stranger","j","j",0.687582599988673,1,687.582599988673,100,1100,1
7,3,1,23,2,"formal",447,8,0.1,1.1,"circle","self","j","j",0.535600700008217,1,535.600700008217,100,1100,1
7,3,1,23,2,"formal",448,8,0.1,1.1,"circle","stranger","f","f",0.840129399992293,1,840.129399992293,100,1100,1
7,3,1,23,2,"formal",449,8,0.1,1.1,"circle","stranger","f","f",1.14202880000812,1,1142.02880000812,100,1100,1
7,3,1,23,2,"formal",450,8,0.1,1.1,"square","stranger","j","f",0.632450800010702,0,632.450800010702,100,1100,1
7,3,1,23,2,"formal",451,8,0.1,1.1,"circle","self","j","j",0.462319899990689,1,462.319899990689,100,1100,1
7,3,1,23,2,"formal",452,8,0.1,1.1,"square","self","f","f",0.726800100004766,1,726.800100004766,100,1100,1
7,3,1,23,2,"formal",453,8,0.1,1.1,"square","self","f","j",0.952061400021194,0,952.061400021194,100,1100,1
7,3,1,23,2,"formal",454,8,0.1,1.1,"square","stranger","j","j",0.783117800019681,1,783.117800019681,100,1100,1
7,3,1,23,2,"formal",455,8,0.1,1.1,"circle","self","j","j",0.463372700003674,1,463.372700003674,100,1100,1
7,3,1,23,2,"formal",456,8,0.1,1.1,"circle","stranger","f","f",0.591027299989946,1,591.027299989946,100,1100,1
7,3,1,23,2,"formal",457,8,0.1,1.1,"square","self","f","f",0.802768099994864,1,802.768099994864,100,1100,1
7,3,1,23,2,"formal",458,8,0.1,1.1,"square","stranger","j","j",0.630859199998667,1,630.859199998667,100,1100,1
7,3,1,23,2,"formal",459,8,0.1,1.1,"circle","stranger","f","f",0.629405299987411,1,629.405299987411,100,1100,1
7,3,1,23,2,"formal",460,8,0.1,1.1,"circle","self","j","j",0.526392599975225,1,526.392599975225,100,1100,1
7,3,1,23,2,"formal",461,8,0.1,1.1,"square","stranger","j","f",0.679755699995439,0,679.755699995439,100,1100,1
7,3,1,23,2,"formal",462,8,0.1,1.1,"square","self","f","f",0.726374300022144,1,726.374300022144,100,1100,1
7,3,1,23,2,"formal",463,8,0.1,1.1,"circle","self","j","j",0.43895720000728,1,438.95720000728,100,1100,1
7,3,1,23,2,"formal",464,8,0.1,1.1,"circle","stranger","f","f",0.549773200007621,1,549.773200007621,100,1100,1
7,3,1,23,2,"formal",465,8,0.1,1.1,"circle","self","j","j",0.574115600000368,1,574.115600000368,100,1100,1
7,3,1,23,2,"formal",466,8,0.1,1.1,"square","stranger","j","j",0.702739000000292,1,702.739000000292,100,1100,1
7,3,1,23,2,"formal",467,8,0.1,1.1,"square","self","f","f",0.63922489999095,1,639.22489999095,100,1100,1
7,3,1,23,2,"formal",468,8,0.1,1.1,"circle","stranger","f","f",0.718289500015089,1,718.289500015089,100,1100,1
7,3,1,23,2,"formal",469,8,0.1,1.1,"circle","self","j","j",0.422630499990191,1,422.630499990191,100,1100,1
7,3,1,23,2,"formal",470,8,0.1,1.1,"circle","stranger","f","f",0.814870800008066,1,814.870800008066,100,1100,1
7,3,1,23,2,"formal",471,8,0.1,1.1,"square","self","f","f",0.607059100002516,1,607.059100002516,100,1100,1
7,3,1,23,2,"formal",472,8,0.1,1.1,"square","stranger","j","j",0.622677300008945,1,622.677300008945,100,1100,1
7,3,1,23,2,"formal",473,8,0.1,1.1,"square","self","f","f",0.574562900001183,1,574.562900001183,100,1100,1
7,3,1,23,2,"formal",474,8,0.1,1.1,"circle","self","j","j",0.471236000012141,1,471.236000012141,100,1100,1
7,3,1,23,2,"formal",475,8,0.1,1.1,"circle","stranger","f","f",0.655472500016913,1,655.472500016913,100,1100,1
7,3,1,23,2,"formal",476,8,0.1,1.1,"square","stranger","j","j",0.725998499983689,1,725.998499983689,100,1100,1
7,3,1,23,2,"formal",477,8,0.1,1.1,"circle","self","j","j",0.628138600004604,1,628.138600004604,100,1100,1
7,3,1,23,2,"formal",478,8,0.1,1.1,"square","stranger","j","j",0.845429899985902,1,845.429899985902,100,1100,1
7,3,1,23,2,"formal",479,8,0.1,1.1,"circle","stranger","f","f",0.925073899998097,1,925.073899998097,100,1100,1
7,3,1,23,2,"formal",480,8,0.1,1.1,"square","self","f","f",0.758835300017381,1,758.835300017381,100,1100,1
7,3,1,23,2,"formal",481,8,0.1,1.1,"square","self","f","f",0.830404100008309,1,830.404100008309,100,1100,1
7,3,1,23,2,"formal",482,8,0.1,1.1,"circle","stranger","f","f",0.774709199991776,1,774.709199991776,100,1100,1
7,3,1,23,2,"formal",483,8,0.1,1.1,"circle","self","j","j",0.559677000012016,1,559.677000012016,100,1100,1
7,3,1,23,2,"formal",484,8,0.1,1.1,"square","stranger","j","j",0.670997900015209,1,670.997900015209,100,1100,1
7,3,1,23,2,"formal",485,8,0.1,1.1,"circle","stranger","f","f",0.97326680002152,1,973.26680002152,100,1100,1
7,3,1,23,2,"formal",486,8,0.1,1.1,"square","self","f","f",0.766983200010145,1,766.983200010145,100,1100,1
7,3,1,23,2,"formal",487,8,0.1,1.1,"circle","self","j","j",0.477378799987491,1,477.378799987491,100,1100,1
7,3,1,23,2,"formal",488,8,0.1,1.1,"square","stranger","j","j",0.73528449999867,1,735.28449999867,100,1100,1
7,3,1,23,2,"formal",489,8,0.1,1.1,"circle","self","j","j",0.598706799995853,1,598.706799995853,100,1100,1
7,3,1,23,2,"formal",490,8,0.1,1.1,"square","self","f","f",0.655257799982792,1,655.257799982792,100,1100,1
7,3,1,23,2,"formal",491,8,0.1,1.1,"square","stranger","j","",NA,0,NA,100,1100,0
7,3,1,23,2,"formal",492,8,0.1,1.1,"circle","stranger","f","f",0.588989899988519,1,588.989899988519,100,1100,1
7,3,1,23,2,"formal",493,8,0.1,1.1,"square","self","f","f",0.75889929998084,1,758.89929998084,100,1100,1
7,3,1,23,2,"formal",494,8,0.1,1.1,"circle","self","j","j",0.540789999999106,1,540.789999999106,100,1100,1
7,3,1,23,2,"formal",495,8,0.1,1.1,"circle","stranger","f","j",0.614506699988851,0,614.506699988851,100,1100,1
7,3,1,23,2,"formal",496,8,0.1,1.1,"square","stranger","j","f",0.550936899991939,0,550.936899991939,100,1100,1
7,3,1,23,2,"formal",497,8,0.1,1.1,"circle","stranger","f","f",0.982175300014205,1,982.175300014205,100,1100,1
7,3,1,23,2,"formal",498,8,0.1,1.1,"square","self","f","j",1.10259960000985,0,1102.59960000985,100,1100,1
7,3,1,23,2,"formal",499,8,0.1,1.1,"circle","self","j","j",0.477589700021781,1,477.589700021781,100,1100,1
7,3,1,23,2,"formal",500,8,0.1,1.1,"square","stranger","j","j",1.16047240002081,1,1160.47240002081,100,1100,1
7,3,1,23,2,"formal",501,8,0.1,1.1,"circle","stranger","f","f",0.614430499990704,1,614.430499990704,100,1100,1
7,3,1,23,2,"formal",502,8,0.1,1.1,"circle","self","j","j",0.557597600010922,1,557.597600010922,100,1100,1
7,3,1,23,2,"formal",503,8,0.1,1.1,"square","stranger","j","f",0.903419099980965,0,903.419099980965,100,1100,1
7,3,1,23,2,"formal",504,8,0.1,1.1,"square","self","f","f",1.06331019999925,1,1063.31019999925,100,1100,1
7,3,1,23,2,"formal",505,8,0.1,1.1,"square","self","f","f",0.976524400000926,1,976.524400000926,100,1100,1
7,3,1,23,2,"formal",506,8,0.1,1.1,"circle","stranger","f","f",0.662519700010307,1,662.519700010307,100,1100,1
7,3,1,23,2,"formal",507,8,0.1,1.1,"square","stranger","j","j",0.735552500002086,1,735.552500002086,100,1100,1
7,3,1,23,2,"formal",508,8,0.1,1.1,"circle","self","j","j",0.478676400001859,1,478.676400001859,100,1100,1
7,3,1,23,2,"formal",509,8,0.1,1.1,"square","stranger","j","",NA,0,NA,100,1100,0
7,3,1,23,2,"formal",510,8,0.1,1.1,"circle","self","j","j",1.10943620000035,1,1109.43620000035,100,1100,1
7,3,1,23,2,"formal",511,8,0.1,1.1,"square","self","f","f",0.695379799988586,1,695.379799988586,100,1100,1
7,3,1,23,2,"formal",512,8,0.1,1.1,"circle","stranger","f","f",0.799386999977287,1,799.386999977287,100,1100,1
7,3,1,23,2,"formal",513,8,0.1,1.1,"square","stranger","j","j",0.911823700007517,1,911.823700007517,100,1100,1
7,3,1,23,2,"formal",514,8,0.1,1.1,"circle","stranger","f","f",0.894348300003912,1,894.348300003912,100,1100,1
7,3,1,23,2,"formal",515,8,0.1,1.1,"square","self","f","f",0.806752100004815,1,806.752100004815,100,1100,1
7,3,1,23,2,"formal",516,8,0.1,1.1,"circle","self","j","j",0.543105399992783,1,543.105399992783,100,1100,1
7,3,1,23,2,"formal",517,8,0.1,1.1,"circle","self","j","j",0.537798500008648,1,537.798500008648,100,1100,1
7,3,1,23,2,"formal",518,8,0.1,1.1,"square","stranger","j","j",0.959213599999202,1,959.213599999202,100,1100,1
7,3,1,23,2,"formal",519,8,0.1,1.1,"circle","stranger","f","f",0.639422099979129,1,639.422099979129,100,1100,1
7,3,1,23,2,"formal",520,8,0.1,1.1,"square","self","f","f",0.766666899988195,1,766.666899988195,100,1100,1
7,3,1,23,2,"formal",521,8,0.1,1.1,"square","self","f","f",0.85424669997883,1,854.24669997883,100,1100,1
7,3,1,23,2,"formal",522,8,0.1,1.1,"circle","stranger","f","f",0.846688199992059,1,846.688199992059,100,1100,1
7,3,1,23,2,"formal",523,8,0.1,1.1,"circle","self","j","j",0.455086700007087,1,455.086700007087,100,1100,1
7,3,1,23,2,"formal",524,8,0.1,1.1,"square","stranger","j","j",0.639619800000219,1,639.619800000219,100,1100,1
7,3,1,23,2,"formal",525,8,0.1,1.1,"circle","self","j","j",0.710060399986105,1,710.060399986105,100,1100,1
7,3,1,23,2,"formal",526,8,0.1,1.1,"square","stranger","j","j",0.533663200010778,1,533.663200010778,100,1100,1
7,3,1,23,2,"formal",527,8,0.1,1.1,"square","self","f","f",0.679255499999272,1,679.255499999272,100,1100,1
7,3,1,23,2,"formal",528,8,0.1,1.1,"circle","stranger","f","f",0.661996099981479,1,661.996099981479,100,1100,1
7,4,1,20,2,"formal",9,8,0.1,1.1,"square","stranger","j","j",0.680345900007524,1,680.345900007524,100,1100,1
7,4,1,20,2,"formal",10,8,0.1,1.1,"square","self","f","j",0.924913999973796,0,924.913999973796,100,1100,1
7,4,1,20,2,"formal",11,8,0.1,1.1,"circle","stranger","f","j",1.06223959999625,0,1062.23959999625,100,1100,1
7,4,1,20,2,"formal",12,8,0.1,1.1,"circle","self","j","f",0.743955000012647,0,743.955000012647,100,1100,1
7,4,1,20,2,"formal",13,8,0.1,1.1,"circle","self","j","j",1.0788259,1,1078.8259,100,1100,1
7,4,1,20,2,"formal",14,8,0.1,1.1,"circle","stranger","f","",NA,0,NA,100,1100,0
7,4,1,20,2,"formal",15,8,0.1,1.1,"square","stranger","j","j",1.17787210000097,1,1177.87210000097,100,1100,1
7,4,1,20,2,"formal",16,8,0.1,1.1,"square","self","f","f",0.713119299995014,1,713.119299995014,100,1100,1
7,4,1,20,2,"formal",17,8,0.1,1.1,"square","self","f","f",0.744778299995232,1,744.778299995232,100,1100,1
7,4,1,20,2,"formal",18,8,0.1,1.1,"square","stranger","j","j",0.745699199993396,1,745.699199993396,100,1100,1
7,4,1,20,2,"formal",19,8,0.1,1.1,"circle","stranger","f","f",1.12865220001549,1,1128.65220001549,100,1100,1
7,4,1,20,2,"formal",20,8,0.1,1.1,"circle","self","j","j",0.919625199981965,1,919.625199981965,100,1100,1
7,4,1,20,2,"formal",21,8,0.1,1.1,"circle","stranger","f","f",0.697615100012626,1,697.615100012626,100,1100,1
7,4,1,20,2,"formal",22,8,0.1,1.1,"square","self","f","j",0.777634800004307,0,777.634800004307,100,1100,1
7,4,1,20,2,"formal",23,8,0.1,1.1,"square","stranger","j","j",0.954570800007787,1,954.570800007787,100,1100,1
7,4,1,20,2,"formal",24,8,0.1,1.1,"circle","self","j","j",0.98545410000952,1,985.45410000952,100,1100,1
7,4,1,20,2,"formal",25,8,0.1,1.1,"circle","self","j","j",0.903651100001298,1,903.651100001298,100,1100,1
7,4,1,20,2,"formal",26,8,0.1,1.1,"square","self","f","f",0.714631499984534,1,714.631499984534,100,1100,1
7,4,1,20,2,"formal",27,8,0.1,1.1,"square","stranger","j","j",0.778262500010896,1,778.262500010896,100,1100,1
7,4,1,20,2,"formal",28,8,0.1,1.1,"circle","stranger","f","f",0.678625100001227,1,678.625100001227,100,1100,1
7,4,1,20,2,"formal",29,8,0.1,1.1,"circle","self","j","j",0.729600199993001,1,729.600199993001,100,1100,1
7,4,1,20,2,"formal",30,8,0.1,1.1,"circle","stranger","f","f",0.873873100004857,1,873.873100004857,100,1100,1
7,4,1,20,2,"formal",31,8,0.1,1.1,"square","self","f","f",0.58714589997544,1,587.14589997544,100,1100,1
7,4,1,20,2,"formal",32,8,0.1,1.1,"square","stranger","j","j",0.776992800005246,1,776.992800005246,100,1100,1
7,4,1,20,2,"formal",33,8,0.1,1.1,"circle","stranger","f","f",0.616934699995909,1,616.934699995909,100,1100,1
7,4,1,20,2,"formal",34,8,0.1,1.1,"square","stranger","j","j",0.68254710000474,1,682.54710000474,100,1100,1
7,4,1,20,2,"formal",35,8,0.1,1.1,"square","self","f","j",0.90653039998142,0,906.53039998142,100,1100,1
7,4,1,20,2,"formal",36,8,0.1,1.1,"circle","self","j","j",0.841269799973816,1,841.269799973816,100,1100,1
7,4,1,20,2,"formal",37,8,0.1,1.1,"circle","self","j","j",0.649408299999777,1,649.408299999777,100,1100,1
7,4,1,20,2,"formal",38,8,0.1,1.1,"circle","stranger","f","f",1.04970460000914,1,1049.70460000914,100,1100,1
7,4,1,20,2,"formal",39,8,0.1,1.1,"square","self","f","f",0.65038549999008,1,650.38549999008,100,1100,1
7,4,1,20,2,"formal",40,8,0.1,1.1,"square","stranger","j","f",0.617530199990142,0,617.530199990142,100,1100,1
7,4,1,20,2,"formal",41,8,0.1,1.1,"circle","stranger","f","f",0.745752000017092,1,745.752000017092,100,1100,1
7,4,1,20,2,"formal",42,8,0.1,1.1,"square","self","f","f",0.842127199983224,1,842.127199983224,100,1100,1
7,4,1,20,2,"formal",43,8,0.1,1.1,"square","stranger","j","j",0.698054800013779,1,698.054800013779,100,1100,1
7,4,1,20,2,"formal",44,8,0.1,1.1,"circle","self","j","j",1.00156689999858,1,1001.56689999858,100,1100,1
7,4,1,20,2,"formal",45,8,0.1,1.1,"square","self","f","f",0.89002900000196,1,890.02900000196,100,1100,1
7,4,1,20,2,"formal",46,8,0.1,1.1,"square","stranger","j","j",0.682408900000155,1,682.408900000155,100,1100,1
7,4,1,20,2,"formal",47,8,0.1,1.1,"circle","stranger","f","f",0.746530999982497,1,746.530999982497,100,1100,1
7,4,1,20,2,"formal",48,8,0.1,1.1,"circle","self","j","j",0.665526900003897,1,665.526900003897,100,1100,1
7,4,1,20,2,"formal",49,8,0.1,1.1,"square","stranger","j","j",0.71488089999184,1,714.88089999184,100,1100,1
7,4,1,20,2,"formal",50,8,0.1,1.1,"circle","self","j","j",0.745902700000443,1,745.902700000443,100,1100,1
7,4,1,20,2,"formal",51,8,0.1,1.1,"square","self","f","f",0.522610799991526,1,522.610799991526,100,1100,1
7,4,1,20,2,"formal",52,8,0.1,1.1,"circle","stranger","f","f",0.506038599996828,1,506.038599996828,100,1100,1
7,4,1,20,2,"formal",53,8,0.1,1.1,"square","stranger","j","j",0.699230400001397,1,699.230400001397,100,1100,1
7,4,1,20,2,"formal",54,8,0.1,1.1,"circle","stranger","f","f",0.552712599979714,1,552.712599979714,100,1100,1
7,4,1,20,2,"formal",55,8,0.1,1.1,"circle","self","j","j",0.554541599994991,1,554.541599994991,100,1100,1
7,4,1,20,2,"formal",56,8,0.1,1.1,"square","self","f","f",0.69714470001054,1,697.14470001054,100,1100,1
7,4,1,20,2,"formal",57,8,0.1,1.1,"circle","self","j","j",0.713393000012729,1,713.393000012729,100,1100,1
7,4,1,20,2,"formal",58,8,0.1,1.1,"circle","stranger","f","f",0.666446299990639,1,666.446299990639,100,1100,1
7,4,1,20,2,"formal",59,8,0.1,1.1,"square","stranger","j","j",0.586217799980659,1,586.217799980659,100,1100,1
7,4,1,20,2,"formal",60,8,0.1,1.1,"square","self","f","f",0.635151499998756,1,635.151499998756,100,1100,1
7,4,1,20,2,"formal",61,8,0.1,1.1,"circle","stranger","f","f",0.780188800010365,1,780.188800010365,100,1100,1
7,4,1,20,2,"formal",62,8,0.1,1.1,"square","stranger","j","",NA,0,NA,100,1100,0
7,4,1,20,2,"formal",63,8,0.1,1.1,"circle","self","j","",NA,0,NA,100,1100,0
7,4,1,20,2,"formal",64,8,0.1,1.1,"square","self","f","j",0.921045199997025,0,921.045199997025,100,1100,1
7,4,1,20,2,"formal",65,8,0.1,1.1,"circle","self","j","j",1.10962539998582,1,1109.62539998582,100,1100,1
7,4,1,20,2,"formal",66,8,0.1,1.1,"square","stranger","j","j",1.09641620001639,1,1096.41620001639,100,1100,1
7,4,1,20,2,"formal",67,8,0.1,1.1,"square","self","f","f",0.698438500025077,1,698.438500025077,100,1100,1
7,4,1,20,2,"formal",68,8,0.1,1.1,"circle","stranger","f","f",0.729275599995162,1,729.275599995162,100,1100,1
7,4,1,20,2,"formal",69,8,0.1,1.1,"square","self","f","f",0.776903999998467,1,776.903999998467,100,1100,1
7,4,1,20,2,"formal",70,8,0.1,1.1,"circle","self","j","j",0.664646300021559,1,664.646300021559,100,1100,1
7,4,1,20,2,"formal",71,8,0.1,1.1,"circle","stranger","f","f",0.601467200001935,1,601.467200001935,100,1100,1
7,4,1,20,2,"formal",72,8,0.1,1.1,"square","stranger","j","j",0.858046500012279,1,858.046500012279,100,1100,1
7,4,1,20,2,"formal",73,8,0.1,1.1,"circle","stranger","f","f",0.745792900008382,1,745.792900008382,100,1100,1
7,4,1,20,2,"formal",74,8,0.1,1.1,"circle","self","j","j",0.64866959999199,1,648.66959999199,100,1100,1
7,4,1,20,2,"formal",75,8,0.1,1.1,"square","self","f","f",0.425908500008518,1,425.908500008518,100,1100,1
7,4,1,20,2,"formal",76,8,0.1,1.1,"square","stranger","j","j",0.521933399984846,1,521.933399984846,100,1100,1
7,4,1,20,2,"formal",77,8,0.1,1.1,"square","self","f","f",0.664952899998752,1,664.952899998752,100,1100,1
7,4,1,20,2,"formal",78,8,0.1,1.1,"circle","stranger","f","f",0.523095600015949,1,523.095600015949,100,1100,1
7,4,1,20,2,"formal",79,8,0.1,1.1,"circle","self","j","j",0.649531899980502,1,649.531899980502,100,1100,1
7,4,1,20,2,"formal",80,8,0.1,1.1,"square","stranger","j","f",0.538818299974082,0,538.818299974082,100,1100,1
7,4,1,20,2,"formal",81,8,0.1,1.1,"square","self","f","j",0.872087600000668,0,872.087600000668,100,1100,1
7,4,1,20,2,"formal",82,8,0.1,1.1,"circle","self","j","f",0.856536500010407,0,856.536500010407,100,1100,1
7,4,1,20,2,"formal",83,8,0.1,1.1,"square","stranger","j","j",0.650041999993846,1,650.041999993846,100,1100,1
7,4,1,20,2,"formal",84,8,0.1,1.1,"circle","stranger","f","j",1.0014085000148,0,1001.4085000148,100,1100,1
7,4,1,20,2,"formal",85,8,0.1,1.1,"circle","stranger","f","f",0.777658500010148,1,777.658500010148,100,1100,1
7,4,1,20,2,"formal",86,8,0.1,1.1,"circle","self","j","j",0.66522100000293,1,665.22100000293,100,1100,1
7,4,1,20,2,"formal",87,8,0.1,1.1,"square","stranger","j","f",0.840627500001574,0,840.627500001574,100,1100,1
7,4,1,20,2,"formal",88,8,0.1,1.1,"square","self","f","f",0.858064700005343,1,858.064700005343,100,1100,1
7,4,1,20,2,"formal",89,8,0.1,1.1,"circle","self","j","j",0.994713899999624,1,994.713899999624,100,1100,1
7,4,1,20,2,"formal",90,8,0.1,1.1,"square","stranger","j","j",0.793345800018869,1,793.345800018869,100,1100,1
7,4,1,20,2,"formal",91,8,0.1,1.1,"square","self","f","f",0.745759200013708,1,745.759200013708,100,1100,1
7,4,1,20,2,"formal",92,8,0.1,1.1,"circle","stranger","f","f",0.602116699999897,1,602.116699999897,100,1100,1
7,4,1,20,2,"formal",93,8,0.1,1.1,"circle","self","j","f",0.72946500001126,0,729.46500001126,100,1100,1
7,4,1,20,2,"formal",94,8,0.1,1.1,"square","self","f","f",0.793321600009222,1,793.321600009222,100,1100,1
7,4,1,20,2,"formal",95,8,0.1,1.1,"circle","stranger","f","f",0.602503400004935,1,602.503400004935,100,1100,1
7,4,1,20,2,"formal",96,8,0.1,1.1,"square","stranger","j","j",0.570530900004087,1,570.530900004087,100,1100,1
7,4,1,20,2,"formal",97,8,0.1,1.1,"square","stranger","j","f",0.633611600002041,0,633.611600002041,100,1100,1
7,4,1,20,2,"formal",98,8,0.1,1.1,"circle","self","j","f",0.729817199986428,0,729.817199986428,100,1100,1
7,4,1,20,2,"formal",99,8,0.1,1.1,"circle","stranger","f","f",0.698314000008395,1,698.314000008395,100,1100,1
7,4,1,20,2,"formal",100,8,0.1,1.1,"square","self","f","f",0.68219710001722,1,682.19710001722,100,1100,1
7,4,1,20,2,"formal",101,8,0.1,1.1,"square","self","f","f",0.522612400003709,1,522.612400003709,100,1100,1
7,4,1,20,2,"formal",102,8,0.1,1.1,"square","stranger","j","j",0.698604500008514,1,698.604500008514,100,1100,1
7,4,1,20,2,"formal",103,8,0.1,1.1,"circle","self","j","j",0.776934800000163,1,776.934800000163,100,1100,1
7,4,1,20,2,"formal",104,8,0.1,1.1,"circle","stranger","f","f",0.650534199987305,1,650.534199987305,100,1100,1
7,4,1,20,2,"formal",105,8,0.1,1.1,"square","self","f","f",0.537995499995304,1,537.995499995304,100,1100,1
7,4,1,20,2,"formal",106,8,0.1,1.1,"square","stranger","j","j",0.746962200006237,1,746.962200006237,100,1100,1
7,4,1,20,2,"formal",107,8,0.1,1.1,"circle","stranger","f","j",0.618828400009079,0,618.828400009079,100,1100,1
7,4,1,20,2,"formal",108,8,0.1,1.1,"circle","self","j","j",0.857754500000738,1,857.754500000738,100,1100,1
7,4,1,20,2,"formal",109,8,0.1,1.1,"circle","self","j","j",0.729746600001818,1,729.746600001818,100,1100,1
7,4,1,20,2,"formal",110,8,0.1,1.1,"square","stranger","j","f",0.71400179999182,0,714.00179999182,100,1100,1
7,4,1,20,2,"formal",111,8,0.1,1.1,"square","self","f","",NA,0,NA,100,1100,0
7,4,1,20,2,"formal",112,8,0.1,1.1,"circle","stranger","f","j",0.725293099996634,0,725.293099996634,100,1100,1
7,4,1,20,2,"formal",113,8,0.1,1.1,"square","stranger","j","",NA,0,NA,100,1100,0
7,4,1,20,2,"formal",114,8,0.1,1.1,"square","self","f","f",0.579796299978625,1,579.796299978625,100,1100,1
7,4,1,20,2,"formal",115,8,0.1,1.1,"circle","self","j","",NA,0,NA,100,1100,0
7,4,1,20,2,"formal",116,8,0.1,1.1,"circle","stranger","f","f",0.656586900004186,1,656.586900004186,100,1100,1
7,4,1,20,2,"formal",117,8,0.1,1.1,"square","stranger","j","",NA,0,NA,100,1100,0
7,4,1,20,2,"formal",118,8,0.1,1.1,"circle","self","j","",NA,0,NA,100,1100,0
7,4,1,20,2,"formal",119,8,0.1,1.1,"square","self","f","f",0.477373900008388,1,477.373900008388,100,1100,1
7,4,1,20,2,"formal",120,8,0.1,1.1,"circle","stranger","f","f",0.537739699997474,1,537.739699997474,100,1100,1
7,4,1,20,2,"formal",121,8,0.1,1.1,"square","stranger","j","",NA,0,NA,100,1100,0
7,4,1,20,2,"formal",122,8,0.1,1.1,"square","self","f","f",0.610161899996456,1,610.161899996456,100,1100,1
7,4,1,20,2,"formal",123,8,0.1,1.1,"circle","self","j","",NA,0,NA,100,1100,0
7,4,1,20,2,"formal",124,8,0.1,1.1,"circle","stranger","f","f",0.657868599984795,1,657.868599984795,100,1100,1
7,4,1,20,2,"formal",125,8,0.1,1.1,"square","stranger","j","",NA,0,NA,100,1100,0
7,4,1,20,2,"formal",126,8,0.1,1.1,"circle","self","j","",NA,0,NA,100,1100,0
7,4,1,20,2,"formal",127,8,0.1,1.1,"square","self","f","f",0.411824799986789,1,411.824799986789,100,1100,1
7,4,1,20,2,"formal",128,8,0.1,1.1,"circle","stranger","f","f",0.648914799996419,1,648.914799996419,100,1100,1
7,4,1,20,2,"formal",129,8,0.1,1.1,"square","self","f","f",0.745517500006827,1,745.517500006827,100,1100,1
7,4,1,20,2,"formal",130,8,0.1,1.1,"square","stranger","j","",NA,0,NA,100,1100,0
7,4,1,20,2,"formal",131,8,0.1,1.1,"circle","stranger","f","f",0.626481199986301,1,626.481199986301,100,1100,1
7,4,1,20,2,"formal",132,8,0.1,1.1,"circle","self","j","",NA,0,NA,100,1100,0
7,4,1,20,2,"formal",133,8,0.1,1.1,"circle","self","j","",NA,0,NA,100,1100,0
7,4,1,20,2,"formal",134,8,0.1,1.1,"square","stranger","j","",NA,0,NA,100,1100,0
7,4,1,20,2,"formal",135,8,0.1,1.1,"square","self","f","f",0.545396899979096,1,545.396899979096,100,1100,1
7,4,1,20,2,"formal",136,8,0.1,1.1,"circle","stranger","f","f",0.601425100001507,1,601.425100001507,100,1100,1
7,4,1,20,2,"formal",137,8,0.1,1.1,"circle","self","j","j",1.14459749998059,1,1144.59749998059,100,1100,1
7,4,1,20,2,"formal",138,8,0.1,1.1,"square","stranger","j","j",0.921132099989336,1,921.132099989336,100,1100,1
7,4,1,20,2,"formal",139,8,0.1,1.1,"circle","stranger","f","j",0.890080299985129,0,890.080299985129,100,1100,1
7,4,1,20,2,"formal",140,8,0.1,1.1,"square","self","f","f",0.53865540001425,1,538.65540001425,100,1100,1
7,4,1,20,2,"formal",141,8,0.1,1.1,"square","stranger","j","j",0.649395899992669,1,649.395899992669,100,1100,1
7,4,1,20,2,"formal",142,8,0.1,1.1,"circle","self","j","j",0.874105199996848,1,874.105199996848,100,1100,1
7,4,1,20,2,"formal",143,8,0.1,1.1,"circle","stranger","f","f",0.728603399998974,1,728.603399998974,100,1100,1
7,4,1,20,2,"formal",144,8,0.1,1.1,"square","self","f","j",0.809200399991823,0,809.200399991823,100,1100,1
7,4,1,20,2,"formal",145,8,0.1,1.1,"circle","stranger","f","f",0.633000200003153,1,633.000200003153,100,1100,1
7,4,1,20,2,"formal",146,8,0.1,1.1,"circle","self","j","j",1.04911510000238,1,1049.11510000238,100,1100,1
7,4,1,20,2,"formal",147,8,0.1,1.1,"square","stranger","j","f",0.648231600003783,0,648.231600003783,100,1100,1
7,4,1,20,2,"formal",148,8,0.1,1.1,"square","self","f","f",0.601178799988702,1,601.178799988702,100,1100,1
7,4,1,20,2,"formal",149,8,0.1,1.1,"circle","self","j","j",0.616681999992579,1,616.681999992579,100,1100,1
7,4,1,20,2,"formal",150,8,0.1,1.1,"square","self","f","j",1.01751040000818,0,1017.51040000818,100,1100,1
7,4,1,20,2,"formal",151,8,0.1,1.1,"circle","stranger","f","f",0.632694300002186,1,632.694300002186,100,1100,1
7,4,1,20,2,"formal",152,8,0.1,1.1,"square","stranger","j","j",0.745018099987647,1,745.018099987647,100,1100,1
7,4,1,20,2,"formal",153,8,0.1,1.1,"circle","self","j","f",0.570310600014636,0,570.310600014636,100,1100,1
7,4,1,20,2,"formal",154,8,0.1,1.1,"square","stranger","j","j",0.69675949998782,1,696.75949998782,100,1100,1
7,4,1,20,2,"formal",155,8,0.1,1.1,"square","self","f","f",0.586325099982787,1,586.325099982787,100,1100,1
7,4,1,20,2,"formal",156,8,0.1,1.1,"circle","stranger","f","f",0.40934580002795,1,409.34580002795,100,1100,1
7,4,1,20,2,"formal",157,8,0.1,1.1,"circle","self","j","j",0.568755400017835,1,568.755400017835,100,1100,1
7,4,1,20,2,"formal",158,8,0.1,1.1,"square","self","f","f",0.457572999992408,1,457.572999992408,100,1100,1
7,4,1,20,2,"formal",159,8,0.1,1.1,"square","stranger","j","j",0.537704299989855,1,537.704299989855,100,1100,1
7,4,1,20,2,"formal",160,8,0.1,1.1,"circle","stranger","f","f",0.648277900007088,1,648.277900007088,100,1100,1
7,4,1,20,2,"formal",161,8,0.1,1.1,"square","stranger","j","j",0.522494700009702,1,522.494700009702,100,1100,1
7,4,1,20,2,"formal",162,8,0.1,1.1,"circle","stranger","f","j",0.664536099997349,0,664.536099997349,100,1100,1
7,4,1,20,2,"formal",163,8,0.1,1.1,"circle","self","j","f",0.713021599978674,0,713.021599978674,100,1100,1
7,4,1,20,2,"formal",164,8,0.1,1.1,"square","self","f","f",0.506487300008303,1,506.487300008303,100,1100,1
7,4,1,20,2,"formal",165,8,0.1,1.1,"square","self","f","f",0.668498299986823,1,668.498299986823,100,1100,1
7,4,1,20,2,"formal",166,8,0.1,1.1,"circle","stranger","f","f",0.745694899989758,1,745.694899989758,100,1100,1
7,4,1,20,2,"formal",167,8,0.1,1.1,"square","stranger","j","j",0.616307400021469,1,616.307400021469,100,1100,1
7,4,1,20,2,"formal",168,8,0.1,1.1,"circle","self","j","j",0.697847000003094,1,697.847000003094,100,1100,1
7,4,1,20,2,"formal",169,8,0.1,1.1,"circle","stranger","f","f",0.648966300010215,1,648.966300010215,100,1100,1
7,4,1,20,2,"formal",170,8,0.1,1.1,"square","stranger","j","j",0.649341000011191,1,649.341000011191,100,1100,1
7,4,1,20,2,"formal",171,8,0.1,1.1,"circle","self","j","j",0.74627409997629,1,746.27409997629,100,1100,1
7,4,1,20,2,"formal",172,8,0.1,1.1,"square","self","f","f",0.632984700001543,1,632.984700001543,100,1100,1
7,4,1,20,2,"formal",173,8,0.1,1.1,"circle","stranger","f","f",0.616125999978976,1,616.125999978976,100,1100,1
7,4,1,20,2,"formal",174,8,0.1,1.1,"square","stranger","j","j",0.682148299994878,1,682.148299994878,100,1100,1
7,4,1,20,2,"formal",175,8,0.1,1.1,"circle","self","j","j",0.790456699993229,1,790.456699993229,100,1100,1
7,4,1,20,2,"formal",176,8,0.1,1.1,"square","self","f","f",0.48920189999626,1,489.20189999626,100,1100,1
7,4,1,20,2,"formal",177,8,0.1,1.1,"circle","self","j","j",0.58535710000433,1,585.35710000433,100,1100,1
7,4,1,20,2,"formal",178,8,0.1,1.1,"square","stranger","j","j",0.714552299992647,1,714.552299992647,100,1100,1
7,4,1,20,2,"formal",179,8,0.1,1.1,"square","self","f","f",0.569865999976173,1,569.865999976173,100,1100,1
7,4,1,20,2,"formal",180,8,0.1,1.1,"circle","stranger","f","f",0.520038400019985,1,520.038400019985,100,1100,1
7,4,1,20,2,"formal",181,8,0.1,1.1,"circle","self","j","j",0.665128199994797,1,665.128199994797,100,1100,1
7,4,1,20,2,"formal",182,8,0.1,1.1,"circle","stranger","f","j",0.66402840000228,0,664.02840000228,100,1100,1
7,4,1,20,2,"formal",183,8,0.1,1.1,"square","self","f","f",0.616957399994135,1,616.957399994135,100,1100,1
7,4,1,20,2,"formal",184,8,0.1,1.1,"square","stranger","j","j",0.553193699975964,1,553.193699975964,100,1100,1
7,4,1,20,2,"formal",185,8,0.1,1.1,"circle","stranger","f","f",0.537753000011435,1,537.753000011435,100,1100,1
7,4,1,20,2,"formal",186,8,0.1,1.1,"square","stranger","j","j",0.616258399997605,1,616.258399997605,100,1100,1
7,4,1,20,2,"formal",187,8,0.1,1.1,"circle","self","j","f",0.423947800009046,0,423.947800009046,100,1100,1
7,4,1,20,2,"formal",188,8,0.1,1.1,"square","self","f","f",0.503617500013206,1,503.617500013206,100,1100,1
7,4,1,20,2,"formal",189,8,0.1,1.1,"circle","stranger","f","f",0.762048100004904,1,762.048100004904,100,1100,1
7,4,1,20,2,"formal",190,8,0.1,1.1,"circle","self","j","j",0.664792499999749,1,664.792499999749,100,1100,1
7,4,1,20,2,"formal",191,8,0.1,1.1,"square","self","f","f",0.887521099997684,1,887.521099997684,100,1100,1
7,4,1,20,2,"formal",192,8,0.1,1.1,"square","stranger","j","j",0.714341499988222,1,714.341499988222,100,1100,1
7,4,1,20,2,"formal",193,8,0.1,1.1,"circle","self","j","j",0.905791500001214,1,905.791500001214,100,1100,1
7,4,1,20,2,"formal",194,8,0.1,1.1,"circle","stranger","f","f",0.665715699986322,1,665.715699986322,100,1100,1
7,4,1,20,2,"formal",195,8,0.1,1.1,"square","stranger","j","j",0.64852059999248,1,648.52059999248,100,1100,1
7,4,1,20,2,"formal",196,8,0.1,1.1,"square","self","f","f",0.777509999985341,1,777.509999985341,100,1100,1
7,4,1,20,2,"formal",197,8,0.1,1.1,"square","self","f","f",0.664806200016756,1,664.806200016756,100,1100,1
7,4,1,20,2,"formal",198,8,0.1,1.1,"circle","stranger","f","f",0.696660699992208,1,696.660699992208,100,1100,1
7,4,1,20,2,"formal",199,8,0.1,1.1,"circle","self","j","j",0.633109299989883,1,633.109299989883,100,1100,1
7,4,1,20,2,"formal",200,8,0.1,1.1,"square","stranger","j","j",0.650215599976946,1,650.215599976946,100,1100,1
7,4,1,20,2,"formal",201,8,0.1,1.1,"circle","stranger","f","f",0.808512199990219,1,808.512199990219,100,1100,1
7,4,1,20,2,"formal",202,8,0.1,1.1,"circle","self","j","j",0.585893799987389,1,585.893799987389,100,1100,1
7,4,1,20,2,"formal",203,8,0.1,1.1,"square","self","f","f",0.553567700000713,1,553.567700000713,100,1100,1
7,4,1,20,2,"formal",204,8,0.1,1.1,"square","stranger","j","j",0.632817500008969,1,632.817500008969,100,1100,1
7,4,1,20,2,"formal",205,8,0.1,1.1,"square","self","f","j",0.826449799991678,0,826.449799991678,100,1100,1
7,4,1,20,2,"formal",206,8,0.1,1.1,"circle","self","j","j",0.695966600003885,1,695.966600003885,100,1100,1
7,4,1,20,2,"formal",207,8,0.1,1.1,"square","stranger","j","f",0.600162499991711,0,600.162499991711,100,1100,1
7,4,1,20,2,"formal",208,8,0.1,1.1,"circle","stranger","f","f",0.64853679999942,1,648.53679999942,100,1100,1
7,4,1,20,2,"formal",209,8,0.1,1.1,"square","stranger","j","f",0.648790500010364,0,648.790500010364,100,1100,1
7,4,1,20,2,"formal",210,8,0.1,1.1,"circle","self","j","j",0.808326300000772,1,808.326300000772,100,1100,1
7,4,1,20,2,"formal",211,8,0.1,1.1,"circle","stranger","f","f",0.585611599992262,1,585.611599992262,100,1100,1
7,4,1,20,2,"formal",212,8,0.1,1.1,"square","self","f","f",0.552211600006558,1,552.211600006558,100,1100,1
7,4,1,20,2,"formal",213,8,0.1,1.1,"circle","self","j","j",0.568438199989032,1,568.438199989032,100,1100,1
7,4,1,20,2,"formal",214,8,0.1,1.1,"circle","stranger","f","j",0.600861899991287,0,600.861899991287,100,1100,1
7,4,1,20,2,"formal",215,8,0.1,1.1,"square","self","f","f",0.569829399988521,1,569.829399988521,100,1100,1
7,4,1,20,2,"formal",216,8,0.1,1.1,"square","stranger","j","j",0.552905599994119,1,552.905599994119,100,1100,1
7,4,1,20,2,"formal",217,8,0.1,1.1,"circle","stranger","f","f",0.588449299975764,1,588.449299975764,100,1100,1
7,4,1,20,2,"formal",218,8,0.1,1.1,"square","self","f","f",0.633377799997106,1,633.377799997106,100,1100,1
7,4,1,20,2,"formal",219,8,0.1,1.1,"square","stranger","j","j",0.665317900013179,1,665.317900013179,100,1100,1
7,4,1,20,2,"formal",220,8,0.1,1.1,"circle","self","j","j",0.568275300000096,1,568.275300000096,100,1100,1
7,4,1,20,2,"formal",221,8,0.1,1.1,"circle","self","j","j",0.680150600004708,1,680.150600004708,100,1100,1
7,4,1,20,2,"formal",222,8,0.1,1.1,"square","self","f","f",0.632704999996349,1,632.704999996349,100,1100,1
7,4,1,20,2,"formal",223,8,0.1,1.1,"square","stranger","j","j",0.63379459999851,1,633.79459999851,100,1100,1
7,4,1,20,2,"formal",224,8,0.1,1.1,"circle","stranger","f","f",0.600498699990567,1,600.498699990567,100,1100,1
7,4,1,20,2,"formal",225,8,0.1,1.1,"circle","self","j","j",0.680082600010792,1,680.082600010792,100,1100,1
7,4,1,20,2,"formal",226,8,0.1,1.1,"square","stranger","j","j",0.809843600000022,1,809.843600000022,100,1100,1
7,4,1,20,2,"formal",227,8,0.1,1.1,"square","self","f","f",0.568955499998992,1,568.955499998992,100,1100,1
7,4,1,20,2,"formal",228,8,0.1,1.1,"circle","stranger","f","f",0.456075599999167,1,456.075599999167,100,1100,1
7,4,1,20,2,"formal",229,8,0.1,1.1,"square","self","f","f",0.696799700002884,1,696.799700002884,100,1100,1
7,4,1,20,2,"formal",230,8,0.1,1.1,"circle","self","j","j",0.632935200002976,1,632.935200002976,100,1100,1
7,4,1,20,2,"formal",231,8,0.1,1.1,"circle","stranger","f","f",0.840690699988045,1,840.690699988045,100,1100,1
7,4,1,20,2,"formal",232,8,0.1,1.1,"square","stranger","j","j",0.567898400011472,1,567.898400011472,100,1100,1
7,4,1,20,2,"formal",233,8,0.1,1.1,"circle","self","j","j",0.856771500024479,1,856.771500024479,100,1100,1
7,4,1,20,2,"formal",234,8,0.1,1.1,"square","stranger","j","j",0.568961099983426,1,568.961099983426,100,1100,1
7,4,1,20,2,"formal",235,8,0.1,1.1,"square","self","f","f",0.728364199982025,1,728.364199982025,100,1100,1
7,4,1,20,2,"formal",236,8,0.1,1.1,"circle","stranger","f","f",0.441293700016104,1,441.293700016104,100,1100,1
7,4,1,20,2,"formal",237,8,0.1,1.1,"square","self","f","f",0.504254700004822,1,504.254700004822,100,1100,1
7,4,1,20,2,"formal",238,8,0.1,1.1,"circle","stranger","f","f",0.441012200026307,1,441.012200026307,100,1100,1
7,4,1,20,2,"formal",239,8,0.1,1.1,"square","stranger","j","j",0.713260699994862,1,713.260699994862,100,1100,1
7,4,1,20,2,"formal",240,8,0.1,1.1,"circle","self","j","f",0.538025099987863,0,538.025099987863,100,1100,1
7,4,1,20,2,"formal",241,8,0.1,1.1,"circle","self","j","j",0.617402700008824,1,617.402700008824,100,1100,1
7,4,1,20,2,"formal",242,8,0.1,1.1,"square","self","f","f",0.457821400021203,1,457.821400021203,100,1100,1
7,4,1,20,2,"formal",243,8,0.1,1.1,"circle","stranger","f","j",0.615998699999182,0,615.998699999182,100,1100,1
7,4,1,20,2,"formal",244,8,0.1,1.1,"square","stranger","j","j",0.713138399994932,1,713.138399994932,100,1100,1
7,4,1,20,2,"formal",245,8,0.1,1.1,"square","stranger","j","j",0.473842899984447,1,473.842899984447,100,1100,1
7,4,1,20,2,"formal",246,8,0.1,1.1,"circle","self","j","j",0.617568999994546,1,617.568999994546,100,1100,1
7,4,1,20,2,"formal",247,8,0.1,1.1,"circle","stranger","f","f",0.520807799999602,1,520.807799999602,100,1100,1
7,4,1,20,2,"formal",248,8,0.1,1.1,"square","self","f","f",0.472245899989503,1,472.245899989503,100,1100,1
7,4,1,20,2,"formal",249,8,0.1,1.1,"square","self","f","f",0.520370799989905,1,520.370799989905,100,1100,1
7,4,1,20,2,"formal",250,8,0.1,1.1,"circle","stranger","f","f",0.440704400010873,1,440.704400010873,100,1100,1
7,4,1,20,2,"formal",251,8,0.1,1.1,"circle","self","j","j",0.584829100000206,1,584.829100000206,100,1100,1
7,4,1,20,2,"formal",252,8,0.1,1.1,"square","stranger","j","j",0.697933399991598,1,697.933399991598,100,1100,1
7,4,1,20,2,"formal",253,8,0.1,1.1,"circle","stranger","f","f",0.600190900004236,1,600.190900004236,100,1100,1
7,4,1,20,2,"formal",254,8,0.1,1.1,"square","stranger","j","j",0.538346000015736,1,538.346000015736,100,1100,1
7,4,1,20,2,"formal",255,8,0.1,1.1,"square","self","f","f",0.55195970000932,1,551.95970000932,100,1100,1
7,4,1,20,2,"formal",256,8,0.1,1.1,"circle","self","j","j",0.504160500015132,1,504.160500015132,100,1100,1
7,4,1,20,2,"formal",257,8,0.1,1.1,"square","stranger","j","f",0.537943500006804,0,537.943500006804,100,1100,1
7,4,1,20,2,"formal",258,8,0.1,1.1,"circle","stranger","f","f",0.553610500006471,1,553.610500006471,100,1100,1
7,4,1,20,2,"formal",259,8,0.1,1.1,"square","self","f","f",0.600396099995123,1,600.396099995123,100,1100,1
7,4,1,20,2,"formal",260,8,0.1,1.1,"circle","self","j","j",0.600737100001425,1,600.737100001425,100,1100,1
7,4,1,20,2,"formal",261,8,0.1,1.1,"square","self","f","j",0.5217417999811,0,521.7417999811,100,1100,1
7,4,1,20,2,"formal",262,8,0.1,1.1,"circle","self","j","j",0.809471899992786,1,809.471899992786,100,1100,1
7,4,1,20,2,"formal",263,8,0.1,1.1,"circle","stranger","f","f",0.774724699993385,1,774.724699993385,100,1100,1
7,4,1,20,2,"formal",264,8,0.1,1.1,"square","stranger","j","j",0.536441400006879,1,536.441400006879,100,1100,1
7,4,1,20,2,"formal",265,8,0.1,1.1,"square","self","f","j",0.504975200019544,0,504.975200019544,100,1100,1
7,4,1,20,2,"formal",266,8,0.1,1.1,"circle","stranger","f","f",0.520560300006764,1,520.560300006764,100,1100,1
7,4,1,20,2,"formal",267,8,0.1,1.1,"square","stranger","j","j",0.457313399994746,1,457.313399994746,100,1100,1
7,4,1,20,2,"formal",268,8,0.1,1.1,"circle","self","j","f",0.552816900017206,0,552.816900017206,100,1100,1
7,4,1,20,2,"formal",269,8,0.1,1.1,"square","stranger","j","j",0.74941420002142,1,749.41420002142,100,1100,1
7,4,1,20,2,"formal",270,8,0.1,1.1,"square","self","f","f",0.856996399990749,1,856.996399990749,100,1100,1
7,4,1,20,2,"formal",271,8,0.1,1.1,"circle","self","j","j",0.775807400001213,1,775.807400001213,100,1100,1
7,4,1,20,2,"formal",272,8,0.1,1.1,"circle","stranger","f","f",0.6160385000112,1,616.0385000112,100,1100,1
7,4,1,20,2,"formal",273,8,0.1,1.1,"square","self","f","f",0.712860599975102,1,712.860599975102,100,1100,1
7,4,1,20,2,"formal",274,8,0.1,1.1,"square","stranger","j","j",0.648853199993027,1,648.853199993027,100,1100,1
7,4,1,20,2,"formal",275,8,0.1,1.1,"circle","stranger","f","f",0.664219199999934,1,664.219199999934,100,1100,1
7,4,1,20,2,"formal",276,8,0.1,1.1,"circle","self","j","j",0.5366001999937,1,536.6001999937,100,1100,1
7,4,1,20,2,"formal",277,8,0.1,1.1,"circle","self","j","j",0.632002199999988,1,632.002199999988,100,1100,1
7,4,1,20,2,"formal",278,8,0.1,1.1,"circle","stranger","f","f",0.952174200006993,1,952.174200006993,100,1100,1
7,4,1,20,2,"formal",279,8,0.1,1.1,"square","stranger","j","j",0.647922599979211,1,647.922599979211,100,1100,1
7,4,1,20,2,"formal",280,8,0.1,1.1,"square","self","f","f",0.617168800003128,1,617.168800003128,100,1100,1
7,4,1,20,2,"formal",281,8,0.1,1.1,"square","self","f","j",0.649151299992809,0,649.151299992809,100,1100,1
7,4,1,20,2,"formal",282,8,0.1,1.1,"circle","self","j","j",0.791793499985943,1,791.793499985943,100,1100,1
7,4,1,20,2,"formal",283,8,0.1,1.1,"square","stranger","j","f",0.984730199998012,0,984.730199998012,100,1100,1
7,4,1,20,2,"formal",284,8,0.1,1.1,"circle","stranger","f","f",0.568667499988806,1,568.667499988806,100,1100,1
7,4,1,20,2,"formal",285,8,0.1,1.1,"circle","stranger","f","",NA,0,NA,100,1100,0
7,4,1,20,2,"formal",286,8,0.1,1.1,"square","stranger","j","j",0.607794000010472,1,607.794000010472,100,1100,1
7,4,1,20,2,"formal",287,8,0.1,1.1,"circle","self","j","j",0.648415000003297,1,648.415000003297,100,1100,1
7,4,1,20,2,"formal",288,8,0.1,1.1,"square","self","f","f",0.777003800001694,1,777.003800001694,100,1100,1
7,4,1,20,2,"formal",289,8,0.1,1.1,"square","stranger","j","j",0.505163599998923,1,505.163599998923,100,1100,1
7,4,1,20,2,"formal",290,8,0.1,1.1,"circle","self","j","f",0.936389700014843,0,936.389700014843,100,1100,1
7,4,1,20,2,"formal",291,8,0.1,1.1,"circle","stranger","f","f",0.584153100004187,1,584.153100004187,100,1100,1
7,4,1,20,2,"formal",292,8,0.1,1.1,"square","self","f","f",0.728982999979053,1,728.982999979053,100,1100,1
7,4,1,20,2,"formal",293,8,0.1,1.1,"circle","stranger","f","f",0.680388500011759,1,680.388500011759,100,1100,1
7,4,1,20,2,"formal",294,8,0.1,1.1,"circle","self","j","j",0.488776899990626,1,488.776899990626,100,1100,1
7,4,1,20,2,"formal",295,8,0.1,1.1,"square","stranger","j","f",0.537687000003643,0,537.687000003643,100,1100,1
7,4,1,20,2,"formal",296,8,0.1,1.1,"square","self","f","j",0.630772300006356,0,630.772300006356,100,1100,1
7,4,1,20,2,"formal",297,8,0.1,1.1,"circle","self","j","",NA,0,NA,100,1100,0
7,4,1,20,2,"formal",298,8,0.1,1.1,"square","stranger","j","f",0.550173400028143,0,550.173400028143,100,1100,1
7,4,1,20,2,"formal",299,8,0.1,1.1,"circle","stranger","f","f",0.51595199998701,1,515.95199998701,100,1100,1
7,4,1,20,2,"formal",300,8,0.1,1.1,"square","self","f","j",0.547022299986565,0,547.022299986565,100,1100,1
7,4,1,20,2,"formal",301,8,0.1,1.1,"square","stranger","j","j",0.64357509999536,1,643.57509999536,100,1100,1
7,4,1,20,2,"formal",302,8,0.1,1.1,"square","self","f","j",0.707724699983373,0,707.724699983373,100,1100,1
7,4,1,20,2,"formal",303,8,0.1,1.1,"circle","self","j","f",0.818783099995926,0,818.783099995926,100,1100,1
7,4,1,20,2,"formal",304,8,0.1,1.1,"circle","stranger","f","f",0.467208199988818,1,467.208199988818,100,1100,1
7,4,1,20,2,"formal",305,8,0.1,1.1,"circle","stranger","f","f",0.467790800001239,1,467.790800001239,100,1100,1
7,4,1,20,2,"formal",306,8,0.1,1.1,"square","self","f","j",0.578488800005289,0,578.488800005289,100,1100,1
7,4,1,20,2,"formal",307,8,0.1,1.1,"circle","self","j","j",0.853699800005415,1,853.699800005415,100,1100,1
7,4,1,20,2,"formal",308,8,0.1,1.1,"square","stranger","j","f",0.469352799991611,0,469.352799991611,100,1100,1
7,4,1,20,2,"formal",309,8,0.1,1.1,"circle","stranger","f","f",0.552974499994889,1,552.974499994889,100,1100,1
7,4,1,20,2,"formal",310,8,0.1,1.1,"circle","self","j","j",0.56869819998974,1,568.69819998974,100,1100,1
7,4,1,20,2,"formal",311,8,0.1,1.1,"square","stranger","j","j",0.824286500021117,1,824.286500021117,100,1100,1
7,4,1,20,2,"formal",312,8,0.1,1.1,"square","self","f","j",0.647188800008735,0,647.188800008735,100,1100,1
7,4,1,20,2,"formal",313,8,0.1,1.1,"circle","self","j","j",0.664126199990278,1,664.126199990278,100,1100,1
7,4,1,20,2,"formal",314,8,0.1,1.1,"circle","stranger","f","f",0.664631899999222,1,664.631899999222,100,1100,1
7,4,1,20,2,"formal",315,8,0.1,1.1,"square","stranger","j","j",0.63273479999043,1,632.73479999043,100,1100,1
7,4,1,20,2,"formal",316,8,0.1,1.1,"square","self","f","j",0.537845600018045,0,537.845600018045,100,1100,1
7,4,1,20,2,"formal",317,8,0.1,1.1,"square","stranger","j","j",0.968470399995567,1,968.470399995567,100,1100,1
7,4,1,20,2,"formal",318,8,0.1,1.1,"circle","self","j","f",0.441801700013457,0,441.801700013457,100,1100,1
7,4,1,20,2,"formal",319,8,0.1,1.1,"square","self","f","f",0.615654299996095,1,615.654299996095,100,1100,1
7,4,1,20,2,"formal",320,8,0.1,1.1,"circle","stranger","f","f",0.632893999980297,1,632.893999980297,100,1100,1
7,4,1,20,2,"formal",321,8,0.1,1.1,"square","self","f","f",0.637063700007275,1,637.063700007275,100,1100,1
7,4,1,20,2,"formal",322,8,0.1,1.1,"circle","stranger","f","f",0.534613499999978,1,534.613499999978,100,1100,1
7,4,1,20,2,"formal",323,8,0.1,1.1,"circle","self","j","j",0.536799099994823,1,536.799099994823,100,1100,1
7,4,1,20,2,"formal",324,8,0.1,1.1,"square","stranger","j","f",0.568895899981726,0,568.895899981726,100,1100,1
7,4,1,20,2,"formal",325,8,0.1,1.1,"square","self","f","f",0.568973699992057,1,568.973699992057,100,1100,1
7,4,1,20,2,"formal",326,8,0.1,1.1,"circle","stranger","f","f",0.518332599982386,1,518.332599982386,100,1100,1
7,4,1,20,2,"formal",327,8,0.1,1.1,"circle","self","j","j",0.6803338000027,1,680.3338000027,100,1100,1
7,4,1,20,2,"formal",328,8,0.1,1.1,"square","stranger","j","j",0.792220400006045,1,792.220400006045,100,1100,1
7,4,1,20,2,"formal",329,8,0.1,1.1,"square","stranger","j","j",0.681650700018508,1,681.650700018508,100,1100,1
7,4,1,20,2,"formal",330,8,0.1,1.1,"circle","self","j","j",0.712165400007507,1,712.165400007507,100,1100,1
7,4,1,20,2,"formal",331,8,0.1,1.1,"circle","stranger","f","f",0.599917899991851,1,599.917899991851,100,1100,1
7,4,1,20,2,"formal",332,8,0.1,1.1,"square","self","f","f",0.683098399982555,1,683.098399982555,100,1100,1
7,4,1,20,2,"formal",333,8,0.1,1.1,"square","self","f","f",0.728179700003238,1,728.179700003238,100,1100,1
7,4,1,20,2,"formal",334,8,0.1,1.1,"circle","self","j","f",0.440346999996109,0,440.346999996109,100,1100,1
7,4,1,20,2,"formal",335,8,0.1,1.1,"square","stranger","j","j",1.00064410001505,1,1000.64410001505,100,1100,1
7,4,1,20,2,"formal",336,8,0.1,1.1,"circle","stranger","f","f",0.584255900001153,1,584.255900001153,100,1100,1
7,4,1,20,2,"formal",337,8,0.1,1.1,"circle","stranger","f","f",0.68009290000191,1,680.09290000191,100,1100,1
7,4,1,20,2,"formal",338,8,0.1,1.1,"circle","self","j","j",0.600343500002054,1,600.343500002054,100,1100,1
7,4,1,20,2,"formal",339,8,0.1,1.1,"square","self","f","f",0.792580700013787,1,792.580700013787,100,1100,1
7,4,1,20,2,"formal",340,8,0.1,1.1,"square","stranger","j","j",0.696208499983186,1,696.208499983186,100,1100,1
7,4,1,20,2,"formal",341,8,0.1,1.1,"square","stranger","j","j",0.744276100012939,1,744.276100012939,100,1100,1
7,4,1,20,2,"formal",342,8,0.1,1.1,"circle","self","j","j",0.663510500016855,1,663.510500016855,100,1100,1
7,4,1,20,2,"formal",343,8,0.1,1.1,"circle","stranger","f","f",0.681061800016323,1,681.061800016323,100,1100,1
7,4,1,20,2,"formal",344,8,0.1,1.1,"square","self","f","f",0.585988700011512,1,585.988700011512,100,1100,1
7,4,1,20,2,"formal",345,8,0.1,1.1,"square","self","f","",NA,0,NA,100,1100,0
7,4,1,20,2,"formal",346,8,0.1,1.1,"circle","stranger","f","f",0.543791500007501,1,543.791500007501,100,1100,1
7,4,1,20,2,"formal",347,8,0.1,1.1,"square","stranger","j","j",0.552828000014415,1,552.828000014415,100,1100,1
7,4,1,20,2,"formal",348,8,0.1,1.1,"circle","self","j","f",0.536191299994243,0,536.191299994243,100,1100,1
7,4,1,20,2,"formal",349,8,0.1,1.1,"square","stranger","j","j",0.760642599983839,1,760.642599983839,100,1100,1
7,4,1,20,2,"formal",350,8,0.1,1.1,"square","self","f","f",0.680079199984903,1,680.079199984903,100,1100,1
7,4,1,20,2,"formal",351,8,0.1,1.1,"circle","self","j","j",0.617171099991538,1,617.171099991538,100,1100,1
7,4,1,20,2,"formal",352,8,0.1,1.1,"circle","stranger","f","f",0.552874899993185,1,552.874899993185,100,1100,1
7,4,1,20,2,"formal",353,8,0.1,1.1,"circle","stranger","f","j",0.584926999988966,0,584.926999988966,100,1100,1
7,4,1,20,2,"formal",354,8,0.1,1.1,"square","self","f","f",0.744741599977715,1,744.741599977715,100,1100,1
7,4,1,20,2,"formal",355,8,0.1,1.1,"circle","self","j","j",0.632196399994427,1,632.196399994427,100,1100,1
7,4,1,20,2,"formal",356,8,0.1,1.1,"square","stranger","j","j",0.760630200005835,1,760.630200005835,100,1100,1
7,4,1,20,2,"formal",357,8,0.1,1.1,"circle","stranger","f","f",0.743928100011544,1,743.928100011544,100,1100,1
7,4,1,20,2,"formal",358,8,0.1,1.1,"circle","self","j","j",0.711122999986401,1,711.122999986401,100,1100,1
7,4,1,20,2,"formal",359,8,0.1,1.1,"square","self","f","j",0.74514129999443,0,745.14129999443,100,1100,1
7,4,1,20,2,"formal",360,8,0.1,1.1,"square","stranger","j","j",0.744928300002357,1,744.928300002357,100,1100,1
7,4,1,20,2,"formal",361,8,0.1,1.1,"square","self","f","f",0.663331600022502,1,663.331600022502,100,1100,1
7,4,1,20,2,"formal",362,8,0.1,1.1,"circle","stranger","f","f",0.535314899985678,1,535.314899985678,100,1100,1
7,4,1,20,2,"formal",363,8,0.1,1.1,"circle","self","j","j",0.649284899991471,1,649.284899991471,100,1100,1
7,4,1,20,2,"formal",364,8,0.1,1.1,"square","stranger","j","j",0.88959830001113,1,889.59830001113,100,1100,1
7,4,1,20,2,"formal",365,8,0.1,1.1,"square","self","f","f",0.713417599996319,1,713.417599996319,100,1100,1
7,4,1,20,2,"formal",366,8,0.1,1.1,"circle","stranger","f","f",0.631795900000725,1,631.795900000725,100,1100,1
7,4,1,20,2,"formal",367,8,0.1,1.1,"square","stranger","j","f",0.952383399999235,0,952.383399999235,100,1100,1
7,4,1,20,2,"formal",368,8,0.1,1.1,"circle","self","j","j",0.584619600005681,1,584.619600005681,100,1100,1
7,4,1,20,2,"formal",369,8,0.1,1.1,"square","self","f","f",0.664833499991801,1,664.833499991801,100,1100,1
7,4,1,20,2,"formal",370,8,0.1,1.1,"circle","self","j","j",0.615123800002038,1,615.123800002038,100,1100,1
7,4,1,20,2,"formal",371,8,0.1,1.1,"square","stranger","j","f",0.53652319998946,0,536.52319998946,100,1100,1
7,4,1,20,2,"formal",372,8,0.1,1.1,"circle","stranger","f","f",0.570858399994904,1,570.858399994904,100,1100,1
7,4,1,20,2,"formal",373,8,0.1,1.1,"circle","self","j","j",0.874862299999222,1,874.862299999222,100,1100,1
7,4,1,20,2,"formal",374,8,0.1,1.1,"square","self","f","f",0.61687230001553,1,616.87230001553,100,1100,1
7,4,1,20,2,"formal",375,8,0.1,1.1,"circle","stranger","f","f",0.6802730000054,1,680.2730000054,100,1100,1
7,4,1,20,2,"formal",376,8,0.1,1.1,"square","stranger","j","j",0.552828699990641,1,552.828699990641,100,1100,1
7,4,1,20,2,"formal",377,8,0.1,1.1,"circle","stranger","f","f",0.822415999980876,1,822.415999980876,100,1100,1
7,4,1,20,2,"formal",378,8,0.1,1.1,"square","stranger","j","j",0.551279700011946,1,551.279700011946,100,1100,1
7,4,1,20,2,"formal",379,8,0.1,1.1,"circle","self","j","j",0.631771399988793,1,631.771399988793,100,1100,1
7,4,1,20,2,"formal",380,8,0.1,1.1,"square","self","f","f",0.568852700002026,1,568.852700002026,100,1100,1
7,4,1,20,2,"formal",381,8,0.1,1.1,"square","self","f","f",0.823558300005971,1,823.558300005971,100,1100,1
7,4,1,20,2,"formal",382,8,0.1,1.1,"circle","self","j","j",0.758795200003078,1,758.795200003078,100,1100,1
7,4,1,20,2,"formal",383,8,0.1,1.1,"circle","stranger","f","f",0.584129199996823,1,584.129199996823,100,1100,1
7,4,1,20,2,"formal",384,8,0.1,1.1,"square","stranger","j","j",0.551751599996351,1,551.751599996351,100,1100,1
7,4,1,20,2,"formal",385,8,0.1,1.1,"circle","self","j","j",0.679581300006248,1,679.581300006248,100,1100,1
7,4,1,20,2,"formal",386,8,0.1,1.1,"square","stranger","j","j",0.615467299998272,1,615.467299998272,100,1100,1
7,4,1,20,2,"formal",387,8,0.1,1.1,"square","self","f","f",0.583468400000129,1,583.468400000129,100,1100,1
7,4,1,20,2,"formal",388,8,0.1,1.1,"circle","stranger","f","f",0.456494899990503,1,456.494899990503,100,1100,1
7,4,1,20,2,"formal",389,8,0.1,1.1,"circle","stranger","f","f",0.823136399994837,1,823.136399994837,100,1100,1
7,4,1,20,2,"formal",390,8,0.1,1.1,"square","self","f","f",0.536762100004125,1,536.762100004125,100,1100,1
7,4,1,20,2,"formal",391,8,0.1,1.1,"circle","self","j","j",0.695535199978622,1,695.535199978622,100,1100,1
7,4,1,20,2,"formal",392,8,0.1,1.1,"square","stranger","j","j",0.713246300001629,1,713.246300001629,100,1100,1
7,4,1,20,2,"formal",393,8,0.1,1.1,"circle","self","j","",NA,0,NA,100,1100,0
7,4,1,20,2,"formal",394,8,0.1,1.1,"circle","stranger","f","f",0.590298800001619,1,590.298800001619,100,1100,1
7,4,1,20,2,"formal",395,8,0.1,1.1,"square","stranger","j","j",0.696074700012105,1,696.074700012105,100,1100,1
7,4,1,20,2,"formal",396,8,0.1,1.1,"square","self","f","j",0.79258189999382,0,792.58189999382,100,1100,1
7,4,1,20,2,"formal",397,8,0.1,1.1,"square","stranger","j","j",0.856043900013901,1,856.043900013901,100,1100,1
7,4,1,20,2,"formal",398,8,0.1,1.1,"circle","self","j","f",0.631535900000017,0,631.535900000017,100,1100,1
7,4,1,20,2,"formal",399,8,0.1,1.1,"circle","stranger","f","f",0.615501899999799,1,615.501899999799,100,1100,1
7,4,1,20,2,"formal",400,8,0.1,1.1,"square","self","f","f",0.728169999987585,1,728.169999987585,100,1100,1
7,4,1,20,2,"formal",401,8,0.1,1.1,"circle","stranger","f","f",0.775263499992434,1,775.263499992434,100,1100,1
7,4,1,20,2,"formal",402,8,0.1,1.1,"square","self","f","j",0.92121010000119,0,921.21010000119,100,1100,1
7,4,1,20,2,"formal",403,8,0.1,1.1,"circle","self","j","",NA,0,NA,100,1100,0
7,4,1,20,2,"formal",404,8,0.1,1.1,"square","stranger","j","j",0.639763899991522,1,639.763899991522,100,1100,1
7,4,1,20,2,"formal",405,8,0.1,1.1,"circle","self","j","j",0.570000800013077,1,570.000800013077,100,1100,1
7,4,1,20,2,"formal",406,8,0.1,1.1,"square","stranger","j","j",0.553121600009035,1,553.121600009035,100,1100,1
7,4,1,20,2,"formal",407,8,0.1,1.1,"square","self","f","j",0.680873799981782,0,680.873799981782,100,1100,1
7,4,1,20,2,"formal",408,8,0.1,1.1,"circle","stranger","f","f",0.536920099984854,1,536.920099984854,100,1100,1
7,4,1,20,2,"formal",409,8,0.1,1.1,"square","self","f","j",0.536883499997202,0,536.883499997202,100,1100,1
7,4,1,20,2,"formal",410,8,0.1,1.1,"circle","stranger","f","f",0.600701900024433,1,600.701900024433,100,1100,1
7,4,1,20,2,"formal",411,8,0.1,1.1,"square","stranger","j","j",0.616038600011962,1,616.038600011962,100,1100,1
7,4,1,20,2,"formal",412,8,0.1,1.1,"circle","self","j","f",0.424516200000653,0,424.516200000653,100,1100,1
7,4,1,20,2,"formal",413,8,0.1,1.1,"square","self","f","f",0.568582799984142,1,568.582799984142,100,1100,1
7,4,1,20,2,"formal",414,8,0.1,1.1,"square","stranger","j","j",0.519987200008472,1,519.987200008472,100,1100,1
7,4,1,20,2,"formal",415,8,0.1,1.1,"circle","stranger","f","f",0.520388100005221,1,520.388100005221,100,1100,1
7,4,1,20,2,"formal",416,8,0.1,1.1,"circle","self","j","j",0.535966200026451,1,535.966200026451,100,1100,1
7,4,1,20,2,"formal",417,8,0.1,1.1,"square","stranger","j","j",0.681046199984848,1,681.046199984848,100,1100,1
7,4,1,20,2,"formal",418,8,0.1,1.1,"circle","stranger","f","f",0.551176599983592,1,551.176599983592,100,1100,1
7,4,1,20,2,"formal",419,8,0.1,1.1,"square","self","f","f",0.600669000006747,1,600.669000006747,100,1100,1
7,4,1,20,2,"formal",420,8,0.1,1.1,"circle","self","j","j",0.584162299986929,1,584.162299986929,100,1100,1
7,4,1,20,2,"formal",421,8,0.1,1.1,"square","stranger","j","",NA,0,NA,100,1100,0
7,4,1,20,2,"formal",422,8,0.1,1.1,"circle","self","j","j",0.704250500013586,1,704.250500013586,100,1100,1
7,4,1,20,2,"formal",423,8,0.1,1.1,"circle","stranger","f","f",0.664547899999889,1,664.547899999889,100,1100,1
7,4,1,20,2,"formal",424,8,0.1,1.1,"square","self","f","f",0.728707000002032,1,728.707000002032,100,1100,1
7,4,1,20,2,"formal",425,8,0.1,1.1,"square","self","f","f",0.621438900008798,1,621.438900008798,100,1100,1
7,4,1,20,2,"formal",426,8,0.1,1.1,"circle","stranger","f","f",0.473235199984629,1,473.235199984629,100,1100,1
7,4,1,20,2,"formal",427,8,0.1,1.1,"square","stranger","j","j",0.584966700000223,1,584.966700000223,100,1100,1
7,4,1,20,2,"formal",428,8,0.1,1.1,"circle","self","j","j",0.600423199997749,1,600.423199997749,100,1100,1
7,4,1,20,2,"formal",429,8,0.1,1.1,"square","self","f","f",0.5208624000079,1,520.8624000079,100,1100,1
7,4,1,20,2,"formal",430,8,0.1,1.1,"square","stranger","j","j",0.473024899984011,1,473.024899984011,100,1100,1
7,4,1,20,2,"formal",431,8,0.1,1.1,"circle","stranger","f","f",0.552932700025849,1,552.932700025849,100,1100,1
7,4,1,20,2,"formal",432,8,0.1,1.1,"circle","self","j","j",0.552098399988608,1,552.098399988608,100,1100,1
7,4,1,20,2,"formal",433,8,0.1,1.1,"square","stranger","j","j",0.568453499989118,1,568.453499989118,100,1100,1
7,4,1,20,2,"formal",434,8,0.1,1.1,"square","self","f","f",0.712572099990211,1,712.572099990211,100,1100,1
7,4,1,20,2,"formal",435,8,0.1,1.1,"circle","self","j","j",0.552010400017025,1,552.010400017025,100,1100,1
7,4,1,20,2,"formal",436,8,0.1,1.1,"circle","stranger","f","f",0.52040689997375,1,520.40689997375,100,1100,1
7,4,1,20,2,"formal",437,8,0.1,1.1,"circle","self","j","j",0.534396299975924,1,534.396299975924,100,1100,1
7,4,1,20,2,"formal",438,8,0.1,1.1,"square","self","f","f",0.585400500014657,1,585.400500014657,100,1100,1
7,4,1,20,2,"formal",439,8,0.1,1.1,"circle","stranger","f","f",0.456011000002036,1,456.011000002036,100,1100,1
7,4,1,20,2,"formal",440,8,0.1,1.1,"square","stranger","j","j",0.760655299993232,1,760.655299993232,100,1100,1
7,4,1,20,2,"formal",441,8,0.1,1.1,"circle","stranger","f","f",0.504587500006892,1,504.587500006892,100,1100,1
7,4,1,20,2,"formal",442,8,0.1,1.1,"square","self","f","j",0.825437000021338,0,825.437000021338,100,1100,1
7,4,1,20,2,"formal",443,8,0.1,1.1,"square","stranger","j","j",0.600794300000416,1,600.794300000416,100,1100,1
7,4,1,20,2,"formal",444,8,0.1,1.1,"circle","self","j","f",0.438231899985112,0,438.231899985112,100,1100,1
7,4,1,20,2,"formal",445,8,0.1,1.1,"circle","self","j","f",0.472408000001451,0,472.408000001451,100,1100,1
7,4,1,20,2,"formal",446,8,0.1,1.1,"square","self","f","f",0.505035300011514,1,505.035300011514,100,1100,1
7,4,1,20,2,"formal",447,8,0.1,1.1,"square","stranger","j","j",1.03206749999663,1,1032.06749999663,100,1100,1
7,4,1,20,2,"formal",448,8,0.1,1.1,"circle","stranger","f","f",0.649139000015566,1,649.139000015566,100,1100,1
7,4,1,20,2,"formal",449,8,0.1,1.1,"circle","self","j","j",0.584325400006492,1,584.325400006492,100,1100,1
7,4,1,20,2,"formal",450,8,0.1,1.1,"circle","stranger","f","j",0.694960799999535,0,694.960799999535,100,1100,1
7,4,1,20,2,"formal",451,8,0.1,1.1,"square","self","f","f",0.633361599990167,1,633.361599990167,100,1100,1
7,4,1,20,2,"formal",452,8,0.1,1.1,"square","stranger","j","j",0.633651399984956,1,633.651399984956,100,1100,1
7,4,1,20,2,"formal",453,8,0.1,1.1,"circle","stranger","f","f",0.792600099986885,1,792.600099986885,100,1100,1
7,4,1,20,2,"formal",454,8,0.1,1.1,"square","stranger","j","j",0.554204599990044,1,554.204599990044,100,1100,1
7,4,1,20,2,"formal",455,8,0.1,1.1,"square","self","f","f",0.585400300013134,1,585.400300013134,100,1100,1
7,4,1,20,2,"formal",456,8,0.1,1.1,"circle","self","j","j",0.664711499994155,1,664.711499994155,100,1100,1
7,4,1,20,2,"formal",457,8,0.1,1.1,"circle","self","j","",NA,0,NA,100,1100,0
7,4,1,20,2,"formal",458,8,0.1,1.1,"square","self","f","f",0.896201800002018,1,896.201800002018,100,1100,1
7,4,1,20,2,"formal",459,8,0.1,1.1,"square","stranger","j","j",0.649226399982581,1,649.226399982581,100,1100,1
7,4,1,20,2,"formal",460,8,0.1,1.1,"circle","stranger","f","f",0.712567800015677,1,712.567800015677,100,1100,1
7,4,1,20,2,"formal",461,8,0.1,1.1,"circle","self","j","j",1.01561950001633,1,1015.61950001633,100,1100,1
7,4,1,20,2,"formal",462,8,0.1,1.1,"square","self","f","f",0.775813699990977,1,775.813699990977,100,1100,1
7,4,1,20,2,"formal",463,8,0.1,1.1,"square","stranger","j","j",0.728693499986548,1,728.693499986548,100,1100,1
7,4,1,20,2,"formal",464,8,0.1,1.1,"circle","stranger","f","f",0.535642200004077,1,535.642200004077,100,1100,1
7,4,1,20,2,"formal",465,8,0.1,1.1,"square","stranger","j","j",0.648028499999782,1,648.028499999782,100,1100,1
7,4,1,20,2,"formal",466,8,0.1,1.1,"square","self","f","f",0.744259800005239,1,744.259800005239,100,1100,1
7,4,1,20,2,"formal",467,8,0.1,1.1,"circle","stranger","f","f",0.519876399979694,1,519.876399979694,100,1100,1
7,4,1,20,2,"formal",468,8,0.1,1.1,"circle","self","j","j",0.728103900008136,1,728.103900008136,100,1100,1
7,4,1,20,2,"formal",469,8,0.1,1.1,"square","self","f","f",0.487926300003892,1,487.926300003892,100,1100,1
7,4,1,20,2,"formal",470,8,0.1,1.1,"square","stranger","j","j",0.567631600017194,1,567.631600017194,100,1100,1
7,4,1,20,2,"formal",471,8,0.1,1.1,"circle","self","j","j",0.663447500002803,1,663.447500002803,100,1100,1
7,4,1,20,2,"formal",472,8,0.1,1.1,"circle","stranger","f","f",0.600789699994493,1,600.789699994493,100,1100,1
7,4,1,20,2,"formal",473,8,0.1,1.1,"square","stranger","j","j",0.648882899986347,1,648.882899986347,100,1100,1
7,4,1,20,2,"formal",474,8,0.1,1.1,"square","self","f","f",0.599912400008179,1,599.912400008179,100,1100,1
7,4,1,20,2,"formal",475,8,0.1,1.1,"circle","stranger","f","f",0.536688199994387,1,536.688199994387,100,1100,1
7,4,1,20,2,"formal",476,8,0.1,1.1,"circle","self","j","",NA,0,NA,100,1100,0
7,4,1,20,2,"formal",477,8,0.1,1.1,"square","stranger","j","j",0.666131400008453,1,666.131400008453,100,1100,1
7,4,1,20,2,"formal",478,8,0.1,1.1,"circle","stranger","f","f",0.647549000015715,1,647.549000015715,100,1100,1
7,4,1,20,2,"formal",479,8,0.1,1.1,"circle","self","j","j",0.648022399982437,1,648.022399982437,100,1100,1
7,4,1,20,2,"formal",480,8,0.1,1.1,"square","self","f","f",0.583556400000816,1,583.556400000816,100,1100,1
7,4,1,20,2,"formal",481,8,0.1,1.1,"square","stranger","j","j",0.535569400002714,1,535.569400002714,100,1100,1
7,4,1,20,2,"formal",482,8,0.1,1.1,"square","self","f","f",0.568933400005335,1,568.933400005335,100,1100,1
7,4,1,20,2,"formal",483,8,0.1,1.1,"circle","stranger","f","f",0.487106999993557,1,487.106999993557,100,1100,1
7,4,1,20,2,"formal",484,8,0.1,1.1,"circle","self","j","j",0.567932000005385,1,567.932000005385,100,1100,1
7,4,1,20,2,"formal",485,8,0.1,1.1,"circle","self","j","j",0.615564300009282,1,615.564300009282,100,1100,1
7,4,1,20,2,"formal",486,8,0.1,1.1,"square","self","f","f",0.982848700019531,1,982.848700019531,100,1100,1
7,4,1,20,2,"formal",487,8,0.1,1.1,"square","stranger","j","j",0.648829500016291,1,648.829500016291,100,1100,1
7,4,1,20,2,"formal",488,8,0.1,1.1,"circle","stranger","f","f",0.727728899975773,1,727.728899975773,100,1100,1
7,4,1,20,2,"formal",489,8,0.1,1.1,"circle","stranger","f","f",0.585043700004462,1,585.043700004462,100,1100,1
7,4,1,20,2,"formal",490,8,0.1,1.1,"square","stranger","j","j",0.889397199993255,1,889.397199993255,100,1100,1
7,4,1,20,2,"formal",491,8,0.1,1.1,"square","self","f","f",0.647723700007191,1,647.723700007191,100,1100,1
7,4,1,20,2,"formal",492,8,0.1,1.1,"circle","self","j","j",0.840777999983402,1,840.777999983402,100,1100,1
7,4,1,20,2,"formal",493,8,0.1,1.1,"circle","stranger","f","f",0.615970899991225,1,615.970899991225,100,1100,1
7,4,1,20,2,"formal",494,8,0.1,1.1,"circle","self","j","",NA,0,NA,100,1100,0
7,4,1,20,2,"formal",495,8,0.1,1.1,"square","stranger","j","j",0.59191269997973,1,591.91269997973,100,1100,1
7,4,1,20,2,"formal",496,8,0.1,1.1,"square","self","f","j",0.520019299990963,0,520.019299990963,100,1100,1
7,4,1,20,2,"formal",497,8,0.1,1.1,"square","stranger","j","j",0.487178499985021,1,487.178499985021,100,1100,1
7,4,1,20,2,"formal",498,8,0.1,1.1,"circle","self","j","j",0.696277000010014,1,696.277000010014,100,1100,1
7,4,1,20,2,"formal",499,8,0.1,1.1,"circle","stranger","f","",NA,0,NA,100,1100,0
7,4,1,20,2,"formal",500,8,0.1,1.1,"square","self","f","f",0.430978199990932,1,430.978199990932,100,1100,1
7,4,1,20,2,"formal",501,8,0.1,1.1,"circle","self","j","j",0.950335100002121,1,950.335100002121,100,1100,1
7,4,1,20,2,"formal",502,8,0.1,1.1,"circle","stranger","f","f",0.455290699988836,1,455.290699988836,100,1100,1
7,4,1,20,2,"formal",503,8,0.1,1.1,"square","self","f","f",0.567497500014724,1,567.497500014724,100,1100,1
7,4,1,20,2,"formal",504,8,0.1,1.1,"square","stranger","j","j",0.53498430000036,1,534.98430000036,100,1100,1
7,4,1,20,2,"formal",505,8,0.1,1.1,"circle","stranger","f","f",0.454848199995467,1,454.848199995467,100,1100,1
7,4,1,20,2,"formal",506,8,0.1,1.1,"square","self","f","j",0.567713700002059,0,567.713700002059,100,1100,1
7,4,1,20,2,"formal",507,8,0.1,1.1,"circle","self","j","j",0.71124219999183,1,711.24219999183,100,1100,1
7,4,1,20,2,"formal",508,8,0.1,1.1,"square","stranger","j","j",0.598769800009904,1,598.769800009904,100,1100,1
7,4,1,20,2,"formal",509,8,0.1,1.1,"square","self","f","j",0.695440499985125,0,695.440499985125,100,1100,1
7,4,1,20,2,"formal",510,8,0.1,1.1,"square","stranger","j","j",0.696944900002563,1,696.944900002563,100,1100,1
7,4,1,20,2,"formal",511,8,0.1,1.1,"circle","stranger","f","",NA,0,NA,100,1100,0
7,4,1,20,2,"formal",512,8,0.1,1.1,"circle","self","j","f",0.591412799985847,0,591.412799985847,100,1100,1
7,4,1,20,2,"formal",513,8,0.1,1.1,"square","stranger","j","j",0.712074799987022,1,712.074799987022,100,1100,1
7,4,1,20,2,"formal",514,8,0.1,1.1,"square","self","f","f",0.951100400008727,1,951.100400008727,100,1100,1
7,4,1,20,2,"formal",515,8,0.1,1.1,"circle","stranger","f","f",0.631426200008718,1,631.426200008718,100,1100,1
7,4,1,20,2,"formal",516,8,0.1,1.1,"circle","self","j","j",0.599260299990419,1,599.260299990419,100,1100,1
7,4,1,20,2,"formal",517,8,0.1,1.1,"circle","self","j","j",0.933468900009757,1,933.468900009757,100,1100,1
7,4,1,20,2,"formal",518,8,0.1,1.1,"circle","stranger","f","f",0.694351599988295,1,694.351599988295,100,1100,1
7,4,1,20,2,"formal",519,8,0.1,1.1,"square","stranger","j","j",0.886922000005143,1,886.922000005143,100,1100,1
7,4,1,20,2,"formal",520,8,0.1,1.1,"square","self","f","f",0.583809800009476,1,583.809800009476,100,1100,1
7,4,1,20,2,"formal",521,8,0.1,1.1,"square","stranger","j","j",0.583538699982455,1,583.538699982455,100,1100,1
7,4,1,20,2,"formal",522,8,0.1,1.1,"square","self","f","f",0.728338599990821,1,728.338599990821,100,1100,1
7,4,1,20,2,"formal",523,8,0.1,1.1,"circle","stranger","f","f",0.887748400011333,1,887.748400011333,100,1100,1
7,4,1,20,2,"formal",524,8,0.1,1.1,"circle","self","j","j",0.661641999991843,1,661.641999991843,100,1100,1
7,4,1,20,2,"formal",525,8,0.1,1.1,"square","self","f","f",0.91807179999887,1,918.07179999887,100,1100,1
7,4,1,20,2,"formal",526,8,0.1,1.1,"circle","stranger","f","f",0.616130700014764,1,616.130700014764,100,1100,1
7,4,1,20,2,"formal",527,8,0.1,1.1,"square","stranger","j","j",1.01649220002582,1,1016.49220002582,100,1100,1
7,4,1,20,2,"formal",528,8,0.1,1.1,"circle","self","j","j",0.69488269998692,1,694.88269998692,100,1100,1
7,5,2,24,2,"formal",9,8,0.1,1.1,"square","stranger","f","f",0.748426500009373,1,748.426500009373,100,1100,1
7,5,2,24,2,"formal",10,8,0.1,1.1,"circle","stranger","j","j",0.599351900018519,1,599.351900018519,100,1100,1
7,5,2,24,2,"formal",11,8,0.1,1.1,"circle","self","f","f",0.422662600001786,1,422.662600001786,100,1100,1
7,5,2,24,2,"formal",12,8,0.1,1.1,"square","self","j","j",0.488049699983094,1,488.049699983094,100,1100,1
7,5,2,24,2,"formal",13,8,0.1,1.1,"circle","self","f","f",0.503156399994623,1,503.156399994623,100,1100,1
7,5,2,24,2,"formal",14,8,0.1,1.1,"circle","stranger","j","j",0.663301399996271,1,663.301399996271,100,1100,1
7,5,2,24,2,"formal",15,8,0.1,1.1,"square","stranger","f","f",0.742548799986253,1,742.548799986253,100,1100,1
7,5,2,24,2,"formal",16,8,0.1,1.1,"square","self","j","j",0.583616900024936,1,583.616900024936,100,1100,1
7,5,2,24,2,"formal",17,8,0.1,1.1,"square","stranger","f","f",0.520007599989185,1,520.007599989185,100,1100,1
7,5,2,24,2,"formal",18,8,0.1,1.1,"square","self","j","j",0.712052599992603,1,712.052599992603,100,1100,1
7,5,2,24,2,"formal",19,8,0.1,1.1,"circle","stranger","j","f",0.55100959999254,0,551.00959999254,100,1100,1
7,5,2,24,2,"formal",20,8,0.1,1.1,"circle","self","f","f",0.405517100007273,1,405.517100007273,100,1100,1
7,5,2,24,2,"formal",21,8,0.1,1.1,"circle","self","f","f",0.391901800001506,1,391.901800001506,100,1100,1
7,5,2,24,2,"formal",22,8,0.1,1.1,"circle","stranger","j","j",0.584019999980228,1,584.019999980228,100,1100,1
7,5,2,24,2,"formal",23,8,0.1,1.1,"square","stranger","f","f",0.631885300012073,1,631.885300012073,100,1100,1
7,5,2,24,2,"formal",24,8,0.1,1.1,"square","self","j","j",0.503732699988177,1,503.732699988177,100,1100,1
7,5,2,24,2,"formal",25,8,0.1,1.1,"circle","stranger","j","j",0.679189300019061,1,679.189300019061,100,1100,1
7,5,2,24,2,"formal",26,8,0.1,1.1,"square","self","j","j",0.566964099998586,1,566.964099998586,100,1100,1
7,5,2,24,2,"formal",27,8,0.1,1.1,"square","stranger","f","f",0.696360399975674,1,696.360399975674,100,1100,1
7,5,2,24,2,"formal",28,8,0.1,1.1,"circle","self","f","f",0.614261000009719,1,614.261000009719,100,1100,1
7,5,2,24,2,"formal",29,8,0.1,1.1,"circle","stranger","j","j",0.58293429997866,1,582.93429997866,100,1100,1
7,5,2,24,2,"formal",30,8,0.1,1.1,"square","self","j","j",0.632380900002318,1,632.380900002318,100,1100,1
7,5,2,24,2,"formal",31,8,0.1,1.1,"square","stranger","f","f",0.647728599986294,1,647.728599986294,100,1100,1
7,5,2,24,2,"formal",32,8,0.1,1.1,"circle","self","f","f",0.66409360000398,1,664.09360000398,100,1100,1
7,5,2,24,2,"formal",33,8,0.1,1.1,"circle","stranger","j","j",0.519320399995195,1,519.320399995195,100,1100,1
7,5,2,24,2,"formal",34,8,0.1,1.1,"circle","self","f","f",0.471565800020471,1,471.565800020471,100,1100,1
7,5,2,24,2,"formal",35,8,0.1,1.1,"square","stranger","f","j",0.631206400023075,0,631.206400023075,100,1100,1
7,5,2,24,2,"formal",36,8,0.1,1.1,"square","self","j","j",0.614784300007159,1,614.784300007159,100,1100,1
7,5,2,24,2,"formal",37,8,0.1,1.1,"circle","self","f","f",0.504001900000731,1,504.001900000731,100,1100,1
7,5,2,24,2,"formal",38,8,0.1,1.1,"circle","stranger","j","j",0.615258500009077,1,615.258500009077,100,1100,1
7,5,2,24,2,"formal",39,8,0.1,1.1,"square","stranger","f","f",0.600447400007397,1,600.447400007397,100,1100,1
7,5,2,24,2,"formal",40,8,0.1,1.1,"square","self","j","j",0.552658600005088,1,552.658600005088,100,1100,1
7,5,2,24,2,"formal",41,8,0.1,1.1,"circle","self","f","f",0.567600500013214,1,567.600500013214,100,1100,1
7,5,2,24,2,"formal",42,8,0.1,1.1,"square","stranger","f","f",0.728547500009881,1,728.547500009881,100,1100,1
7,5,2,24,2,"formal",43,8,0.1,1.1,"square","self","j","j",0.567497500014724,1,567.497500014724,100,1100,1
7,5,2,24,2,"formal",44,8,0.1,1.1,"circle","stranger","j","j",0.663899399980437,1,663.899399980437,100,1100,1
7,5,2,24,2,"formal",45,8,0.1,1.1,"square","stranger","f","f",0.584013299987419,1,584.013299987419,100,1100,1
7,5,2,24,2,"formal",46,8,0.1,1.1,"square","self","j","j",0.599950700008776,1,599.950700008776,100,1100,1
7,5,2,24,2,"formal",47,8,0.1,1.1,"circle","self","f","f",0.407060700003058,1,407.060700003058,100,1100,1
7,5,2,24,2,"formal",48,8,0.1,1.1,"circle","stranger","j","j",0.615834700001869,1,615.834700001869,100,1100,1
7,5,2,24,2,"formal",49,8,0.1,1.1,"circle","self","f","f",0.455154199997196,1,455.154199997196,100,1100,1
7,5,2,24,2,"formal",50,8,0.1,1.1,"square","stranger","f","j",0.567133499978809,0,567.133499978809,100,1100,1
7,5,2,24,2,"formal",51,8,0.1,1.1,"square","self","j","f",0.919717599987052,0,919.717599987052,100,1100,1
7,5,2,24,2,"formal",52,8,0.1,1.1,"circle","stranger","j","f",0.503128299984382,0,503.128299984382,100,1100,1
7,5,2,24,2,"formal",53,8,0.1,1.1,"circle","stranger","j","f",0.358507299999474,0,358.507299999474,100,1100,1
7,5,2,24,2,"formal",54,8,0.1,1.1,"square","stranger","f","j",0.648038299987093,0,648.038299987093,100,1100,1
7,5,2,24,2,"formal",55,8,0.1,1.1,"square","self","j","",NA,0,NA,100,1100,0
7,5,2,24,2,"formal",56,8,0.1,1.1,"circle","self","f","f",0.654022100003203,1,654.022100003203,100,1100,1
7,5,2,24,2,"formal",57,8,0.1,1.1,"square","stranger","f","j",0.632018200005405,0,632.018200005405,100,1100,1
7,5,2,24,2,"formal",58,8,0.1,1.1,"circle","self","f","f",0.535073199978797,1,535.073199978797,100,1100,1
7,5,2,24,2,"formal",59,8,0.1,1.1,"square","self","j","j",0.635475200018845,1,635.475200018845,100,1100,1
7,5,2,24,2,"formal",60,8,0.1,1.1,"circle","stranger","j","f",0.664158900006441,0,664.158900006441,100,1100,1
7,5,2,24,2,"formal",61,8,0.1,1.1,"circle","stranger","j","j",0.540310900018085,1,540.310900018085,100,1100,1
7,5,2,24,2,"formal",62,8,0.1,1.1,"circle","self","f","f",0.373768599994946,1,373.768599994946,100,1100,1
7,5,2,24,2,"formal",63,8,0.1,1.1,"square","self","j","j",0.520265600003768,1,520.265600003768,100,1100,1
7,5,2,24,2,"formal",64,8,0.1,1.1,"square","stranger","f","f",0.374842099990929,1,374.842099990929,100,1100,1
7,5,2,24,2,"formal",65,8,0.1,1.1,"square","stranger","f","f",0.506451099994592,1,506.451099994592,100,1100,1
7,5,2,24,2,"formal",66,8,0.1,1.1,"circle","self","f","f",0.502892300020903,1,502.892300020903,100,1100,1
7,5,2,24,2,"formal",67,8,0.1,1.1,"circle","stranger","j","j",0.438540000002831,1,438.540000002831,100,1100,1
7,5,2,24,2,"formal",68,8,0.1,1.1,"square","self","j","f",0.775653900025645,0,775.653900025645,100,1100,1
7,5,2,24,2,"formal",69,8,0.1,1.1,"circle","stranger","j","j",0.598073700006353,1,598.073700006353,100,1100,1
7,5,2,24,2,"formal",70,8,0.1,1.1,"square","self","j","j",0.487992399983341,1,487.992399983341,100,1100,1
7,5,2,24,2,"formal",71,8,0.1,1.1,"square","stranger","f","f",0.708912700007204,1,708.912700007204,100,1100,1
7,5,2,24,2,"formal",72,8,0.1,1.1,"circle","self","f","f",0.519081500009634,1,519.081500009634,100,1100,1
7,5,2,24,2,"formal",73,8,0.1,1.1,"circle","self","f","f",0.51864470000146,1,518.64470000146,100,1100,1
7,5,2,24,2,"formal",74,8,0.1,1.1,"circle","stranger","j","j",0.501855800015619,1,501.855800015619,100,1100,1
7,5,2,24,2,"formal",75,8,0.1,1.1,"square","stranger","f","f",0.549848399998154,1,549.848399998154,100,1100,1
7,5,2,24,2,"formal",76,8,0.1,1.1,"square","self","j","j",0.539521099999547,1,539.521099999547,100,1100,1
7,5,2,24,2,"formal",77,8,0.1,1.1,"square","stranger","f","f",0.422683800017694,1,422.683800017694,100,1100,1
7,5,2,24,2,"formal",78,8,0.1,1.1,"circle","self","f","f",0.439789799973369,1,439.789799973369,100,1100,1
7,5,2,24,2,"formal",79,8,0.1,1.1,"square","self","j","j",0.439224500005366,1,439.224500005366,100,1100,1
7,5,2,24,2,"formal",80,8,0.1,1.1,"circle","stranger","j","j",0.614864899980603,1,614.864899980603,100,1100,1
7,5,2,24,2,"formal",81,8,0.1,1.1,"square","stranger","f","f",0.50301740001305,1,503.01740001305,100,1100,1
7,5,2,24,2,"formal",82,8,0.1,1.1,"square","self","j","j",0.456286800006637,1,456.286800006637,100,1100,1
7,5,2,24,2,"formal",83,8,0.1,1.1,"circle","self","f","f",0.517954700015252,1,517.954700015252,100,1100,1
7,5,2,24,2,"formal",84,8,0.1,1.1,"circle","stranger","j","j",0.630455499980599,1,630.455499980599,100,1100,1
7,5,2,24,2,"formal",85,8,0.1,1.1,"circle","stranger","j","j",0.55082350000157,1,550.82350000157,100,1100,1
7,5,2,24,2,"formal",86,8,0.1,1.1,"circle","self","f","j",0.519076900003711,0,519.076900003711,100,1100,1
7,5,2,24,2,"formal",87,8,0.1,1.1,"square","stranger","f","f",0.711839299998246,1,711.839299998246,100,1100,1
7,5,2,24,2,"formal",88,8,0.1,1.1,"square","self","j","j",0.456094199995277,1,456.094199995277,100,1100,1
7,5,2,24,2,"formal",89,8,0.1,1.1,"square","stranger","f","f",0.519225800002459,1,519.225800002459,100,1100,1
7,5,2,24,2,"formal",90,8,0.1,1.1,"square","self","j","j",0.454659599985462,1,454.659599985462,100,1100,1
7,5,2,24,2,"formal",91,8,0.1,1.1,"circle","stranger","j","f",0.43852410002728,0,438.52410002728,100,1100,1
7,5,2,24,2,"formal",92,8,0.1,1.1,"circle","self","f","f",0.391030700004194,1,391.030700004194,100,1100,1
7,5,2,24,2,"formal",93,8,0.1,1.1,"square","self","j","j",0.600193999998737,1,600.193999998737,100,1100,1
7,5,2,24,2,"formal",94,8,0.1,1.1,"circle","self","f","f",0.502419500000542,1,502.419500000542,100,1100,1
7,5,2,24,2,"formal",95,8,0.1,1.1,"circle","stranger","j","j",0.566233099991223,1,566.233099991223,100,1100,1
7,5,2,24,2,"formal",96,8,0.1,1.1,"square","stranger","f","f",0.470772399974521,1,470.772399974521,100,1100,1
7,5,2,24,2,"formal",97,8,0.1,1.1,"square","stranger","f","f",0.487423099984881,1,487.423099984881,100,1100,1
7,5,2,24,2,"formal",98,8,0.1,1.1,"circle","self","f","j",0.535214300005464,0,535.214300005464,100,1100,1
7,5,2,24,2,"formal",99,8,0.1,1.1,"square","self","j","j",0.615219800005434,1,615.219800005434,100,1100,1
7,5,2,24,2,"formal",100,8,0.1,1.1,"circle","stranger","j","j",0.677713400014909,1,677.713400014909,100,1100,1
7,5,2,24,2,"formal",101,8,0.1,1.1,"circle","stranger","j","j",0.470545499993023,1,470.545499993023,100,1100,1
7,5,2,24,2,"formal",102,8,0.1,1.1,"square","self","j","j",0.517666200001258,1,517.666200001258,100,1100,1
7,5,2,24,2,"formal",103,8,0.1,1.1,"square","stranger","f","f",0.438970999995945,1,438.970999995945,100,1100,1
7,5,2,24,2,"formal",104,8,0.1,1.1,"circle","self","f","f",0.389835700014373,1,389.835700014373,100,1100,1
7,5,2,24,2,"formal",105,8,0.1,1.1,"square","self","j","f",0.486868799984222,0,486.868799984222,100,1100,1
7,5,2,24,2,"formal",106,8,0.1,1.1,"circle","stranger","j","",NA,0,NA,100,1100,0
7,5,2,24,2,"formal",107,8,0.1,1.1,"circle","self","f","f",0.588903700001538,1,588.903700001538,100,1100,1
7,5,2,24,2,"formal",108,8,0.1,1.1,"square","stranger","f","j",0.615732699981891,0,615.732699981891,100,1100,1
7,5,2,24,2,"formal",109,8,0.1,1.1,"circle","stranger","j","f",0.663652099989122,0,663.652099989122,100,1100,1
7,5,2,24,2,"formal",110,8,0.1,1.1,"circle","self","f","f",0.453517300018575,1,453.517300018575,100,1100,1
7,5,2,24,2,"formal",111,8,0.1,1.1,"square","self","j","j",0.56647449999582,1,566.47449999582,100,1100,1
7,5,2,24,2,"formal",112,8,0.1,1.1,"square","stranger","f","f",0.502760500006843,1,502.760500006843,100,1100,1
7,5,2,24,2,"formal",113,8,0.1,1.1,"square","self","j","j",0.571777200006181,1,571.777200006181,100,1100,1
7,5,2,24,2,"formal",114,8,0.1,1.1,"square","stranger","f","f",0.471316899987869,1,471.316899987869,100,1100,1
7,5,2,24,2,"formal",115,8,0.1,1.1,"circle","stranger","j","j",0.470963200001279,1,470.963200001279,100,1100,1
7,5,2,24,2,"formal",116,8,0.1,1.1,"circle","self","f","f",0.421240099996794,1,421.240099996794,100,1100,1
7,5,2,24,2,"formal",117,8,0.1,1.1,"circle","self","f","f",0.566780299996026,1,566.780299996026,100,1100,1
7,5,2,24,2,"formal",118,8,0.1,1.1,"circle","stranger","j","j",0.438771699991776,1,438.771699991776,100,1100,1
7,5,2,24,2,"formal",119,8,0.1,1.1,"square","stranger","f","f",0.535492099996191,1,535.492099996191,100,1100,1
7,5,2,24,2,"formal",120,8,0.1,1.1,"square","self","j","j",0.487792900006752,1,487.792900006752,100,1100,1
7,5,2,24,2,"formal",121,8,0.1,1.1,"square","stranger","f","f",0.61604520000401,1,616.04520000401,100,1100,1
7,5,2,24,2,"formal",122,8,0.1,1.1,"square","self","j","j",0.471579099976225,1,471.579099976225,100,1100,1
7,5,2,24,2,"formal",123,8,0.1,1.1,"circle","stranger","j","j",0.583146899996791,1,583.146899996791,100,1100,1
7,5,2,24,2,"formal",124,8,0.1,1.1,"circle","self","f","f",0.39131959999213,1,391.31959999213,100,1100,1
7,5,2,24,2,"formal",125,8,0.1,1.1,"square","stranger","f","j",0.518073200015351,0,518.073200015351,100,1100,1
7,5,2,24,2,"formal",126,8,0.1,1.1,"square","self","j","j",0.55052409999189,1,550.52409999189,100,1100,1
7,5,2,24,2,"formal",127,8,0.1,1.1,"circle","stranger","j","j",0.405667400016682,1,405.667400016682,100,1100,1
7,5,2,24,2,"formal",128,8,0.1,1.1,"circle","self","f","f",0.373877799982438,1,373.877799982438,100,1100,1
7,5,2,24,2,"formal",129,8,0.1,1.1,"circle","stranger","j","j",0.437413499981631,1,437.413499981631,100,1100,1
7,5,2,24,2,"formal",130,8,0.1,1.1,"circle","self","f","f",0.326661400002195,1,326.661400002195,100,1100,1
7,5,2,24,2,"formal",131,8,0.1,1.1,"square","self","j","j",0.501422900008038,1,501.422900008038,100,1100,1
7,5,2,24,2,"formal",132,8,0.1,1.1,"square","stranger","f","f",0.311710300011327,1,311.710300011327,100,1100,1
7,5,2,24,2,"formal",133,8,0.1,1.1,"square","stranger","f","f",0.504000399989309,1,504.000399989309,100,1100,1
7,5,2,24,2,"formal",134,8,0.1,1.1,"circle","self","f","j",0.422929399996065,0,422.929399996065,100,1100,1
7,5,2,24,2,"formal",135,8,0.1,1.1,"square","self","j","j",0.502400299999863,1,502.400299999863,100,1100,1
7,5,2,24,2,"formal",136,8,0.1,1.1,"circle","stranger","j","f",0.40716760000214,0,407.16760000214,100,1100,1
7,5,2,24,2,"formal",137,8,0.1,1.1,"circle","self","f","f",0.422475999977905,1,422.475999977905,100,1100,1
7,5,2,24,2,"formal",138,8,0.1,1.1,"square","stranger","f","f",0.758024500013562,1,758.024500013562,100,1100,1
7,5,2,24,2,"formal",139,8,0.1,1.1,"square","self","j","j",0.502845299983164,1,502.845299983164,100,1100,1
7,5,2,24,2,"formal",140,8,0.1,1.1,"circle","stranger","j","f",0.327044699981343,0,327.044699981343,100,1100,1
7,5,2,24,2,"formal",141,8,0.1,1.1,"circle","stranger","j","f",0.35798810000415,0,357.98810000415,100,1100,1
7,5,2,24,2,"formal",142,8,0.1,1.1,"circle","self","f","f",0.39074759997311,1,390.74759997311,100,1100,1
7,5,2,24,2,"formal",143,8,0.1,1.1,"square","stranger","f","j",0.486765000008745,0,486.765000008745,100,1100,1
7,5,2,24,2,"formal",144,8,0.1,1.1,"square","self","j","j",0.51917620000313,1,519.17620000313,100,1100,1
7,5,2,24,2,"formal",145,8,0.1,1.1,"square","stranger","f","j",0.37469019999844,0,374.69019999844,100,1100,1
7,5,2,24,2,"formal",146,8,0.1,1.1,"circle","self","f","f",0.486281399993459,1,486.281399993459,100,1100,1
7,5,2,24,2,"formal",147,8,0.1,1.1,"square","self","j","j",0.518847700004699,1,518.847700004699,100,1100,1
7,5,2,24,2,"formal",148,8,0.1,1.1,"circle","stranger","j","j",0.534023400017759,1,534.023400017759,100,1100,1
7,5,2,24,2,"formal",149,8,0.1,1.1,"circle","self","f","f",0.295834999997169,1,295.834999997169,100,1100,1
7,5,2,24,2,"formal",150,8,0.1,1.1,"square","stranger","f","j",0.374213700008113,0,374.213700008113,100,1100,1
7,5,2,24,2,"formal",151,8,0.1,1.1,"circle","stranger","j","j",0.662440300016897,1,662.440300016897,100,1100,1
7,5,2,24,2,"formal",152,8,0.1,1.1,"square","self","j","j",0.902726300002541,1,902.726300002541,100,1100,1
7,5,2,24,2,"formal",153,8,0.1,1.1,"circle","self","f","f",0.436655400000745,1,436.655400000745,100,1100,1
7,5,2,24,2,"formal",154,8,0.1,1.1,"square","stranger","f","j",0.40709429999697,0,407.09429999697,100,1100,1
7,5,2,24,2,"formal",155,8,0.1,1.1,"square","self","j","f",0.552574800007278,0,552.574800007278,100,1100,1
7,5,2,24,2,"formal",156,8,0.1,1.1,"circle","stranger","j","j",0.61223020000034,1,612.23020000034,100,1100,1
7,5,2,24,2,"formal",157,8,0.1,1.1,"circle","stranger","j","j",0.582009599980665,1,582.009599980665,100,1100,1
7,5,2,24,2,"formal",158,8,0.1,1.1,"square","self","j","j",0.934191200009082,1,934.191200009082,100,1100,1
7,5,2,24,2,"formal",159,8,0.1,1.1,"circle","self","f","f",0.421998600009829,1,421.998600009829,100,1100,1
7,5,2,24,2,"formal",160,8,0.1,1.1,"square","stranger","f","f",0.646745100006228,1,646.745100006228,100,1100,1
7,5,2,24,2,"formal",161,8,0.1,1.1,"circle","stranger","j","f",0.486686399992323,0,486.686399992323,100,1100,1
7,5,2,24,2,"formal",162,8,0.1,1.1,"square","self","j","f",0.566188700002385,0,566.188700002385,100,1100,1
7,5,2,24,2,"formal",163,8,0.1,1.1,"square","stranger","f","f",0.455382199987071,1,455.382199987071,100,1100,1
7,5,2,24,2,"formal",164,8,0.1,1.1,"circle","self","f","f",0.467995100014377,1,467.995100014377,100,1100,1
7,5,2,24,2,"formal",165,8,0.1,1.1,"square","self","j","j",0.669567800010554,1,669.567800010554,100,1100,1
7,5,2,24,2,"formal",166,8,0.1,1.1,"circle","self","f","f",0.582863100018585,1,582.863100018585,100,1100,1
7,5,2,24,2,"formal",167,8,0.1,1.1,"circle","stranger","j","j",0.551939500001026,1,551.939500001026,100,1100,1
7,5,2,24,2,"formal",168,8,0.1,1.1,"square","stranger","f","f",0.517612700001337,1,517.612700001337,100,1100,1
7,5,2,24,2,"formal",169,8,0.1,1.1,"square","self","j","j",0.486964999989141,1,486.964999989141,100,1100,1
7,5,2,24,2,"formal",170,8,0.1,1.1,"square","stranger","f","j",0.374228000000585,0,374.228000000585,100,1100,1
7,5,2,24,2,"formal",171,8,0.1,1.1,"circle","self","f","f",0.503174599987688,1,503.174599987688,100,1100,1
7,5,2,24,2,"formal",172,8,0.1,1.1,"circle","stranger","j","j",0.548790200002259,1,548.790200002259,100,1100,1
7,5,2,24,2,"formal",173,8,0.1,1.1,"square","self","j","j",0.823526199994376,1,823.526199994376,100,1100,1
7,5,2,24,2,"formal",174,8,0.1,1.1,"circle","stranger","j","j",0.646753200009698,1,646.753200009698,100,1100,1
7,5,2,24,2,"formal",175,8,0.1,1.1,"square","stranger","f","f",0.550003800017294,1,550.003800017294,100,1100,1
7,5,2,24,2,"formal",176,8,0.1,1.1,"circle","self","f","f",0.438546499994118,1,438.546499994118,100,1100,1
7,5,2,24,2,"formal",177,8,0.1,1.1,"square","stranger","f","j",0.534179799986305,0,534.179799986305,100,1100,1
7,5,2,24,2,"formal",178,8,0.1,1.1,"circle","self","f","f",0.437688500009244,1,437.688500009244,100,1100,1
7,5,2,24,2,"formal",179,8,0.1,1.1,"circle","stranger","j","j",0.566588899993803,1,566.588899993803,100,1100,1
7,5,2,24,2,"formal",180,8,0.1,1.1,"square","self","j","j",0.726346500014188,1,726.346500014188,100,1100,1
7,5,2,24,2,"formal",181,8,0.1,1.1,"circle","self","f","f",0.406361299974378,1,406.361299974378,100,1100,1
7,5,2,24,2,"formal",182,8,0.1,1.1,"circle","stranger","j","j",0.599359899992123,1,599.359899992123,100,1100,1
7,5,2,24,2,"formal",183,8,0.1,1.1,"square","stranger","f","j",0.422610500012524,0,422.610500012524,100,1100,1
7,5,2,24,2,"formal",184,8,0.1,1.1,"square","self","j","j",0.614427499996964,1,614.427499996964,100,1100,1
7,5,2,24,2,"formal",185,8,0.1,1.1,"square","self","j","j",0.647817999997642,1,647.817999997642,100,1100,1
7,5,2,24,2,"formal",186,8,0.1,1.1,"circle","stranger","j","j",0.520423300011316,1,520.423300011316,100,1100,1
7,5,2,24,2,"formal",187,8,0.1,1.1,"square","stranger","f","j",0.581756400002632,0,581.756400002632,100,1100,1
7,5,2,24,2,"formal",188,8,0.1,1.1,"circle","self","f","f",0.694960499997251,1,694.960499997251,100,1100,1
7,5,2,24,2,"formal",189,8,0.1,1.1,"circle","stranger","j","j",0.597093199990923,1,597.093199990923,100,1100,1
7,5,2,24,2,"formal",190,8,0.1,1.1,"square","stranger","f","f",0.502602900000056,1,502.602900000056,100,1100,1
7,5,2,24,2,"formal",191,8,0.1,1.1,"circle","self","f","f",0.582528900005855,1,582.528900005855,100,1100,1
7,5,2,24,2,"formal",192,8,0.1,1.1,"square","self","j","j",0.51970689999871,1,519.70689999871,100,1100,1
7,5,2,24,2,"formal",193,8,0.1,1.1,"square","self","j","j",0.631803900003433,1,631.803900003433,100,1100,1
7,5,2,24,2,"formal",194,8,0.1,1.1,"square","stranger","f","f",0.469499500002712,1,469.499500002712,100,1100,1
7,5,2,24,2,"formal",195,8,0.1,1.1,"circle","self","f","f",0.51826319997781,1,518.26319997781,100,1100,1
7,5,2,24,2,"formal",196,8,0.1,1.1,"circle","stranger","j","j",0.533298499998637,1,533.298499998637,100,1100,1
7,5,2,24,2,"formal",197,8,0.1,1.1,"circle","self","f","f",0.341566799994325,1,341.566799994325,100,1100,1
7,5,2,24,2,"formal",198,8,0.1,1.1,"square","self","j","j",0.471010299981572,1,471.010299981572,100,1100,1
7,5,2,24,2,"formal",199,8,0.1,1.1,"square","stranger","f","f",0.454883999977028,1,454.883999977028,100,1100,1
7,5,2,24,2,"formal",200,8,0.1,1.1,"circle","stranger","j","j",0.53380350000225,1,533.80350000225,100,1100,1
7,5,2,24,2,"formal",201,8,0.1,1.1,"circle","stranger","j","j",0.342282000026898,1,342.282000026898,100,1100,1
7,5,2,24,2,"formal",202,8,0.1,1.1,"circle","self","f","f",0.486164000001736,1,486.164000001736,100,1100,1
7,5,2,24,2,"formal",203,8,0.1,1.1,"square","stranger","f","j",0.422781300003408,0,422.781300003408,100,1100,1
7,5,2,24,2,"formal",204,8,0.1,1.1,"square","self","j","f",0.534727999998722,0,534.727999998722,100,1100,1
7,5,2,24,2,"formal",205,8,0.1,1.1,"circle","stranger","j","j",0.693799699976807,1,693.799699976807,100,1100,1
7,5,2,24,2,"formal",206,8,0.1,1.1,"square","self","j","j",0.647407200012822,1,647.407200012822,100,1100,1
7,5,2,24,2,"formal",207,8,0.1,1.1,"circle","self","f","f",0.405774799990468,1,405.774799990468,100,1100,1
7,5,2,24,2,"formal",208,8,0.1,1.1,"square","stranger","f","f",0.550061999994796,1,550.061999994796,100,1100,1
7,5,2,24,2,"formal",209,8,0.1,1.1,"square","self","j","j",0.406331499980297,1,406.331499980297,100,1100,1
7,5,2,24,2,"formal",210,8,0.1,1.1,"circle","stranger","j","j",0.534663099999307,1,534.663099999307,100,1100,1
7,5,2,24,2,"formal",211,8,0.1,1.1,"circle","self","f","f",0.550325099990005,1,550.325099990005,100,1100,1
7,5,2,24,2,"formal",212,8,0.1,1.1,"square","stranger","f","f",0.599493000016082,1,599.493000016082,100,1100,1
7,5,2,24,2,"formal",213,8,0.1,1.1,"circle","stranger","j","j",0.470299500011606,1,470.299500011606,100,1100,1
7,5,2,24,2,"formal",214,8,0.1,1.1,"circle","self","f","f",0.486748499999521,1,486.748499999521,100,1100,1
7,5,2,24,2,"formal",215,8,0.1,1.1,"square","self","j","j",0.485645399981877,1,485.645399981877,100,1100,1
7,5,2,24,2,"formal",216,8,0.1,1.1,"square","stranger","f","f",0.423881800001254,1,423.881800001254,100,1100,1
7,5,2,24,2,"formal",217,8,0.1,1.1,"circle","self","f","f",0.460154500004137,1,460.154500004137,100,1100,1
7,5,2,24,2,"formal",218,8,0.1,1.1,"circle","stranger","j","j",0.423644099995727,1,423.644099995727,100,1100,1
7,5,2,24,2,"formal",219,8,0.1,1.1,"square","stranger","f","f",0.566697700007353,1,566.697700007353,100,1100,1
7,5,2,24,2,"formal",220,8,0.1,1.1,"square","self","j","j",0.551880399987567,1,551.880399987567,100,1100,1
7,5,2,24,2,"formal",221,8,0.1,1.1,"square","stranger","f","f",0.469940999988467,1,469.940999988467,100,1100,1
7,5,2,24,2,"formal",222,8,0.1,1.1,"circle","stranger","j","j",0.471239999984391,1,471.239999984391,100,1100,1
7,5,2,24,2,"formal",223,8,0.1,1.1,"circle","self","f","f",0.389728099980857,1,389.728099980857,100,1100,1
7,5,2,24,2,"formal",224,8,0.1,1.1,"square","self","j","j",0.407244999980321,1,407.244999980321,100,1100,1
7,5,2,24,2,"formal",225,8,0.1,1.1,"circle","stranger","j","j",0.55036189997918,1,550.36189997918,100,1100,1
7,5,2,24,2,"formal",226,8,0.1,1.1,"square","self","j","j",0.582678300008411,1,582.678300008411,100,1100,1
7,5,2,24,2,"formal",227,8,0.1,1.1,"circle","self","f","f",0.422093500004848,1,422.093500004848,100,1100,1
7,5,2,24,2,"formal",228,8,0.1,1.1,"square","stranger","f","f",0.487296799983596,1,487.296799983596,100,1100,1
7,5,2,24,2,"formal",229,8,0.1,1.1,"circle","self","f","j",0.522052599990275,0,522.052599990275,100,1100,1
7,5,2,24,2,"formal",230,8,0.1,1.1,"square","stranger","f","f",0.695918300014455,1,695.918300014455,100,1100,1
7,5,2,24,2,"formal",231,8,0.1,1.1,"square","self","j","j",0.470012200006749,1,470.012200006749,100,1100,1
7,5,2,24,2,"formal",232,8,0.1,1.1,"circle","stranger","j","j",0.582545100012794,1,582.545100012794,100,1100,1
7,5,2,24,2,"formal",233,8,0.1,1.1,"square","self","j","f",0.59999180000159,0,599.99180000159,100,1100,1
7,5,2,24,2,"formal",234,8,0.1,1.1,"circle","self","f","f",0.533947299991269,1,533.947299991269,100,1100,1
7,5,2,24,2,"formal",235,8,0.1,1.1,"square","stranger","f","f",0.630863700003829,1,630.863700003829,100,1100,1
7,5,2,24,2,"formal",236,8,0.1,1.1,"circle","stranger","j","j",0.471110799990129,1,471.110799990129,100,1100,1
7,5,2,24,2,"formal",237,8,0.1,1.1,"square","self","j","f",0.454426999989664,0,454.426999989664,100,1100,1
7,5,2,24,2,"formal",238,8,0.1,1.1,"circle","self","f","f",0.422508599993307,1,422.508599993307,100,1100,1
7,5,2,24,2,"formal",239,8,0.1,1.1,"circle","stranger","j","j",0.727223800000502,1,727.223800000502,100,1100,1
7,5,2,24,2,"formal",240,8,0.1,1.1,"square","stranger","f","j",0.58208160000504,0,582.08160000504,100,1100,1
7,5,2,24,2,"formal",241,8,0.1,1.1,"circle","stranger","j","j",0.599553100008052,1,599.553100008052,100,1100,1
7,5,2,24,2,"formal",242,8,0.1,1.1,"circle","self","f","f",0.725920199998654,1,725.920199998654,100,1100,1
7,5,2,24,2,"formal",243,8,0.1,1.1,"square","stranger","f","f",0.537988900003256,1,537.988900003256,100,1100,1
7,5,2,24,2,"formal",244,8,0.1,1.1,"square","self","j","j",0.502773499989416,1,502.773499989416,100,1100,1
7,5,2,24,2,"formal",245,8,0.1,1.1,"square","stranger","f","f",0.726165000000037,1,726.165000000037,100,1100,1
7,5,2,24,2,"formal",246,8,0.1,1.1,"circle","stranger","j","j",0.534584999986691,1,534.584999986691,100,1100,1
7,5,2,24,2,"formal",247,8,0.1,1.1,"square","self","j","j",0.662163500004681,1,662.163500004681,100,1100,1
7,5,2,24,2,"formal",248,8,0.1,1.1,"circle","self","f","f",0.471086000005016,1,471.086000005016,100,1100,1
7,5,2,24,2,"formal",249,8,0.1,1.1,"circle","stranger","j","j",0.519456600013655,1,519.456600013655,100,1100,1
7,5,2,24,2,"formal",250,8,0.1,1.1,"circle","self","f","f",0.644839800021145,1,644.839800021145,100,1100,1
7,5,2,24,2,"formal",251,8,0.1,1.1,"square","stranger","f","f",0.694415800011484,1,694.415800011484,100,1100,1
7,5,2,24,2,"formal",252,8,0.1,1.1,"square","self","j","j",0.487144200014882,1,487.144200014882,100,1100,1
7,5,2,24,2,"formal",253,8,0.1,1.1,"circle","stranger","j","f",0.470897299994249,0,470.897299994249,100,1100,1
7,5,2,24,2,"formal",254,8,0.1,1.1,"square","self","j","j",0.51940590000595,1,519.40590000595,100,1100,1
7,5,2,24,2,"formal",255,8,0.1,1.1,"circle","self","f","f",0.405219000007492,1,405.219000007492,100,1100,1
7,5,2,24,2,"formal",256,8,0.1,1.1,"square","stranger","f","f",0.614618999999948,1,614.618999999948,100,1100,1
7,5,2,24,2,"formal",257,8,0.1,1.1,"circle","self","f","f",0.469971099984832,1,469.971099984832,100,1100,1
7,5,2,24,2,"formal",258,8,0.1,1.1,"square","self","j","j",0.51875960000325,1,518.75960000325,100,1100,1
7,5,2,24,2,"formal",259,8,0.1,1.1,"circle","stranger","j","j",0.614106699998956,1,614.106699998956,100,1100,1
7,5,2,24,2,"formal",260,8,0.1,1.1,"square","stranger","f","f",0.630971800012048,1,630.971800012048,100,1100,1
7,5,2,24,2,"formal",261,8,0.1,1.1,"square","stranger","f","f",0.534329899994191,1,534.329899994191,100,1100,1
7,5,2,24,2,"formal",262,8,0.1,1.1,"circle","self","f","f",0.406418300000951,1,406.418300000951,100,1100,1
7,5,2,24,2,"formal",263,8,0.1,1.1,"circle","stranger","j","j",0.485247899981914,1,485.247899981914,100,1100,1
7,5,2,24,2,"formal",264,8,0.1,1.1,"square","self","j","j",0.535428400005912,1,535.428400005912,100,1100,1
7,5,2,24,2,"formal",265,8,0.1,1.1,"circle","stranger","j","j",0.726778699987335,1,726.778699987335,100,1100,1
7,5,2,24,2,"formal",266,8,0.1,1.1,"square","self","j","j",0.519571999990148,1,519.571999990148,100,1100,1
7,5,2,24,2,"formal",267,8,0.1,1.1,"circle","self","f","f",0.454599400021834,1,454.599400021834,100,1100,1
7,5,2,24,2,"formal",268,8,0.1,1.1,"square","stranger","f","f",0.437584999977844,1,437.584999977844,100,1100,1
7,5,2,24,2,"formal",269,8,0.1,1.1,"square","stranger","f","f",0.540708899992751,1,540.708899992751,100,1100,1
7,5,2,24,2,"formal",270,8,0.1,1.1,"circle","self","f","f",0.389771600021049,1,389.771600021049,100,1100,1
7,5,2,24,2,"formal",271,8,0.1,1.1,"square","self","j","j",0.470132699992973,1,470.132699992973,100,1100,1
7,5,2,24,2,"formal",272,8,0.1,1.1,"circle","stranger","j","j",0.517963200021768,1,517.963200021768,100,1100,1
7,5,2,24,2,"formal",273,8,0.1,1.1,"circle","stranger","j","j",0.421612899983302,1,421.612899983302,100,1100,1
7,5,2,24,2,"formal",274,8,0.1,1.1,"circle","self","f","f",0.453611999982968,1,453.611999982968,100,1100,1
7,5,2,24,2,"formal",275,8,0.1,1.1,"square","stranger","f","f",0.566575800010469,1,566.575800010469,100,1100,1
7,5,2,24,2,"formal",276,8,0.1,1.1,"square","self","j","j",0.502706799976295,1,502.706799976295,100,1100,1
7,5,2,24,2,"formal",277,8,0.1,1.1,"square","stranger","f","j",0.48794709998765,0,487.94709998765,100,1100,1
7,5,2,24,2,"formal",278,8,0.1,1.1,"square","self","j","j",0.500628500012681,1,500.628500012681,100,1100,1
7,5,2,24,2,"formal",279,8,0.1,1.1,"circle","self","f","f",0.422242200002074,1,422.242200002074,100,1100,1
7,5,2,24,2,"formal",280,8,0.1,1.1,"circle","stranger","j","j",0.711658199987141,1,711.658199987141,100,1100,1
7,5,2,24,2,"formal",281,8,0.1,1.1,"circle","stranger","j","j",0.53322820001631,1,533.22820001631,100,1100,1
7,5,2,24,2,"formal",282,8,0.1,1.1,"circle","self","f","f",0.358480700000655,1,358.480700000655,100,1100,1
7,5,2,24,2,"formal",283,8,0.1,1.1,"square","self","j","j",0.502779299975373,1,502.779299975373,100,1100,1
7,5,2,24,2,"formal",284,8,0.1,1.1,"square","stranger","f","f",0.488721800007625,1,488.721800007625,100,1100,1
7,5,2,24,2,"formal",285,8,0.1,1.1,"circle","stranger","j","j",0.518670999997994,1,518.670999997994,100,1100,1
7,5,2,24,2,"formal",286,8,0.1,1.1,"square","stranger","f","f",0.566563200001838,1,566.563200001838,100,1100,1
7,5,2,24,2,"formal",287,8,0.1,1.1,"square","self","j","j",0.519378900004085,1,519.378900004085,100,1100,1
7,5,2,24,2,"formal",288,8,0.1,1.1,"circle","self","f","f",0.374899899994489,1,374.899899994489,100,1100,1
7,5,2,24,2,"formal",289,8,0.1,1.1,"square","stranger","f","f",0.695225500006927,1,695.225500006927,100,1100,1
7,5,2,24,2,"formal",290,8,0.1,1.1,"circle","self","f","f",0.47039189998759,1,470.39189998759,100,1100,1
7,5,2,24,2,"formal",291,8,0.1,1.1,"circle","stranger","j","j",0.517942400008906,1,517.942400008906,100,1100,1
7,5,2,24,2,"formal",292,8,0.1,1.1,"square","self","j","j",0.743679000006523,1,743.679000006523,100,1100,1
7,5,2,24,2,"formal",293,8,0.1,1.1,"circle","stranger","j","j",0.518416300008539,1,518.416300008539,100,1100,1
7,5,2,24,2,"formal",294,8,0.1,1.1,"square","self","j","j",0.72579220001353,1,725.79220001353,100,1100,1
7,5,2,24,2,"formal",295,8,0.1,1.1,"circle","self","f","f",0.454112600011285,1,454.112600011285,100,1100,1
7,5,2,24,2,"formal",296,8,0.1,1.1,"square","stranger","f","f",0.470424700004514,1,470.424700004514,100,1100,1
7,5,2,24,2,"formal",297,8,0.1,1.1,"circle","self","f","f",0.502984699996887,1,502.984699996887,100,1100,1
7,5,2,24,2,"formal",298,8,0.1,1.1,"square","self","j","j",0.50352009999915,1,503.52009999915,100,1100,1
7,5,2,24,2,"formal",299,8,0.1,1.1,"circle","stranger","j","j",0.503444300004048,1,503.444300004048,100,1100,1
7,5,2,24,2,"formal",300,8,0.1,1.1,"square","stranger","f","f",0.566551399999298,1,566.551399999298,100,1100,1
7,5,2,24,2,"formal",301,8,0.1,1.1,"circle","stranger","j","j",0.485702899983153,1,485.702899983153,100,1100,1
7,5,2,24,2,"formal",302,8,0.1,1.1,"square","stranger","f","j",0.391558600007556,0,391.558600007556,100,1100,1
7,5,2,24,2,"formal",303,8,0.1,1.1,"square","self","j","j",0.535301700001583,1,535.301700001583,100,1100,1
7,5,2,24,2,"formal",304,8,0.1,1.1,"circle","self","f","f",0.454831999988528,1,454.831999988528,100,1100,1
7,5,2,24,2,"formal",305,8,0.1,1.1,"circle","self","f","f",0.487232399987988,1,487.232399987988,100,1100,1
7,5,2,24,2,"formal",306,8,0.1,1.1,"circle","stranger","j","j",0.469157400017139,1,469.157400017139,100,1100,1
7,5,2,24,2,"formal",307,8,0.1,1.1,"square","self","j","f",0.406977500009816,0,406.977500009816,100,1100,1
7,5,2,24,2,"formal",308,8,0.1,1.1,"square","stranger","f","f",0.327389599988237,1,327.389599988237,100,1100,1
7,5,2,24,2,"formal",309,8,0.1,1.1,"circle","self","f","f",0.486662600014824,1,486.662600014824,100,1100,1
7,5,2,24,2,"formal",310,8,0.1,1.1,"circle","stranger","j","j",0.454805400018813,1,454.805400018813,100,1100,1
7,5,2,24,2,"formal",311,8,0.1,1.1,"square","self","j","j",0.663234799983911,1,663.234799983911,100,1100,1
7,5,2,24,2,"formal",312,8,0.1,1.1,"square","stranger","f","j",0.503394899977138,0,503.394899977138,100,1100,1
7,5,2,24,2,"formal",313,8,0.1,1.1,"square","stranger","f","f",0.470947299996624,1,470.947299996624,100,1100,1
7,5,2,24,2,"formal",314,8,0.1,1.1,"square","self","j","j",0.583355900016613,1,583.355900016613,100,1100,1
7,5,2,24,2,"formal",315,8,0.1,1.1,"circle","stranger","j","f",0.422478699998464,0,422.478699998464,100,1100,1
7,5,2,24,2,"formal",316,8,0.1,1.1,"circle","self","f","f",0.454652300017187,1,454.652300017187,100,1100,1
7,5,2,24,2,"formal",317,8,0.1,1.1,"circle","self","f","f",0.55090729999938,1,550.90729999938,100,1100,1
7,5,2,24,2,"formal",318,8,0.1,1.1,"square","self","j","j",0.582214199996088,1,582.214199996088,100,1100,1
7,5,2,24,2,"formal",319,8,0.1,1.1,"circle","stranger","j","j",0.518888799997512,1,518.888799997512,100,1100,1
7,5,2,24,2,"formal",320,8,0.1,1.1,"square","stranger","f","f",0.51949620002415,1,519.49620002415,100,1100,1
7,5,2,24,2,"formal",321,8,0.1,1.1,"square","self","j","j",0.683902499993565,1,683.902499993565,100,1100,1
7,5,2,24,2,"formal",322,8,0.1,1.1,"square","stranger","f","f",0.519113799993647,1,519.113799993647,100,1100,1
7,5,2,24,2,"formal",323,8,0.1,1.1,"circle","self","f","f",0.518154299992602,1,518.154299992602,100,1100,1
7,5,2,24,2,"formal",324,8,0.1,1.1,"circle","stranger","j","j",0.581857000011951,1,581.857000011951,100,1100,1
7,5,2,24,2,"formal",325,8,0.1,1.1,"square","stranger","f","j",0.694248399988282,0,694.248399988282,100,1100,1
7,5,2,24,2,"formal",326,8,0.1,1.1,"circle","self","f","f",0.487402900005691,1,487.402900005691,100,1100,1
7,5,2,24,2,"formal",327,8,0.1,1.1,"circle","stranger","j","j",0.455014600011054,1,455.014600011054,100,1100,1
7,5,2,24,2,"formal",328,8,0.1,1.1,"square","self","j","j",0.485884900001111,1,485.884900001111,100,1100,1
7,5,2,24,2,"formal",329,8,0.1,1.1,"circle","stranger","j","j",0.662582399992971,1,662.582399992971,100,1100,1
7,5,2,24,2,"formal",330,8,0.1,1.1,"square","self","j","j",0.534645600011572,1,534.645600011572,100,1100,1
7,5,2,24,2,"formal",331,8,0.1,1.1,"circle","self","f","f",0.614382300002035,1,614.382300002035,100,1100,1
7,5,2,24,2,"formal",332,8,0.1,1.1,"square","stranger","f","f",0.423768600012409,1,423.768600012409,100,1100,1
7,5,2,24,2,"formal",333,8,0.1,1.1,"circle","self","f","f",0.501684399991063,1,501.684399991063,100,1100,1
7,5,2,24,2,"formal",334,8,0.1,1.1,"square","self","j","j",0.534676700015552,1,534.676700015552,100,1100,1
7,5,2,24,2,"formal",335,8,0.1,1.1,"circle","stranger","j","j",0.663075099990238,1,663.075099990238,100,1100,1
7,5,2,24,2,"formal",336,8,0.1,1.1,"square","stranger","f","f",0.74267969999346,1,742.67969999346,100,1100,1
7,5,2,24,2,"formal",337,8,0.1,1.1,"square","stranger","f","j",0.503705999988597,0,503.705999988597,100,1100,1
7,5,2,24,2,"formal",338,8,0.1,1.1,"circle","self","f","f",0.629225300013786,1,629.225300013786,100,1100,1
7,5,2,24,2,"formal",339,8,0.1,1.1,"circle","stranger","j","j",0.598923499986995,1,598.923499986995,100,1100,1
7,5,2,24,2,"formal",340,8,0.1,1.1,"square","self","j","j",0.518419500003802,1,518.419500003802,100,1100,1
7,5,2,24,2,"formal",341,8,0.1,1.1,"circle","stranger","j","j",0.615137499989942,1,615.137499989942,100,1100,1
7,5,2,24,2,"formal",342,8,0.1,1.1,"square","self","j","j",0.695656800002325,1,695.656800002325,100,1100,1
7,5,2,24,2,"formal",343,8,0.1,1.1,"square","stranger","f","f",0.613479299994651,1,613.479299994651,100,1100,1
7,5,2,24,2,"formal",344,8,0.1,1.1,"circle","self","f","f",0.487285400013207,1,487.285400013207,100,1100,1
7,5,2,24,2,"formal",345,8,0.1,1.1,"square","stranger","f","f",0.646672699978808,1,646.672699978808,100,1100,1
7,5,2,24,2,"formal",346,8,0.1,1.1,"circle","stranger","j","j",0.565497600007802,1,565.497600007802,100,1100,1
7,5,2,24,2,"formal",347,8,0.1,1.1,"circle","self","f","f",0.469794500007993,1,469.794500007993,100,1100,1
7,5,2,24,2,"formal",348,8,0.1,1.1,"square","self","j","j",0.486965200019768,1,486.965200019768,100,1100,1
7,5,2,24,2,"formal",349,8,0.1,1.1,"square","stranger","f","f",0.455288199998904,1,455.288199998904,100,1100,1
7,5,2,24,2,"formal",350,8,0.1,1.1,"square","self","j","j",0.615614899987122,1,615.614899987122,100,1100,1
7,5,2,24,2,"formal",351,8,0.1,1.1,"circle","stranger","j","j",0.534750600025291,1,534.750600025291,100,1100,1
7,5,2,24,2,"formal",352,8,0.1,1.1,"circle","self","f","f",0.502856900013285,1,502.856900013285,100,1100,1
7,5,2,24,2,"formal",353,8,0.1,1.1,"square","stranger","f","f",0.455378899991047,1,455.378899991047,100,1100,1
7,5,2,24,2,"formal",354,8,0.1,1.1,"circle","self","f","j",0.727494899998419,0,727.494899998419,100,1100,1
7,5,2,24,2,"formal",355,8,0.1,1.1,"square","self","j","j",0.599513900000602,1,599.513900000602,100,1100,1
7,5,2,24,2,"formal",356,8,0.1,1.1,"circle","stranger","j","j",0.598071599990362,1,598.071599990362,100,1100,1
7,5,2,24,2,"formal",357,8,0.1,1.1,"square","self","j","j",0.678570200019749,1,678.570200019749,100,1100,1
7,5,2,24,2,"formal",358,8,0.1,1.1,"circle","stranger","j","j",0.597952200012514,1,597.952200012514,100,1100,1
7,5,2,24,2,"formal",359,8,0.1,1.1,"circle","self","f","f",0.489318300009472,1,489.318300009472,100,1100,1
7,5,2,24,2,"formal",360,8,0.1,1.1,"square","stranger","f","f",0.470771599997533,1,470.771599997533,100,1100,1
7,5,2,24,2,"formal",361,8,0.1,1.1,"circle","stranger","j","j",0.503445000009378,1,503.445000009378,100,1100,1
7,5,2,24,2,"formal",362,8,0.1,1.1,"square","self","j","j",0.582498999981908,1,582.498999981908,100,1100,1
7,5,2,24,2,"formal",363,8,0.1,1.1,"circle","self","f","f",0.438993299991125,1,438.993299991125,100,1100,1
7,5,2,24,2,"formal",364,8,0.1,1.1,"square","stranger","f","f",0.486816799995722,1,486.816799995722,100,1100,1
7,5,2,24,2,"formal",365,8,0.1,1.1,"circle","self","f","f",0.486107100005029,1,486.107100005029,100,1100,1
7,5,2,24,2,"formal",366,8,0.1,1.1,"square","stranger","f","f",0.389747400011402,1,389.747400011402,100,1100,1
7,5,2,24,2,"formal",367,8,0.1,1.1,"circle","stranger","j","j",0.646957399992971,1,646.957399992971,100,1100,1
7,5,2,24,2,"formal",368,8,0.1,1.1,"square","self","j","j",0.743221699987771,1,743.221699987771,100,1100,1
7,5,2,24,2,"formal",369,8,0.1,1.1,"square","self","j","j",0.502890500007197,1,502.890500007197,100,1100,1
7,5,2,24,2,"formal",370,8,0.1,1.1,"circle","self","f","f",0.487129700020887,1,487.129700020887,100,1100,1
7,5,2,24,2,"formal",371,8,0.1,1.1,"square","stranger","f","f",0.533773600007407,1,533.773600007407,100,1100,1
7,5,2,24,2,"formal",372,8,0.1,1.1,"circle","stranger","j","j",0.567256299982546,1,567.256299982546,100,1100,1
7,5,2,24,2,"formal",373,8,0.1,1.1,"circle","self","f","f",0.444066099997144,1,444.066099997144,100,1100,1
7,5,2,24,2,"formal",374,8,0.1,1.1,"square","self","j","j",0.422449100005906,1,422.449100005906,100,1100,1
7,5,2,24,2,"formal",375,8,0.1,1.1,"circle","stranger","j","j",0.517866300011519,1,517.866300011519,100,1100,1
7,5,2,24,2,"formal",376,8,0.1,1.1,"square","stranger","f","f",0.438811100000748,1,438.811100000748,100,1100,1
7,5,2,24,2,"formal",377,8,0.1,1.1,"square","stranger","f","j",0.391072999977041,0,391.072999977041,100,1100,1
7,5,2,24,2,"formal",378,8,0.1,1.1,"square","self","j","j",0.518980399996508,1,518.980399996508,100,1100,1
7,5,2,24,2,"formal",379,8,0.1,1.1,"circle","self","f","f",0.375280799984466,1,375.280799984466,100,1100,1
7,5,2,24,2,"formal",380,8,0.1,1.1,"circle","stranger","j","j",0.549774999992223,1,549.774999992223,100,1100,1
7,5,2,24,2,"formal",381,8,0.1,1.1,"square","self","j","j",0.469942800002173,1,469.942800002173,100,1100,1
7,5,2,24,2,"formal",382,8,0.1,1.1,"circle","stranger","j","j",0.598629500018433,1,598.629500018433,100,1100,1
7,5,2,24,2,"formal",383,8,0.1,1.1,"square","stranger","f","j",0.343952900002478,0,343.952900002478,100,1100,1
7,5,2,24,2,"formal",384,8,0.1,1.1,"circle","self","f","f",0.709816199989291,1,709.816199989291,100,1100,1
7,5,2,24,2,"formal",385,8,0.1,1.1,"square","stranger","f","f",0.404887000011513,1,404.887000011513,100,1100,1
7,5,2,24,2,"formal",386,8,0.1,1.1,"circle","stranger","j","j",0.583940699987579,1,583.940699987579,100,1100,1
7,5,2,24,2,"formal",387,8,0.1,1.1,"circle","self","f","f",0.678228799981298,1,678.228799981298,100,1100,1
7,5,2,24,2,"formal",388,8,0.1,1.1,"square","self","j","j",0.565916799998377,1,565.916799998377,100,1100,1
7,5,2,24,2,"formal",389,8,0.1,1.1,"circle","self","f","j",0.614356199977919,0,614.356199977919,100,1100,1
7,5,2,24,2,"formal",390,8,0.1,1.1,"square","self","j","f",0.566913699993165,0,566.913699993165,100,1100,1
7,5,2,24,2,"formal",391,8,0.1,1.1,"square","stranger","f","f",0.677408000017749,1,677.408000017749,100,1100,1
7,5,2,24,2,"formal",392,8,0.1,1.1,"circle","stranger","j","j",0.518589199986309,1,518.589199986309,100,1100,1
7,5,2,24,2,"formal",393,8,0.1,1.1,"square","self","j","j",0.615502000000561,1,615.502000000561,100,1100,1
7,5,2,24,2,"formal",394,8,0.1,1.1,"circle","self","f","f",0.614094899996417,1,614.094899996417,100,1100,1
7,5,2,24,2,"formal",395,8,0.1,1.1,"circle","stranger","j","j",0.648338400002103,1,648.338400002103,100,1100,1
7,5,2,24,2,"formal",396,8,0.1,1.1,"square","stranger","f","f",0.499714299978223,1,499.714299978223,100,1100,1
7,5,2,24,2,"formal",397,8,0.1,1.1,"circle","self","f","f",0.470678200013936,1,470.678200013936,100,1100,1
7,5,2,24,2,"formal",398,8,0.1,1.1,"square","stranger","f","f",0.534382000012556,1,534.382000012556,100,1100,1
7,5,2,24,2,"formal",399,8,0.1,1.1,"square","self","j","j",0.45458890000009,1,454.58890000009,100,1100,1
7,5,2,24,2,"formal",400,8,0.1,1.1,"circle","stranger","j","f",0.486977399996249,0,486.977399996249,100,1100,1
7,5,2,24,2,"formal",401,8,0.1,1.1,"circle","stranger","j","f",1.07881790000829,0,1078.81790000829,100,1100,1
7,5,2,24,2,"formal",402,8,0.1,1.1,"square","self","j","j",0.566844899993157,1,566.844899993157,100,1100,1
7,5,2,24,2,"formal",403,8,0.1,1.1,"square","stranger","f","f",0.598953500011703,1,598.953500011703,100,1100,1
7,5,2,24,2,"formal",404,8,0.1,1.1,"circle","self","f","f",0.503328099992359,1,503.328099992359,100,1100,1
7,5,2,24,2,"formal",405,8,0.1,1.1,"square","stranger","f","j",0.470730199973332,0,470.730199973332,100,1100,1
7,5,2,24,2,"formal",406,8,0.1,1.1,"circle","self","f","f",0.582284199976129,1,582.284199976129,100,1100,1
7,5,2,24,2,"formal",407,8,0.1,1.1,"square","self","j","j",0.502211000013631,1,502.211000013631,100,1100,1
7,5,2,24,2,"formal",408,8,0.1,1.1,"circle","stranger","j","f",0.615017100004479,0,615.017100004479,100,1100,1
7,5,2,24,2,"formal",409,8,0.1,1.1,"square","self","j","j",0.615324399987003,1,615.324399987003,100,1100,1
7,5,2,24,2,"formal",410,8,0.1,1.1,"circle","self","f","f",0.454458699998213,1,454.458699998213,100,1100,1
7,5,2,24,2,"formal",411,8,0.1,1.1,"circle","stranger","j","j",0.487065499997698,1,487.065499997698,100,1100,1
7,5,2,24,2,"formal",412,8,0.1,1.1,"square","stranger","f","f",0.519891000003554,1,519.891000003554,100,1100,1
7,5,2,24,2,"formal",413,8,0.1,1.1,"circle","stranger","j","j",0.64421699999366,1,644.21699999366,100,1100,1
7,5,2,24,2,"formal",414,8,0.1,1.1,"circle","self","f","f",0.549689400009811,1,549.689400009811,100,1100,1
7,5,2,24,2,"formal",415,8,0.1,1.1,"square","self","j","j",0.725818399980199,1,725.818399980199,100,1100,1
7,5,2,24,2,"formal",416,8,0.1,1.1,"square","stranger","f","j",0.838954700011527,0,838.954700011527,100,1100,1
7,5,2,24,2,"formal",417,8,0.1,1.1,"circle","stranger","j","j",0.83880009999848,1,838.80009999848,100,1100,1
7,5,2,24,2,"formal",418,8,0.1,1.1,"square","self","j","j",0.502578999992693,1,502.578999992693,100,1100,1
7,5,2,24,2,"formal",419,8,0.1,1.1,"circle","self","f","f",0.535262099991087,1,535.262099991087,100,1100,1
7,5,2,24,2,"formal",420,8,0.1,1.1,"square","stranger","f","f",0.471256799995899,1,471.256799995899,100,1100,1
7,5,2,24,2,"formal",421,8,0.1,1.1,"square","self","j","j",0.532797899999423,1,532.797899999423,100,1100,1
7,5,2,24,2,"formal",422,8,0.1,1.1,"circle","self","f","f",0.469832200004021,1,469.832200004021,100,1100,1
7,5,2,24,2,"formal",423,8,0.1,1.1,"circle","stranger","j","j",0.471381799987284,1,471.381799987284,100,1100,1
7,5,2,24,2,"formal",424,8,0.1,1.1,"square","stranger","f","f",0.391999699990265,1,391.999699990265,100,1100,1
7,5,2,24,2,"formal",425,8,0.1,1.1,"circle","stranger","j","j",0.573020300013013,1,573.020300013013,100,1100,1
7,5,2,24,2,"formal",426,8,0.1,1.1,"circle","self","f","f",0.565887500008103,1,565.887500008103,100,1100,1
7,5,2,24,2,"formal",427,8,0.1,1.1,"square","self","j","j",0.471435099985683,1,471.435099985683,100,1100,1
7,5,2,24,2,"formal",428,8,0.1,1.1,"square","stranger","f","f",0.6947877999919,1,694.7877999919,100,1100,1
7,5,2,24,2,"formal",429,8,0.1,1.1,"circle","stranger","j","j",0.50258090000716,1,502.58090000716,100,1100,1
7,5,2,24,2,"formal",430,8,0.1,1.1,"circle","self","f","f",0.422429099999135,1,422.429099999135,100,1100,1
7,5,2,24,2,"formal",431,8,0.1,1.1,"square","self","j","j",0.48599880002439,1,485.99880002439,100,1100,1
7,5,2,24,2,"formal",432,8,0.1,1.1,"square","stranger","f","f",0.437607799976831,1,437.607799976831,100,1100,1
7,5,2,24,2,"formal",433,8,0.1,1.1,"square","self","j","j",0.487062400003197,1,487.062400003197,100,1100,1
7,5,2,24,2,"formal",434,8,0.1,1.1,"circle","stranger","j","j",0.645853800000623,1,645.853800000623,100,1100,1
7,5,2,24,2,"formal",435,8,0.1,1.1,"circle","self","f","f",0.374829399981536,1,374.829399981536,100,1100,1
7,5,2,24,2,"formal",436,8,0.1,1.1,"square","stranger","f","f",0.645558899996104,1,645.558899996104,100,1100,1
7,5,2,24,2,"formal",437,8,0.1,1.1,"square","stranger","f","f",0.438644500012742,1,438.644500012742,100,1100,1
7,5,2,24,2,"formal",438,8,0.1,1.1,"square","self","j","j",0.470680400001584,1,470.680400001584,100,1100,1
7,5,2,24,2,"formal",439,8,0.1,1.1,"circle","stranger","j","j",0.551097500021569,1,551.097500021569,100,1100,1
7,5,2,24,2,"formal",440,8,0.1,1.1,"circle","self","f","f",0.421823399985442,1,421.823399985442,100,1100,1
7,5,2,24,2,"formal",441,8,0.1,1.1,"square","self","j","j",0.453862700000172,1,453.862700000172,100,1100,1
7,5,2,24,2,"formal",442,8,0.1,1.1,"square","stranger","f","f",0.407125699974131,1,407.125699974131,100,1100,1
7,5,2,24,2,"formal",443,8,0.1,1.1,"circle","self","f","f",0.470559399982449,1,470.559399982449,100,1100,1
7,5,2,24,2,"formal",444,8,0.1,1.1,"circle","stranger","j","j",0.549142100004246,1,549.142100004246,100,1100,1
7,5,2,24,2,"formal",445,8,0.1,1.1,"square","self","j","j",0.50271200001589,1,502.71200001589,100,1100,1
7,5,2,24,2,"formal",446,8,0.1,1.1,"square","stranger","f","f",0.39136020001024,1,391.36020001024,100,1100,1
7,5,2,24,2,"formal",447,8,0.1,1.1,"circle","stranger","j","j",0.439377799979411,1,439.377799979411,100,1100,1
7,5,2,24,2,"formal",448,8,0.1,1.1,"circle","self","f","f",0.343409299995983,1,343.409299995983,100,1100,1
7,5,2,24,2,"formal",449,8,0.1,1.1,"circle","stranger","j","j",0.51755650000996,1,517.55650000996,100,1100,1
7,5,2,24,2,"formal",450,8,0.1,1.1,"square","self","j","f",0.679182499996386,0,679.182499996386,100,1100,1
7,5,2,24,2,"formal",451,8,0.1,1.1,"circle","self","f","f",0.454642199998489,1,454.642199998489,100,1100,1
7,5,2,24,2,"formal",452,8,0.1,1.1,"square","stranger","f","f",0.518799199984642,1,518.799199984642,100,1100,1
7,5,2,24,2,"formal",453,8,0.1,1.1,"square","self","j","j",0.535231299989391,1,535.231299989391,100,1100,1
7,5,2,24,2,"formal",454,8,0.1,1.1,"circle","self","f","f",0.551239499996882,1,551.239499996882,100,1100,1
7,5,2,24,2,"formal",455,8,0.1,1.1,"square","stranger","f","f",0.614541999995708,1,614.541999995708,100,1100,1
7,5,2,24,2,"formal",456,8,0.1,1.1,"circle","stranger","j","j",0.695337299985113,1,695.337299985113,100,1100,1
7,5,2,24,2,"formal",457,8,0.1,1.1,"circle","stranger","j","j",0.454140600020764,1,454.140600020764,100,1100,1
7,5,2,24,2,"formal",458,8,0.1,1.1,"square","self","j","j",0.822311099997023,1,822.311099997023,100,1100,1
7,5,2,24,2,"formal",459,8,0.1,1.1,"square","stranger","f","f",0.662292699998943,1,662.292699998943,100,1100,1
7,5,2,24,2,"formal",460,8,0.1,1.1,"circle","self","f","f",0.391208799992455,1,391.208799992455,100,1100,1
7,5,2,24,2,"formal",461,8,0.1,1.1,"square","self","j","j",0.518925300013507,1,518.925300013507,100,1100,1
7,5,2,24,2,"formal",462,8,0.1,1.1,"square","stranger","f","f",0.55039580000448,1,550.39580000448,100,1100,1
7,5,2,24,2,"formal",463,8,0.1,1.1,"circle","stranger","j","j",0.437402799987467,1,437.402799987467,100,1100,1
7,5,2,24,2,"formal",464,8,0.1,1.1,"circle","self","f","f",0.361143999994965,1,361.143999994965,100,1100,1
7,5,2,24,2,"formal",465,8,0.1,1.1,"square","self","j","j",0.520023299992317,1,520.023299992317,100,1100,1
7,5,2,24,2,"formal",466,8,0.1,1.1,"circle","stranger","j","j",0.518446700007189,1,518.446700007189,100,1100,1
7,5,2,24,2,"formal",467,8,0.1,1.1,"square","stranger","f","f",0.759032300004037,1,759.032300004037,100,1100,1
7,5,2,24,2,"formal",468,8,0.1,1.1,"circle","self","f","j",0.614895200007595,0,614.895200007595,100,1100,1
7,5,2,24,2,"formal",469,8,0.1,1.1,"square","self","j","j",0.775005900010001,1,775.005900010001,100,1100,1
7,5,2,24,2,"formal",470,8,0.1,1.1,"circle","self","f","f",0.421647100010887,1,421.647100010887,100,1100,1
7,5,2,24,2,"formal",471,8,0.1,1.1,"circle","stranger","j","j",0.550042099988787,1,550.042099988787,100,1100,1
7,5,2,24,2,"formal",472,8,0.1,1.1,"square","stranger","f","f",0.423313399980543,1,423.313399980543,100,1100,1
7,5,2,24,2,"formal",473,8,0.1,1.1,"circle","stranger","j","j",0.710005100001581,1,710.005100001581,100,1100,1
7,5,2,24,2,"formal",474,8,0.1,1.1,"circle","self","f","f",0.534592200012412,1,534.592200012412,100,1100,1
7,5,2,24,2,"formal",475,8,0.1,1.1,"square","stranger","f","f",0.470667100016726,1,470.667100016726,100,1100,1
7,5,2,24,2,"formal",476,8,0.1,1.1,"square","self","j","j",0.455276199994842,1,455.276199994842,100,1100,1
7,5,2,24,2,"formal",477,8,0.1,1.1,"circle","stranger","j","j",0.460321999998996,1,460.321999998996,100,1100,1
7,5,2,24,2,"formal",478,8,0.1,1.1,"square","self","j","j",0.455096100020455,1,455.096100020455,100,1100,1
7,5,2,24,2,"formal",479,8,0.1,1.1,"circle","self","f","f",0.534022999985609,1,534.022999985609,100,1100,1
7,5,2,24,2,"formal",480,8,0.1,1.1,"square","stranger","f","j",0.808550099987769,0,808.550099987769,100,1100,1
7,5,2,24,2,"formal",481,8,0.1,1.1,"square","stranger","f","f",0.692831399996066,1,692.831399996066,100,1100,1
7,5,2,24,2,"formal",482,8,0.1,1.1,"square","self","j","j",0.599439100013115,1,599.439100013115,100,1100,1
7,5,2,24,2,"formal",483,8,0.1,1.1,"circle","self","f","f",0.471213199984049,1,471.213199984049,100,1100,1
7,5,2,24,2,"formal",484,8,0.1,1.1,"circle","stranger","j","j",0.567115500016371,1,567.115500016371,100,1100,1
7,5,2,24,2,"formal",485,8,0.1,1.1,"square","stranger","f","f",0.518616099987412,1,518.616099987412,100,1100,1
7,5,2,24,2,"formal",486,8,0.1,1.1,"circle","stranger","j","j",0.565868200006662,1,565.868200006662,100,1100,1
7,5,2,24,2,"formal",487,8,0.1,1.1,"square","self","j","j",0.695002799999202,1,695.002799999202,100,1100,1
7,5,2,24,2,"formal",488,8,0.1,1.1,"circle","self","f","f",0.454132400016533,1,454.132400016533,100,1100,1
7,5,2,24,2,"formal",489,8,0.1,1.1,"square","stranger","f","f",0.40741619997425,1,407.41619997425,100,1100,1
7,5,2,24,2,"formal",490,8,0.1,1.1,"square","self","j","j",0.519877800019458,1,519.877800019458,100,1100,1
7,5,2,24,2,"formal",491,8,0.1,1.1,"circle","stranger","j","j",0.534636900003534,1,534.636900003534,100,1100,1
7,5,2,24,2,"formal",492,8,0.1,1.1,"circle","self","f","f",0.50163519999478,1,501.63519999478,100,1100,1
7,5,2,24,2,"formal",493,8,0.1,1.1,"square","self","j","j",0.421685299981618,1,421.685299981618,100,1100,1
7,5,2,24,2,"formal",494,8,0.1,1.1,"square","stranger","f","f",0.422619100019801,1,422.619100019801,100,1100,1
7,5,2,24,2,"formal",495,8,0.1,1.1,"circle","self","f","f",0.470949799986556,1,470.949799986556,100,1100,1
7,5,2,24,2,"formal",496,8,0.1,1.1,"circle","stranger","j","j",0.503079199988861,1,503.079199988861,100,1100,1
7,5,2,24,2,"formal",497,8,0.1,1.1,"circle","self","f","f",0.694939500011969,1,694.939500011969,100,1100,1
7,5,2,24,2,"formal",498,8,0.1,1.1,"square","stranger","f","f",0.516935699997703,1,516.935699997703,100,1100,1
7,5,2,24,2,"formal",499,8,0.1,1.1,"circle","stranger","j","j",0.581929000007221,1,581.929000007221,100,1100,1
7,5,2,24,2,"formal",500,8,0.1,1.1,"square","self","j","j",0.551062400016235,1,551.062400016235,100,1100,1
7,5,2,24,2,"formal",501,8,0.1,1.1,"circle","stranger","j","f",1.06098350000684,0,1060.98350000684,100,1100,1
7,5,2,24,2,"formal",502,8,0.1,1.1,"circle","self","f","f",0.518708399991738,1,518.708399991738,100,1100,1
7,5,2,24,2,"formal",503,8,0.1,1.1,"square","self","j","j",0.487759000010556,1,487.759000010556,100,1100,1
7,5,2,24,2,"formal",504,8,0.1,1.1,"square","stranger","f","f",0.518724599998677,1,518.724599998677,100,1100,1
7,5,2,24,2,"formal",505,8,0.1,1.1,"square","self","j","j",0.47012199999881,1,470.12199999881,100,1100,1
7,5,2,24,2,"formal",506,8,0.1,1.1,"circle","self","f","f",0.597007599979406,1,597.007599979406,100,1100,1
7,5,2,24,2,"formal",507,8,0.1,1.1,"circle","stranger","j","j",0.517812800011598,1,517.812800011598,100,1100,1
7,5,2,24,2,"formal",508,8,0.1,1.1,"square","stranger","f","f",0.582945000001928,1,582.945000001928,100,1100,1
7,5,2,24,2,"formal",509,8,0.1,1.1,"square","stranger","f","f",0.485428499989212,1,485.428499989212,100,1100,1
7,5,2,24,2,"formal",510,8,0.1,1.1,"circle","stranger","j","j",0.550942200003192,1,550.942200003192,100,1100,1
7,5,2,24,2,"formal",511,8,0.1,1.1,"square","self","j","j",0.598479800013592,1,598.479800013592,100,1100,1
7,5,2,24,2,"formal",512,8,0.1,1.1,"circle","self","f","f",0.564585599990096,1,564.585599990096,100,1100,1
7,5,2,24,2,"formal",513,8,0.1,1.1,"circle","stranger","j","j",0.647331100015435,1,647.331100015435,100,1100,1
7,5,2,24,2,"formal",514,8,0.1,1.1,"circle","self","f","f",0.566345700004604,1,566.345700004604,100,1100,1
7,5,2,24,2,"formal",515,8,0.1,1.1,"square","stranger","f","f",0.88697520000278,1,886.97520000278,100,1100,1
7,5,2,24,2,"formal",516,8,0.1,1.1,"square","self","j","j",0.693537600018317,1,693.537600018317,100,1100,1
7,5,2,24,2,"formal",517,8,0.1,1.1,"square","self","j","j",0.710969500010833,1,710.969500010833,100,1100,1
7,5,2,24,2,"formal",518,8,0.1,1.1,"circle","stranger","j","j",0.838116599974455,1,838.116599974455,100,1100,1
7,5,2,24,2,"formal",519,8,0.1,1.1,"square","stranger","f","f",0.88740219999454,1,887.40219999454,100,1100,1
7,5,2,24,2,"formal",520,8,0.1,1.1,"circle","self","f","f",0.503326900012325,1,503.326900012325,100,1100,1
7,5,2,24,2,"formal",521,8,0.1,1.1,"circle","stranger","j","j",0.597340000007534,1,597.340000007534,100,1100,1
7,5,2,24,2,"formal",522,8,0.1,1.1,"square","stranger","f","f",0.583246099995449,1,583.246099995449,100,1100,1
7,5,2,24,2,"formal",523,8,0.1,1.1,"circle","self","f","f",0.469960199989146,1,469.960199989146,100,1100,1
7,5,2,24,2,"formal",524,8,0.1,1.1,"square","self","j","j",0.534972800000105,1,534.972800000105,100,1100,1
7,5,2,24,2,"formal",525,8,0.1,1.1,"circle","self","f","f",0.678782800008776,1,678.782800008776,100,1100,1
7,5,2,24,2,"formal",526,8,0.1,1.1,"square","self","j","j",0.518249700020533,1,518.249700020533,100,1100,1
7,5,2,24,2,"formal",527,8,0.1,1.1,"circle","stranger","j","j",0.647294199996395,1,647.294199996395,100,1100,1
7,5,2,24,2,"formal",528,8,0.1,1.1,"square","stranger","f","f",0.455335600010585,1,455.335600010585,100,1100,1
7,6,1,20,2,"formal",9,8,0.1,1.1,"square","self","j","j",0.379695899988292,1,379.695899988292,100,1100,1
7,6,1,20,2,"formal",10,8,0.1,1.1,"circle","stranger","j","f",0.518113400001312,0,518.113400001312,100,1100,1
7,6,1,20,2,"formal",11,8,0.1,1.1,"circle","self","f","f",0.951525400014361,1,951.525400014361,100,1100,1
7,6,1,20,2,"formal",12,8,0.1,1.1,"square","stranger","f","f",0.79041220000363,1,790.41220000363,100,1100,1
7,6,1,20,2,"formal",13,8,0.1,1.1,"square","self","j","j",0.726621399982832,1,726.621399982832,100,1100,1
7,6,1,20,2,"formal",14,8,0.1,1.1,"circle","self","f","f",0.567628899996635,1,567.628899996635,100,1100,1
7,6,1,20,2,"formal",15,8,0.1,1.1,"circle","stranger","j","",NA,0,NA,100,1100,0
7,6,1,20,2,"formal",16,8,0.1,1.1,"square","stranger","f","f",1.06863110000268,1,1068.63110000268,100,1100,1
7,6,1,20,2,"formal",17,8,0.1,1.1,"circle","self","f","f",1.10937249998096,1,1109.37249998096,100,1100,1
7,6,1,20,2,"formal",18,8,0.1,1.1,"square","stranger","f","f",0.858777200017357,1,858.777200017357,100,1100,1
7,6,1,20,2,"formal",19,8,0.1,1.1,"square","self","j","j",0.807330199982971,1,807.330199982971,100,1100,1
7,6,1,20,2,"formal",20,8,0.1,1.1,"circle","stranger","j","f",0.644975999981398,0,644.975999981398,100,1100,1
7,6,1,20,2,"formal",21,8,0.1,1.1,"square","stranger","f","f",0.934016200015321,1,934.016200015321,100,1100,1
7,6,1,20,2,"formal",22,8,0.1,1.1,"square","self","j","j",0.597795100009535,1,597.795100009535,100,1100,1
7,6,1,20,2,"formal",23,8,0.1,1.1,"circle","self","f","f",0.725155599997379,1,725.155599997379,100,1100,1
7,6,1,20,2,"formal",24,8,0.1,1.1,"circle","stranger","j","f",0.710592699993867,0,710.592699993867,100,1100,1
7,6,1,20,2,"formal",25,8,0.1,1.1,"square","self","j","j",0.615118200017605,1,615.118200017605,100,1100,1
7,6,1,20,2,"formal",26,8,0.1,1.1,"circle","self","f","f",0.694279399991501,1,694.279399991501,100,1100,1
7,6,1,20,2,"formal",27,8,0.1,1.1,"square","stranger","f","f",0.855391500022961,1,855.391500022961,100,1100,1
7,6,1,20,2,"formal",28,8,0.1,1.1,"circle","stranger","j","j",0.646952099981718,1,646.952099981718,100,1100,1
7,6,1,20,2,"formal",29,8,0.1,1.1,"circle","stranger","j","j",0.951204900018638,1,951.204900018638,100,1100,1
7,6,1,20,2,"formal",30,8,0.1,1.1,"square","self","j","j",0.519218600005843,1,519.218600005843,100,1100,1
7,6,1,20,2,"formal",31,8,0.1,1.1,"square","stranger","f","f",0.678180199989583,1,678.180199989583,100,1100,1
7,6,1,20,2,"formal",32,8,0.1,1.1,"circle","self","f","f",0.790059199993266,1,790.059199993266,100,1100,1
7,6,1,20,2,"formal",33,8,0.1,1.1,"square","stranger","f","j",0.438406200002646,0,438.406200002646,100,1100,1
7,6,1,20,2,"formal",34,8,0.1,1.1,"circle","stranger","j","",NA,0,NA,100,1100,0
7,6,1,20,2,"formal",35,8,0.1,1.1,"square","self","j","j",0.62060150000616,1,620.60150000616,100,1100,1
7,6,1,20,2,"formal",36,8,0.1,1.1,"circle","self","f","f",0.869956500013359,1,869.956500013359,100,1100,1
7,6,1,20,2,"formal",37,8,0.1,1.1,"square","stranger","f","f",0.646762299991678,1,646.762299991678,100,1100,1
7,6,1,20,2,"formal",38,8,0.1,1.1,"circle","self","f","f",1.15886120000505,1,1158.86120000505,100,1100,1
7,6,1,20,2,"formal",39,8,0.1,1.1,"circle","stranger","j","j",1.06157229997916,1,1061.57229997916,100,1100,1
7,6,1,20,2,"formal",40,8,0.1,1.1,"square","self","j","j",0.662916100001894,1,662.916100001894,100,1100,1
7,6,1,20,2,"formal",41,8,0.1,1.1,"square","stranger","f","f",1.04723759999615,1,1047.23759999615,100,1100,1
7,6,1,20,2,"formal",42,8,0.1,1.1,"circle","self","f","f",0.757896300026914,1,757.896300026914,100,1100,1
7,6,1,20,2,"formal",43,8,0.1,1.1,"square","self","j","j",0.614380700018955,1,614.380700018955,100,1100,1
7,6,1,20,2,"formal",44,8,0.1,1.1,"circle","stranger","j","j",0.934635500016157,1,934.635500016157,100,1100,1
7,6,1,20,2,"formal",45,8,0.1,1.1,"circle","self","f","f",0.757291899994016,1,757.291899994016,100,1100,1
7,6,1,20,2,"formal",46,8,0.1,1.1,"circle","stranger","j","j",1.19114760000957,1,1191.14760000957,100,1100,1
7,6,1,20,2,"formal",47,8,0.1,1.1,"square","stranger","f","f",0.759572499984642,1,759.572499984642,100,1100,1
7,6,1,20,2,"formal",48,8,0.1,1.1,"square","self","j","j",0.633675699995365,1,633.675699995365,100,1100,1
7,6,1,20,2,"formal",49,8,0.1,1.1,"square","self","j","j",0.983517200016649,1,983.517200016649,100,1100,1
7,6,1,20,2,"formal",50,8,0.1,1.1,"square","stranger","f","f",0.567513999994844,1,567.513999994844,100,1100,1
7,6,1,20,2,"formal",51,8,0.1,1.1,"circle","stranger","j","f",0.853707900008885,0,853.707900008885,100,1100,1
7,6,1,20,2,"formal",52,8,0.1,1.1,"circle","self","f","f",1.19149040000048,1,1191.49040000048,100,1100,1
7,6,1,20,2,"formal",53,8,0.1,1.1,"square","stranger","f","f",0.886739699984901,1,886.739699984901,100,1100,1
7,6,1,20,2,"formal",54,8,0.1,1.1,"square","self","j","j",0.775875800027279,1,775.875800027279,100,1100,1
7,6,1,20,2,"formal",55,8,0.1,1.1,"circle","stranger","j","j",0.8713190999988,1,871.3190999988,100,1100,1
7,6,1,20,2,"formal",56,8,0.1,1.1,"circle","self","f","f",0.663465299992822,1,663.465299992822,100,1100,1
7,6,1,20,2,"formal",57,8,0.1,1.1,"circle","self","f","f",0.790234400017653,1,790.234400017653,100,1100,1
7,6,1,20,2,"formal",58,8,0.1,1.1,"square","stranger","f","j",0.520374699990498,0,520.374699990498,100,1100,1
7,6,1,20,2,"formal",59,8,0.1,1.1,"square","self","j","j",0.535122700006468,1,535.122700006468,100,1100,1
7,6,1,20,2,"formal",60,8,0.1,1.1,"circle","stranger","j","j",1.06333599999198,1,1063.33599999198,100,1100,1
7,6,1,20,2,"formal",61,8,0.1,1.1,"circle","self","f","f",0.732637899986003,1,732.637899986003,100,1100,1
7,6,1,20,2,"formal",62,8,0.1,1.1,"square","stranger","f","f",0.696383100003004,1,696.383100003004,100,1100,1
7,6,1,20,2,"formal",63,8,0.1,1.1,"square","self","j","j",0.710847299982561,1,710.847299982561,100,1100,1
7,6,1,20,2,"formal",64,8,0.1,1.1,"circle","stranger","j","j",0.679397700005211,1,679.397700005211,100,1100,1
7,6,1,20,2,"formal",65,8,0.1,1.1,"circle","stranger","j","j",1.09478189999936,1,1094.78189999936,100,1100,1
7,6,1,20,2,"formal",66,8,0.1,1.1,"square","self","j","j",0.775241900002584,1,775.241900002584,100,1100,1
7,6,1,20,2,"formal",67,8,0.1,1.1,"square","stranger","f","f",0.711648500000592,1,711.648500000592,100,1100,1
7,6,1,20,2,"formal",68,8,0.1,1.1,"circle","self","f","f",0.951326000009431,1,951.326000009431,100,1100,1
7,6,1,20,2,"formal",69,8,0.1,1.1,"circle","self","f","f",0.967087099998025,1,967.087099998025,100,1100,1
7,6,1,20,2,"formal",70,8,0.1,1.1,"circle","stranger","j","j",1.14532500001951,1,1145.32500001951,100,1100,1
7,6,1,20,2,"formal",71,8,0.1,1.1,"square","stranger","f","f",0.790492100000847,1,790.492100000847,100,1100,1
7,6,1,20,2,"formal",72,8,0.1,1.1,"square","self","j","j",0.45569939998677,1,455.69939998677,100,1100,1
7,6,1,20,2,"formal",73,8,0.1,1.1,"circle","stranger","j","",NA,0,NA,100,1100,0
7,6,1,20,2,"formal",74,8,0.1,1.1,"square","self","j","j",0.957898299995577,1,957.898299995577,100,1100,1
7,6,1,20,2,"formal",75,8,0.1,1.1,"circle","self","f","f",0.647047200007364,1,647.047200007364,100,1100,1
7,6,1,20,2,"formal",76,8,0.1,1.1,"square","stranger","f","j",0.550122699991334,0,550.122699991334,100,1100,1
7,6,1,20,2,"formal",77,8,0.1,1.1,"square","stranger","f","",NA,0,NA,100,1100,0
7,6,1,20,2,"formal",78,8,0.1,1.1,"circle","self","f","f",0.79670839998289,1,796.70839998289,100,1100,1
7,6,1,20,2,"formal",79,8,0.1,1.1,"square","self","j","j",0.535038000001805,1,535.038000001805,100,1100,1
7,6,1,20,2,"formal",80,8,0.1,1.1,"circle","stranger","j","f",0.838960599998245,0,838.960599998245,100,1100,1
7,6,1,20,2,"formal",81,8,0.1,1.1,"circle","self","f","f",1.14283779999823,1,1142.83779999823,100,1100,1
7,6,1,20,2,"formal",82,8,0.1,1.1,"square","stranger","f","f",0.951807099976577,1,951.807099976577,100,1100,1
7,6,1,20,2,"formal",83,8,0.1,1.1,"circle","stranger","j","j",0.982754900003783,1,982.754900003783,100,1100,1
7,6,1,20,2,"formal",84,8,0.1,1.1,"square","self","j","j",0.567274299974088,1,567.274299974088,100,1100,1
7,6,1,20,2,"formal",85,8,0.1,1.1,"square","stranger","f","f",0.647366000019247,1,647.366000019247,100,1100,1
7,6,1,20,2,"formal",86,8,0.1,1.1,"square","self","j","j",0.790565900009824,1,790.565900009824,100,1100,1
7,6,1,20,2,"formal",87,8,0.1,1.1,"circle","self","f","f",0.80710179999005,1,807.10179999005,100,1100,1
7,6,1,20,2,"formal",88,8,0.1,1.1,"circle","stranger","j","j",0.854632100003073,1,854.632100003073,100,1100,1
7,6,1,20,2,"formal",89,8,0.1,1.1,"square","stranger","f","",NA,0,NA,100,1100,0
7,6,1,20,2,"formal",90,8,0.1,1.1,"square","self","j","j",0.875985999999102,1,875.985999999102,100,1100,1
7,6,1,20,2,"formal",91,8,0.1,1.1,"circle","self","f","f",0.757281400001375,1,757.281400001375,100,1100,1
7,6,1,20,2,"formal",92,8,0.1,1.1,"circle","stranger","j","",NA,0,NA,100,1100,0
7,6,1,20,2,"formal",93,8,0.1,1.1,"circle","stranger","j","j",0.988227599998936,1,988.227599998936,100,1100,1
7,6,1,20,2,"formal",94,8,0.1,1.1,"square","stranger","f","f",0.806018600007519,1,806.018600007519,100,1100,1
7,6,1,20,2,"formal",95,8,0.1,1.1,"square","self","j","j",0.534363200014923,1,534.363200014923,100,1100,1
7,6,1,20,2,"formal",96,8,0.1,1.1,"circle","self","f","j",0.774756400001934,0,774.756400001934,100,1100,1
7,6,1,20,2,"formal",97,8,0.1,1.1,"circle","stranger","j","",NA,0,NA,100,1100,0
7,6,1,20,2,"formal",98,8,0.1,1.1,"circle","self","f","f",0.876202799991006,1,876.202799991006,100,1100,1
7,6,1,20,2,"formal",99,8,0.1,1.1,"square","self","j","j",0.519179099996109,1,519.179099996109,100,1100,1
7,6,1,20,2,"formal",100,8,0.1,1.1,"square","stranger","f","f",0.77483390000998,1,774.83390000998,100,1100,1
7,6,1,20,2,"formal",101,8,0.1,1.1,"circle","stranger","j","j",1.18986109999241,1,1189.86109999241,100,1100,1
7,6,1,20,2,"formal",102,8,0.1,1.1,"square","stranger","f","f",0.967555500013987,1,967.555500013987,100,1100,1
7,6,1,20,2,"formal",103,8,0.1,1.1,"circle","self","f","j",0.725994499982335,0,725.994499982335,100,1100,1
7,6,1,20,2,"formal",104,8,0.1,1.1,"square","self","j","",NA,0,NA,100,1100,0
7,6,1,20,2,"formal",105,8,0.1,1.1,"circle","stranger","j","j",0.204438800021308,1,204.438800021308,100,1100,1
7,6,1,20,2,"formal",106,8,0.1,1.1,"circle","self","f","f",1.15958400000818,1,1159.58400000818,100,1100,1
7,6,1,20,2,"formal",107,8,0.1,1.1,"square","stranger","f","j",0.59980429999996,0,599.80429999996,100,1100,1
7,6,1,20,2,"formal",108,8,0.1,1.1,"square","self","j","",NA,0,NA,100,1100,0
7,6,1,20,2,"formal",109,8,0.1,1.1,"circle","stranger","j","",NA,0,NA,100,1100,0
7,6,1,20,2,"formal",110,8,0.1,1.1,"square","stranger","f","f",0.978678100014804,1,978.678100014804,100,1100,1
7,6,1,20,2,"formal",111,8,0.1,1.1,"circle","self","f","f",1.12658790001296,1,1126.58790001296,100,1100,1
7,6,1,20,2,"formal",112,8,0.1,1.1,"square","self","j","j",0.663400799996452,1,663.400799996452,100,1100,1
7,6,1,20,2,"formal",113,8,0.1,1.1,"circle","stranger","j","j",0.795136000000639,1,795.136000000639,100,1100,1
7,6,1,20,2,"formal",114,8,0.1,1.1,"square","self","j","j",0.568093500012765,1,568.093500012765,100,1100,1
7,6,1,20,2,"formal",115,8,0.1,1.1,"circle","self","f","f",0.614286299998639,1,614.286299998639,100,1100,1
7,6,1,20,2,"formal",116,8,0.1,1.1,"square","stranger","f","f",0.710497300024144,1,710.497300024144,100,1100,1
7,6,1,20,2,"formal",117,8,0.1,1.1,"square","stranger","f","f",0.935813200019766,1,935.813200019766,100,1100,1
7,6,1,20,2,"formal",118,8,0.1,1.1,"circle","self","f","j",0.742397699999856,0,742.397699999856,100,1100,1
7,6,1,20,2,"formal",119,8,0.1,1.1,"square","self","j","j",0.743245599995134,1,743.245599995134,100,1100,1
7,6,1,20,2,"formal",120,8,0.1,1.1,"circle","stranger","j","j",0.934293600003002,1,934.293600003002,100,1100,1
7,6,1,20,2,"formal",121,8,0.1,1.1,"circle","stranger","j","j",0.727053500013426,1,727.053500013426,100,1100,1
7,6,1,20,2,"formal",122,8,0.1,1.1,"square","self","j","j",0.439433300023666,1,439.433300023666,100,1100,1
7,6,1,20,2,"formal",123,8,0.1,1.1,"square","stranger","f","f",0.631242800009204,1,631.242800009204,100,1100,1
7,6,1,20,2,"formal",124,8,0.1,1.1,"circle","self","f","f",0.887502000026871,1,887.502000026871,100,1100,1
7,6,1,20,2,"formal",125,8,0.1,1.1,"square","stranger","f","f",0.727073699992616,1,727.073699992616,100,1100,1
7,6,1,20,2,"formal",126,8,0.1,1.1,"square","self","j","j",0.583943199977512,1,583.943199977512,100,1100,1
7,6,1,20,2,"formal",127,8,0.1,1.1,"circle","stranger","j","j",0.982985000009649,1,982.985000009649,100,1100,1
7,6,1,20,2,"formal",128,8,0.1,1.1,"circle","self","f","f",0.77501260000281,1,775.01260000281,100,1100,1
7,6,1,20,2,"formal",129,8,0.1,1.1,"square","self","j","j",0.711448699992616,1,711.448699992616,100,1100,1
7,6,1,20,2,"formal",130,8,0.1,1.1,"square","stranger","f","f",0.871857799997088,1,871.857799997088,100,1100,1
7,6,1,20,2,"formal",131,8,0.1,1.1,"circle","stranger","j","j",0.789857399999164,1,789.857399999164,100,1100,1
7,6,1,20,2,"formal",132,8,0.1,1.1,"circle","self","f","f",0.743913799989969,1,743.913799989969,100,1100,1
7,6,1,20,2,"formal",133,8,0.1,1.1,"circle","self","f","j",0.661973099980969,0,661.973099980969,100,1100,1
7,6,1,20,2,"formal",134,8,0.1,1.1,"circle","stranger","j","",NA,0,NA,100,1100,0
7,6,1,20,2,"formal",135,8,0.1,1.1,"square","self","j","f",0.909866799978772,0,909.866799978772,100,1100,1
7,6,1,20,2,"formal",136,8,0.1,1.1,"square","stranger","f","",NA,0,NA,100,1100,0
7,6,1,20,2,"formal",137,8,0.1,1.1,"square","stranger","f","",NA,0,NA,100,1100,0
7,6,1,20,2,"formal",138,8,0.1,1.1,"square","self","j","j",0.722966899978928,1,722.966899978928,100,1100,1
7,6,1,20,2,"formal",139,8,0.1,1.1,"circle","stranger","j","j",0.91945260000648,1,919.45260000648,100,1100,1
7,6,1,20,2,"formal",140,8,0.1,1.1,"circle","self","f","f",0.69461749997572,1,694.61749997572,100,1100,1
7,6,1,20,2,"formal",141,8,0.1,1.1,"square","self","j","f",0.679369499994209,0,679.369499994209,100,1100,1
7,6,1,20,2,"formal",142,8,0.1,1.1,"square","stranger","f","f",0.91947279998567,1,919.47279998567,100,1100,1
7,6,1,20,2,"formal",143,8,0.1,1.1,"circle","stranger","j","",NA,0,NA,100,1100,0
7,6,1,20,2,"formal",144,8,0.1,1.1,"circle","self","f","f",0.634702499984996,1,634.702499984996,100,1100,1
7,6,1,20,2,"formal",145,8,0.1,1.1,"circle","self","f","f",1.01389119998203,1,1013.89119998203,100,1100,1
7,6,1,20,2,"formal",146,8,0.1,1.1,"square","self","j","",NA,0,NA,100,1100,0
7,6,1,20,2,"formal",147,8,0.1,1.1,"circle","stranger","j","j",0.829478300001938,1,829.478300001938,100,1100,1
7,6,1,20,2,"formal",148,8,0.1,1.1,"square","stranger","f","f",1.06333219999215,1,1063.33219999215,100,1100,1
7,6,1,20,2,"formal",149,8,0.1,1.1,"square","self","j","j",0.966131900000619,1,966.131900000619,100,1100,1
7,6,1,20,2,"formal",150,8,0.1,1.1,"circle","self","f","f",0.854962700017495,1,854.962700017495,100,1100,1
7,6,1,20,2,"formal",151,8,0.1,1.1,"square","stranger","f","f",0.950239199999487,1,950.239199999487,100,1100,1
7,6,1,20,2,"formal",152,8,0.1,1.1,"circle","stranger","j","j",0.887103499990189,1,887.103499990189,100,1100,1
7,6,1,20,2,"formal",153,8,0.1,1.1,"circle","stranger","j","j",0.518697299994528,1,518.697299994528,100,1100,1
7,6,1,20,2,"formal",154,8,0.1,1.1,"circle","self","f","f",0.711701599997468,1,711.701599997468,100,1100,1
7,6,1,20,2,"formal",155,8,0.1,1.1,"square","stranger","f","f",0.790997799980687,1,790.997799980687,100,1100,1
7,6,1,20,2,"formal",156,8,0.1,1.1,"square","self","j","j",0.806754399993224,1,806.754399993224,100,1100,1
7,6,1,20,2,"formal",157,8,0.1,1.1,"circle","self","f","f",0.726018899993505,1,726.018899993505,100,1100,1
7,6,1,20,2,"formal",158,8,0.1,1.1,"circle","stranger","j","",NA,0,NA,100,1100,0
7,6,1,20,2,"formal",159,8,0.1,1.1,"square","self","j","j",0.876390299992636,1,876.390299992636,100,1100,1
7,6,1,20,2,"formal",160,8,0.1,1.1,"square","stranger","f","f",0.631973900017329,1,631.973900017329,100,1100,1
7,6,1,20,2,"formal",161,8,0.1,1.1,"circle","stranger","j","f",0.711002299998654,0,711.002299998654,100,1100,1
7,6,1,20,2,"formal",162,8,0.1,1.1,"circle","self","f","f",1.01337960001547,1,1013.37960001547,100,1100,1
7,6,1,20,2,"formal",163,8,0.1,1.1,"square","self","j","j",0.934406599990325,1,934.406599990325,100,1100,1
7,6,1,20,2,"formal",164,8,0.1,1.1,"square","stranger","f","",NA,0,NA,100,1100,0
7,6,1,20,2,"formal",165,8,0.1,1.1,"square","self","j","j",0.62135689999559,1,621.35689999559,100,1100,1
7,6,1,20,2,"formal",166,8,0.1,1.1,"circle","stranger","j","f",0.534690500004217,0,534.690500004217,100,1100,1
7,6,1,20,2,"formal",167,8,0.1,1.1,"square","stranger","f","f",0.839749199978542,1,839.749199978542,100,1100,1
7,6,1,20,2,"formal",168,8,0.1,1.1,"circle","self","f","f",0.903616199997487,1,903.616199997487,100,1100,1
7,6,1,20,2,"formal",169,8,0.1,1.1,"circle","self","f","f",0.839201800001319,1,839.201800001319,100,1100,1
7,6,1,20,2,"formal",170,8,0.1,1.1,"square","self","j","j",0.647346399986418,1,647.346399986418,100,1100,1
7,6,1,20,2,"formal",171,8,0.1,1.1,"circle","stranger","j","j",0.982151000003796,1,982.151000003796,100,1100,1
7,6,1,20,2,"formal",172,8,0.1,1.1,"square","stranger","f","f",0.824502700008452,1,824.502700008452,100,1100,1
7,6,1,20,2,"formal",173,8,0.1,1.1,"circle","stranger","j","f",0.758587200019974,0,758.587200019974,100,1100,1
7,6,1,20,2,"formal",174,8,0.1,1.1,"square","stranger","f","f",1.1271670999995,1,1127.1670999995,100,1100,1
7,6,1,20,2,"formal",175,8,0.1,1.1,"square","self","j","j",0.552048700017622,1,552.048700017622,100,1100,1
7,6,1,20,2,"formal",176,8,0.1,1.1,"circle","self","f","f",0.709762799990131,1,709.762799990131,100,1100,1
7,6,1,20,2,"formal",177,8,0.1,1.1,"circle","self","f","f",0.77498590000323,1,774.98590000323,100,1100,1
7,6,1,20,2,"formal",178,8,0.1,1.1,"square","stranger","f","j",0.567687499977183,0,567.687499977183,100,1100,1
7,6,1,20,2,"formal",179,8,0.1,1.1,"square","self","j","f",0.968609799980186,0,968.609799980186,100,1100,1
7,6,1,20,2,"formal",180,8,0.1,1.1,"circle","stranger","j","",NA,0,NA,100,1100,0
7,6,1,20,2,"formal",181,8,0.1,1.1,"square","stranger","f","f",1.06826790000196,1,1068.26790000196,100,1100,1
7,6,1,20,2,"formal",182,8,0.1,1.1,"circle","self","f","f",0.807589700008975,1,807.589700008975,100,1100,1
7,6,1,20,2,"formal",183,8,0.1,1.1,"circle","stranger","j","j",0.775940199993784,1,775.940199993784,100,1100,1
7,6,1,20,2,"formal",184,8,0.1,1.1,"square","self","j","j",0.936349199997494,1,936.349199997494,100,1100,1
7,6,1,20,2,"formal",185,8,0.1,1.1,"circle","self","f","f",0.615211899974383,1,615.211899974383,100,1100,1
7,6,1,20,2,"formal",186,8,0.1,1.1,"circle","stranger","j","",NA,0,NA,100,1100,0
7,6,1,20,2,"formal",187,8,0.1,1.1,"square","stranger","f","f",1.08749679999892,1,1087.49679999892,100,1100,1
7,6,1,20,2,"formal",188,8,0.1,1.1,"square","self","j","j",0.727806999988388,1,727.806999988388,100,1100,1
7,6,1,20,2,"formal",189,8,0.1,1.1,"square","stranger","f","f",0.727608899993356,1,727.608899993356,100,1100,1
7,6,1,20,2,"formal",190,8,0.1,1.1,"square","self","j","j",0.904318700020667,1,904.318700020667,100,1100,1
7,6,1,20,2,"formal",191,8,0.1,1.1,"circle","stranger","j","f",0.951722400001017,0,951.722400001017,100,1100,1
7,6,1,20,2,"formal",192,8,0.1,1.1,"circle","self","f","f",1.12780290000956,1,1127.80290000956,100,1100,1
7,6,1,20,2,"formal",193,8,0.1,1.1,"circle","self","f","f",1.0796669999836,1,1079.6669999836,100,1100,1
7,6,1,20,2,"formal",194,8,0.1,1.1,"square","stranger","f","f",0.823823900020216,1,823.823900020216,100,1100,1
7,6,1,20,2,"formal",195,8,0.1,1.1,"square","self","j","j",0.984327600017423,1,984.327600017423,100,1100,1
7,6,1,20,2,"formal",196,8,0.1,1.1,"circle","stranger","j","f",0.59924549999414,0,599.24549999414,100,1100,1
7,6,1,20,2,"formal",197,8,0.1,1.1,"circle","stranger","j","",NA,0,NA,100,1100,0
7,6,1,20,2,"formal",198,8,0.1,1.1,"square","self","j","",NA,0,NA,100,1100,0
7,6,1,20,2,"formal",199,8,0.1,1.1,"circle","self","f","f",0.789593199995579,1,789.593199995579,100,1100,1
7,6,1,20,2,"formal",200,8,0.1,1.1,"square","stranger","f","f",0.984207900008187,1,984.207900008187,100,1100,1
7,6,1,20,2,"formal",201,8,0.1,1.1,"square","stranger","f","f",0.822212900005979,1,822.212900005979,100,1100,1
7,6,1,20,2,"formal",202,8,0.1,1.1,"circle","stranger","j","j",0.871302800020203,1,871.302800020203,100,1100,1
7,6,1,20,2,"formal",203,8,0.1,1.1,"circle","self","f","",NA,0,NA,100,1100,0
7,6,1,20,2,"formal",204,8,0.1,1.1,"square","self","j","j",0.815222399978666,1,815.222399978666,100,1100,1
7,6,1,20,2,"formal",205,8,0.1,1.1,"circle","self","f","",NA,0,NA,100,1100,0
7,6,1,20,2,"formal",206,8,0.1,1.1,"square","self","j","j",1.10219800000777,1,1102.19800000777,100,1100,1
7,6,1,20,2,"formal",207,8,0.1,1.1,"circle","stranger","j","j",0.887580299982801,1,887.580299982801,100,1100,1
7,6,1,20,2,"formal",208,8,0.1,1.1,"square","stranger","f","f",0.711259799980326,1,711.259799980326,100,1100,1
7,6,1,20,2,"formal",209,8,0.1,1.1,"square","stranger","f","",NA,0,NA,100,1100,0
7,6,1,20,2,"formal",210,8,0.1,1.1,"square","self","j","j",0.559822599985637,1,559.822599985637,100,1100,1
7,6,1,20,2,"formal",211,8,0.1,1.1,"circle","self","f","f",0.631399999983842,1,631.399999983842,100,1100,1
7,6,1,20,2,"formal",212,8,0.1,1.1,"circle","stranger","j","f",0.934883899986744,0,934.883899986744,100,1100,1
7,6,1,20,2,"formal",213,8,0.1,1.1,"circle","stranger","j","j",0.69481309998082,1,694.81309998082,100,1100,1
7,6,1,20,2,"formal",214,8,0.1,1.1,"circle","self","f","j",0.869855500000995,0,869.855500000995,100,1100,1
7,6,1,20,2,"formal",215,8,0.1,1.1,"square","stranger","f","f",0.870952699973714,1,870.952699973714,100,1100,1
7,6,1,20,2,"formal",216,8,0.1,1.1,"square","self","j","j",0.599482600024203,1,599.482600024203,100,1100,1
7,6,1,20,2,"formal",217,8,0.1,1.1,"square","self","j","j",0.765643999999156,1,765.643999999156,100,1100,1
7,6,1,20,2,"formal",218,8,0.1,1.1,"circle","stranger","j","f",0.615769900003215,0,615.769900003215,100,1100,1
7,6,1,20,2,"formal",219,8,0.1,1.1,"circle","self","f","",NA,0,NA,100,1100,0
7,6,1,20,2,"formal",220,8,0.1,1.1,"square","stranger","f","",NA,0,NA,100,1100,0
7,6,1,20,2,"formal",221,8,0.1,1.1,"square","self","j","f",0.308475600002566,0,308.475600002566,100,1100,1
7,6,1,20,2,"formal",222,8,0.1,1.1,"square","stranger","f","j",1.11102429998573,0,1111.02429998573,100,1100,1
7,6,1,20,2,"formal",223,8,0.1,1.1,"circle","self","f","",NA,0,NA,100,1100,0
7,6,1,20,2,"formal",224,8,0.1,1.1,"circle","stranger","j","f",0.140654499991797,0,140.654499991797,100,1100,1
7,6,1,20,2,"formal",225,8,0.1,1.1,"square","self","j","",NA,0,NA,100,1100,0
7,6,1,20,2,"formal",226,8,0.1,1.1,"circle","stranger","j","f",0.670670400024392,0,670.670400024392,100,1100,1
7,6,1,20,2,"formal",227,8,0.1,1.1,"square","stranger","f","j",0.680382800026564,0,680.382800026564,100,1100,1
7,6,1,20,2,"formal",228,8,0.1,1.1,"circle","self","f","",NA,0,NA,100,1100,0
7,6,1,20,2,"formal",229,8,0.1,1.1,"circle","self","f","f",0.844521200022427,1,844.521200022427,100,1100,1
7,6,1,20,2,"formal",230,8,0.1,1.1,"circle","stranger","j","f",0.98182009998709,0,981.82009998709,100,1100,1
7,6,1,20,2,"formal",231,8,0.1,1.1,"square","stranger","f","j",0.758430399990175,0,758.430399990175,100,1100,1
7,6,1,20,2,"formal",232,8,0.1,1.1,"square","self","j","",NA,0,NA,100,1100,0
7,6,1,20,2,"formal",233,8,0.1,1.1,"square","self","j","j",0.509391800005687,1,509.391800005687,100,1100,1
7,6,1,20,2,"formal",234,8,0.1,1.1,"circle","stranger","j","j",0.693895899981726,1,693.895899981726,100,1100,1
7,6,1,20,2,"formal",235,8,0.1,1.1,"circle","self","f","",NA,0,NA,100,1100,0
7,6,1,20,2,"formal",236,8,0.1,1.1,"square","stranger","f","f",0.622634400002426,1,622.634400002426,100,1100,1
7,6,1,20,2,"formal",237,8,0.1,1.1,"square","stranger","f","f",0.759643500001403,1,759.643500001403,100,1100,1
7,6,1,20,2,"formal",238,8,0.1,1.1,"square","self","j","j",0.951774299988756,1,951.774299988756,100,1100,1
7,6,1,20,2,"formal",239,8,0.1,1.1,"circle","stranger","j","f",0.663583999994444,0,663.583999994444,100,1100,1
7,6,1,20,2,"formal",240,8,0.1,1.1,"circle","self","f","",NA,0,NA,100,1100,0
7,6,1,20,2,"formal",241,8,0.1,1.1,"square","stranger","f","f",0.542576600011671,1,542.576600011671,100,1100,1
7,6,1,20,2,"formal",242,8,0.1,1.1,"circle","self","f","f",0.981470200000331,1,981.470200000331,100,1100,1
7,6,1,20,2,"formal",243,8,0.1,1.1,"circle","stranger","j","j",0.758274799998617,1,758.274799998617,100,1100,1
7,6,1,20,2,"formal",244,8,0.1,1.1,"square","self","j","j",0.584571999992477,1,584.571999992477,100,1100,1
7,6,1,20,2,"formal",245,8,0.1,1.1,"square","self","j","j",0.59995329999947,1,599.95329999947,100,1100,1
7,6,1,20,2,"formal",246,8,0.1,1.1,"circle","stranger","j","f",0.551887000008719,0,551.887000008719,100,1100,1
7,6,1,20,2,"formal",247,8,0.1,1.1,"square","stranger","f","",NA,0,NA,100,1100,0
7,6,1,20,2,"formal",248,8,0.1,1.1,"circle","self","f","f",0.798292099992977,1,798.292099992977,100,1100,1
7,6,1,20,2,"formal",249,8,0.1,1.1,"square","stranger","f","j",0.614253100007772,0,614.253100007772,100,1100,1
7,6,1,20,2,"formal",250,8,0.1,1.1,"square","self","j","",NA,0,NA,100,1100,0
7,6,1,20,2,"formal",251,8,0.1,1.1,"circle","stranger","j","j",0.815015800006222,1,815.015800006222,100,1100,1
7,6,1,20,2,"formal",252,8,0.1,1.1,"circle","self","f","f",0.695392200024799,1,695.392200024799,100,1100,1
7,6,1,20,2,"formal",253,8,0.1,1.1,"circle","stranger","j","j",0.998923300008755,1,998.923300008755,100,1100,1
7,6,1,20,2,"formal",254,8,0.1,1.1,"square","self","j","",NA,0,NA,100,1100,0
7,6,1,20,2,"formal",255,8,0.1,1.1,"circle","self","f","",NA,0,NA,100,1100,0
7,6,1,20,2,"formal",256,8,0.1,1.1,"square","stranger","f","f",0.708496199978981,1,708.496199978981,100,1100,1
7,6,1,20,2,"formal",257,8,0.1,1.1,"circle","stranger","j","",NA,0,NA,100,1100,0
7,6,1,20,2,"formal",258,8,0.1,1.1,"circle","self","f","",NA,0,NA,100,1100,0
7,6,1,20,2,"formal",259,8,0.1,1.1,"square","stranger","f","f",0.931723999994574,1,931.723999994574,100,1100,1
7,6,1,20,2,"formal",260,8,0.1,1.1,"square","self","j","j",0.583101800002623,1,583.101800002623,100,1100,1
7,6,1,20,2,"formal",261,8,0.1,1.1,"square","self","j","f",1.19035809999332,0,1190.35809999332,100,1100,1
7,6,1,20,2,"formal",262,8,0.1,1.1,"square","stranger","f","f",1.04711119999411,1,1047.11119999411,100,1100,1
7,6,1,20,2,"formal",263,8,0.1,1.1,"circle","stranger","j","j",0.758470600005239,1,758.470600005239,100,1100,1
7,6,1,20,2,"formal",264,8,0.1,1.1,"circle","self","f","f",0.774955800006865,1,774.955800006865,100,1100,1
7,6,1,20,2,"formal",265,8,0.1,1.1,"square","self","j","j",0.598954899993259,1,598.954899993259,100,1100,1
7,6,1,20,2,"formal",266,8,0.1,1.1,"circle","self","f","f",0.663600400002906,1,663.600400002906,100,1100,1
7,6,1,20,2,"formal",267,8,0.1,1.1,"square","stranger","f","f",0.776229699986288,1,776.229699986288,100,1100,1
7,6,1,20,2,"formal",268,8,0.1,1.1,"circle","stranger","j","f",0.791319899988594,0,791.319899988594,100,1100,1
7,6,1,20,2,"formal",269,8,0.1,1.1,"square","self","j","j",0.52488889999222,1,524.88889999222,100,1100,1
7,6,1,20,2,"formal",270,8,0.1,1.1,"circle","self","f","f",0.887490799999796,1,887.490799999796,100,1100,1
7,6,1,20,2,"formal",271,8,0.1,1.1,"circle","stranger","j","j",0.630891600012546,1,630.891600012546,100,1100,1
7,6,1,20,2,"formal",272,8,0.1,1.1,"square","stranger","f","f",0.663778499991167,1,663.778499991167,100,1100,1
7,6,1,20,2,"formal",273,8,0.1,1.1,"circle","stranger","j","f",0.88682039998821,0,886.82039998821,100,1100,1
7,6,1,20,2,"formal",274,8,0.1,1.1,"square","stranger","f","f",0.839221700007329,1,839.221700007329,100,1100,1
7,6,1,20,2,"formal",275,8,0.1,1.1,"square","self","j","j",0.535735600016778,1,535.735600016778,100,1100,1
7,6,1,20,2,"formal",276,8,0.1,1.1,"circle","self","f","f",1.06258450000314,1,1062.58450000314,100,1100,1
7,6,1,20,2,"formal",277,8,0.1,1.1,"square","stranger","f","f",0.644767299992964,1,644.767299992964,100,1100,1
7,6,1,20,2,"formal",278,8,0.1,1.1,"circle","self","f","f",0.695280299987644,1,695.280299987644,100,1100,1
7,6,1,20,2,"formal",279,8,0.1,1.1,"circle","stranger","j","",NA,0,NA,100,1100,0
7,6,1,20,2,"formal",280,8,0.1,1.1,"square","self","j","j",0.540013299993007,1,540.013299993007,100,1100,1
7,6,1,20,2,"formal",281,8,0.1,1.1,"square","stranger","f","f",0.631954199983738,1,631.954199983738,100,1100,1
7,6,1,20,2,"formal",282,8,0.1,1.1,"circle","stranger","j","j",0.93542900000466,1,935.42900000466,100,1100,1
7,6,1,20,2,"formal",283,8,0.1,1.1,"square","self","j","",NA,0,NA,100,1100,0
7,6,1,20,2,"formal",284,8,0.1,1.1,"circle","self","f","f",0.813285399985034,1,813.285399985034,100,1100,1
7,6,1,20,2,"formal",285,8,0.1,1.1,"circle","stranger","j","j",1.17463290001615,1,1174.63290001615,100,1100,1
7,6,1,20,2,"formal",286,8,0.1,1.1,"square","self","j","j",0.790094600000884,1,790.094600000884,100,1100,1
7,6,1,20,2,"formal",287,8,0.1,1.1,"square","stranger","f","f",1.12763400000404,1,1127.63400000404,100,1100,1
7,6,1,20,2,"formal",288,8,0.1,1.1,"circle","self","f","f",1.1894776999834,1,1189.4776999834,100,1100,1
7,6,1,20,2,"formal",289,8,0.1,1.1,"square","stranger","f","j",0.808039099996677,0,808.039099996677,100,1100,1
7,6,1,20,2,"formal",290,8,0.1,1.1,"circle","self","f","f",0.759157500026049,1,759.157500026049,100,1100,1
7,6,1,20,2,"formal",291,8,0.1,1.1,"square","self","j","j",0.663902800006326,1,663.902800006326,100,1100,1
7,6,1,20,2,"formal",292,8,0.1,1.1,"circle","stranger","j","",NA,0,NA,100,1100,0
7,6,1,20,2,"formal",293,8,0.1,1.1,"square","self","j","j",0.10128609999083,1,101.28609999083,100,1100,1
7,6,1,20,2,"formal",294,8,0.1,1.1,"circle","stranger","j","",NA,0,NA,100,1100,0
7,6,1,20,2,"formal",295,8,0.1,1.1,"circle","self","f","f",0.694810600019991,1,694.810600019991,100,1100,1
7,6,1,20,2,"formal",296,8,0.1,1.1,"square","stranger","f","j",0.647436500003096,0,647.436500003096,100,1100,1
7,6,1,20,2,"formal",297,8,0.1,1.1,"circle","self","f","",NA,0,NA,100,1100,0
7,6,1,20,2,"formal",298,8,0.1,1.1,"square","stranger","f","",NA,0,NA,100,1100,0
7,6,1,20,2,"formal",299,8,0.1,1.1,"square","self","j","f",0.99527919999673,0,995.27919999673,100,1100,1
7,6,1,20,2,"formal",300,8,0.1,1.1,"circle","stranger","j","",NA,0,NA,100,1100,0
7,6,1,20,2,"formal",301,8,0.1,1.1,"square","self","j","j",0.526582799997414,1,526.582799997414,100,1100,1
7,6,1,20,2,"formal",302,8,0.1,1.1,"circle","stranger","j","f",0.599418699974194,0,599.418699974194,100,1100,1
7,6,1,20,2,"formal",303,8,0.1,1.1,"circle","self","f","",NA,0,NA,100,1100,0
7,6,1,20,2,"formal",304,8,0.1,1.1,"square","stranger","f","f",0.927104500005953,1,927.104500005953,100,1100,1
7,6,1,20,2,"formal",305,8,0.1,1.1,"square","self","j","j",0.903904499980854,1,903.904499980854,100,1100,1
7,6,1,20,2,"formal",306,8,0.1,1.1,"square","stranger","f","j",0.696124499983853,0,696.124499983853,100,1100,1
7,6,1,20,2,"formal",307,8,0.1,1.1,"circle","self","f","f",0.758180500008166,1,758.180500008166,100,1100,1
7,6,1,20,2,"formal",308,8,0.1,1.1,"circle","stranger","j","",NA,0,NA,100,1100,0
7,6,1,20,2,"formal",309,8,0.1,1.1,"circle","self","f","j",1.14971759999753,0,1149.71759999753,100,1100,1
7,6,1,20,2,"formal",310,8,0.1,1.1,"square","self","j","",NA,0,NA,100,1100,0
7,6,1,20,2,"formal",311,8,0.1,1.1,"circle","stranger","j","f",0.718044200009899,0,718.044200009899,100,1100,1
7,6,1,20,2,"formal",312,8,0.1,1.1,"square","stranger","f","",NA,0,NA,100,1100,0
7,6,1,20,2,"formal",313,8,0.1,1.1,"circle","self","f","f",0.974037400010275,1,974.037400010275,100,1100,1
7,6,1,20,2,"formal",314,8,0.1,1.1,"square","stranger","f","",NA,0,NA,100,1100,0
7,6,1,20,2,"formal",315,8,0.1,1.1,"circle","stranger","j","j",0.844873099995311,1,844.873099995311,100,1100,1
7,6,1,20,2,"formal",316,8,0.1,1.1,"square","self","j","j",0.598474400001578,1,598.474400001578,100,1100,1
7,6,1,20,2,"formal",317,8,0.1,1.1,"square","stranger","f","f",0.758813299995381,1,758.813299995381,100,1100,1
7,6,1,20,2,"formal",318,8,0.1,1.1,"square","self","j","j",0.855945399991469,1,855.945399991469,100,1100,1
7,6,1,20,2,"formal",319,8,0.1,1.1,"circle","stranger","j","j",0.998009800008731,1,998.009800008731,100,1100,1
7,6,1,20,2,"formal",320,8,0.1,1.1,"circle","self","f","f",0.679379499983042,1,679.379499983042,100,1100,1
7,6,1,20,2,"formal",321,8,0.1,1.1,"square","self","j","j",0.524814400007017,1,524.814400007017,100,1100,1
7,6,1,20,2,"formal",322,8,0.1,1.1,"circle","self","f","f",1.04740390001098,1,1047.40390001098,100,1100,1
7,6,1,20,2,"formal",323,8,0.1,1.1,"circle","stranger","j","f",0.838517600001069,0,838.517600001069,100,1100,1
7,6,1,20,2,"formal",324,8,0.1,1.1,"square","stranger","f","f",0.823558600008255,1,823.558600008255,100,1100,1
7,6,1,20,2,"formal",325,8,0.1,1.1,"square","self","j","j",0.518277900002431,1,518.277900002431,100,1100,1
7,6,1,20,2,"formal",326,8,0.1,1.1,"circle","stranger","j","j",0.582735200005118,1,582.735200005118,100,1100,1
7,6,1,20,2,"formal",327,8,0.1,1.1,"square","stranger","f","f",1.0637776000076,1,1063.7776000076,100,1100,1
7,6,1,20,2,"formal",328,8,0.1,1.1,"circle","self","f","f",0.917906899994705,1,917.906899994705,100,1100,1
7,6,1,20,2,"formal",329,8,0.1,1.1,"square","self","j","j",0.648305100010475,1,648.305100010475,100,1100,1
7,6,1,20,2,"formal",330,8,0.1,1.1,"circle","stranger","j","",NA,0,NA,100,1100,0
7,6,1,20,2,"formal",331,8,0.1,1.1,"circle","self","f","f",0.653787599992938,1,653.787599992938,100,1100,1
7,6,1,20,2,"formal",332,8,0.1,1.1,"square","stranger","f","",NA,0,NA,100,1100,0
7,6,1,20,2,"formal",333,8,0.1,1.1,"square","self","j","j",0.540628999995533,1,540.628999995533,100,1100,1
7,6,1,20,2,"formal",334,8,0.1,1.1,"circle","self","f","",NA,0,NA,100,1100,0
7,6,1,20,2,"formal",335,8,0.1,1.1,"circle","stranger","j","f",0.635866299999179,0,635.866299999179,100,1100,1
7,6,1,20,2,"formal",336,8,0.1,1.1,"square","stranger","f","",NA,0,NA,100,1100,0
7,6,1,20,2,"formal",337,8,0.1,1.1,"square","self","j","j",0.538526499993168,1,538.526499993168,100,1100,1
7,6,1,20,2,"formal",338,8,0.1,1.1,"square","stranger","f","",NA,0,NA,100,1100,0
7,6,1,20,2,"formal",339,8,0.1,1.1,"circle","stranger","j","j",0.831287999986671,1,831.287999986671,100,1100,1
7,6,1,20,2,"formal",340,8,0.1,1.1,"circle","self","f","",NA,0,NA,100,1100,0
7,6,1,20,2,"formal",341,8,0.1,1.1,"circle","self","f","f",0.718127000000095,1,718.127000000095,100,1100,1
7,6,1,20,2,"formal",342,8,0.1,1.1,"square","self","j","",NA,0,NA,100,1100,0
7,6,1,20,2,"formal",343,8,0.1,1.1,"circle","stranger","j","",NA,0,NA,100,1100,0
7,6,1,20,2,"formal",344,8,0.1,1.1,"square","stranger","f","j",0.836132500000531,0,836.132500000531,100,1100,1
7,6,1,20,2,"formal",345,8,0.1,1.1,"square","stranger","f","",NA,0,NA,100,1100,0
7,6,1,20,2,"formal",346,8,0.1,1.1,"square","self","j","j",0.574257600004785,1,574.257600004785,100,1100,1
7,6,1,20,2,"formal",347,8,0.1,1.1,"circle","stranger","j","",NA,0,NA,100,1100,0
7,6,1,20,2,"formal",348,8,0.1,1.1,"circle","self","f","j",0.685329299973091,0,685.329299973091,100,1100,1
7,6,1,20,2,"formal",349,8,0.1,1.1,"circle","stranger","j","",NA,0,NA,100,1100,0
7,6,1,20,2,"formal",350,8,0.1,1.1,"square","self","j","j",0.811515000008512,1,811.515000008512,100,1100,1
7,6,1,20,2,"formal",351,8,0.1,1.1,"circle","self","f","",NA,0,NA,100,1100,0
7,6,1,20,2,"formal",352,8,0.1,1.1,"square","stranger","f","f",1.11770890001208,1,1117.70890001208,100,1100,1
7,6,1,20,2,"formal",353,8,0.1,1.1,"square","self","j","",NA,0,NA,100,1100,0
7,6,1,20,2,"formal",354,8,0.1,1.1,"square","stranger","f","f",0.797592899994925,1,797.592899994925,100,1100,1
7,6,1,20,2,"formal",355,8,0.1,1.1,"circle","stranger","j","",NA,0,NA,100,1100,0
7,6,1,20,2,"formal",356,8,0.1,1.1,"circle","self","f","f",0.714971299981698,1,714.971299981698,100,1100,1
7,6,1,20,2,"formal",357,8,0.1,1.1,"circle","stranger","j","j",1.01510280001094,1,1015.10280001094,100,1100,1
7,6,1,20,2,"formal",358,8,0.1,1.1,"square","stranger","f","f",0.74230099999113,1,742.30099999113,100,1100,1
7,6,1,20,2,"formal",359,8,0.1,1.1,"square","self","j","j",0.694474300020374,1,694.474300020374,100,1100,1
7,6,1,20,2,"formal",360,8,0.1,1.1,"circle","self","f","j",0.934668300003977,0,934.668300003977,100,1100,1
7,6,1,20,2,"formal",361,8,0.1,1.1,"square","stranger","f","",NA,0,NA,100,1100,0
7,6,1,20,2,"formal",362,8,0.1,1.1,"circle","self","f","f",0.717062699986855,1,717.062699986855,100,1100,1
7,6,1,20,2,"formal",363,8,0.1,1.1,"circle","stranger","j","",NA,0,NA,100,1100,0
7,6,1,20,2,"formal",364,8,0.1,1.1,"square","self","j","j",0.52511770001729,1,525.11770001729,100,1100,1
7,6,1,20,2,"formal",365,8,0.1,1.1,"square","stranger","f","",NA,0,NA,100,1100,0
7,6,1,20,2,"formal",366,8,0.1,1.1,"circle","self","f","f",0.73549570000614,1,735.49570000614,100,1100,1
7,6,1,20,2,"formal",367,8,0.1,1.1,"circle","stranger","j","",NA,0,NA,100,1100,0
7,6,1,20,2,"formal",368,8,0.1,1.1,"square","self","j","j",0.767235500010429,1,767.235500010429,100,1100,1
7,6,1,20,2,"formal",369,8,0.1,1.1,"circle","stranger","j","j",0.967693099984899,1,967.693099984899,100,1100,1
7,6,1,20,2,"formal",370,8,0.1,1.1,"circle","self","f","",NA,0,NA,100,1100,0
7,6,1,20,2,"formal",371,8,0.1,1.1,"square","self","j","j",0.942860300012399,1,942.860300012399,100,1100,1
7,6,1,20,2,"formal",372,8,0.1,1.1,"square","stranger","f","f",0.888052800000878,1,888.052800000878,100,1100,1
7,6,1,20,2,"formal",373,8,0.1,1.1,"square","stranger","f","f",0.860809599980712,1,860.809599980712,100,1100,1
7,6,1,20,2,"formal",374,8,0.1,1.1,"circle","stranger","j","",NA,0,NA,100,1100,0
7,6,1,20,2,"formal",375,8,0.1,1.1,"circle","self","f","f",1.08647779998137,1,1086.47779998137,100,1100,1
7,6,1,20,2,"formal",376,8,0.1,1.1,"square","self","j","j",0.775084099994274,1,775.084099994274,100,1100,1
7,6,1,20,2,"formal",377,8,0.1,1.1,"circle","self","f","f",0.711186200001976,1,711.186200001976,100,1100,1
7,6,1,20,2,"formal",378,8,0.1,1.1,"square","self","j","j",0.567454200005159,1,567.454200005159,100,1100,1
7,6,1,20,2,"formal",379,8,0.1,1.1,"square","stranger","f","f",0.710913999995682,1,710.913999995682,100,1100,1
7,6,1,20,2,"formal",380,8,0.1,1.1,"circle","stranger","j","f",0.661058700003196,0,661.058700003196,100,1100,1
7,6,1,20,2,"formal",381,8,0.1,1.1,"square","stranger","f","",NA,0,NA,100,1100,0
7,6,1,20,2,"formal",382,8,0.1,1.1,"square","self","j","j",0.621309400012251,1,621.309400012251,100,1100,1
7,6,1,20,2,"formal",383,8,0.1,1.1,"circle","stranger","j","",NA,0,NA,100,1100,0
7,6,1,20,2,"formal",384,8,0.1,1.1,"circle","self","f","j",0.301437699992675,0,301.437699992675,100,1100,1
7,6,1,20,2,"formal",385,8,0.1,1.1,"square","stranger","f","",NA,0,NA,100,1100,0
7,6,1,20,2,"formal",386,8,0.1,1.1,"circle","stranger","j","f",0.541464500012808,0,541.464500012808,100,1100,1
7,6,1,20,2,"formal",387,8,0.1,1.1,"square","self","j","",NA,0,NA,100,1100,0
7,6,1,20,2,"formal",388,8,0.1,1.1,"circle","self","f","f",0.764782400015974,1,764.782400015974,100,1100,1
7,6,1,20,2,"formal",389,8,0.1,1.1,"square","self","j","",NA,0,NA,100,1100,0
7,6,1,20,2,"formal",390,8,0.1,1.1,"square","stranger","f","f",0.765445199998794,1,765.445199998794,100,1100,1
7,6,1,20,2,"formal",391,8,0.1,1.1,"circle","self","f","",NA,0,NA,100,1100,0
7,6,1,20,2,"formal",392,8,0.1,1.1,"circle","stranger","j","j",0.878111199999694,1,878.111199999694,100,1100,1
7,6,1,20,2,"formal",393,8,0.1,1.1,"square","stranger","f","",NA,0,NA,100,1100,0
7,6,1,20,2,"formal",394,8,0.1,1.1,"square","self","j","j",0.732937499997206,1,732.937499997206,100,1100,1
7,6,1,20,2,"formal",395,8,0.1,1.1,"circle","stranger","j","",NA,0,NA,100,1100,0
7,6,1,20,2,"formal",396,8,0.1,1.1,"circle","self","f","f",0.780804200010607,1,780.804200010607,100,1100,1
7,6,1,20,2,"formal",397,8,0.1,1.1,"circle","self","f","",NA,0,NA,100,1100,0
7,6,1,20,2,"formal",398,8,0.1,1.1,"square","self","j","f",0.15805620001629,0,158.05620001629,100,1100,1
7,6,1,20,2,"formal",399,8,0.1,1.1,"circle","stranger","j","",NA,0,NA,100,1100,0
7,6,1,20,2,"formal",400,8,0.1,1.1,"square","stranger","f","f",0.878363600000739,1,878.363600000739,100,1100,1
7,6,1,20,2,"formal",401,8,0.1,1.1,"circle","stranger","j","",NA,0,NA,100,1100,0
7,6,1,20,2,"formal",402,8,0.1,1.1,"square","self","j","j",0.653616399999009,1,653.616399999009,100,1100,1
7,6,1,20,2,"formal",403,8,0.1,1.1,"square","stranger","f","",NA,0,NA,100,1100,0
7,6,1,20,2,"formal",404,8,0.1,1.1,"circle","self","f","f",0.68454849999398,1,684.54849999398,100,1100,1
7,6,1,20,2,"formal",405,8,0.1,1.1,"circle","stranger","j","",NA,0,NA,100,1100,0
7,6,1,20,2,"formal",406,8,0.1,1.1,"circle","self","f","f",1.11684909998439,1,1116.84909998439,100,1100,1
7,6,1,20,2,"formal",407,8,0.1,1.1,"square","stranger","f","",NA,0,NA,100,1100,0
7,6,1,20,2,"formal",408,8,0.1,1.1,"square","self","j","j",1.02255170000717,1,1022.55170000717,100,1100,1
7,6,1,20,2,"formal",409,8,0.1,1.1,"square","self","j","",NA,0,NA,100,1100,0
7,6,1,20,2,"formal",410,8,0.1,1.1,"circle","self","f","f",1.02091500000097,1,1020.91500000097,100,1100,1
7,6,1,20,2,"formal",411,8,0.1,1.1,"square","stranger","f","",NA,0,NA,100,1100,0
7,6,1,20,2,"formal",412,8,0.1,1.1,"circle","stranger","j","",NA,0,NA,100,1100,0
7,6,1,20,2,"formal",413,8,0.1,1.1,"square","stranger","f","f",1.11122029999387,1,1111.22029999387,100,1100,1
7,6,1,20,2,"formal",414,8,0.1,1.1,"circle","stranger","j","",NA,0,NA,100,1100,0
7,6,1,20,2,"formal",415,8,0.1,1.1,"circle","self","f","",NA,0,NA,100,1100,0
7,6,1,20,2,"formal",416,8,0.1,1.1,"square","self","j","j",0.658803700003773,1,658.803700003773,100,1100,1
7,6,1,20,2,"formal",417,8,0.1,1.1,"circle","self","f","",NA,0,NA,100,1100,0
7,6,1,20,2,"formal",418,8,0.1,1.1,"square","self","j","j",0.716122999991057,1,716.122999991057,100,1100,1
7,6,1,20,2,"formal",419,8,0.1,1.1,"circle","stranger","j","f",0.805961299978662,0,805.961299978662,100,1100,1
7,6,1,20,2,"formal",420,8,0.1,1.1,"square","stranger","f","f",0.968066500005079,1,968.066500005079,100,1100,1
7,6,1,20,2,"formal",421,8,0.1,1.1,"square","self","j","",NA,0,NA,100,1100,0
7,6,1,20,2,"formal",422,8,0.1,1.1,"circle","self","f","",NA,0,NA,100,1100,0
7,6,1,20,2,"formal",423,8,0.1,1.1,"circle","stranger","j","f",0.561729600012768,0,561.729600012768,100,1100,1
7,6,1,20,2,"formal",424,8,0.1,1.1,"square","stranger","f","f",1.15955790001317,1,1159.55790001317,100,1100,1
7,6,1,20,2,"formal",425,8,0.1,1.1,"square","self","j","j",0.652952500007814,1,652.952500007814,100,1100,1
7,6,1,20,2,"formal",426,8,0.1,1.1,"square","stranger","f","f",0.967343600001186,1,967.343600001186,100,1100,1
7,6,1,20,2,"formal",427,8,0.1,1.1,"circle","self","f","f",1.19068080000579,1,1190.68080000579,100,1100,1
7,6,1,20,2,"formal",428,8,0.1,1.1,"circle","stranger","j","j",0.774919199990109,1,774.919199990109,100,1100,1
7,6,1,20,2,"formal",429,8,0.1,1.1,"circle","self","f","f",1.01519409997854,1,1015.19409997854,100,1100,1
7,6,1,20,2,"formal",430,8,0.1,1.1,"square","stranger","f","f",0.887260799994692,1,887.260799994692,100,1100,1
7,6,1,20,2,"formal",431,8,0.1,1.1,"circle","stranger","j","",NA,0,NA,100,1100,0
7,6,1,20,2,"formal",432,8,0.1,1.1,"square","self","j","j",0.717607600003248,1,717.607600003248,100,1100,1
7,6,1,20,2,"formal",433,8,0.1,1.1,"square","stranger","f","f",1.15937589999521,1,1159.37589999521,100,1100,1
7,6,1,20,2,"formal",434,8,0.1,1.1,"square","self","j","j",0.83774329998414,1,837.74329998414,100,1100,1
7,6,1,20,2,"formal",435,8,0.1,1.1,"circle","stranger","j","",NA,0,NA,100,1100,0
7,6,1,20,2,"formal",436,8,0.1,1.1,"circle","self","f","",NA,0,NA,100,1100,0
7,6,1,20,2,"formal",437,8,0.1,1.1,"circle","self","f","",NA,0,NA,100,1100,0
7,6,1,20,2,"formal",438,8,0.1,1.1,"square","self","j","",NA,0,NA,100,1100,0
7,6,1,20,2,"formal",439,8,0.1,1.1,"circle","stranger","j","j",1.08710370000335,1,1087.10370000335,100,1100,1
7,6,1,20,2,"formal",440,8,0.1,1.1,"square","stranger","f","",NA,0,NA,100,1100,0
7,6,1,20,2,"formal",441,8,0.1,1.1,"square","stranger","f","f",0.718971099995542,1,718.971099995542,100,1100,1
7,6,1,20,2,"formal",442,8,0.1,1.1,"square","self","j","",NA,0,NA,100,1100,0
7,6,1,20,2,"formal",443,8,0.1,1.1,"circle","stranger","j","",NA,0,NA,100,1100,0
7,6,1,20,2,"formal",444,8,0.1,1.1,"circle","self","f","",NA,0,NA,100,1100,0
7,6,1,20,2,"formal",445,8,0.1,1.1,"square","stranger","f","f",0.906956300023012,1,906.956300023012,100,1100,1
7,6,1,20,2,"formal",446,8,0.1,1.1,"square","self","j","",NA,0,NA,100,1100,0
7,6,1,20,2,"formal",447,8,0.1,1.1,"circle","self","f","j",0.557966099993791,0,557.966099993791,100,1100,1
7,6,1,20,2,"formal",448,8,0.1,1.1,"circle","stranger","j","j",1.1255841999955,1,1125.5841999955,100,1100,1
7,6,1,20,2,"formal",449,8,0.1,1.1,"square","self","j","j",0.679302300006384,1,679.302300006384,100,1100,1
7,6,1,20,2,"formal",450,8,0.1,1.1,"square","stranger","f","",NA,0,NA,100,1100,0
7,6,1,20,2,"formal",451,8,0.1,1.1,"circle","stranger","j","j",0.844680200010771,1,844.680200010771,100,1100,1
7,6,1,20,2,"formal",452,8,0.1,1.1,"circle","self","f","",NA,0,NA,100,1100,0
7,6,1,20,2,"formal",453,8,0.1,1.1,"circle","stranger","j","",NA,0,NA,100,1100,0
7,6,1,20,2,"formal",454,8,0.1,1.1,"square","self","j","j",1.10612490001949,1,1106.12490001949,100,1100,1
7,6,1,20,2,"formal",455,8,0.1,1.1,"square","stranger","f","",NA,0,NA,100,1100,0
7,6,1,20,2,"formal",456,8,0.1,1.1,"circle","self","f","",NA,0,NA,100,1100,0
7,6,1,20,2,"formal",457,8,0.1,1.1,"circle","stranger","j","",NA,0,NA,100,1100,0
7,6,1,20,2,"formal",458,8,0.1,1.1,"circle","self","f","f",0.806702899979427,1,806.702899979427,100,1100,1
7,6,1,20,2,"formal",459,8,0.1,1.1,"square","stranger","f","f",0.950734999991255,1,950.734999991255,100,1100,1
7,6,1,20,2,"formal",460,8,0.1,1.1,"square","self","j","",NA,0,NA,100,1100,0
7,6,1,20,2,"formal",461,8,0.1,1.1,"square","stranger","f","",NA,0,NA,100,1100,0
7,6,1,20,2,"formal",462,8,0.1,1.1,"circle","stranger","j","j",0.101521000004141,1,101.521000004141,100,1100,1
7,6,1,20,2,"formal",463,8,0.1,1.1,"circle","self","f","",NA,0,NA,100,1100,0
7,6,1,20,2,"formal",464,8,0.1,1.1,"square","self","j","",NA,0,NA,100,1100,0
7,6,1,20,2,"formal",465,8,0.1,1.1,"circle","stranger","j","",NA,0,NA,100,1100,0
7,6,1,20,2,"formal",466,8,0.1,1.1,"square","self","j","j",0.614434100018116,1,614.434100018116,100,1100,1
7,6,1,20,2,"formal",467,8,0.1,1.1,"circle","self","f","",NA,0,NA,100,1100,0
7,6,1,20,2,"formal",468,8,0.1,1.1,"square","stranger","f","f",0.369268699985696,1,369.268699985696,100,1100,1
7,6,1,20,2,"formal",469,8,0.1,1.1,"square","stranger","f","",NA,0,NA,100,1100,0
7,6,1,20,2,"formal",470,8,0.1,1.1,"circle","self","f","f",1.0211324999982,1,1021.1324999982,100,1100,1
7,6,1,20,2,"formal",471,8,0.1,1.1,"circle","stranger","j","",NA,0,NA,100,1100,0
7,6,1,20,2,"formal",472,8,0.1,1.1,"square","self","j","j",0.926138999988325,1,926.138999988325,100,1100,1
7,6,1,20,2,"formal",473,8,0.1,1.1,"circle","self","f","",NA,0,NA,100,1100,0
7,6,1,20,2,"formal",474,8,0.1,1.1,"square","stranger","f","f",0.81252899998799,1,812.52899998799,100,1100,1
7,6,1,20,2,"formal",475,8,0.1,1.1,"circle","stranger","j","",NA,0,NA,100,1100,0
7,6,1,20,2,"formal",476,8,0.1,1.1,"square","self","j","j",0.910217099997681,1,910.217099997681,100,1100,1
7,6,1,20,2,"formal",477,8,0.1,1.1,"circle","stranger","j","",NA,0,NA,100,1100,0
7,6,1,20,2,"formal",478,8,0.1,1.1,"square","stranger","f","f",0.963045099982992,1,963.045099982992,100,1100,1
7,6,1,20,2,"formal",479,8,0.1,1.1,"square","self","j","",NA,0,NA,100,1100,0
7,6,1,20,2,"formal",480,8,0.1,1.1,"circle","self","f","",NA,0,NA,100,1100,0
7,6,1,20,2,"formal",481,8,0.1,1.1,"square","stranger","f","f",0.179063600022346,1,179.063600022346,100,1100,1
7,6,1,20,2,"formal",482,8,0.1,1.1,"circle","stranger","j","",NA,0,NA,100,1100,0
7,6,1,20,2,"formal",483,8,0.1,1.1,"circle","self","f","f",0.49367739999434,1,493.67739999434,100,1100,1
7,6,1,20,2,"formal",484,8,0.1,1.1,"square","self","j","",NA,0,NA,100,1100,0
7,6,1,20,2,"formal",485,8,0.1,1.1,"circle","self","f","f",1.16526869998779,1,1165.26869998779,100,1100,1
7,6,1,20,2,"formal",486,8,0.1,1.1,"square","stranger","f","",NA,0,NA,100,1100,0
7,6,1,20,2,"formal",487,8,0.1,1.1,"circle","stranger","j","",NA,0,NA,100,1100,0
7,6,1,20,2,"formal",488,8,0.1,1.1,"square","self","j","f",0.563918100000592,0,563.918100000592,100,1100,1
7,6,1,20,2,"formal",489,8,0.1,1.1,"circle","self","f","",NA,0,NA,100,1100,0
7,6,1,20,2,"formal",490,8,0.1,1.1,"circle","stranger","j","f",0.925291399995331,0,925.291399995331,100,1100,1
7,6,1,20,2,"formal",491,8,0.1,1.1,"square","self","j","",NA,0,NA,100,1100,0
7,6,1,20,2,"formal",492,8,0.1,1.1,"square","stranger","f","f",1.08583950001048,1,1085.83950001048,100,1100,1
7,6,1,20,2,"formal",493,8,0.1,1.1,"square","stranger","f","",NA,0,NA,100,1100,0
7,6,1,20,2,"formal",494,8,0.1,1.1,"circle","self","f","",NA,0,NA,100,1100,0
7,6,1,20,2,"formal",495,8,0.1,1.1,"square","self","j","j",0.933165700000245,1,933.165700000245,100,1100,1
7,6,1,20,2,"formal",496,8,0.1,1.1,"circle","stranger","j","j",0.822625700006029,1,822.625700006029,100,1100,1
7,6,1,20,2,"formal",497,8,0.1,1.1,"square","self","j","",NA,0,NA,100,1100,0
7,6,1,20,2,"formal",498,8,0.1,1.1,"circle","stranger","j","j",0.702634899993427,1,702.634899993427,100,1100,1
7,6,1,20,2,"formal",499,8,0.1,1.1,"square","stranger","f","",NA,0,NA,100,1100,0
7,6,1,20,2,"formal",500,8,0.1,1.1,"circle","self","f","f",0.782905600004597,1,782.905600004597,100,1100,1
7,6,1,20,2,"formal",501,8,0.1,1.1,"square","self","j","",NA,0,NA,100,1100,0
7,6,1,20,2,"formal",502,8,0.1,1.1,"circle","self","f","f",0.813374600023963,1,813.374600023963,100,1100,1
7,6,1,20,2,"formal",503,8,0.1,1.1,"square","stranger","f","",NA,0,NA,100,1100,0
7,6,1,20,2,"formal",504,8,0.1,1.1,"circle","stranger","j","j",0.797566499997629,1,797.566499997629,100,1100,1
7,6,1,20,2,"formal",505,8,0.1,1.1,"circle","stranger","j","",NA,0,NA,100,1100,0
7,6,1,20,2,"formal",506,8,0.1,1.1,"square","self","j","f",0.846373799984576,0,846.373799984576,100,1100,1
7,6,1,20,2,"formal",507,8,0.1,1.1,"circle","self","f","",NA,0,NA,100,1100,0
7,6,1,20,2,"formal",508,8,0.1,1.1,"square","stranger","f","f",0.621440200018696,1,621.440200018696,100,1100,1
7,6,1,20,2,"formal",509,8,0.1,1.1,"square","stranger","f","",NA,0,NA,100,1100,0
7,6,1,20,2,"formal",510,8,0.1,1.1,"circle","self","f","f",0.653882299986435,1,653.882299986435,100,1100,1
7,6,1,20,2,"formal",511,8,0.1,1.1,"circle","stranger","j","",NA,0,NA,100,1100,0
7,6,1,20,2,"formal",512,8,0.1,1.1,"square","self","j","j",1.19876689999364,1,1198.76689999364,100,1100,1
7,6,1,20,2,"formal",513,8,0.1,1.1,"circle","stranger","j","j",0.998623899999075,1,998.623899999075,100,1100,1
7,6,1,20,2,"formal",514,8,0.1,1.1,"square","self","j","",NA,0,NA,100,1100,0
7,6,1,20,2,"formal",515,8,0.1,1.1,"square","stranger","f","f",0.751645300013479,1,751.645300013479,100,1100,1
7,6,1,20,2,"formal",516,8,0.1,1.1,"circle","self","f","",NA,0,NA,100,1100,0
7,6,1,20,2,"formal",517,8,0.1,1.1,"circle","self","f","f",0.991095300007146,1,991.095300007146,100,1100,1
7,6,1,20,2,"formal",518,8,0.1,1.1,"square","stranger","f","",NA,0,NA,100,1100,0
7,6,1,20,2,"formal",519,8,0.1,1.1,"circle","stranger","j","",NA,0,NA,100,1100,0
7,6,1,20,2,"formal",520,8,0.1,1.1,"square","self","j","",NA,0,NA,100,1100,0
7,6,1,20,2,"formal",521,8,0.1,1.1,"square","self","j","j",0.715703399997437,1,715.703399997437,100,1100,1
7,6,1,20,2,"formal",522,8,0.1,1.1,"circle","self","f","f",1.06359649999649,1,1063.59649999649,100,1100,1
7,6,1,20,2,"formal",523,8,0.1,1.1,"circle","stranger","j","j",0.662813200004166,1,662.813200004166,100,1100,1
7,6,1,20,2,"formal",524,8,0.1,1.1,"square","stranger","f","f",0.839350199996261,1,839.350199996261,100,1100,1
7,6,1,20,2,"formal",525,8,0.1,1.1,"square","stranger","f","f",1.07898600000772,1,1078.98600000772,100,1100,1
7,6,1,20,2,"formal",526,8,0.1,1.1,"circle","self","f","f",0.678129200008698,1,678.129200008698,100,1100,1
7,6,1,20,2,"formal",527,8,0.1,1.1,"circle","stranger","j","",NA,0,NA,100,1100,0
7,6,1,20,2,"formal",528,8,0.1,1.1,"square","self","j","",NA,0,NA,100,1100,0
7,7,1,23,2,"formal",9,8,0.1,1.1,"square","stranger","j","j",0.796712700015632,1,796.712700015632,100,1100,1
7,7,1,23,2,"formal",10,8,0.1,1.1,"square","self","f","f",0.773477999988245,1,773.477999988245,100,1100,1
7,7,1,23,2,"formal",11,8,0.1,1.1,"circle","self","j","j",0.614519900002051,1,614.519900002051,100,1100,1
7,7,1,23,2,"formal",12,8,0.1,1.1,"circle","stranger","f","f",0.951679700025124,1,951.679700025124,100,1100,1
7,7,1,23,2,"formal",13,8,0.1,1.1,"square","self","f","f",0.791096999979345,1,791.096999979345,100,1100,1
7,7,1,23,2,"formal",14,8,0.1,1.1,"circle","self","j","j",0.566759699984686,1,566.759699984686,100,1100,1
7,7,1,23,2,"formal",15,8,0.1,1.1,"circle","stranger","f","f",1.01426039999933,1,1014.26039999933,100,1100,1
7,7,1,23,2,"formal",16,8,0.1,1.1,"square","stranger","j","j",0.695522099995287,1,695.522099995287,100,1100,1
7,7,1,23,2,"formal",17,8,0.1,1.1,"square","self","f","f",0.727402799995616,1,727.402799995616,100,1100,1
7,7,1,23,2,"formal",18,8,0.1,1.1,"circle","stranger","f","f",0.855289099999936,1,855.289099999936,100,1100,1
7,7,1,23,2,"formal",19,8,0.1,1.1,"square","stranger","j","j",0.760411499999464,1,760.411499999464,100,1100,1
7,7,1,23,2,"formal",20,8,0.1,1.1,"circle","self","j","j",0.646823299990501,1,646.823299990501,100,1100,1
7,7,1,23,2,"formal",21,8,0.1,1.1,"square","stranger","j","j",0.903734899999108,1,903.734899999108,100,1100,1
7,7,1,23,2,"formal",22,8,0.1,1.1,"circle","stranger","f","f",0.711016900022514,1,711.016900022514,100,1100,1
7,7,1,23,2,"formal",23,8,0.1,1.1,"circle","self","j","j",0.503153800003929,1,503.153800003929,100,1100,1
7,7,1,23,2,"formal",24,8,0.1,1.1,"square","self","f","f",0.840062700008275,1,840.062700008275,100,1100,1
7,7,1,23,2,"formal",25,8,0.1,1.1,"circle","stranger","f","f",0.807067100016866,1,807.067100016866,100,1100,1
7,7,1,23,2,"formal",26,8,0.1,1.1,"circle","self","j","j",0.631223899981705,1,631.223899981705,100,1100,1
7,7,1,23,2,"formal",27,8,0.1,1.1,"square","self","f","f",0.727009199996246,1,727.009199996246,100,1100,1
7,7,1,23,2,"formal",28,8,0.1,1.1,"square","stranger","j","j",0.551625899999635,1,551.625899999635,100,1100,1
7,7,1,23,2,"formal",29,8,0.1,1.1,"square","stranger","j","j",0.632349599996815,1,632.349599996815,100,1100,1
7,7,1,23,2,"formal",30,8,0.1,1.1,"square","self","f","f",0.552262500015786,1,552.262500015786,100,1100,1
7,7,1,23,2,"formal",31,8,0.1,1.1,"circle","stranger","f","j",0.583457600005204,0,583.457600005204,100,1100,1
7,7,1,23,2,"formal",32,8,0.1,1.1,"circle","self","j","j",0.552121899992926,1,552.121899992926,100,1100,1
7,7,1,23,2,"formal",33,8,0.1,1.1,"circle","self","j","f",0.471522600011667,0,471.522600011667,100,1100,1
7,7,1,23,2,"formal",34,8,0.1,1.1,"square","self","f","f",0.935972200008109,1,935.972200008109,100,1100,1
7,7,1,23,2,"formal",35,8,0.1,1.1,"circle","stranger","f","j",0.886826000001747,0,886.826000001747,100,1100,1
7,7,1,23,2,"formal",36,8,0.1,1.1,"square","stranger","j","j",0.935685499978717,1,935.685499978717,100,1100,1
7,7,1,23,2,"formal",37,8,0.1,1.1,"circle","stranger","f","f",0.679866999998922,1,679.866999998922,100,1100,1
7,7,1,23,2,"formal",38,8,0.1,1.1,"square","self","f","j",0.58401709998725,0,584.01709998725,100,1100,1
7,7,1,23,2,"formal",39,8,0.1,1.1,"circle","self","j","j",0.677267899998697,1,677.267899998697,100,1100,1
7,7,1,23,2,"formal",40,8,0.1,1.1,"square","stranger","j","j",0.791323099983856,1,791.323099983856,100,1100,1
7,7,1,23,2,"formal",41,8,0.1,1.1,"square","self","f","j",0.742987400008133,0,742.987400008133,100,1100,1
7,7,1,23,2,"formal",42,8,0.1,1.1,"circle","self","j","j",0.647270499990555,1,647.270499990555,100,1100,1
7,7,1,23,2,"formal",43,8,0.1,1.1,"square","stranger","j","j",0.615338000003248,1,615.338000003248,100,1100,1
7,7,1,23,2,"formal",44,8,0.1,1.1,"circle","stranger","f","f",0.616554799984442,1,616.554799984442,100,1100,1
7,7,1,23,2,"formal",45,8,0.1,1.1,"square","self","f","j",0.871244199981447,0,871.244199981447,100,1100,1
7,7,1,23,2,"formal",46,8,0.1,1.1,"square","stranger","j","f",1.04800119998981,0,1048.00119998981,100,1100,1
7,7,1,23,2,"formal",47,8,0.1,1.1,"circle","stranger","f","f",0.759431600017706,1,759.431600017706,100,1100,1
7,7,1,23,2,"formal",48,8,0.1,1.1,"circle","self","j","j",0.599662699998589,1,599.662699998589,100,1100,1
7,7,1,23,2,"formal",49,8,0.1,1.1,"circle","self","j","j",0.71199740000884,1,711.99740000884,100,1100,1
7,7,1,23,2,"formal",50,8,0.1,1.1,"square","self","f","f",0.807688100001542,1,807.688100001542,100,1100,1
7,7,1,23,2,"formal",51,8,0.1,1.1,"circle","stranger","f","f",0.694261800003005,1,694.261800003005,100,1100,1
7,7,1,23,2,"formal",52,8,0.1,1.1,"square","stranger","j","f",0.58263530000113,0,582.63530000113,100,1100,1
7,7,1,23,2,"formal",53,8,0.1,1.1,"square","stranger","j","j",0.663775300025009,1,663.775300025009,100,1100,1
7,7,1,23,2,"formal",54,8,0.1,1.1,"circle","stranger","f","f",0.58265830000164,1,582.65830000164,100,1100,1
7,7,1,23,2,"formal",55,8,0.1,1.1,"circle","self","j","j",0.519934499985538,1,519.934499985538,100,1100,1
7,7,1,23,2,"formal",56,8,0.1,1.1,"square","self","f","f",0.869894600007683,1,869.894600007683,100,1100,1
7,7,1,23,2,"formal",57,8,0.1,1.1,"circle","stranger","f","f",0.727191200014204,1,727.191200014204,100,1100,1
7,7,1,23,2,"formal",58,8,0.1,1.1,"square","stranger","j","j",0.567707400012296,1,567.707400012296,100,1100,1
7,7,1,23,2,"formal",59,8,0.1,1.1,"square","self","f","f",0.631948399997782,1,631.948399997782,100,1100,1
7,7,1,23,2,"formal",60,8,0.1,1.1,"circle","self","j","j",0.599693299998762,1,599.693299998762,100,1100,1
7,7,1,23,2,"formal",61,8,0.1,1.1,"square","self","f","f",0.68573810000089,1,685.73810000089,100,1100,1
7,7,1,23,2,"formal",62,8,0.1,1.1,"square","stranger","j","f",0.694852200016612,0,694.852200016612,100,1100,1
7,7,1,23,2,"formal",63,8,0.1,1.1,"circle","self","j","j",0.631686600012472,1,631.686600012472,100,1100,1
7,7,1,23,2,"formal",64,8,0.1,1.1,"circle","stranger","f","f",0.582492699992144,1,582.492699992144,100,1100,1
7,7,1,23,2,"formal",65,8,0.1,1.1,"circle","stranger","f","f",0.82322479999857,1,823.22479999857,100,1100,1
7,7,1,23,2,"formal",66,8,0.1,1.1,"square","self","f","j",0.727152500010561,0,727.152500010561,100,1100,1
7,7,1,23,2,"formal",67,8,0.1,1.1,"circle","self","j","j",0.566306699998677,1,566.306699998677,100,1100,1
7,7,1,23,2,"formal",68,8,0.1,1.1,"square","stranger","j","j",0.743506300001172,1,743.506300001172,100,1100,1
7,7,1,23,2,"formal",69,8,0.1,1.1,"square","stranger","j","j",0.647772299998906,1,647.772299998906,100,1100,1
7,7,1,23,2,"formal",70,8,0.1,1.1,"circle","stranger","f","f",0.61464210000122,1,614.64210000122,100,1100,1
7,7,1,23,2,"formal",71,8,0.1,1.1,"circle","self","j","j",0.582645399990724,1,582.645399990724,100,1100,1
7,7,1,23,2,"formal",72,8,0.1,1.1,"square","self","f","f",0.711078299995279,1,711.078299995279,100,1100,1
7,7,1,23,2,"formal",73,8,0.1,1.1,"circle","self","j","j",0.695364600018365,1,695.364600018365,100,1100,1
7,7,1,23,2,"formal",74,8,0.1,1.1,"square","self","f","f",0.583155700005591,1,583.155700005591,100,1100,1
7,7,1,23,2,"formal",75,8,0.1,1.1,"square","stranger","j","j",0.554605599987553,1,554.605599987553,100,1100,1
7,7,1,23,2,"formal",76,8,0.1,1.1,"circle","stranger","f","f",0.758702299994184,1,758.702299994184,100,1100,1
7,7,1,23,2,"formal",77,8,0.1,1.1,"square","self","f","f",0.59812619999866,1,598.12619999866,100,1100,1
7,7,1,23,2,"formal",78,8,0.1,1.1,"circle","stranger","f","f",0.774991799989948,1,774.991799989948,100,1100,1
7,7,1,23,2,"formal",79,8,0.1,1.1,"square","stranger","j","j",0.840535499999532,1,840.535499999532,100,1100,1
7,7,1,23,2,"formal",80,8,0.1,1.1,"circle","self","j","j",0.550536099995952,1,550.536099995952,100,1100,1
7,7,1,23,2,"formal",81,8,0.1,1.1,"circle","self","j","j",0.567768400011119,1,567.768400011119,100,1100,1
7,7,1,23,2,"formal",82,8,0.1,1.1,"square","stranger","j","f",0.535985299997265,0,535.985299997265,100,1100,1
7,7,1,23,2,"formal",83,8,0.1,1.1,"circle","stranger","f","f",0.855269699997734,1,855.269699997734,100,1100,1
7,7,1,23,2,"formal",84,8,0.1,1.1,"square","self","f","f",0.727528499992331,1,727.528499992331,100,1100,1
7,7,1,23,2,"formal",85,8,0.1,1.1,"square","stranger","j","j",0.551476099994034,1,551.476099994034,100,1100,1
7,7,1,23,2,"formal",86,8,0.1,1.1,"circle","stranger","f","f",0.728065999981482,1,728.065999981482,100,1100,1
7,7,1,23,2,"formal",87,8,0.1,1.1,"circle","self","j","j",0.520074900006875,1,520.074900006875,100,1100,1
7,7,1,23,2,"formal",88,8,0.1,1.1,"square","self","f","f",0.552201900020009,1,552.201900020009,100,1100,1
7,7,1,23,2,"formal",89,8,0.1,1.1,"circle","stranger","f","f",0.758651200012537,1,758.651200012537,100,1100,1
7,7,1,23,2,"formal",90,8,0.1,1.1,"square","stranger","j","j",0.535380000015721,1,535.380000015721,100,1100,1
7,7,1,23,2,"formal",91,8,0.1,1.1,"circle","self","j","j",0.599127900000894,1,599.127900000894,100,1100,1
7,7,1,23,2,"formal",92,8,0.1,1.1,"square","self","f","f",0.630479099985678,1,630.479099985678,100,1100,1
7,7,1,23,2,"formal",93,8,0.1,1.1,"square","stranger","j","f",0.615178699983517,0,615.178699983517,100,1100,1
7,7,1,23,2,"formal",94,8,0.1,1.1,"circle","self","j","j",0.598037199990358,1,598.037199990358,100,1100,1
7,7,1,23,2,"formal",95,8,0.1,1.1,"square","self","f","f",0.678656800009776,1,678.656800009776,100,1100,1
7,7,1,23,2,"formal",96,8,0.1,1.1,"circle","stranger","f","f",0.662681199988583,1,662.681199988583,100,1100,1
7,7,1,23,2,"formal",97,8,0.1,1.1,"square","self","f","f",0.855877399997553,1,855.877399997553,100,1100,1
7,7,1,23,2,"formal",98,8,0.1,1.1,"circle","self","j","j",0.632295599993085,1,632.295599993085,100,1100,1
7,7,1,23,2,"formal",99,8,0.1,1.1,"square","stranger","j","j",0.583367499988526,1,583.367499988526,100,1100,1
7,7,1,23,2,"formal",100,8,0.1,1.1,"circle","stranger","f","f",0.550723399996059,1,550.723399996059,100,1100,1
7,7,1,23,2,"formal",101,8,0.1,1.1,"circle","stranger","f","f",0.711873599997489,1,711.873599997489,100,1100,1
7,7,1,23,2,"formal",102,8,0.1,1.1,"square","self","f","f",0.822913799987873,1,822.913799987873,100,1100,1
7,7,1,23,2,"formal",103,8,0.1,1.1,"circle","self","j","j",0.583761799993226,1,583.761799993226,100,1100,1
7,7,1,23,2,"formal",104,8,0.1,1.1,"square","stranger","j","j",0.599451399990357,1,599.451399990357,100,1100,1
7,7,1,23,2,"formal",105,8,0.1,1.1,"circle","stranger","f","f",0.696134300000267,1,696.134300000267,100,1100,1
7,7,1,23,2,"formal",106,8,0.1,1.1,"circle","self","j","j",0.470042700006161,1,470.042700006161,100,1100,1
7,7,1,23,2,"formal",107,8,0.1,1.1,"square","stranger","j","j",0.58296510000946,1,582.96510000946,100,1100,1
7,7,1,23,2,"formal",108,8,0.1,1.1,"square","self","f","f",0.518367300013779,1,518.367300013779,100,1100,1
7,7,1,23,2,"formal",109,8,0.1,1.1,"circle","stranger","f","f",0.599991600000067,1,599.991600000067,100,1100,1
7,7,1,23,2,"formal",110,8,0.1,1.1,"circle","self","j","j",0.43992609999259,1,439.92609999259,100,1100,1
7,7,1,23,2,"formal",111,8,0.1,1.1,"square","stranger","j","f",0.711858399998164,0,711.858399998164,100,1100,1
7,7,1,23,2,"formal",112,8,0.1,1.1,"square","self","f","f",0.727951599983498,1,727.951599983498,100,1100,1
7,7,1,23,2,"formal",113,8,0.1,1.1,"circle","self","j","j",0.637333199993009,1,637.333199993009,100,1100,1
7,7,1,23,2,"formal",114,8,0.1,1.1,"square","stranger","j","j",0.567998699989403,1,567.998699989403,100,1100,1
7,7,1,23,2,"formal",115,8,0.1,1.1,"circle","stranger","f","f",0.614419300021837,1,614.419300021837,100,1100,1
7,7,1,23,2,"formal",116,8,0.1,1.1,"square","self","f","f",0.535734000004595,1,535.734000004595,100,1100,1
7,7,1,23,2,"formal",117,8,0.1,1.1,"square","self","f","f",0.678247699979693,1,678.247699979693,100,1100,1
7,7,1,23,2,"formal",118,8,0.1,1.1,"square","stranger","j","f",0.614372799987905,0,614.372799987905,100,1100,1
7,7,1,23,2,"formal",119,8,0.1,1.1,"circle","self","j","j",0.598795799975051,1,598.795799975051,100,1100,1
7,7,1,23,2,"formal",120,8,0.1,1.1,"circle","stranger","f","f",0.567583199997898,1,567.583199997898,100,1100,1
7,7,1,23,2,"formal",121,8,0.1,1.1,"square","self","f","f",0.663563400012208,1,663.563400012208,100,1100,1
7,7,1,23,2,"formal",122,8,0.1,1.1,"circle","self","j","j",0.535700700012967,1,535.700700012967,100,1100,1
7,7,1,23,2,"formal",123,8,0.1,1.1,"circle","stranger","f","f",0.648071800009347,1,648.071800009347,100,1100,1
7,7,1,23,2,"formal",124,8,0.1,1.1,"square","stranger","j","j",0.567025800002739,1,567.025800002739,100,1100,1
7,7,1,23,2,"formal",125,8,0.1,1.1,"square","self","f","f",0.567486899992218,1,567.486899992218,100,1100,1
7,7,1,23,2,"formal",126,8,0.1,1.1,"circle","stranger","f","f",0.967612700012978,1,967.612700012978,100,1100,1
7,7,1,23,2,"formal",127,8,0.1,1.1,"circle","self","j","f",0.839797499997076,0,839.797499997076,100,1100,1
7,7,1,23,2,"formal",128,8,0.1,1.1,"square","stranger","j","j",0.567232100002002,1,567.232100002002,100,1100,1
7,7,1,23,2,"formal",129,8,0.1,1.1,"square","self","f","f",0.646887000009883,1,646.887000009883,100,1100,1
7,7,1,23,2,"formal",130,8,0.1,1.1,"circle","self","j","j",0.679258599993773,1,679.258599993773,100,1100,1
7,7,1,23,2,"formal",131,8,0.1,1.1,"circle","stranger","f","f",0.519109799992293,1,519.109799992293,100,1100,1
7,7,1,23,2,"formal",132,8,0.1,1.1,"square","stranger","j","j",0.630698200024199,1,630.698200024199,100,1100,1
7,7,1,23,2,"formal",133,8,0.1,1.1,"square","stranger","j","j",0.619179700006498,1,619.179700006498,100,1100,1
7,7,1,23,2,"formal",134,8,0.1,1.1,"circle","self","j","j",0.678064700012328,1,678.064700012328,100,1100,1
7,7,1,23,2,"formal",135,8,0.1,1.1,"square","self","f","f",0.678277600003639,1,678.277600003639,100,1100,1
7,7,1,23,2,"formal",136,8,0.1,1.1,"circle","stranger","f","f",0.855753599986201,1,855.753599986201,100,1100,1
7,7,1,23,2,"formal",137,8,0.1,1.1,"circle","stranger","f","f",0.742422199982684,1,742.422199982684,100,1100,1
7,7,1,23,2,"formal",138,8,0.1,1.1,"square","stranger","j","j",0.599062499997672,1,599.062499997672,100,1100,1
7,7,1,23,2,"formal",139,8,0.1,1.1,"circle","self","j","j",0.582801999989897,1,582.801999989897,100,1100,1
7,7,1,23,2,"formal",140,8,0.1,1.1,"square","self","f","f",0.775185700011207,1,775.185700011207,100,1100,1
7,7,1,23,2,"formal",141,8,0.1,1.1,"circle","stranger","f","f",0.647078500012867,1,647.078500012867,100,1100,1
7,7,1,23,2,"formal",142,8,0.1,1.1,"square","self","f","j",0.472256699984428,0,472.256699984428,100,1100,1
7,7,1,23,2,"formal",143,8,0.1,1.1,"circle","self","j","j",0.646747499995399,1,646.747499995399,100,1100,1
7,7,1,23,2,"formal",144,8,0.1,1.1,"square","stranger","j","j",0.743756300013047,1,743.756300013047,100,1100,1
7,7,1,23,2,"formal",145,8,0.1,1.1,"square","self","f","f",0.536242200003471,1,536.242200003471,100,1100,1
7,7,1,23,2,"formal",146,8,0.1,1.1,"square","stranger","j","j",0.824008299998241,1,824.008299998241,100,1100,1
7,7,1,23,2,"formal",147,8,0.1,1.1,"circle","stranger","f","f",0.583397400012473,1,583.397400012473,100,1100,1
7,7,1,23,2,"formal",148,8,0.1,1.1,"circle","self","j","j",0.615638599992963,1,615.638599992963,100,1100,1
7,7,1,23,2,"formal",149,8,0.1,1.1,"square","stranger","j","j",0.679113599995617,1,679.113599995617,100,1100,1
7,7,1,23,2,"formal",150,8,0.1,1.1,"circle","stranger","f","f",0.582153700001072,1,582.153700001072,100,1100,1
7,7,1,23,2,"formal",151,8,0.1,1.1,"square","self","f","j",0.551948500011349,0,551.948500011349,100,1100,1
7,7,1,23,2,"formal",152,8,0.1,1.1,"circle","self","j","j",0.59875699999975,1,598.75699999975,100,1100,1
7,7,1,23,2,"formal",153,8,0.1,1.1,"circle","stranger","f","f",0.727367200015578,1,727.367200015578,100,1100,1
7,7,1,23,2,"formal",154,8,0.1,1.1,"circle","self","j","j",0.630589900014456,1,630.589900014456,100,1100,1
7,7,1,23,2,"formal",155,8,0.1,1.1,"square","stranger","j","j",0.536067899985937,1,536.067899985937,100,1100,1
7,7,1,23,2,"formal",156,8,0.1,1.1,"square","self","f","f",0.536231100006262,1,536.231100006262,100,1100,1
7,7,1,23,2,"formal",157,8,0.1,1.1,"square","stranger","j","f",0.823962599999504,0,823.962599999504,100,1100,1
7,7,1,23,2,"formal",158,8,0.1,1.1,"circle","stranger","f","f",0.726394800003618,1,726.394800003618,100,1100,1
7,7,1,23,2,"formal",159,8,0.1,1.1,"circle","self","j","j",0.51824810000835,1,518.24810000835,100,1100,1
7,7,1,23,2,"formal",160,8,0.1,1.1,"square","self","f","f",0.48705660001724,1,487.05660001724,100,1100,1
7,7,1,23,2,"formal",161,8,0.1,1.1,"square","self","f","f",0.743296500004362,1,743.296500004362,100,1100,1
7,7,1,23,2,"formal",162,8,0.1,1.1,"square","stranger","j","j",0.67776849999791,1,677.76849999791,100,1100,1
7,7,1,23,2,"formal",163,8,0.1,1.1,"circle","self","j","j",0.711129899980733,1,711.129899980733,100,1100,1
7,7,1,23,2,"formal",164,8,0.1,1.1,"circle","stranger","f","f",0.630724199989345,1,630.724199989345,100,1100,1
7,7,1,23,2,"formal",165,8,0.1,1.1,"square","self","f","f",0.796085399982985,1,796.085399982985,100,1100,1
7,7,1,23,2,"formal",166,8,0.1,1.1,"circle","stranger","f","f",0.727058799995575,1,727.058799995575,100,1100,1
7,7,1,23,2,"formal",167,8,0.1,1.1,"circle","self","j","j",0.471391600003699,1,471.391600003699,100,1100,1
7,7,1,23,2,"formal",168,8,0.1,1.1,"square","stranger","j","j",0.792243100004271,1,792.243100004271,100,1100,1
7,7,1,23,2,"formal",169,8,0.1,1.1,"square","stranger","j","j",0.662863300007302,1,662.863300007302,100,1100,1
7,7,1,23,2,"formal",170,8,0.1,1.1,"square","self","f","f",0.679961199988611,1,679.961199988611,100,1100,1
7,7,1,23,2,"formal",171,8,0.1,1.1,"circle","stranger","f","f",0.66271720000077,1,662.71720000077,100,1100,1
7,7,1,23,2,"formal",172,8,0.1,1.1,"circle","self","j","j",0.726613000006182,1,726.613000006182,100,1100,1
7,7,1,23,2,"formal",173,8,0.1,1.1,"circle","self","j","j",0.535050100006629,1,535.050100006629,100,1100,1
7,7,1,23,2,"formal",174,8,0.1,1.1,"circle","stranger","f","f",0.631437100004405,1,631.437100004405,100,1100,1
7,7,1,23,2,"formal",175,8,0.1,1.1,"square","stranger","j","j",0.758963000000222,1,758.963000000222,100,1100,1
7,7,1,23,2,"formal",176,8,0.1,1.1,"square","self","f","f",0.534965099999681,1,534.965099999681,100,1100,1
7,7,1,23,2,"formal",177,8,0.1,1.1,"square","stranger","j","j",0.628641499992227,1,628.641499992227,100,1100,1
7,7,1,23,2,"formal",178,8,0.1,1.1,"circle","self","j","j",0.519222600007197,1,519.222600007197,100,1100,1
7,7,1,23,2,"formal",179,8,0.1,1.1,"circle","stranger","f","f",1.14114439999685,1,1141.14439999685,100,1100,1
7,7,1,23,2,"formal",180,8,0.1,1.1,"square","self","f","f",0.999699200008763,1,999.699200008763,100,1100,1
7,7,1,23,2,"formal",181,8,0.1,1.1,"circle","stranger","f","f",0.614491799991811,1,614.491799991811,100,1100,1
7,7,1,23,2,"formal",182,8,0.1,1.1,"square","stranger","j","j",0.61436410000897,1,614.36410000897,100,1100,1
7,7,1,23,2,"formal",183,8,0.1,1.1,"square","self","f","f",0.566482800000813,1,566.482800000813,100,1100,1
7,7,1,23,2,"formal",184,8,0.1,1.1,"circle","self","j","j",0.503032299980987,1,503.032299980987,100,1100,1
7,7,1,23,2,"formal",185,8,0.1,1.1,"square","self","f","f",0.630051900021499,1,630.051900021499,100,1100,1
7,7,1,23,2,"formal",186,8,0.1,1.1,"circle","self","j","j",0.550039499998093,1,550.039499998093,100,1100,1
7,7,1,23,2,"formal",187,8,0.1,1.1,"circle","stranger","f","f",0.613515300006839,1,613.515300006839,100,1100,1
7,7,1,23,2,"formal",188,8,0.1,1.1,"square","stranger","j","j",0.566794200014556,1,566.794200014556,100,1100,1
7,7,1,23,2,"formal",189,8,0.1,1.1,"circle","self","j","j",0.582159999990836,1,582.159999990836,100,1100,1
7,7,1,23,2,"formal",190,8,0.1,1.1,"circle","stranger","f","f",0.663138900010381,1,663.138900010381,100,1100,1
7,7,1,23,2,"formal",191,8,0.1,1.1,"square","stranger","j","j",0.61552120000124,1,615.52120000124,100,1100,1
7,7,1,23,2,"formal",192,8,0.1,1.1,"square","self","f","f",0.599190700013423,1,599.190700013423,100,1100,1
7,7,1,23,2,"formal",193,8,0.1,1.1,"circle","stranger","f","f",0.997104799986118,1,997.104799986118,100,1100,1
7,7,1,23,2,"formal",194,8,0.1,1.1,"square","stranger","j","j",0.631731600005878,1,631.731600005878,100,1100,1
7,7,1,23,2,"formal",195,8,0.1,1.1,"circle","self","j","j",0.583022800012259,1,583.022800012259,100,1100,1
7,7,1,23,2,"formal",196,8,0.1,1.1,"square","self","f","f",0.662979499989888,1,662.979499989888,100,1100,1
7,7,1,23,2,"formal",197,8,0.1,1.1,"circle","self","j","j",0.630724500020733,1,630.724500020733,100,1100,1
7,7,1,23,2,"formal",198,8,0.1,1.1,"circle","stranger","f","f",0.597665200009942,1,597.665200009942,100,1100,1
7,7,1,23,2,"formal",199,8,0.1,1.1,"square","self","f","f",0.677949200005969,1,677.949200005969,100,1100,1
7,7,1,23,2,"formal",200,8,0.1,1.1,"square","stranger","j","j",0.59965740001644,1,599.65740001644,100,1100,1
7,7,1,23,2,"formal",201,8,0.1,1.1,"square","self","f","f",0.647231299983105,1,647.231299983105,100,1100,1
7,7,1,23,2,"formal",202,8,0.1,1.1,"circle","stranger","f","f",0.742524500004947,1,742.524500004947,100,1100,1
7,7,1,23,2,"formal",203,8,0.1,1.1,"square","stranger","j","f",0.662501200014958,0,662.501200014958,100,1100,1
7,7,1,23,2,"formal",204,8,0.1,1.1,"circle","self","j","j",0.647266599989962,1,647.266599989962,100,1100,1
7,7,1,23,2,"formal",205,8,0.1,1.1,"circle","self","j","j",0.582609699980821,1,582.609699980821,100,1100,1
7,7,1,23,2,"formal",206,8,0.1,1.1,"square","stranger","j","j",0.646960999991279,1,646.960999991279,100,1100,1
7,7,1,23,2,"formal",207,8,0.1,1.1,"square","self","f","f",0.566285600012634,1,566.285600012634,100,1100,1
7,7,1,23,2,"formal",208,8,0.1,1.1,"circle","stranger","f","f",0.871051099995384,1,871.051099995384,100,1100,1
7,7,1,23,2,"formal",209,8,0.1,1.1,"square","self","f","f",0.935806499997852,1,935.806499997852,100,1100,1
7,7,1,23,2,"formal",210,8,0.1,1.1,"circle","self","j","j",0.597605099988868,1,597.605099988868,100,1100,1
7,7,1,23,2,"formal",211,8,0.1,1.1,"square","stranger","j","j",0.694405499991262,1,694.405499991262,100,1100,1
7,7,1,23,2,"formal",212,8,0.1,1.1,"circle","stranger","f","f",0.693209299992304,1,693.209299992304,100,1100,1
7,7,1,23,2,"formal",213,8,0.1,1.1,"circle","stranger","f","f",0.677685999980895,1,677.685999980895,100,1100,1
7,7,1,23,2,"formal",214,8,0.1,1.1,"square","stranger","j","j",0.775746600003913,1,775.746600003913,100,1100,1
7,7,1,23,2,"formal",215,8,0.1,1.1,"square","self","f","f",0.821024800010491,1,821.024800010491,100,1100,1
7,7,1,23,2,"formal",216,8,0.1,1.1,"circle","self","j","j",0.743134199990891,1,743.134199990891,100,1100,1
7,7,1,23,2,"formal",217,8,0.1,1.1,"square","self","f","f",0.701430899993284,1,701.430899993284,100,1100,1
7,7,1,23,2,"formal",218,8,0.1,1.1,"circle","self","j","j",0.550594100001035,1,550.594100001035,100,1100,1
7,7,1,23,2,"formal",219,8,0.1,1.1,"circle","stranger","f","f",0.711079300002893,1,711.079300002893,100,1100,1
7,7,1,23,2,"formal",220,8,0.1,1.1,"square","stranger","j","j",0.565792600013083,1,565.792600013083,100,1100,1
7,7,1,23,2,"formal",221,8,0.1,1.1,"square","self","f","f",0.741867000004277,1,741.867000004277,100,1100,1
7,7,1,23,2,"formal",222,8,0.1,1.1,"circle","self","j","j",0.519386400002986,1,519.386400002986,100,1100,1
7,7,1,23,2,"formal",223,8,0.1,1.1,"circle","stranger","f","f",0.567129699978977,1,567.129699978977,100,1100,1
7,7,1,23,2,"formal",224,8,0.1,1.1,"square","stranger","j","j",0.647872999979882,1,647.872999979882,100,1100,1
7,7,1,23,2,"formal",225,8,0.1,1.1,"square","self","f","f",0.678469800011953,1,678.469800011953,100,1100,1
7,7,1,23,2,"formal",226,8,0.1,1.1,"circle","self","j","j",0.534174700005678,1,534.174700005678,100,1100,1
7,7,1,23,2,"formal",227,8,0.1,1.1,"circle","stranger","f","f",0.581892400019569,1,581.892400019569,100,1100,1
7,7,1,23,2,"formal",228,8,0.1,1.1,"square","stranger","j","j",0.790779599978123,1,790.779599978123,100,1100,1
7,7,1,23,2,"formal",229,8,0.1,1.1,"circle","stranger","f","f",0.519060199992964,1,519.060199992964,100,1100,1
7,7,1,23,2,"formal",230,8,0.1,1.1,"square","self","f","f",0.615477400016971,1,615.477400016971,100,1100,1
7,7,1,23,2,"formal",231,8,0.1,1.1,"circle","self","j","j",0.470566200005123,1,470.566200005123,100,1100,1
7,7,1,23,2,"formal",232,8,0.1,1.1,"square","stranger","j","j",0.487264700001106,1,487.264700001106,100,1100,1
7,7,1,23,2,"formal",233,8,0.1,1.1,"square","stranger","j","f",0.694897500012303,0,694.897500012303,100,1100,1
7,7,1,23,2,"formal",234,8,0.1,1.1,"square","self","f","f",0.8863022000005,1,886.3022000005,100,1100,1
7,7,1,23,2,"formal",235,8,0.1,1.1,"circle","self","j","j",0.583024599996861,1,583.024599996861,100,1100,1
7,7,1,23,2,"formal",236,8,0.1,1.1,"circle","stranger","f","f",0.61491269999533,1,614.91269999533,100,1100,1
7,7,1,23,2,"formal",237,8,0.1,1.1,"circle","stranger","f","f",0.662212100025499,1,662.212100025499,100,1100,1
7,7,1,23,2,"formal",238,8,0.1,1.1,"square","stranger","j","j",0.645847800013144,1,645.847800013144,100,1100,1
7,7,1,23,2,"formal",239,8,0.1,1.1,"square","self","f","f",0.535562600009143,1,535.562600009143,100,1100,1
7,7,1,23,2,"formal",240,8,0.1,1.1,"circle","self","j","j",0.647185700014234,1,647.185700014234,100,1100,1
7,7,1,23,2,"formal",241,8,0.1,1.1,"square","stranger","j","j",0.773988800006919,1,773.988800006919,100,1100,1
7,7,1,23,2,"formal",242,8,0.1,1.1,"circle","stranger","f","f",0.69483609998133,1,694.83609998133,100,1100,1
7,7,1,23,2,"formal",243,8,0.1,1.1,"circle","self","j","j",0.501338700007182,1,501.338700007182,100,1100,1
7,7,1,23,2,"formal",244,8,0.1,1.1,"square","self","f","j",0.80712380001205,0,807.12380001205,100,1100,1
7,7,1,23,2,"formal",245,8,0.1,1.1,"square","stranger","j","j",0.693972900015069,1,693.972900015069,100,1100,1
7,7,1,23,2,"formal",246,8,0.1,1.1,"square","self","f","f",0.6307444999984,1,630.7444999984,100,1100,1
7,7,1,23,2,"formal",247,8,0.1,1.1,"circle","self","j","j",0.680019999999786,1,680.019999999786,100,1100,1
7,7,1,23,2,"formal",248,8,0.1,1.1,"circle","stranger","f","f",0.582234000001336,1,582.234000001336,100,1100,1
7,7,1,23,2,"formal",249,8,0.1,1.1,"square","self","f","j",0.534954200003995,0,534.954200003995,100,1100,1
7,7,1,23,2,"formal",250,8,0.1,1.1,"circle","stranger","f","f",0.934286300005624,1,934.286300005624,100,1100,1
7,7,1,23,2,"formal",251,8,0.1,1.1,"circle","self","j","j",0.647090300015407,1,647.090300015407,100,1100,1
7,7,1,23,2,"formal",252,8,0.1,1.1,"square","stranger","j","j",0.598793999990448,1,598.793999990448,100,1100,1
7,7,1,23,2,"formal",253,8,0.1,1.1,"square","stranger","j","j",0.903248699993128,1,903.248699993128,100,1100,1
7,7,1,23,2,"formal",254,8,0.1,1.1,"square","self","f","f",0.600488199997926,1,600.488199997926,100,1100,1
7,7,1,23,2,"formal",255,8,0.1,1.1,"circle","self","j","j",0.583178400003817,1,583.178400003817,100,1100,1
7,7,1,23,2,"formal",256,8,0.1,1.1,"circle","stranger","f","f",0.678389900014736,1,678.389900014736,100,1100,1
7,7,1,23,2,"formal",257,8,0.1,1.1,"circle","stranger","f","f",0.711188300017966,1,711.188300017966,100,1100,1
7,7,1,23,2,"formal",258,8,0.1,1.1,"square","self","f","f",0.888432400010061,1,888.432400010061,100,1100,1
7,7,1,23,2,"formal",259,8,0.1,1.1,"square","stranger","j","j",0.597214200010058,1,597.214200010058,100,1100,1
7,7,1,23,2,"formal",260,8,0.1,1.1,"circle","self","j","j",0.727390299987746,1,727.390299987746,100,1100,1
7,7,1,23,2,"formal",261,8,0.1,1.1,"square","stranger","j","j",0.855878799979109,1,855.878799979109,100,1100,1
7,7,1,23,2,"formal",262,8,0.1,1.1,"circle","stranger","f","f",0.887816600006772,1,887.816600006772,100,1100,1
7,7,1,23,2,"formal",263,8,0.1,1.1,"circle","self","j","j",0.758621799992397,1,758.621799992397,100,1100,1
7,7,1,23,2,"formal",264,8,0.1,1.1,"square","self","f","f",0.743376799975522,1,743.376799975522,100,1100,1
7,7,1,23,2,"formal",265,8,0.1,1.1,"circle","stranger","f","j",0.66267049999442,0,662.67049999442,100,1100,1
7,7,1,23,2,"formal",266,8,0.1,1.1,"square","stranger","j","j",0.806171200005338,1,806.171200005338,100,1100,1
7,7,1,23,2,"formal",267,8,0.1,1.1,"circle","self","j","j",1.04717910001636,1,1047.17910001636,100,1100,1
7,7,1,23,2,"formal",268,8,0.1,1.1,"square","self","f","f",0.679424899979495,1,679.424899979495,100,1100,1
7,7,1,23,2,"formal",269,8,0.1,1.1,"square","self","f","f",0.765229799988447,1,765.229799988447,100,1100,1
7,7,1,23,2,"formal",270,8,0.1,1.1,"circle","self","j","j",0.680038700025762,1,680.038700025762,100,1100,1
7,7,1,23,2,"formal",271,8,0.1,1.1,"square","stranger","j","j",0.631992800015723,1,631.992800015723,100,1100,1
7,7,1,23,2,"formal",272,8,0.1,1.1,"circle","stranger","f","f",0.776158099994063,1,776.158099994063,100,1100,1
7,7,1,23,2,"formal",273,8,0.1,1.1,"circle","self","j","j",0.567805099999532,1,567.805099999532,100,1100,1
7,7,1,23,2,"formal",274,8,0.1,1.1,"square","stranger","j","j",0.647429299977375,1,647.429299977375,100,1100,1
7,7,1,23,2,"formal",275,8,0.1,1.1,"circle","stranger","f","f",0.727047500025947,1,727.047500025947,100,1100,1
7,7,1,23,2,"formal",276,8,0.1,1.1,"square","self","f","f",0.75966230002814,1,759.66230002814,100,1100,1
7,7,1,23,2,"formal",277,8,0.1,1.1,"square","stranger","j","f",0.823175300000003,0,823.175300000003,100,1100,1
7,7,1,23,2,"formal",278,8,0.1,1.1,"circle","self","j","j",0.58310089999577,1,583.10089999577,100,1100,1
7,7,1,23,2,"formal",279,8,0.1,1.1,"circle","stranger","f","f",0.567028099991148,1,567.028099991148,100,1100,1
7,7,1,23,2,"formal",280,8,0.1,1.1,"square","self","f","f",0.616817100002663,1,616.817100002663,100,1100,1
7,7,1,23,2,"formal",281,8,0.1,1.1,"square","self","f","f",0.840076899999985,1,840.076899999985,100,1100,1
7,7,1,23,2,"formal",282,8,0.1,1.1,"square","stranger","j","j",0.823217900004238,1,823.217900004238,100,1100,1
7,7,1,23,2,"formal",283,8,0.1,1.1,"circle","self","j","j",0.598724100011168,1,598.724100011168,100,1100,1
7,7,1,23,2,"formal",284,8,0.1,1.1,"circle","stranger","f","f",0.582644500012975,1,582.644500012975,100,1100,1
7,7,1,23,2,"formal",285,8,0.1,1.1,"square","stranger","j","j",0.646222399984254,1,646.222399984254,100,1100,1
7,7,1,23,2,"formal",286,8,0.1,1.1,"circle","self","j","j",0.663817599997856,1,663.817599997856,100,1100,1
7,7,1,23,2,"formal",287,8,0.1,1.1,"circle","stranger","f","f",0.615544400003273,1,615.544400003273,100,1100,1
7,7,1,23,2,"formal",288,8,0.1,1.1,"square","self","f","f",0.823053600004641,1,823.053600004641,100,1100,1
7,7,1,23,2,"formal",289,8,0.1,1.1,"circle","self","j","j",0.711009799997555,1,711.009799997555,100,1100,1
7,7,1,23,2,"formal",290,8,0.1,1.1,"square","stranger","j","j",0.711391399992863,1,711.391399992863,100,1100,1
7,7,1,23,2,"formal",291,8,0.1,1.1,"square","self","f","f",0.823802800005069,1,823.802800005069,100,1100,1
7,7,1,23,2,"formal",292,8,0.1,1.1,"circle","stranger","f","f",0.712251400022069,1,712.251400022069,100,1100,1
7,7,1,23,2,"formal",293,8,0.1,1.1,"circle","stranger","f","f",0.743580300011672,1,743.580300011672,100,1100,1
7,7,1,23,2,"formal",294,8,0.1,1.1,"square","stranger","j","j",0.711401100008516,1,711.401100008516,100,1100,1
7,7,1,23,2,"formal",295,8,0.1,1.1,"circle","self","j","j",0.600301500002388,1,600.301500002388,100,1100,1
7,7,1,23,2,"formal",296,8,0.1,1.1,"square","self","f","f",0.696014100016328,1,696.014100016328,100,1100,1
7,7,1,23,2,"formal",297,8,0.1,1.1,"circle","stranger","f","f",0.773985000007087,1,773.985000007087,100,1100,1
7,7,1,23,2,"formal",298,8,0.1,1.1,"square","self","f","f",1.03254240000388,1,1032.54240000388,100,1100,1
7,7,1,23,2,"formal",299,8,0.1,1.1,"square","stranger","j","j",0.630580700002611,1,630.580700002611,100,1100,1
7,7,1,23,2,"formal",300,8,0.1,1.1,"circle","self","j","j",0.583276899997145,1,583.276899997145,100,1100,1
7,7,1,23,2,"formal",301,8,0.1,1.1,"square","self","f","f",0.632003499980783,1,632.003499980783,100,1100,1
7,7,1,23,2,"formal",302,8,0.1,1.1,"square","stranger","j","j",0.647386999975424,1,647.386999975424,100,1100,1
7,7,1,23,2,"formal",303,8,0.1,1.1,"circle","stranger","f","f",0.984375800006092,1,984.375800006092,100,1100,1
7,7,1,23,2,"formal",304,8,0.1,1.1,"circle","self","j","j",0.647127899981569,1,647.127899981569,100,1100,1
7,7,1,23,2,"formal",305,8,0.1,1.1,"square","stranger","j","j",0.647178199986229,1,647.178199986229,100,1100,1
7,7,1,23,2,"formal",306,8,0.1,1.1,"square","self","f","f",0.646417400013888,1,646.417400013888,100,1100,1
7,7,1,23,2,"formal",307,8,0.1,1.1,"circle","stranger","f","f",0.678416700015077,1,678.416700015077,100,1100,1
7,7,1,23,2,"formal",308,8,0.1,1.1,"circle","self","j","j",0.646783899981529,1,646.783899981529,100,1100,1
7,7,1,23,2,"formal",309,8,0.1,1.1,"square","stranger","j","j",0.775378900027135,1,775.378900027135,100,1100,1
7,7,1,23,2,"formal",310,8,0.1,1.1,"square","self","f","f",0.535512900009053,1,535.512900009053,100,1100,1
7,7,1,23,2,"formal",311,8,0.1,1.1,"circle","stranger","f","f",0.6629831000173,1,662.9831000173,100,1100,1
7,7,1,23,2,"formal",312,8,0.1,1.1,"circle","self","j","j",0.838177800003905,1,838.177800003905,100,1100,1
7,7,1,23,2,"formal",313,8,0.1,1.1,"circle","self","j","j",0.854048800014425,1,854.048800014425,100,1100,1
7,7,1,23,2,"formal",314,8,0.1,1.1,"circle","stranger","f","f",0.663000399974408,1,663.000399974408,100,1100,1
7,7,1,23,2,"formal",315,8,0.1,1.1,"square","stranger","j","j",0.725955300003989,1,725.955300003989,100,1100,1
7,7,1,23,2,"formal",316,8,0.1,1.1,"square","self","f","f",0.598596399999224,1,598.596399999224,100,1100,1
7,7,1,23,2,"formal",317,8,0.1,1.1,"circle","stranger","f","f",0.710366099985549,1,710.366099985549,100,1100,1
7,7,1,23,2,"formal",318,8,0.1,1.1,"circle","self","j","j",0.837482600007206,1,837.482600007206,100,1100,1
7,7,1,23,2,"formal",319,8,0.1,1.1,"square","stranger","j","j",0.597920600004727,1,597.920600004727,100,1100,1
7,7,1,23,2,"formal",320,8,0.1,1.1,"square","self","f","f",0.534724900004221,1,534.724900004221,100,1100,1
7,7,1,23,2,"formal",321,8,0.1,1.1,"square","stranger","j","j",0.63652960001491,1,636.52960001491,100,1100,1
7,7,1,23,2,"formal",322,8,0.1,1.1,"circle","self","j","j",0.501372899976559,1,501.372899976559,100,1100,1
7,7,1,23,2,"formal",323,8,0.1,1.1,"circle","stranger","f","f",0.517924900021171,1,517.924900021171,100,1100,1
7,7,1,23,2,"formal",324,8,0.1,1.1,"square","self","f","j",0.75852980001946,0,758.52980001946,100,1100,1
7,7,1,23,2,"formal",325,8,0.1,1.1,"circle","self","j","j",0.710130699997535,1,710.130699997535,100,1100,1
7,7,1,23,2,"formal",326,8,0.1,1.1,"square","self","f","f",0.743479600001592,1,743.479600001592,100,1100,1
7,7,1,23,2,"formal",327,8,0.1,1.1,"circle","stranger","f","f",0.757870600005845,1,757.870600005845,100,1100,1
7,7,1,23,2,"formal",328,8,0.1,1.1,"square","stranger","j","j",0.982823300000746,1,982.823300000746,100,1100,1
7,7,1,23,2,"formal",329,8,0.1,1.1,"square","stranger","j","j",0.485787300014636,1,485.787300014636,100,1100,1
7,7,1,23,2,"formal",330,8,0.1,1.1,"circle","stranger","f","f",0.565024199982872,1,565.024199982872,100,1100,1
7,7,1,23,2,"formal",331,8,0.1,1.1,"square","self","f","f",0.59934109999449,1,599.34109999449,100,1100,1
7,7,1,23,2,"formal",332,8,0.1,1.1,"circle","self","j","j",0.501401499990607,1,501.401499990607,100,1100,1
7,7,1,23,2,"formal",333,8,0.1,1.1,"square","self","f","f",0.710582500003511,1,710.582500003511,100,1100,1
7,7,1,23,2,"formal",334,8,0.1,1.1,"circle","self","j","j",0.583326000021771,1,583.326000021771,100,1100,1
7,7,1,23,2,"formal",335,8,0.1,1.1,"circle","stranger","f","f",1.04653459999827,1,1046.53459999827,100,1100,1
7,7,1,23,2,"formal",336,8,0.1,1.1,"square","stranger","j","j",0.662638399982825,1,662.638399982825,100,1100,1
7,7,1,23,2,"formal",337,8,0.1,1.1,"square","stranger","j","j",0.647529299982125,1,647.529299982125,100,1100,1
7,7,1,23,2,"formal",338,8,0.1,1.1,"circle","self","j","j",0.614037199993618,1,614.037199993618,100,1100,1
7,7,1,23,2,"formal",339,8,0.1,1.1,"square","self","f","f",0.551497000007657,1,551.497000007657,100,1100,1
7,7,1,23,2,"formal",340,8,0.1,1.1,"circle","stranger","f","f",0.582957899983739,1,582.957899983739,100,1100,1
7,7,1,23,2,"formal",341,8,0.1,1.1,"square","self","f","f",0.598013299982995,1,598.013299982995,100,1100,1
7,7,1,23,2,"formal",342,8,0.1,1.1,"circle","stranger","f","f",0.676400500000454,1,676.400500000454,100,1100,1
7,7,1,23,2,"formal",343,8,0.1,1.1,"square","stranger","j","j",0.742690799990669,1,742.690799990669,100,1100,1
7,7,1,23,2,"formal",344,8,0.1,1.1,"circle","self","j","j",0.437154900020687,1,437.154900020687,100,1100,1
7,7,1,23,2,"formal",345,8,0.1,1.1,"square","stranger","j","f",0.583154099993408,0,583.154099993408,100,1100,1
7,7,1,23,2,"formal",346,8,0.1,1.1,"circle","stranger","f","f",0.854433399974369,1,854.433399974369,100,1100,1
7,7,1,23,2,"formal",347,8,0.1,1.1,"circle","self","j","j",0.582587099983357,1,582.587099983357,100,1100,1
7,7,1,23,2,"formal",348,8,0.1,1.1,"square","self","f","f",0.613889699976426,1,613.889699976426,100,1100,1
7,7,1,23,2,"formal",349,8,0.1,1.1,"circle","self","j","f",0.69357149998541,0,693.57149998541,100,1100,1
7,7,1,23,2,"formal",350,8,0.1,1.1,"square","stranger","j","f",1.19044079998275,0,1190.44079998275,100,1100,1
7,7,1,23,2,"formal",351,8,0.1,1.1,"square","self","f","f",0.7261858000129,1,726.1858000129,100,1100,1
7,7,1,23,2,"formal",352,8,0.1,1.1,"circle","stranger","f","f",0.694556899979943,1,694.556899979943,100,1100,1
7,7,1,23,2,"formal",353,8,0.1,1.1,"square","stranger","j","j",0.743359000014607,1,743.359000014607,100,1100,1
7,7,1,23,2,"formal",354,8,0.1,1.1,"circle","self","j","j",0.695056900003692,1,695.056900003692,100,1100,1
7,7,1,23,2,"formal",355,8,0.1,1.1,"circle","stranger","f","f",0.629871399985859,1,629.871399985859,100,1100,1
7,7,1,23,2,"formal",356,8,0.1,1.1,"square","self","f","f",0.75771619999432,1,757.71619999432,100,1100,1
7,7,1,23,2,"formal",357,8,0.1,1.1,"circle","stranger","f","f",0.644654600007925,1,644.654600007925,100,1100,1
7,7,1,23,2,"formal",358,8,0.1,1.1,"square","self","f","f",0.726767900021514,1,726.767900021514,100,1100,1
7,7,1,23,2,"formal",359,8,0.1,1.1,"circle","self","j","j",0.758998200006317,1,758.998200006317,100,1100,1
7,7,1,23,2,"formal",360,8,0.1,1.1,"square","stranger","j","j",0.549836299993331,1,549.836299993331,100,1100,1
7,7,1,23,2,"formal",361,8,0.1,1.1,"circle","self","j","j",0.80724399999599,1,807.24399999599,100,1100,1
7,7,1,23,2,"formal",362,8,0.1,1.1,"circle","stranger","f","f",0.582088099996326,1,582.088099996326,100,1100,1
7,7,1,23,2,"formal",363,8,0.1,1.1,"square","self","f","f",0.63153399998555,1,631.53399998555,100,1100,1
7,7,1,23,2,"formal",364,8,0.1,1.1,"square","stranger","j","j",0.614450000022771,1,614.450000022771,100,1100,1
7,7,1,23,2,"formal",365,8,0.1,1.1,"square","stranger","j","f",0.679353000014089,0,679.353000014089,100,1100,1
7,7,1,23,2,"formal",366,8,0.1,1.1,"square","self","f","f",0.935797999991337,1,935.797999991337,100,1100,1
7,7,1,23,2,"formal",367,8,0.1,1.1,"circle","stranger","f","f",0.694706200010842,1,694.706200010842,100,1100,1
7,7,1,23,2,"formal",368,8,0.1,1.1,"circle","self","j","j",0.454845000000205,1,454.845000000205,100,1100,1
7,7,1,23,2,"formal",369,8,0.1,1.1,"square","self","f","f",0.519785199983744,1,519.785199983744,100,1100,1
7,7,1,23,2,"formal",370,8,0.1,1.1,"square","stranger","j","j",0.695080299978144,1,695.080299978144,100,1100,1
7,7,1,23,2,"formal",371,8,0.1,1.1,"circle","self","j","j",0.631699499994284,1,631.699499994284,100,1100,1
7,7,1,23,2,"formal",372,8,0.1,1.1,"circle","stranger","f","f",0.550421499996446,1,550.421499996446,100,1100,1
7,7,1,23,2,"formal",373,8,0.1,1.1,"square","stranger","j","j",0.557096500007901,1,557.096500007901,100,1100,1
7,7,1,23,2,"formal",374,8,0.1,1.1,"circle","self","j","j",0.534356999996817,1,534.356999996817,100,1100,1
7,7,1,23,2,"formal",375,8,0.1,1.1,"circle","stranger","f","f",0.582822399999714,1,582.822399999714,100,1100,1
7,7,1,23,2,"formal",376,8,0.1,1.1,"square","self","f","f",0.550629300007131,1,550.629300007131,100,1100,1
7,7,1,23,2,"formal",377,8,0.1,1.1,"circle","self","j","j",0.502621899999212,1,502.621899999212,100,1100,1
7,7,1,23,2,"formal",378,8,0.1,1.1,"circle","stranger","f","f",0.582958000013605,1,582.958000013605,100,1100,1
7,7,1,23,2,"formal",379,8,0.1,1.1,"square","stranger","j","j",0.567026699980488,1,567.026699980488,100,1100,1
7,7,1,23,2,"formal",380,8,0.1,1.1,"square","self","f","f",0.599240499985171,1,599.240499985171,100,1100,1
7,7,1,23,2,"formal",381,8,0.1,1.1,"square","self","f","f",0.664372900006128,1,664.372900006128,100,1100,1
7,7,1,23,2,"formal",382,8,0.1,1.1,"square","stranger","j","f",0.629657899989979,0,629.657899989979,100,1100,1
7,7,1,23,2,"formal",383,8,0.1,1.1,"circle","self","j","j",0.647500499995658,1,647.500499995658,100,1100,1
7,7,1,23,2,"formal",384,8,0.1,1.1,"circle","stranger","f","f",0.533808500011219,1,533.808500011219,100,1100,1
7,7,1,23,2,"formal",385,8,0.1,1.1,"square","self","f","f",0.631222900003195,1,631.222900003195,100,1100,1
7,7,1,23,2,"formal",386,8,0.1,1.1,"circle","self","j","j",0.550607200013474,1,550.607200013474,100,1100,1
7,7,1,23,2,"formal",387,8,0.1,1.1,"square","stranger","j","j",0.598949499981245,1,598.949499981245,100,1100,1
7,7,1,23,2,"formal",388,8,0.1,1.1,"circle","stranger","f","f",0.598811500007287,1,598.811500007287,100,1100,1
7,7,1,23,2,"formal",389,8,0.1,1.1,"circle","stranger","f","f",0.823360800015507,1,823.360800015507,100,1100,1
7,7,1,23,2,"formal",390,8,0.1,1.1,"square","stranger","j","j",0.855173899995862,1,855.173899995862,100,1100,1
7,7,1,23,2,"formal",391,8,0.1,1.1,"square","self","f","f",0.518816099996911,1,518.816099996911,100,1100,1
7,7,1,23,2,"formal",392,8,0.1,1.1,"circle","self","j","j",0.50117869998212,1,501.17869998212,100,1100,1
7,7,1,23,2,"formal",393,8,0.1,1.1,"circle","self","j","j",0.581788799987407,1,581.788799987407,100,1100,1
7,7,1,23,2,"formal",394,8,0.1,1.1,"square","stranger","j","j",0.535489899979439,1,535.489899979439,100,1100,1
7,7,1,23,2,"formal",395,8,0.1,1.1,"square","self","f","f",0.711874100001296,1,711.874100001296,100,1100,1
7,7,1,23,2,"formal",396,8,0.1,1.1,"circle","stranger","f","f",0.712084300001152,1,712.084300001152,100,1100,1
7,7,1,23,2,"formal",397,8,0.1,1.1,"circle","stranger","f","f",0.694711199990707,1,694.711199990707,100,1100,1
7,7,1,23,2,"formal",398,8,0.1,1.1,"circle","self","j","j",0.711069999990286,1,711.069999990286,100,1100,1
7,7,1,23,2,"formal",399,8,0.1,1.1,"square","stranger","j","j",0.565946199989412,1,565.946199989412,100,1100,1
7,7,1,23,2,"formal",400,8,0.1,1.1,"square","self","f","f",0.584049299999606,1,584.049299999606,100,1100,1
7,7,1,23,2,"formal",401,8,0.1,1.1,"circle","stranger","f","j",0.791019199998118,0,791.019199998118,100,1100,1
7,7,1,23,2,"formal",402,8,0.1,1.1,"square","stranger","j","f",0.998545400012517,0,998.545400012517,100,1100,1
7,7,1,23,2,"formal",403,8,0.1,1.1,"circle","self","j","j",0.694883299991488,1,694.883299991488,100,1100,1
7,7,1,23,2,"formal",404,8,0.1,1.1,"square","self","f","f",0.598412399995141,1,598.412399995141,100,1100,1
7,7,1,23,2,"formal",405,8,0.1,1.1,"circle","stranger","f","f",0.694041700015077,1,694.041700015077,100,1100,1
7,7,1,23,2,"formal",406,8,0.1,1.1,"square","self","f","f",0.775283499999205,1,775.283499999205,100,1100,1
7,7,1,23,2,"formal",407,8,0.1,1.1,"square","stranger","j","j",0.519205099990359,1,519.205099990359,100,1100,1
7,7,1,23,2,"formal",408,8,0.1,1.1,"circle","self","j","j",0.567691400006879,1,567.691400006879,100,1100,1
7,7,1,23,2,"formal",409,8,0.1,1.1,"square","stranger","j","j",0.712566000001971,1,712.566000001971,100,1100,1
7,7,1,23,2,"formal",410,8,0.1,1.1,"square","self","f","f",0.58298200002173,1,582.98200002173,100,1100,1
7,7,1,23,2,"formal",411,8,0.1,1.1,"circle","self","j","j",0.934509499988053,1,934.509499988053,100,1100,1
7,7,1,23,2,"formal",412,8,0.1,1.1,"circle","stranger","f","f",0.55105999999796,1,551.05999999796,100,1100,1
7,7,1,23,2,"formal",413,8,0.1,1.1,"square","stranger","j","j",0.485951000009663,1,485.951000009663,100,1100,1
7,7,1,23,2,"formal",414,8,0.1,1.1,"square","self","f","f",0.550313999992795,1,550.313999992795,100,1100,1
7,7,1,23,2,"formal",415,8,0.1,1.1,"circle","self","j","j",0.663352900010068,1,663.352900010068,100,1100,1
7,7,1,23,2,"formal",416,8,0.1,1.1,"circle","stranger","f","f",0.616030700010015,1,616.030700010015,100,1100,1
7,7,1,23,2,"formal",417,8,0.1,1.1,"square","stranger","j","j",0.79061830000137,1,790.61830000137,100,1100,1
7,7,1,23,2,"formal",418,8,0.1,1.1,"circle","stranger","f","f",0.630920299998252,1,630.920299998252,100,1100,1
7,7,1,23,2,"formal",419,8,0.1,1.1,"circle","self","j","j",0.55163200001698,1,551.63200001698,100,1100,1
7,7,1,23,2,"formal",420,8,0.1,1.1,"square","self","f","f",0.471994899999117,1,471.994899999117,100,1100,1
7,7,1,23,2,"formal",421,8,0.1,1.1,"square","stranger","j","j",0.694490199995926,1,694.490199995926,100,1100,1
7,7,1,23,2,"formal",422,8,0.1,1.1,"circle","self","j","j",0.486775600002147,1,486.775600002147,100,1100,1
7,7,1,23,2,"formal",423,8,0.1,1.1,"circle","stranger","f","f",0.518727499991655,1,518.727499991655,100,1100,1
7,7,1,23,2,"formal",424,8,0.1,1.1,"square","self","f","f",0.742612999980338,1,742.612999980338,100,1100,1
7,7,1,23,2,"formal",425,8,0.1,1.1,"square","stranger","j","j",0.5884473999904,1,588.4473999904,100,1100,1
7,7,1,23,2,"formal",426,8,0.1,1.1,"square","self","f","f",0.51913020000211,1,519.13020000211,100,1100,1
7,7,1,23,2,"formal",427,8,0.1,1.1,"circle","self","j","j",0.438717799988808,1,438.717799988808,100,1100,1
7,7,1,23,2,"formal",428,8,0.1,1.1,"circle","stranger","f","f",0.533822299999883,1,533.822299999883,100,1100,1
7,7,1,23,2,"formal",429,8,0.1,1.1,"square","self","f","f",0.552161899977364,1,552.161899977364,100,1100,1
7,7,1,23,2,"formal",430,8,0.1,1.1,"square","stranger","j","j",0.583052400004817,1,583.052400004817,100,1100,1
7,7,1,23,2,"formal",431,8,0.1,1.1,"circle","stranger","f","f",0.583778600004734,1,583.778600004734,100,1100,1
7,7,1,23,2,"formal",432,8,0.1,1.1,"circle","self","j","j",0.741732499998761,1,741.732499998761,100,1100,1
7,7,1,23,2,"formal",433,8,0.1,1.1,"circle","self","j","j",0.55146839999361,1,551.46839999361,100,1100,1
7,7,1,23,2,"formal",434,8,0.1,1.1,"circle","stranger","f","f",0.549002999992808,1,549.002999992808,100,1100,1
7,7,1,23,2,"formal",435,8,0.1,1.1,"square","stranger","j","j",0.662123100017197,1,662.123100017197,100,1100,1
7,7,1,23,2,"formal",436,8,0.1,1.1,"square","self","f","f",0.4868196999887,1,486.8196999887,100,1100,1
7,7,1,23,2,"formal",437,8,0.1,1.1,"circle","stranger","f","f",0.534115099988412,1,534.115099988412,100,1100,1
7,7,1,23,2,"formal",438,8,0.1,1.1,"circle","self","j","j",0.58366340000066,1,583.66340000066,100,1100,1
7,7,1,23,2,"formal",439,8,0.1,1.1,"square","self","f","f",0.53612420000718,1,536.12420000718,100,1100,1
7,7,1,23,2,"formal",440,8,0.1,1.1,"square","stranger","j","j",0.551437899994198,1,551.437899994198,100,1100,1
7,7,1,23,2,"formal",441,8,0.1,1.1,"square","stranger","j","j",0.519377799995709,1,519.377799995709,100,1100,1
7,7,1,23,2,"formal",442,8,0.1,1.1,"circle","self","j","j",0.534809900011169,1,534.809900011169,100,1100,1
7,7,1,23,2,"formal",443,8,0.1,1.1,"square","self","f","f",0.533392600016668,1,533.392600016668,100,1100,1
7,7,1,23,2,"formal",444,8,0.1,1.1,"circle","stranger","f","f",0.67776339998818,1,677.76339998818,100,1100,1
7,7,1,23,2,"formal",445,8,0.1,1.1,"square","stranger","j","j",0.534682700003032,1,534.682700003032,100,1100,1
7,7,1,23,2,"formal",446,8,0.1,1.1,"circle","self","j","j",0.583076599985361,1,583.076599985361,100,1100,1
7,7,1,23,2,"formal",447,8,0.1,1.1,"circle","stranger","f","f",0.613035899994429,1,613.035899994429,100,1100,1
7,7,1,23,2,"formal",448,8,0.1,1.1,"square","self","f","f",0.631339499988826,1,631.339499988826,100,1100,1
7,7,1,23,2,"formal",449,8,0.1,1.1,"circle","self","j","j",0.534995099995285,1,534.995099995285,100,1100,1
7,7,1,23,2,"formal",450,8,0.1,1.1,"circle","stranger","f","f",0.695135099987965,1,695.135099987965,100,1100,1
7,7,1,23,2,"formal",451,8,0.1,1.1,"square","self","f","j",0.565997700003209,0,565.997700003209,100,1100,1
7,7,1,23,2,"formal",452,8,0.1,1.1,"square","stranger","j","j",0.886665900005028,1,886.665900005028,100,1100,1
7,7,1,23,2,"formal",453,8,0.1,1.1,"square","stranger","j","j",0.711811999994097,1,711.811999994097,100,1100,1
7,7,1,23,2,"formal",454,8,0.1,1.1,"square","self","f","f",0.600130000006175,1,600.130000006175,100,1100,1
7,7,1,23,2,"formal",455,8,0.1,1.1,"circle","self","j","j",0.470696200005477,1,470.696200005477,100,1100,1
7,7,1,23,2,"formal",456,8,0.1,1.1,"circle","stranger","f","f",0.600123799988069,1,600.123799988069,100,1100,1
7,7,1,23,2,"formal",457,8,0.1,1.1,"circle","self","j","j",0.647622100019362,1,647.622100019362,100,1100,1
7,7,1,23,2,"formal",458,8,0.1,1.1,"square","stranger","j","j",0.535920700000133,1,535.920700000133,100,1100,1
7,7,1,23,2,"formal",459,8,0.1,1.1,"square","self","f","f",0.791674100008095,1,791.674100008095,100,1100,1
7,7,1,23,2,"formal",460,8,0.1,1.1,"circle","stranger","f","f",0.583099899988156,1,583.099899988156,100,1100,1
7,7,1,23,2,"formal",461,8,0.1,1.1,"square","stranger","j","j",0.598983799980488,1,598.983799980488,100,1100,1
7,7,1,23,2,"formal",462,8,0.1,1.1,"circle","self","j","j",0.650212699983967,1,650.212699983967,100,1100,1
7,7,1,23,2,"formal",463,8,0.1,1.1,"square","self","f","f",0.629714199982118,1,629.714199982118,100,1100,1
7,7,1,23,2,"formal",464,8,0.1,1.1,"circle","stranger","f","f",0.534498399996664,1,534.498399996664,100,1100,1
7,7,1,23,2,"formal",465,8,0.1,1.1,"square","self","f","f",0.613566099986201,1,613.566099986201,100,1100,1
7,7,1,23,2,"formal",466,8,0.1,1.1,"circle","stranger","f","f",0.99757690000115,1,997.57690000115,100,1100,1
7,7,1,23,2,"formal",467,8,0.1,1.1,"square","stranger","j","j",0.983632499992382,1,983.632499992382,100,1100,1
7,7,1,23,2,"formal",468,8,0.1,1.1,"circle","self","j","j",0.53564919999917,1,535.64919999917,100,1100,1
7,7,1,23,2,"formal",469,8,0.1,1.1,"circle","stranger","f","f",0.501293600013014,1,501.293600013014,100,1100,1
7,7,1,23,2,"formal",470,8,0.1,1.1,"circle","self","j","j",0.61381780001102,1,613.81780001102,100,1100,1
7,7,1,23,2,"formal",471,8,0.1,1.1,"square","self","f","f",0.647096599976066,1,647.096599976066,100,1100,1
7,7,1,23,2,"formal",472,8,0.1,1.1,"square","stranger","j","j",0.504031299991766,1,504.031299991766,100,1100,1
7,7,1,23,2,"formal",473,8,0.1,1.1,"circle","stranger","f","f",0.663442599994596,1,663.442599994596,100,1100,1
7,7,1,23,2,"formal",474,8,0.1,1.1,"circle","self","j","j",0.82324709999375,1,823.24709999375,100,1100,1
7,7,1,23,2,"formal",475,8,0.1,1.1,"square","stranger","j","j",0.646424599981401,1,646.424599981401,100,1100,1
7,7,1,23,2,"formal",476,8,0.1,1.1,"square","self","f","f",0.518230299989227,1,518.230299989227,100,1100,1
7,7,1,23,2,"formal",477,8,0.1,1.1,"square","self","f","f",0.635804399993503,1,635.804399993503,100,1100,1
7,7,1,23,2,"formal",478,8,0.1,1.1,"square","stranger","j","f",1.19055280002067,0,1190.55280002067,100,1100,1
7,7,1,23,2,"formal",479,8,0.1,1.1,"circle","self","j","j",0.487315899983514,1,487.315899983514,100,1100,1
7,7,1,23,2,"formal",480,8,0.1,1.1,"circle","stranger","f","f",0.583615299983649,1,583.615299983649,100,1100,1
7,7,1,23,2,"formal",481,8,0.1,1.1,"circle","stranger","f","f",0.630009599990444,1,630.009599990444,100,1100,1
7,7,1,23,2,"formal",482,8,0.1,1.1,"circle","self","j","j",0.519669599976623,1,519.669599976623,100,1100,1
7,7,1,23,2,"formal",483,8,0.1,1.1,"square","self","f","f",0.533344900002703,1,533.344900002703,100,1100,1
7,7,1,23,2,"formal",484,8,0.1,1.1,"square","stranger","j","j",0.695922899991274,1,695.922899991274,100,1100,1
7,7,1,23,2,"formal",485,8,0.1,1.1,"circle","self","j","j",0.567580700007966,1,567.580700007966,100,1100,1
7,7,1,23,2,"formal",486,8,0.1,1.1,"square","self","f","f",0.646409500011941,1,646.409500011941,100,1100,1
7,7,1,23,2,"formal",487,8,0.1,1.1,"square","stranger","j","j",0.822775600012392,1,822.775600012392,100,1100,1
7,7,1,23,2,"formal",488,8,0.1,1.1,"circle","stranger","f","f",0.630671799997799,1,630.671799997799,100,1100,1
7,7,1,23,2,"formal",489,8,0.1,1.1,"square","stranger","j","",NA,0,NA,100,1100,0
7,7,1,23,2,"formal",490,8,0.1,1.1,"circle","self","j","j",0.53955610000412,1,539.55610000412,100,1100,1
7,7,1,23,2,"formal",491,8,0.1,1.1,"circle","stranger","f","f",0.555900099978317,1,555.900099978317,100,1100,1
7,7,1,23,2,"formal",492,8,0.1,1.1,"square","self","f","f",0.710997499991208,1,710.997499991208,100,1100,1
7,7,1,23,2,"formal",493,8,0.1,1.1,"square","self","f","f",0.699034299992491,1,699.034299992491,100,1100,1
7,7,1,23,2,"formal",494,8,0.1,1.1,"circle","stranger","f","f",0.647385399992345,1,647.385399992345,100,1100,1
7,7,1,23,2,"formal",495,8,0.1,1.1,"square","stranger","j","j",0.790597799990792,1,790.597799990792,100,1100,1
7,7,1,23,2,"formal",496,8,0.1,1.1,"circle","self","j","j",0.551595500000985,1,551.595500000985,100,1100,1
7,7,1,23,2,"formal",497,8,0.1,1.1,"circle","self","j","j",0.486193200020352,1,486.193200020352,100,1100,1
7,7,1,23,2,"formal",498,8,0.1,1.1,"square","stranger","j","j",0.679284099984216,1,679.284099984216,100,1100,1
7,7,1,23,2,"formal",499,8,0.1,1.1,"circle","stranger","f","f",0.75876120000612,1,758.76120000612,100,1100,1
7,7,1,23,2,"formal",500,8,0.1,1.1,"square","self","f","f",0.663583400018979,1,663.583400018979,100,1100,1
7,7,1,23,2,"formal",501,8,0.1,1.1,"square","self","f","f",0.7745124999783,1,774.5124999783,100,1100,1
7,7,1,23,2,"formal",502,8,0.1,1.1,"circle","stranger","f","f",0.70957829998224,1,709.57829998224,100,1100,1
7,7,1,23,2,"formal",503,8,0.1,1.1,"square","stranger","j","j",0.741787900013151,1,741.787900013151,100,1100,1
7,7,1,23,2,"formal",504,8,0.1,1.1,"circle","self","j","j",0.471213199984049,1,471.213199984049,100,1100,1
7,7,1,23,2,"formal",505,8,0.1,1.1,"circle","self","j","j",0.487734299997101,1,487.734299997101,100,1100,1
7,7,1,23,2,"formal",506,8,0.1,1.1,"circle","stranger","f","f",0.72464320002473,1,724.64320002473,100,1100,1
7,7,1,23,2,"formal",507,8,0.1,1.1,"square","self","f","f",0.583177499996964,1,583.177499996964,100,1100,1
7,7,1,23,2,"formal",508,8,0.1,1.1,"square","stranger","j","j",0.567879600013839,1,567.879600013839,100,1100,1
7,7,1,23,2,"formal",509,8,0.1,1.1,"circle","stranger","f","f",0.581759699998656,1,581.759699998656,100,1100,1
7,7,1,23,2,"formal",510,8,0.1,1.1,"square","stranger","j","j",0.711204799998086,1,711.204799998086,100,1100,1
7,7,1,23,2,"formal",511,8,0.1,1.1,"circle","self","j","j",0.567313600011403,1,567.313600011403,100,1100,1
7,7,1,23,2,"formal",512,8,0.1,1.1,"square","self","f","f",0.533777499978896,1,533.777499978896,100,1100,1
7,7,1,23,2,"formal",513,8,0.1,1.1,"square","stranger","j","j",0.902191800007131,1,902.191800007131,100,1100,1
7,7,1,23,2,"formal",514,8,0.1,1.1,"square","self","f","f",0.551578299986431,1,551.578299986431,100,1100,1
7,7,1,23,2,"formal",515,8,0.1,1.1,"circle","stranger","f","f",0.725212399993325,1,725.212399993325,100,1100,1
7,7,1,23,2,"formal",516,8,0.1,1.1,"circle","self","j","j",0.455263799987733,1,455.263799987733,100,1100,1
7,7,1,23,2,"formal",517,8,0.1,1.1,"circle","stranger","f","f",0.630489700008184,1,630.489700008184,100,1100,1
7,7,1,23,2,"formal",518,8,0.1,1.1,"square","self","f","j",0.583629400003701,0,583.629400003701,100,1100,1
7,7,1,23,2,"formal",519,8,0.1,1.1,"square","stranger","j","j",0.582357199979015,1,582.357199979015,100,1100,1
7,7,1,23,2,"formal",520,8,0.1,1.1,"circle","self","j","j",0.582430100010242,1,582.430100010242,100,1100,1
7,7,1,23,2,"formal",521,8,0.1,1.1,"square","stranger","j","j",0.647305599995889,1,647.305599995889,100,1100,1
7,7,1,23,2,"formal",522,8,0.1,1.1,"square","self","f","f",0.614153400005307,1,614.153400005307,100,1100,1
7,7,1,23,2,"formal",523,8,0.1,1.1,"circle","self","j","j",0.74253679998219,1,742.53679998219,100,1100,1
7,7,1,23,2,"formal",524,8,0.1,1.1,"circle","stranger","f","f",0.58207350000157,1,582.07350000157,100,1100,1
7,7,1,23,2,"formal",525,8,0.1,1.1,"circle","stranger","f","f",0.63188000000082,1,631.88000000082,100,1100,1
7,7,1,23,2,"formal",526,8,0.1,1.1,"square","self","f","f",0.599852200015448,1,599.852200015448,100,1100,1
7,7,1,23,2,"formal",527,8,0.1,1.1,"circle","self","j","j",0.534678899974097,1,534.678899974097,100,1100,1
7,7,1,23,2,"formal",528,8,0.1,1.1,"square","stranger","j","j",0.550756399985403,1,550.756399985403,100,1100,1
7,8,1,23,2,"formal",9,8,0.1,1.1,"circle","stranger","f","f",0.970022199995583,1,970.022199995583,100,1100,1
7,8,1,23,2,"formal",10,8,0.1,1.1,"circle","self","j","j",1.03098509999109,1,1030.98509999109,100,1100,1
7,8,1,23,2,"formal",11,8,0.1,1.1,"square","self","f","f",0.71163279999746,1,711.63279999746,100,1100,1
7,8,1,23,2,"formal",12,8,0.1,1.1,"square","stranger","j","j",0.96765599999344,1,967.65599999344,100,1100,1
7,8,1,23,2,"formal",13,8,0.1,1.1,"circle","stranger","f","f",0.759761799999978,1,759.761799999978,100,1100,1
7,8,1,23,2,"formal",14,8,0.1,1.1,"square","stranger","j","j",1.04891380001209,1,1048.91380001209,100,1100,1
7,8,1,23,2,"formal",15,8,0.1,1.1,"circle","self","j","j",0.839066099986667,1,839.066099986667,100,1100,1
7,8,1,23,2,"formal",16,8,0.1,1.1,"square","self","f","f",0.550536399998236,1,550.536399998236,100,1100,1
7,8,1,23,2,"formal",17,8,0.1,1.1,"circle","stranger","f","f",0.758168700005626,1,758.168700005626,100,1100,1
7,8,1,23,2,"formal",18,8,0.1,1.1,"circle","self","j","j",0.806613499997184,1,806.613499997184,100,1100,1
7,8,1,23,2,"formal",19,8,0.1,1.1,"square","stranger","j","f",1.14433020001161,0,1144.33020001161,100,1100,1
7,8,1,23,2,"formal",20,8,0.1,1.1,"square","self","f","f",0.934564800001681,1,934.564800001681,100,1100,1
7,8,1,23,2,"formal",21,8,0.1,1.1,"circle","stranger","f","f",0.71157359998324,1,711.57359998324,100,1100,1
7,8,1,23,2,"formal",22,8,0.1,1.1,"square","self","f","f",0.614516200002981,1,614.516200002981,100,1100,1
7,8,1,23,2,"formal",23,8,0.1,1.1,"circle","self","j","j",0.823873100016499,1,823.873100016499,100,1100,1
7,8,1,23,2,"formal",24,8,0.1,1.1,"square","stranger","j","j",0.935436700005084,1,935.436700005084,100,1100,1
7,8,1,23,2,"formal",25,8,0.1,1.1,"square","self","f","f",0.567316400003619,1,567.316400003619,100,1100,1
7,8,1,23,2,"formal",26,8,0.1,1.1,"square","stranger","j","j",0.999432199983858,1,999.432199983858,100,1100,1
7,8,1,23,2,"formal",27,8,0.1,1.1,"circle","stranger","f","f",0.791705499985255,1,791.705499985255,100,1100,1
7,8,1,23,2,"formal",28,8,0.1,1.1,"circle","self","j","j",0.823974099999759,1,823.974099999759,100,1100,1
7,8,1,23,2,"formal",29,8,0.1,1.1,"square","self","f","f",0.999478400015505,1,999.478400015505,100,1100,1
7,8,1,23,2,"formal",30,8,0.1,1.1,"circle","stranger","f","f",0.88711029998376,1,887.11029998376,100,1100,1
7,8,1,23,2,"formal",31,8,0.1,1.1,"circle","self","j","j",0.792101200000616,1,792.101200000616,100,1100,1
7,8,1,23,2,"formal",32,8,0.1,1.1,"square","stranger","j","j",1.03130709999823,1,1031.30709999823,100,1100,1
7,8,1,23,2,"formal",33,8,0.1,1.1,"circle","stranger","f","f",0.631414400006179,1,631.414400006179,100,1100,1
7,8,1,23,2,"formal",34,8,0.1,1.1,"circle","self","j","j",1.04697170000873,1,1046.97170000873,100,1100,1
7,8,1,23,2,"formal",35,8,0.1,1.1,"square","self","f","f",0.69663859999855,1,696.63859999855,100,1100,1
7,8,1,23,2,"formal",36,8,0.1,1.1,"square","stranger","j","",NA,0,NA,100,1100,0
7,8,1,23,2,"formal",37,8,0.1,1.1,"square","self","f","f",0.829129800025839,1,829.129800025839,100,1100,1
7,8,1,23,2,"formal",38,8,0.1,1.1,"square","stranger","j","j",0.695485699980054,1,695.485699980054,100,1100,1
7,8,1,23,2,"formal",39,8,0.1,1.1,"circle","stranger","f","f",0.631565999996383,1,631.565999996383,100,1100,1
7,8,1,23,2,"formal",40,8,0.1,1.1,"circle","self","j","f",0.967500099999597,0,967.500099999597,100,1100,1
7,8,1,23,2,"formal",41,8,0.1,1.1,"circle","self","j","j",0.903680699993856,1,903.680699993856,100,1100,1
7,8,1,23,2,"formal",42,8,0.1,1.1,"circle","stranger","f","",NA,0,NA,100,1100,0
7,8,1,23,2,"formal",43,8,0.1,1.1,"square","self","f","f",0.637668799987296,1,637.668799987296,100,1100,1
7,8,1,23,2,"formal",44,8,0.1,1.1,"square","stranger","j","j",0.791686000011396,1,791.686000011396,100,1100,1
7,8,1,23,2,"formal",45,8,0.1,1.1,"square","self","f","f",0.870534900022903,1,870.534900022903,100,1100,1
7,8,1,23,2,"formal",46,8,0.1,1.1,"circle","stranger","f","f",0.728073499980383,1,728.073499980383,100,1100,1
7,8,1,23,2,"formal",47,8,0.1,1.1,"circle","self","j","j",0.614453499991214,1,614.453499991214,100,1100,1
7,8,1,23,2,"formal",48,8,0.1,1.1,"square","stranger","j","",NA,0,NA,100,1100,0
7,8,1,23,2,"formal",49,8,0.1,1.1,"square","stranger","j","j",0.958962600008817,1,958.962600008817,100,1100,1
7,8,1,23,2,"formal",50,8,0.1,1.1,"circle","stranger","f","f",0.806622899981448,1,806.622899981448,100,1100,1
7,8,1,23,2,"formal",51,8,0.1,1.1,"square","self","f","f",0.711216600000625,1,711.216600000625,100,1100,1
7,8,1,23,2,"formal",52,8,0.1,1.1,"circle","self","j","j",0.743085099995369,1,743.085099995369,100,1100,1
7,8,1,23,2,"formal",53,8,0.1,1.1,"circle","self","j","",NA,0,NA,100,1100,0
7,8,1,23,2,"formal",54,8,0.1,1.1,"circle","stranger","f","f",0.845396000018809,1,845.396000018809,100,1100,1
7,8,1,23,2,"formal",55,8,0.1,1.1,"square","stranger","j","j",0.966905499983113,1,966.905499983113,100,1100,1
7,8,1,23,2,"formal",56,8,0.1,1.1,"square","self","f","f",0.807486000005156,1,807.486000005156,100,1100,1
7,8,1,23,2,"formal",57,8,0.1,1.1,"circle","self","j","j",0.742710499995155,1,742.710499995155,100,1100,1
7,8,1,23,2,"formal",58,8,0.1,1.1,"circle","stranger","f","f",1.11168980001821,1,1111.68980001821,100,1100,1
7,8,1,23,2,"formal",59,8,0.1,1.1,"square","self","f","f",0.602367400017101,1,602.367400017101,100,1100,1
7,8,1,23,2,"formal",60,8,0.1,1.1,"square","stranger","j","j",0.647307199978968,1,647.307199978968,100,1100,1
7,8,1,23,2,"formal",61,8,0.1,1.1,"square","stranger","j","j",0.684926400019322,1,684.926400019322,100,1100,1
7,8,1,23,2,"formal",62,8,0.1,1.1,"circle","stranger","f","f",0.59900389998802,1,599.00389998802,100,1100,1
7,8,1,23,2,"formal",63,8,0.1,1.1,"circle","self","j","j",0.887589799996931,1,887.589799996931,100,1100,1
7,8,1,23,2,"formal",64,8,0.1,1.1,"square","self","f","f",0.471909799991408,1,471.909799991408,100,1100,1
7,8,1,23,2,"formal",65,8,0.1,1.1,"circle","self","j","j",0.581584299972747,1,581.584299972747,100,1100,1
7,8,1,23,2,"formal",66,8,0.1,1.1,"circle","stranger","f","f",0.582664599991404,1,582.664599991404,100,1100,1
7,8,1,23,2,"formal",67,8,0.1,1.1,"square","self","f","f",0.725880799989682,1,725.880799989682,100,1100,1
7,8,1,23,2,"formal",68,8,0.1,1.1,"square","stranger","j","j",0.59893030000967,1,598.93030000967,100,1100,1
7,8,1,23,2,"formal",69,8,0.1,1.1,"circle","self","j","j",1.0151417,1,1015.1417,100,1100,1
7,8,1,23,2,"formal",70,8,0.1,1.1,"circle","stranger","f","f",0.774695999978576,1,774.695999978576,100,1100,1
7,8,1,23,2,"formal",71,8,0.1,1.1,"square","self","f","f",0.471075199980987,1,471.075199980987,100,1100,1
7,8,1,23,2,"formal",72,8,0.1,1.1,"square","stranger","j","j",0.76034300000174,1,760.34300000174,100,1100,1
7,8,1,23,2,"formal",73,8,0.1,1.1,"square","self","f","f",0.646467099984875,1,646.467099984875,100,1100,1
7,8,1,23,2,"formal",74,8,0.1,1.1,"circle","stranger","f","f",0.823254999995697,1,823.254999995697,100,1100,1
7,8,1,23,2,"formal",75,8,0.1,1.1,"square","stranger","j","j",0.615094799984945,1,615.094799984945,100,1100,1
7,8,1,23,2,"formal",76,8,0.1,1.1,"circle","self","j","",NA,0,NA,100,1100,0
7,8,1,23,2,"formal",77,8,0.1,1.1,"square","self","f","f",0.541819500009296,1,541.819500009296,100,1100,1
7,8,1,23,2,"formal",78,8,0.1,1.1,"square","stranger","j","j",0.711159200000111,1,711.159200000111,100,1100,1
7,8,1,23,2,"formal",79,8,0.1,1.1,"circle","self","j","j",0.87163869998767,1,871.63869998767,100,1100,1
7,8,1,23,2,"formal",80,8,0.1,1.1,"circle","stranger","f","f",0.8858603000117,1,885.8603000117,100,1100,1
7,8,1,23,2,"formal",81,8,0.1,1.1,"square","self","f","f",0.807020399981411,1,807.020399981411,100,1100,1
7,8,1,23,2,"formal",82,8,0.1,1.1,"circle","stranger","f","f",0.662261200021021,1,662.261200021021,100,1100,1
7,8,1,23,2,"formal",83,8,0.1,1.1,"square","stranger","j","j",0.632003799983067,1,632.003799983067,100,1100,1
7,8,1,23,2,"formal",84,8,0.1,1.1,"circle","self","j","",NA,0,NA,100,1100,0
7,8,1,23,2,"formal",85,8,0.1,1.1,"square","stranger","j","j",0.750148200022522,1,750.148200022522,100,1100,1
7,8,1,23,2,"formal",86,8,0.1,1.1,"circle","stranger","f","f",0.983176999987336,1,983.176999987336,100,1100,1
7,8,1,23,2,"formal",87,8,0.1,1.1,"square","self","f","f",0.790933899988886,1,790.933899988886,100,1100,1
7,8,1,23,2,"formal",88,8,0.1,1.1,"circle","self","j","j",0.597857499989914,1,597.857499989914,100,1100,1
7,8,1,23,2,"formal",89,8,0.1,1.1,"square","stranger","j","j",0.998173599975416,1,998.173599975416,100,1100,1
7,8,1,23,2,"formal",90,8,0.1,1.1,"circle","stranger","f","f",0.855710600008024,1,855.710600008024,100,1100,1
7,8,1,23,2,"formal",91,8,0.1,1.1,"square","self","f","f",0.678439899988007,1,678.439899988007,100,1100,1
7,8,1,23,2,"formal",92,8,0.1,1.1,"circle","self","j","j",0.663786599994637,1,663.786599994637,100,1100,1
7,8,1,23,2,"formal",93,8,0.1,1.1,"square","stranger","j","f",0.679919399990467,0,679.919399990467,100,1100,1
7,8,1,23,2,"formal",94,8,0.1,1.1,"circle","self","j","j",0.807746800011955,1,807.746800011955,100,1100,1
7,8,1,23,2,"formal",95,8,0.1,1.1,"square","self","f","f",0.744046699983301,1,744.046699983301,100,1100,1
7,8,1,23,2,"formal",96,8,0.1,1.1,"circle","stranger","f","f",1.06161219999194,1,1061.61219999194,100,1100,1
7,8,1,23,2,"formal",97,8,0.1,1.1,"circle","self","j","j",0.758188799984055,1,758.188799984055,100,1100,1
7,8,1,23,2,"formal",98,8,0.1,1.1,"square","self","f","f",0.53584039999987,1,535.84039999987,100,1100,1
7,8,1,23,2,"formal",99,8,0.1,1.1,"square","stranger","j","j",0.613160199980484,1,613.160199980484,100,1100,1
7,8,1,23,2,"formal",100,8,0.1,1.1,"circle","stranger","f","f",0.774318900017533,1,774.318900017533,100,1100,1
7,8,1,23,2,"formal",101,8,0.1,1.1,"square","self","f","f",0.598941599979298,1,598.941599979298,100,1100,1
7,8,1,23,2,"formal",102,8,0.1,1.1,"circle","self","j","j",0.646708499989472,1,646.708499989472,100,1100,1
7,8,1,23,2,"formal",103,8,0.1,1.1,"square","stranger","j","j",0.744132699997863,1,744.132699997863,100,1100,1
7,8,1,23,2,"formal",104,8,0.1,1.1,"circle","stranger","f","f",0.47010110001429,1,470.10110001429,100,1100,1
7,8,1,23,2,"formal",105,8,0.1,1.1,"square","self","f","f",0.662711299984949,1,662.711299984949,100,1100,1
7,8,1,23,2,"formal",106,8,0.1,1.1,"circle","stranger","f","f",0.970872000005329,1,970.872000005329,100,1100,1
7,8,1,23,2,"formal",107,8,0.1,1.1,"circle","self","j","j",0.56686200000695,1,566.86200000695,100,1100,1
7,8,1,23,2,"formal",108,8,0.1,1.1,"square","stranger","j","j",0.679317800007993,1,679.317800007993,100,1100,1
7,8,1,23,2,"formal",109,8,0.1,1.1,"square","stranger","j","",NA,0,NA,100,1100,0
7,8,1,23,2,"formal",110,8,0.1,1.1,"square","self","f","f",1.05327730000135,1,1053.27730000135,100,1100,1
7,8,1,23,2,"formal",111,8,0.1,1.1,"circle","stranger","f","f",0.582018499990227,1,582.018499990227,100,1100,1
7,8,1,23,2,"formal",112,8,0.1,1.1,"circle","self","j","j",0.677693899982842,1,677.693899982842,100,1100,1
7,8,1,23,2,"formal",113,8,0.1,1.1,"circle","stranger","f","f",0.700632199994288,1,700.632199994288,100,1100,1
7,8,1,23,2,"formal",114,8,0.1,1.1,"square","stranger","j","j",0.679800599988084,1,679.800599988084,100,1100,1
7,8,1,23,2,"formal",115,8,0.1,1.1,"circle","self","j","j",1.07816799997818,1,1078.16799997818,100,1100,1
7,8,1,23,2,"formal",116,8,0.1,1.1,"square","self","f","f",0.45679920000839,1,456.79920000839,100,1100,1
7,8,1,23,2,"formal",117,8,0.1,1.1,"square","self","f","j",0.647980600013398,0,647.980600013398,100,1100,1
7,8,1,23,2,"formal",118,8,0.1,1.1,"circle","stranger","f","f",0.983622699975967,1,983.622699975967,100,1100,1
7,8,1,23,2,"formal",119,8,0.1,1.1,"square","stranger","j","j",0.855899600021075,1,855.899600021075,100,1100,1
7,8,1,23,2,"formal",120,8,0.1,1.1,"circle","self","j","j",0.631193400011398,1,631.193400011398,100,1100,1
7,8,1,23,2,"formal",121,8,0.1,1.1,"circle","self","j","j",0.696151599986479,1,696.151599986479,100,1100,1
7,8,1,23,2,"formal",122,8,0.1,1.1,"circle","stranger","f","j",0.663423099991633,0,663.423099991633,100,1100,1
7,8,1,23,2,"formal",123,8,0.1,1.1,"square","stranger","j","j",0.664061199990101,1,664.061199990101,100,1100,1
7,8,1,23,2,"formal",124,8,0.1,1.1,"square","self","f","f",0.647917200025404,1,647.917200025404,100,1100,1
7,8,1,23,2,"formal",125,8,0.1,1.1,"square","self","f","f",0.696405399998184,1,696.405399998184,100,1100,1
7,8,1,23,2,"formal",126,8,0.1,1.1,"square","stranger","j","j",0.695553800003836,1,695.553800003836,100,1100,1
7,8,1,23,2,"formal",127,8,0.1,1.1,"circle","stranger","f","f",0.66377289997763,1,663.77289997763,100,1100,1
7,8,1,23,2,"formal",128,8,0.1,1.1,"circle","self","j","j",0.679746999987401,1,679.746999987401,100,1100,1
7,8,1,23,2,"formal",129,8,0.1,1.1,"square","self","f","f",0.375275099999271,1,375.275099999271,100,1100,1
7,8,1,23,2,"formal",130,8,0.1,1.1,"square","stranger","j","j",0.615033600013703,1,615.033600013703,100,1100,1
7,8,1,23,2,"formal",131,8,0.1,1.1,"circle","stranger","f","f",0.58299949998036,1,582.99949998036,100,1100,1
7,8,1,23,2,"formal",132,8,0.1,1.1,"circle","self","j","j",0.631263499992201,1,631.263499992201,100,1100,1
7,8,1,23,2,"formal",133,8,0.1,1.1,"square","self","f","f",0.312158199987607,1,312.158199987607,100,1100,1
7,8,1,23,2,"formal",134,8,0.1,1.1,"circle","self","j","j",0.631333500001347,1,631.333500001347,100,1100,1
7,8,1,23,2,"formal",135,8,0.1,1.1,"circle","stranger","f","",NA,0,NA,100,1100,0
7,8,1,23,2,"formal",136,8,0.1,1.1,"square","stranger","j","j",0.590758500009542,1,590.758500009542,100,1100,1
7,8,1,23,2,"formal",137,8,0.1,1.1,"square","stranger","j","j",0.711626200005412,1,711.626200005412,100,1100,1
7,8,1,23,2,"formal",138,8,0.1,1.1,"square","self","f","f",0.520734199992148,1,520.734199992148,100,1100,1
7,8,1,23,2,"formal",139,8,0.1,1.1,"circle","self","j","j",0.550906899996335,1,550.906899996335,100,1100,1
7,8,1,23,2,"formal",140,8,0.1,1.1,"circle","stranger","f","j",0.712222100002691,0,712.222100002691,100,1100,1
7,8,1,23,2,"formal",141,8,0.1,1.1,"circle","self","j","j",0.855749700014712,1,855.749700014712,100,1100,1
7,8,1,23,2,"formal",142,8,0.1,1.1,"square","stranger","j","f",0.711519800010137,0,711.519800010137,100,1100,1
7,8,1,23,2,"formal",143,8,0.1,1.1,"circle","stranger","f","f",1.06366990000242,1,1063.66990000242,100,1100,1
7,8,1,23,2,"formal",144,8,0.1,1.1,"square","self","f","f",0.375414600013755,1,375.414600013755,100,1100,1
7,8,1,23,2,"formal",145,8,0.1,1.1,"circle","stranger","f","j",0.742504699999699,0,742.504699999699,100,1100,1
7,8,1,23,2,"formal",146,8,0.1,1.1,"square","stranger","j","j",0.95201890001772,1,952.01890001772,100,1100,1
7,8,1,23,2,"formal",147,8,0.1,1.1,"circle","self","j","j",0.726615299994592,1,726.615299994592,100,1100,1
7,8,1,23,2,"formal",148,8,0.1,1.1,"square","self","f","f",0.599658599996474,1,599.658599996474,100,1100,1
7,8,1,23,2,"formal",149,8,0.1,1.1,"square","self","f","f",0.40788590000011,1,407.88590000011,100,1100,1
7,8,1,23,2,"formal",150,8,0.1,1.1,"square","stranger","j","j",0.74319119998836,1,743.19119998836,100,1100,1
7,8,1,23,2,"formal",151,8,0.1,1.1,"circle","stranger","f","f",0.567707999987761,1,567.707999987761,100,1100,1
7,8,1,23,2,"formal",152,8,0.1,1.1,"circle","self","j","j",0.583190000004834,1,583.190000004834,100,1100,1
7,8,1,23,2,"formal",153,8,0.1,1.1,"square","self","f","f",0.824003099987749,1,824.003099987749,100,1100,1
7,8,1,23,2,"formal",154,8,0.1,1.1,"square","stranger","j","j",0.536078199977055,1,536.078199977055,100,1100,1
7,8,1,23,2,"formal",155,8,0.1,1.1,"circle","stranger","f","f",0.550997000013012,1,550.997000013012,100,1100,1
7,8,1,23,2,"formal",156,8,0.1,1.1,"circle","self","j","j",0.615702300012344,1,615.702300012344,100,1100,1
7,8,1,23,2,"formal",157,8,0.1,1.1,"square","stranger","j","j",1.03228680000757,1,1032.28680000757,100,1100,1
7,8,1,23,2,"formal",158,8,0.1,1.1,"square","self","f","f",0.535111999983201,1,535.111999983201,100,1100,1
7,8,1,23,2,"formal",159,8,0.1,1.1,"circle","self","j","j",0.63044720000471,1,630.44720000471,100,1100,1
7,8,1,23,2,"formal",160,8,0.1,1.1,"circle","stranger","f","f",0.535322500014445,1,535.322500014445,100,1100,1
7,8,1,23,2,"formal",161,8,0.1,1.1,"circle","self","j","j",0.663679200020852,1,663.679200020852,100,1100,1
7,8,1,23,2,"formal",162,8,0.1,1.1,"circle","stranger","f","f",0.678611699986504,1,678.611699986504,100,1100,1
7,8,1,23,2,"formal",163,8,0.1,1.1,"square","stranger","j","j",0.615729499986628,1,615.729499986628,100,1100,1
7,8,1,23,2,"formal",164,8,0.1,1.1,"square","self","f","f",0.327656200010097,1,327.656200010097,100,1100,1
7,8,1,23,2,"formal",165,8,0.1,1.1,"square","stranger","j","j",0.637407100002747,1,637.407100002747,100,1100,1
7,8,1,23,2,"formal",166,8,0.1,1.1,"circle","stranger","f","f",0.695626300002914,1,695.626300002914,100,1100,1
7,8,1,23,2,"formal",167,8,0.1,1.1,"square","self","f","f",0.680293700017501,1,680.293700017501,100,1100,1
7,8,1,23,2,"formal",168,8,0.1,1.1,"circle","self","j","j",1.14315260000876,1,1143.15260000876,100,1100,1
7,8,1,23,2,"formal",169,8,0.1,1.1,"square","stranger","j","j",1.12760190002155,1,1127.60190002155,100,1100,1
7,8,1,23,2,"formal",170,8,0.1,1.1,"circle","stranger","f","f",0.583135399996536,1,583.135399996536,100,1100,1
7,8,1,23,2,"formal",171,8,0.1,1.1,"circle","self","j","j",0.566752199985785,1,566.752199985785,100,1100,1
7,8,1,23,2,"formal",172,8,0.1,1.1,"square","self","f","f",0.520069499994861,1,520.069499994861,100,1100,1
7,8,1,23,2,"formal",173,8,0.1,1.1,"circle","stranger","f","f",0.742546399997082,1,742.546399997082,100,1100,1
7,8,1,23,2,"formal",174,8,0.1,1.1,"square","stranger","j","j",0.504264000017429,1,504.264000017429,100,1100,1
7,8,1,23,2,"formal",175,8,0.1,1.1,"circle","self","j","j",0.99911509998492,1,999.11509998492,100,1100,1
7,8,1,23,2,"formal",176,8,0.1,1.1,"square","self","f","f",0.407963100005873,1,407.963100005873,100,1100,1
7,8,1,23,2,"formal",177,8,0.1,1.1,"square","self","f","f",0.791554399998859,1,791.554399998859,100,1100,1
7,8,1,23,2,"formal",178,8,0.1,1.1,"square","stranger","j","j",0.535661499976413,1,535.661499976413,100,1100,1
7,8,1,23,2,"formal",179,8,0.1,1.1,"circle","self","j","f",0.647179799998412,0,647.179799998412,100,1100,1
7,8,1,23,2,"formal",180,8,0.1,1.1,"circle","stranger","f","f",0.967340600007446,1,967.340600007446,100,1100,1
7,8,1,23,2,"formal",181,8,0.1,1.1,"square","stranger","j","j",0.696474199998192,1,696.474199998192,100,1100,1
7,8,1,23,2,"formal",182,8,0.1,1.1,"circle","stranger","f","f",0.823285999998916,1,823.285999998916,100,1100,1
7,8,1,23,2,"formal",183,8,0.1,1.1,"square","self","f","f",0.840678400010802,1,840.678400010802,100,1100,1
7,8,1,23,2,"formal",184,8,0.1,1.1,"circle","self","j","j",0.503717099985806,1,503.717099985806,100,1100,1
7,8,1,23,2,"formal",185,8,0.1,1.1,"square","stranger","j","j",1.01576820001355,1,1015.76820001355,100,1100,1
7,8,1,23,2,"formal",186,8,0.1,1.1,"square","self","f","f",0.632413900020765,1,632.413900020765,100,1100,1
7,8,1,23,2,"formal",187,8,0.1,1.1,"circle","stranger","f","f",0.791268800006947,1,791.268800006947,100,1100,1
7,8,1,23,2,"formal",188,8,0.1,1.1,"circle","self","j","j",0.66369859999395,1,663.69859999395,100,1100,1
7,8,1,23,2,"formal",189,8,0.1,1.1,"circle","stranger","f","f",0.695355600008043,1,695.355600008043,100,1100,1
7,8,1,23,2,"formal",190,8,0.1,1.1,"square","stranger","j","j",0.647666300006676,1,647.666300006676,100,1100,1
7,8,1,23,2,"formal",191,8,0.1,1.1,"circle","self","j","j",0.632337400020333,1,632.337400020333,100,1100,1
7,8,1,23,2,"formal",192,8,0.1,1.1,"square","self","f","f",0.536049600021215,1,536.049600021215,100,1100,1
7,8,1,23,2,"formal",193,8,0.1,1.1,"square","self","f","f",0.647335699992254,1,647.335699992254,100,1100,1
7,8,1,23,2,"formal",194,8,0.1,1.1,"circle","self","j","j",0.632428300013999,1,632.428300013999,100,1100,1
7,8,1,23,2,"formal",195,8,0.1,1.1,"square","stranger","j","j",0.600126800010912,1,600.126800010912,100,1100,1
7,8,1,23,2,"formal",196,8,0.1,1.1,"circle","stranger","f","f",0.520148499985225,1,520.148499985225,100,1100,1
7,8,1,23,2,"formal",197,8,0.1,1.1,"square","self","f","f",0.63237159998971,1,632.37159998971,100,1100,1
7,8,1,23,2,"formal",198,8,0.1,1.1,"circle","self","j","j",0.50357209998765,1,503.57209998765,100,1100,1
7,8,1,23,2,"formal",199,8,0.1,1.1,"circle","stranger","f","",NA,0,NA,100,1100,0
7,8,1,23,2,"formal",200,8,0.1,1.1,"square","stranger","j","j",0.52678559999913,1,526.78559999913,100,1100,1
7,8,1,23,2,"formal",201,8,0.1,1.1,"square","stranger","j","j",0.71244459997979,1,712.44459997979,100,1100,1
7,8,1,23,2,"formal",202,8,0.1,1.1,"square","self","f","f",0.887423599982867,1,887.423599982867,100,1100,1
7,8,1,23,2,"formal",203,8,0.1,1.1,"circle","self","j","j",0.551324900006875,1,551.324900006875,100,1100,1
7,8,1,23,2,"formal",204,8,0.1,1.1,"circle","stranger","f","f",1.01554320001742,1,1015.54320001742,100,1100,1
7,8,1,23,2,"formal",205,8,0.1,1.1,"square","stranger","j","j",0.648192499997094,1,648.192499997094,100,1100,1
7,8,1,23,2,"formal",206,8,0.1,1.1,"circle","stranger","f","f",0.823852200002875,1,823.852200002875,100,1100,1
7,8,1,23,2,"formal",207,8,0.1,1.1,"circle","self","j","j",1.19200810001348,1,1192.00810001348,100,1100,1
7,8,1,23,2,"formal",208,8,0.1,1.1,"square","self","f","f",0.440308199991705,1,440.308199991705,100,1100,1
7,8,1,23,2,"formal",209,8,0.1,1.1,"square","self","f","f",0.53579239998362,1,535.79239998362,100,1100,1
7,8,1,23,2,"formal",210,8,0.1,1.1,"circle","self","j","j",0.471688900026493,1,471.688900026493,100,1100,1
7,8,1,23,2,"formal",211,8,0.1,1.1,"circle","stranger","f","f",0.791692600003444,1,791.692600003444,100,1100,1
7,8,1,23,2,"formal",212,8,0.1,1.1,"square","stranger","j","j",0.599475999973947,1,599.475999973947,100,1100,1
7,8,1,23,2,"formal",213,8,0.1,1.1,"square","stranger","j","j",0.551623999985168,1,551.623999985168,100,1100,1
7,8,1,23,2,"formal",214,8,0.1,1.1,"square","self","f","j",0.455453600006877,0,455.453600006877,100,1100,1
7,8,1,23,2,"formal",215,8,0.1,1.1,"circle","self","j","j",0.646990300010657,1,646.990300010657,100,1100,1
7,8,1,23,2,"formal",216,8,0.1,1.1,"circle","stranger","f","j",0.423527299979469,0,423.527299979469,100,1100,1
7,8,1,23,2,"formal",217,8,0.1,1.1,"circle","self","j","j",0.684552599996096,1,684.552599996096,100,1100,1
7,8,1,23,2,"formal",218,8,0.1,1.1,"circle","stranger","f","f",0.647961000009673,1,647.961000009673,100,1100,1
7,8,1,23,2,"formal",219,8,0.1,1.1,"square","stranger","j","j",0.696102899994003,1,696.102899994003,100,1100,1
7,8,1,23,2,"formal",220,8,0.1,1.1,"square","self","f","f",0.679566700011492,1,679.566700011492,100,1100,1
7,8,1,23,2,"formal",221,8,0.1,1.1,"circle","self","j","j",0.406374100013636,1,406.374100013636,100,1100,1
7,8,1,23,2,"formal",222,8,0.1,1.1,"square","self","f","f",0.76018589999876,1,760.18589999876,100,1100,1
7,8,1,23,2,"formal",223,8,0.1,1.1,"circle","stranger","f","f",0.855272400018293,1,855.272400018293,100,1100,1
7,8,1,23,2,"formal",224,8,0.1,1.1,"square","stranger","j","j",0.5364830000035,1,536.4830000035,100,1100,1
7,8,1,23,2,"formal",225,8,0.1,1.1,"square","self","f","f",0.632244099979289,1,632.244099979289,100,1100,1
7,8,1,23,2,"formal",226,8,0.1,1.1,"circle","self","j","j",0.727592500013998,1,727.592500013998,100,1100,1
7,8,1,23,2,"formal",227,8,0.1,1.1,"circle","stranger","f","f",0.840090599987889,1,840.090599987889,100,1100,1
7,8,1,23,2,"formal",228,8,0.1,1.1,"square","stranger","j","j",0.584058699983871,1,584.058699983871,100,1100,1
7,8,1,23,2,"formal",229,8,0.1,1.1,"square","stranger","j","j",0.503299699979834,1,503.299699979834,100,1100,1
7,8,1,23,2,"formal",230,8,0.1,1.1,"circle","stranger","f","f",0.966174800007138,1,966.174800007138,100,1100,1
7,8,1,23,2,"formal",231,8,0.1,1.1,"circle","self","j","j",0.678011099982541,1,678.011099982541,100,1100,1
7,8,1,23,2,"formal",232,8,0.1,1.1,"square","self","f","f",0.440124599990668,1,440.124599990668,100,1100,1
7,8,1,23,2,"formal",233,8,0.1,1.1,"square","stranger","j","j",0.503569699998479,1,503.569699998479,100,1100,1
7,8,1,23,2,"formal",234,8,0.1,1.1,"square","self","f","f",0.712344999978086,1,712.344999978086,100,1100,1
7,8,1,23,2,"formal",235,8,0.1,1.1,"circle","stranger","f","f",0.98388739998336,1,983.88739998336,100,1100,1
7,8,1,23,2,"formal",236,8,0.1,1.1,"circle","self","j","j",0.566584699990926,1,566.584699990926,100,1100,1
7,8,1,23,2,"formal",237,8,0.1,1.1,"square","self","f","f",0.456213600002229,1,456.213600002229,100,1100,1
7,8,1,23,2,"formal",238,8,0.1,1.1,"square","stranger","j","j",0.648515300010331,1,648.515300010331,100,1100,1
7,8,1,23,2,"formal",239,8,0.1,1.1,"circle","self","j","j",0.744159099995159,1,744.159099995159,100,1100,1
7,8,1,23,2,"formal",240,8,0.1,1.1,"circle","stranger","f","f",0.791091599996435,1,791.091599996435,100,1100,1
7,8,1,23,2,"formal",241,8,0.1,1.1,"square","self","f","f",0.50382250000257,1,503.82250000257,100,1100,1
7,8,1,23,2,"formal",242,8,0.1,1.1,"circle","self","j","j",0.519832200021483,1,519.832200021483,100,1100,1
7,8,1,23,2,"formal",243,8,0.1,1.1,"square","stranger","j","j",0.583699599985266,1,583.699599985266,100,1100,1
7,8,1,23,2,"formal",244,8,0.1,1.1,"circle","stranger","f","f",0.583362100005616,1,583.362100005616,100,1100,1
7,8,1,23,2,"formal",245,8,0.1,1.1,"square","self","f","f",0.647028600011254,1,647.028600011254,100,1100,1
7,8,1,23,2,"formal",246,8,0.1,1.1,"circle","stranger","f","j",0.455426300002728,0,455.426300002728,100,1100,1
7,8,1,23,2,"formal",247,8,0.1,1.1,"square","stranger","j","j",0.806535400013672,1,806.535400013672,100,1100,1
7,8,1,23,2,"formal",248,8,0.1,1.1,"circle","self","j","j",0.855221499979962,1,855.221499979962,100,1100,1
7,8,1,23,2,"formal",249,8,0.1,1.1,"square","self","f","f",0.359740700019756,1,359.740700019756,100,1100,1
7,8,1,23,2,"formal",250,8,0.1,1.1,"square","stranger","j","j",0.584496600000421,1,584.496600000421,100,1100,1
7,8,1,23,2,"formal",251,8,0.1,1.1,"circle","self","j","f",0.551000000006752,0,551.000000006752,100,1100,1
7,8,1,23,2,"formal",252,8,0.1,1.1,"circle","stranger","f","j",0.678685799997766,0,678.685799997766,100,1100,1
7,8,1,23,2,"formal",253,8,0.1,1.1,"square","stranger","j","j",0.824149100022623,1,824.149100022623,100,1100,1
7,8,1,23,2,"formal",254,8,0.1,1.1,"circle","self","j","",NA,0,NA,100,1100,0
7,8,1,23,2,"formal",255,8,0.1,1.1,"square","self","f","f",0.382265699998243,1,382.265699998243,100,1100,1
7,8,1,23,2,"formal",256,8,0.1,1.1,"circle","stranger","f","f",0.679655799991451,1,679.655799991451,100,1100,1
7,8,1,23,2,"formal",257,8,0.1,1.1,"circle","stranger","f","f",0.53435349999927,1,534.35349999927,100,1100,1
7,8,1,23,2,"formal",258,8,0.1,1.1,"square","self","f","f",0.53635770000983,1,536.35770000983,100,1100,1
7,8,1,23,2,"formal",259,8,0.1,1.1,"square","stranger","j","j",0.775998500001151,1,775.998500001151,100,1100,1
7,8,1,23,2,"formal",260,8,0.1,1.1,"circle","self","j","j",0.791013600013684,1,791.013600013684,100,1100,1
7,8,1,23,2,"formal",261,8,0.1,1.1,"square","self","f","f",0.487613800010877,1,487.613800010877,100,1100,1
7,8,1,23,2,"formal",262,8,0.1,1.1,"circle","self","j","j",0.696366900025168,1,696.366900025168,100,1100,1
7,8,1,23,2,"formal",263,8,0.1,1.1,"circle","stranger","f","f",0.775859999994282,1,775.859999994282,100,1100,1
7,8,1,23,2,"formal",264,8,0.1,1.1,"square","stranger","j","j",0.599796700000297,1,599.796700000297,100,1100,1
7,8,1,23,2,"formal",265,8,0.1,1.1,"square","stranger","j","j",0.61477859999286,1,614.77859999286,100,1100,1
7,8,1,23,2,"formal",266,8,0.1,1.1,"circle","self","j","j",0.791120300011244,1,791.120300011244,100,1100,1
7,8,1,23,2,"formal",267,8,0.1,1.1,"circle","stranger","f","f",0.727444500022102,1,727.444500022102,100,1100,1
7,8,1,23,2,"formal",268,8,0.1,1.1,"square","self","f","f",0.936753799993312,1,936.753799993312,100,1100,1
7,8,1,23,2,"formal",269,8,0.1,1.1,"square","stranger","j","j",0.733074999996461,1,733.074999996461,100,1100,1
7,8,1,23,2,"formal",270,8,0.1,1.1,"circle","stranger","f","f",0.487383300001966,1,487.383300001966,100,1100,1
7,8,1,23,2,"formal",271,8,0.1,1.1,"circle","self","j","j",0.679641800001264,1,679.641800001264,100,1100,1
7,8,1,23,2,"formal",272,8,0.1,1.1,"square","self","f","f",0.599944899993716,1,599.944899993716,100,1100,1
7,8,1,23,2,"formal",273,8,0.1,1.1,"square","self","f","f",0.454438500019023,1,454.438500019023,100,1100,1
7,8,1,23,2,"formal",274,8,0.1,1.1,"square","stranger","j","j",0.520152299985057,1,520.152299985057,100,1100,1
7,8,1,23,2,"formal",275,8,0.1,1.1,"circle","stranger","f","f",0.64725950002321,1,647.25950002321,100,1100,1
7,8,1,23,2,"formal",276,8,0.1,1.1,"circle","self","j","j",0.918568299995968,1,918.568299995968,100,1100,1
7,8,1,23,2,"formal",277,8,0.1,1.1,"square","stranger","j","j",0.711385900009191,1,711.385900009191,100,1100,1
7,8,1,23,2,"formal",278,8,0.1,1.1,"circle","stranger","f","f",0.950603700010106,1,950.603700010106,100,1100,1
7,8,1,23,2,"formal",279,8,0.1,1.1,"square","self","f","f",0.522924999997485,1,522.924999997485,100,1100,1
7,8,1,23,2,"formal",280,8,0.1,1.1,"circle","self","j","j",0.504098499979591,1,504.098499979591,100,1100,1
7,8,1,23,2,"formal",281,8,0.1,1.1,"circle","stranger","f","f",0.74152400001185,1,741.52400001185,100,1100,1
7,8,1,23,2,"formal",282,8,0.1,1.1,"circle","self","j","j",0.599181199999293,1,599.181199999293,100,1100,1
7,8,1,23,2,"formal",283,8,0.1,1.1,"square","self","f","f",0.488360199989984,1,488.360199989984,100,1100,1
7,8,1,23,2,"formal",284,8,0.1,1.1,"square","stranger","j","j",0.600493000005372,1,600.493000005372,100,1100,1
7,8,1,23,2,"formal",285,8,0.1,1.1,"square","self","f","f",0.697337699995842,1,697.337699995842,100,1100,1
7,8,1,23,2,"formal",286,8,0.1,1.1,"circle","stranger","f","",NA,0,NA,100,1100,0
7,8,1,23,2,"formal",287,8,0.1,1.1,"square","stranger","j","f",0.27326250000624,0,273.26250000624,100,1100,1
7,8,1,23,2,"formal",288,8,0.1,1.1,"circle","self","j","j",0.984194599994225,1,984.194599994225,100,1100,1
7,8,1,23,2,"formal",289,8,0.1,1.1,"circle","stranger","f","j",1.04601459999685,0,1046.01459999685,100,1100,1
7,8,1,23,2,"formal",290,8,0.1,1.1,"circle","self","j","j",0.711401299980935,1,711.401299980935,100,1100,1
7,8,1,23,2,"formal",291,8,0.1,1.1,"square","self","f","f",0.455351899989182,1,455.351899989182,100,1100,1
7,8,1,23,2,"formal",292,8,0.1,1.1,"square","stranger","j","j",0.662698200001614,1,662.698200001614,100,1100,1
7,8,1,23,2,"formal",293,8,0.1,1.1,"circle","self","j","j",1.17557760002092,1,1175.57760002092,100,1100,1
7,8,1,23,2,"formal",294,8,0.1,1.1,"circle","stranger","f","f",0.647445700014941,1,647.445700014941,100,1100,1
7,8,1,23,2,"formal",295,8,0.1,1.1,"square","stranger","j","j",0.712111699976958,1,712.111699976958,100,1100,1
7,8,1,23,2,"formal",296,8,0.1,1.1,"square","self","f","f",0.712243999994826,1,712.243999994826,100,1100,1
7,8,1,23,2,"formal",297,8,0.1,1.1,"square","stranger","j","j",0.535122900007991,1,535.122900007991,100,1100,1
7,8,1,23,2,"formal",298,8,0.1,1.1,"square","self","f","f",0.581413100007921,1,581.413100007921,100,1100,1
7,8,1,23,2,"formal",299,8,0.1,1.1,"circle","self","j","j",0.535365199990338,1,535.365199990338,100,1100,1
7,8,1,23,2,"formal",300,8,0.1,1.1,"circle","stranger","f","f",0.552245200000471,1,552.245200000471,100,1100,1
7,8,1,23,2,"formal",301,8,0.1,1.1,"square","stranger","j","j",0.503270199988037,1,503.270199988037,100,1100,1
7,8,1,23,2,"formal",302,8,0.1,1.1,"circle","stranger","f","f",0.615401899995049,1,615.401899995049,100,1100,1
7,8,1,23,2,"formal",303,8,0.1,1.1,"square","self","f","f",0.679100000008475,1,679.100000008475,100,1100,1
7,8,1,23,2,"formal",304,8,0.1,1.1,"circle","self","j","j",0.424096999980975,1,424.096999980975,100,1100,1
7,8,1,23,2,"formal",305,8,0.1,1.1,"square","stranger","j","j",0.871181299997261,1,871.181299997261,100,1100,1
7,8,1,23,2,"formal",306,8,0.1,1.1,"circle","self","j","j",0.999983199988492,1,999.983199988492,100,1100,1
7,8,1,23,2,"formal",307,8,0.1,1.1,"square","self","f","f",0.472465600003488,1,472.465600003488,100,1100,1
7,8,1,23,2,"formal",308,8,0.1,1.1,"circle","stranger","f","f",0.695234000013443,1,695.234000013443,100,1100,1
7,8,1,23,2,"formal",309,8,0.1,1.1,"square","stranger","j","j",0.536689500004286,1,536.689500004286,100,1100,1
7,8,1,23,2,"formal",310,8,0.1,1.1,"circle","self","j","j",0.759001700003864,1,759.001700003864,100,1100,1
7,8,1,23,2,"formal",311,8,0.1,1.1,"square","self","f","f",0.475364199985052,1,475.364199985052,100,1100,1
7,8,1,23,2,"formal",312,8,0.1,1.1,"circle","stranger","f","f",0.678444200020749,1,678.444200020749,100,1100,1
7,8,1,23,2,"formal",313,8,0.1,1.1,"square","stranger","j","j",0.599793900008081,1,599.793900008081,100,1100,1
7,8,1,23,2,"formal",314,8,0.1,1.1,"square","self","f","f",0.951700400008122,1,951.700400008122,100,1100,1
7,8,1,23,2,"formal",315,8,0.1,1.1,"circle","stranger","f","j",0.504447699990124,0,504.447699990124,100,1100,1
7,8,1,23,2,"formal",316,8,0.1,1.1,"circle","self","j","j",0.552188000001479,1,552.188000001479,100,1100,1
7,8,1,23,2,"formal",317,8,0.1,1.1,"square","stranger","j","j",0.680927500012331,1,680.927500012331,100,1100,1
7,8,1,23,2,"formal",318,8,0.1,1.1,"square","self","f","f",0.712000700004864,1,712.000700004864,100,1100,1
7,8,1,23,2,"formal",319,8,0.1,1.1,"circle","stranger","f","j",0.423657399980584,0,423.657399980584,100,1100,1
7,8,1,23,2,"formal",320,8,0.1,1.1,"circle","self","j","j",0.613422499998705,1,613.422499998705,100,1100,1
7,8,1,23,2,"formal",321,8,0.1,1.1,"circle","stranger","f","f",0.74926479998976,1,749.26479998976,100,1100,1
7,8,1,23,2,"formal",322,8,0.1,1.1,"circle","self","j","j",0.439676999987569,1,439.676999987569,100,1100,1
7,8,1,23,2,"formal",323,8,0.1,1.1,"square","stranger","j","j",0.45447240001522,1,454.47240001522,100,1100,1
7,8,1,23,2,"formal",324,8,0.1,1.1,"square","self","f","f",0.391426099988166,1,391.426099988166,100,1100,1
7,8,1,23,2,"formal",325,8,0.1,1.1,"circle","self","j","j",0.407748800003901,1,407.748800003901,100,1100,1
7,8,1,23,2,"formal",326,8,0.1,1.1,"circle","stranger","f","f",0.741508500010241,1,741.508500010241,100,1100,1
7,8,1,23,2,"formal",327,8,0.1,1.1,"square","self","f","j",0.392058000026736,0,392.058000026736,100,1100,1
7,8,1,23,2,"formal",328,8,0.1,1.1,"square","stranger","j","j",0.535081000009086,1,535.081000009086,100,1100,1
7,8,1,23,2,"formal",329,8,0.1,1.1,"square","stranger","j","j",0.615894399990793,1,615.894399990793,100,1100,1
7,8,1,23,2,"formal",330,8,0.1,1.1,"square","self","f","f",0.535444900015136,1,535.444900015136,100,1100,1
7,8,1,23,2,"formal",331,8,0.1,1.1,"circle","stranger","f","f",0.696240899997065,1,696.240899997065,100,1100,1
7,8,1,23,2,"formal",332,8,0.1,1.1,"circle","self","j","j",0.566154700005427,1,566.154700005427,100,1100,1
7,8,1,23,2,"formal",333,8,0.1,1.1,"circle","stranger","f","f",0.759229200019035,1,759.229200019035,100,1100,1
7,8,1,23,2,"formal",334,8,0.1,1.1,"square","stranger","j","j",0.598457899992354,1,598.457899992354,100,1100,1
7,8,1,23,2,"formal",335,8,0.1,1.1,"square","self","f","f",0.631689000001643,1,631.689000001643,100,1100,1
7,8,1,23,2,"formal",336,8,0.1,1.1,"circle","self","j","j",0.598705999989761,1,598.705999989761,100,1100,1
7,8,1,23,2,"formal",337,8,0.1,1.1,"circle","stranger","f","f",0.678313900018111,1,678.313900018111,100,1100,1
7,8,1,23,2,"formal",338,8,0.1,1.1,"square","self","f","f",0.504098100005649,1,504.098100005649,100,1100,1
7,8,1,23,2,"formal",339,8,0.1,1.1,"circle","self","j","j",0.45499969998491,1,454.99969998491,100,1100,1
7,8,1,23,2,"formal",340,8,0.1,1.1,"square","stranger","j","j",0.792570099991281,1,792.570099991281,100,1100,1
7,8,1,23,2,"formal",341,8,0.1,1.1,"square","stranger","j","j",0.471468100004131,1,471.468100004131,100,1100,1
7,8,1,23,2,"formal",342,8,0.1,1.1,"circle","stranger","f","f",0.696381799993105,1,696.381799993105,100,1100,1
7,8,1,23,2,"formal",343,8,0.1,1.1,"square","self","f","f",0.726756699994439,1,726.756699994439,100,1100,1
7,8,1,23,2,"formal",344,8,0.1,1.1,"circle","self","j","j",0.550958600011654,1,550.958600011654,100,1100,1
7,8,1,23,2,"formal",345,8,0.1,1.1,"square","stranger","j","j",0.79172410001047,1,791.72410001047,100,1100,1
7,8,1,23,2,"formal",346,8,0.1,1.1,"square","self","f","f",0.566241199994693,1,566.241199994693,100,1100,1
7,8,1,23,2,"formal",347,8,0.1,1.1,"circle","stranger","f","f",0.582252399995923,1,582.252399995923,100,1100,1
7,8,1,23,2,"formal",348,8,0.1,1.1,"circle","self","j","j",0.631558900000528,1,631.558900000528,100,1100,1
7,8,1,23,2,"formal",349,8,0.1,1.1,"circle","stranger","f","f",0.886063299985835,1,886.063299985835,100,1100,1
7,8,1,23,2,"formal",350,8,0.1,1.1,"circle","self","j","j",0.567424199980451,1,567.424199980451,100,1100,1
7,8,1,23,2,"formal",351,8,0.1,1.1,"square","self","f","f",0.534334500000114,1,534.334500000114,100,1100,1
7,8,1,23,2,"formal",352,8,0.1,1.1,"square","stranger","j","j",0.598239300015848,1,598.239300015848,100,1100,1
7,8,1,23,2,"formal",353,8,0.1,1.1,"circle","self","j","j",0.824319999985164,1,824.319999985164,100,1100,1
7,8,1,23,2,"formal",354,8,0.1,1.1,"square","stranger","j","j",0.51873500001966,1,518.73500001966,100,1100,1
7,8,1,23,2,"formal",355,8,0.1,1.1,"circle","stranger","f","f",0.645110199984629,1,645.110199984629,100,1100,1
7,8,1,23,2,"formal",356,8,0.1,1.1,"square","self","f","f",0.919167999993078,1,919.167999993078,100,1100,1
7,8,1,23,2,"formal",357,8,0.1,1.1,"circle","self","j","j",0.535654700011946,1,535.654700011946,100,1100,1
7,8,1,23,2,"formal",358,8,0.1,1.1,"square","stranger","j","j",0.63119660000666,1,631.19660000666,100,1100,1
7,8,1,23,2,"formal",359,8,0.1,1.1,"circle","stranger","f","f",0.551166100020055,1,551.166100020055,100,1100,1
7,8,1,23,2,"formal",360,8,0.1,1.1,"square","self","f","f",0.598592000023928,1,598.592000023928,100,1100,1
7,8,1,23,2,"formal",361,8,0.1,1.1,"circle","stranger","f","j",0.550784599996405,0,550.784599996405,100,1100,1
7,8,1,23,2,"formal",362,8,0.1,1.1,"circle","self","j","j",0.775400600017747,1,775.400600017747,100,1100,1
7,8,1,23,2,"formal",363,8,0.1,1.1,"square","self","f","f",0.647652100014966,1,647.652100014966,100,1100,1
7,8,1,23,2,"formal",364,8,0.1,1.1,"square","stranger","j","j",0.535808099986752,1,535.808099986752,100,1100,1
7,8,1,23,2,"formal",365,8,0.1,1.1,"square","self","f","f",0.856062900013058,1,856.062900013058,100,1100,1
7,8,1,23,2,"formal",366,8,0.1,1.1,"square","stranger","j","j",0.551302899984876,1,551.302899984876,100,1100,1
7,8,1,23,2,"formal",367,8,0.1,1.1,"circle","self","j","j",0.822649199981242,1,822.649199981242,100,1100,1
7,8,1,23,2,"formal",368,8,0.1,1.1,"circle","stranger","f","f",0.679159100021934,1,679.159100021934,100,1100,1
7,8,1,23,2,"formal",369,8,0.1,1.1,"square","self","f","f",0.567258800001582,1,567.258800001582,100,1100,1
7,8,1,23,2,"formal",370,8,0.1,1.1,"circle","stranger","f","j",0.551776400010567,0,551.776400010567,100,1100,1
7,8,1,23,2,"formal",371,8,0.1,1.1,"circle","self","j","j",0.903881400008686,1,903.881400008686,100,1100,1
7,8,1,23,2,"formal",372,8,0.1,1.1,"square","stranger","j","j",1.03046960002393,1,1030.46960002393,100,1100,1
7,8,1,23,2,"formal",373,8,0.1,1.1,"square","stranger","j","j",0.429602699994575,1,429.602699994575,100,1100,1
7,8,1,23,2,"formal",374,8,0.1,1.1,"circle","stranger","f","f",0.631234300002689,1,631.234300002689,100,1100,1
7,8,1,23,2,"formal",375,8,0.1,1.1,"circle","self","j","f",0.695723699987866,0,695.723699987866,100,1100,1
7,8,1,23,2,"formal",376,8,0.1,1.1,"square","self","f","f",0.487680599995656,1,487.680599995656,100,1100,1
7,8,1,23,2,"formal",377,8,0.1,1.1,"circle","self","j","j",0.55183229999966,1,551.83229999966,100,1100,1
7,8,1,23,2,"formal",378,8,0.1,1.1,"square","stranger","j","j",0.695965200022329,1,695.965200022329,100,1100,1
7,8,1,23,2,"formal",379,8,0.1,1.1,"circle","stranger","f","f",0.67857799999183,1,678.57799999183,100,1100,1
7,8,1,23,2,"formal",380,8,0.1,1.1,"square","self","f","f",0.551216899999417,1,551.216899999417,100,1100,1
7,8,1,23,2,"formal",381,8,0.1,1.1,"circle","stranger","f","f",0.695545199996559,1,695.545199996559,100,1100,1
7,8,1,23,2,"formal",382,8,0.1,1.1,"square","stranger","j","j",0.568245000002207,1,568.245000002207,100,1100,1
7,8,1,23,2,"formal",383,8,0.1,1.1,"square","self","f","f",0.728094599995529,1,728.094599995529,100,1100,1
7,8,1,23,2,"formal",384,8,0.1,1.1,"circle","self","j","j",0.630498399987118,1,630.498399987118,100,1100,1
7,8,1,23,2,"formal",385,8,0.1,1.1,"circle","self","j","j",0.678862900007516,1,678.862900007516,100,1100,1
7,8,1,23,2,"formal",386,8,0.1,1.1,"square","self","f","f",0.759708300000057,1,759.708300000057,100,1100,1
7,8,1,23,2,"formal",387,8,0.1,1.1,"circle","stranger","f","f",0.759746099996846,1,759.746099996846,100,1100,1
7,8,1,23,2,"formal",388,8,0.1,1.1,"square","stranger","j","j",0.48738219999359,1,487.38219999359,100,1100,1
7,8,1,23,2,"formal",389,8,0.1,1.1,"square","self","f","f",0.647919900016859,1,647.919900016859,100,1100,1
7,8,1,23,2,"formal",390,8,0.1,1.1,"circle","stranger","f","f",0.583447099983459,1,583.447099983459,100,1100,1
7,8,1,23,2,"formal",391,8,0.1,1.1,"square","stranger","j","j",0.519207600009395,1,519.207600009395,100,1100,1
7,8,1,23,2,"formal",392,8,0.1,1.1,"circle","self","j","j",0.919215900008567,1,919.215900008567,100,1100,1
7,8,1,23,2,"formal",393,8,0.1,1.1,"square","self","f","f",0.455832699983148,1,455.832699983148,100,1100,1
7,8,1,23,2,"formal",394,8,0.1,1.1,"square","stranger","j","j",0.648546900018118,1,648.546900018118,100,1100,1
7,8,1,23,2,"formal",395,8,0.1,1.1,"circle","stranger","f","f",0.519276300008642,1,519.276300008642,100,1100,1
7,8,1,23,2,"formal",396,8,0.1,1.1,"circle","self","j","j",0.615897599986056,1,615.897599986056,100,1100,1
7,8,1,23,2,"formal",397,8,0.1,1.1,"circle","stranger","f","f",0.678651199996239,1,678.651199996239,100,1100,1
7,8,1,23,2,"formal",398,8,0.1,1.1,"square","stranger","j","j",0.679334000014933,1,679.334000014933,100,1100,1
7,8,1,23,2,"formal",399,8,0.1,1.1,"circle","self","j","j",0.647341300005792,1,647.341300005792,100,1100,1
7,8,1,23,2,"formal",400,8,0.1,1.1,"square","self","f","f",0.455956099991454,1,455.956099991454,100,1100,1
7,8,1,23,2,"formal",401,8,0.1,1.1,"circle","stranger","f","f",0.662286999984644,1,662.286999984644,100,1100,1
7,8,1,23,2,"formal",402,8,0.1,1.1,"square","self","f","f",0.711193499999354,1,711.193499999354,100,1100,1
7,8,1,23,2,"formal",403,8,0.1,1.1,"square","stranger","j","j",0.567175999982283,1,567.175999982283,100,1100,1
7,8,1,23,2,"formal",404,8,0.1,1.1,"circle","self","j","j",0.710553199984133,1,710.553199984133,100,1100,1
7,8,1,23,2,"formal",405,8,0.1,1.1,"square","self","f","f",0.998510200006422,1,998.510200006422,100,1100,1
7,8,1,23,2,"formal",406,8,0.1,1.1,"circle","self","j","j",0.502557300002081,1,502.557300002081,100,1100,1
7,8,1,23,2,"formal",407,8,0.1,1.1,"square","stranger","j","j",0.679716199985705,1,679.716199985705,100,1100,1
7,8,1,23,2,"formal",408,8,0.1,1.1,"circle","stranger","f","f",0.631846300006146,1,631.846300006146,100,1100,1
7,8,1,23,2,"formal",409,8,0.1,1.1,"square","stranger","j","j",0.47035109999706,1,470.35109999706,100,1100,1
7,8,1,23,2,"formal",410,8,0.1,1.1,"circle","self","j","j",0.967266400024528,1,967.266400024528,100,1100,1
7,8,1,23,2,"formal",411,8,0.1,1.1,"square","self","f","f",0.51941639999859,1,519.41639999859,100,1100,1
7,8,1,23,2,"formal",412,8,0.1,1.1,"circle","stranger","f","f",0.727232900011586,1,727.232900011586,100,1100,1
7,8,1,23,2,"formal",413,8,0.1,1.1,"square","self","f","f",0.615409899997758,1,615.409899997758,100,1100,1
7,8,1,23,2,"formal",414,8,0.1,1.1,"circle","self","j","j",0.519175299996277,1,519.175299996277,100,1100,1
7,8,1,23,2,"formal",415,8,0.1,1.1,"circle","stranger","f","f",0.599133900017478,1,599.133900017478,100,1100,1
7,8,1,23,2,"formal",416,8,0.1,1.1,"square","stranger","j","f",0.455535100016277,0,455.535100016277,100,1100,1
7,8,1,23,2,"formal",417,8,0.1,1.1,"square","self","f","f",0.680703199992422,1,680.703199992422,100,1100,1
7,8,1,23,2,"formal",418,8,0.1,1.1,"square","stranger","j","j",0.599314799997956,1,599.314799997956,100,1100,1
7,8,1,23,2,"formal",419,8,0.1,1.1,"circle","stranger","f","f",0.711149800015846,1,711.149800015846,100,1100,1
7,8,1,23,2,"formal",420,8,0.1,1.1,"circle","self","j","j",0.582671499985736,1,582.671499985736,100,1100,1
7,8,1,23,2,"formal",421,8,0.1,1.1,"circle","self","j","j",0.454372899985174,1,454.372899985174,100,1100,1
7,8,1,23,2,"formal",422,8,0.1,1.1,"square","self","f","f",0.487254200008465,1,487.254200008465,100,1100,1
7,8,1,23,2,"formal",423,8,0.1,1.1,"square","stranger","j","j",0.743253799999366,1,743.253799999366,100,1100,1
7,8,1,23,2,"formal",424,8,0.1,1.1,"circle","stranger","f","f",0.407336100004613,1,407.336100004613,100,1100,1
7,8,1,23,2,"formal",425,8,0.1,1.1,"circle","stranger","f","f",0.716465800011065,1,716.465800011065,100,1100,1
7,8,1,23,2,"formal",426,8,0.1,1.1,"square","self","f","f",0.535640699992655,1,535.640699992655,100,1100,1
7,8,1,23,2,"formal",427,8,0.1,1.1,"circle","self","j","j",0.504426900006365,1,504.426900006365,100,1100,1
7,8,1,23,2,"formal",428,8,0.1,1.1,"square","stranger","j","j",0.872729299997445,1,872.729299997445,100,1100,1
7,8,1,23,2,"formal",429,8,0.1,1.1,"circle","stranger","f","f",0.486465200025123,1,486.465200025123,100,1100,1
7,8,1,23,2,"formal",430,8,0.1,1.1,"square","self","f","f",0.727684300014516,1,727.684300014516,100,1100,1
7,8,1,23,2,"formal",431,8,0.1,1.1,"square","stranger","j","j",0.712052199989557,1,712.052199989557,100,1100,1
7,8,1,23,2,"formal",432,8,0.1,1.1,"circle","self","j","j",0.743738300021505,1,743.738300021505,100,1100,1
7,8,1,23,2,"formal",433,8,0.1,1.1,"square","self","f","f",0.47093730000779,1,470.93730000779,100,1100,1
7,8,1,23,2,"formal",434,8,0.1,1.1,"circle","stranger","f","j",0.47168290000991,0,471.68290000991,100,1100,1
7,8,1,23,2,"formal",435,8,0.1,1.1,"circle","self","j","j",0.838995000027353,1,838.995000027353,100,1100,1
7,8,1,23,2,"formal",436,8,0.1,1.1,"square","stranger","j","j",0.728886500000954,1,728.886500000954,100,1100,1
7,8,1,23,2,"formal",437,8,0.1,1.1,"square","stranger","j","j",0.791393599996809,1,791.393599996809,100,1100,1
7,8,1,23,2,"formal",438,8,0.1,1.1,"circle","stranger","f","f",0.614970900001936,1,614.970900001936,100,1100,1
7,8,1,23,2,"formal",439,8,0.1,1.1,"circle","self","j","j",0.727080800017575,1,727.080800017575,100,1100,1
7,8,1,23,2,"formal",440,8,0.1,1.1,"square","self","f","f",0.583499999978812,1,583.499999978812,100,1100,1
7,8,1,23,2,"formal",441,8,0.1,1.1,"square","self","f","f",0.424332599999616,1,424.332599999616,100,1100,1
7,8,1,23,2,"formal",442,8,0.1,1.1,"circle","stranger","f","j",0.518912500003353,0,518.912500003353,100,1100,1
7,8,1,23,2,"formal",443,8,0.1,1.1,"circle","self","j","j",0.613932300009765,1,613.932300009765,100,1100,1
7,8,1,23,2,"formal",444,8,0.1,1.1,"square","stranger","j","j",0.664790999988327,1,664.790999988327,100,1100,1
7,8,1,23,2,"formal",445,8,0.1,1.1,"square","stranger","j","j",0.422210499993525,1,422.210499993525,100,1100,1
7,8,1,23,2,"formal",446,8,0.1,1.1,"circle","self","j","j",0.710821099986788,1,710.821099986788,100,1100,1
7,8,1,23,2,"formal",447,8,0.1,1.1,"circle","stranger","f","f",0.710915899981046,1,710.915899981046,100,1100,1
7,8,1,23,2,"formal",448,8,0.1,1.1,"square","self","f","f",0.712209599994821,1,712.209599994821,100,1100,1
7,8,1,23,2,"formal",449,8,0.1,1.1,"square","self","f","f",0.695005099987611,1,695.005099987611,100,1100,1
7,8,1,23,2,"formal",450,8,0.1,1.1,"circle","self","j","j",0.487831700011156,1,487.831700011156,100,1100,1
7,8,1,23,2,"formal",451,8,0.1,1.1,"circle","stranger","f","f",0.518262099998537,1,518.262099998537,100,1100,1
7,8,1,23,2,"formal",452,8,0.1,1.1,"square","stranger","j","j",0.583790299977409,1,583.790299977409,100,1100,1
7,8,1,23,2,"formal",453,8,0.1,1.1,"circle","self","j","j",0.679467500012834,1,679.467500012834,100,1100,1
7,8,1,23,2,"formal",454,8,0.1,1.1,"square","self","f","f",0.422155699983705,1,422.155699983705,100,1100,1
7,8,1,23,2,"formal",455,8,0.1,1.1,"square","stranger","j","j",0.743109900009586,1,743.109900009586,100,1100,1
7,8,1,23,2,"formal",456,8,0.1,1.1,"circle","stranger","f","f",0.470697700016899,1,470.697700016899,100,1100,1
7,8,1,23,2,"formal",457,8,0.1,1.1,"circle","self","j","j",0.565632400015602,1,565.632400015602,100,1100,1
7,8,1,23,2,"formal",458,8,0.1,1.1,"circle","stranger","f","f",0.775835800013738,1,775.835800013738,100,1100,1
7,8,1,23,2,"formal",459,8,0.1,1.1,"square","self","f","f",0.408148000016809,1,408.148000016809,100,1100,1
7,8,1,23,2,"formal",460,8,0.1,1.1,"square","stranger","j","j",0.502922299987404,1,502.922299987404,100,1100,1
7,8,1,23,2,"formal",461,8,0.1,1.1,"square","self","f","f",0.823230299982242,1,823.230299982242,100,1100,1
7,8,1,23,2,"formal",462,8,0.1,1.1,"square","stranger","j","j",0.600781899993308,1,600.781899993308,100,1100,1
7,8,1,23,2,"formal",463,8,0.1,1.1,"circle","stranger","f","f",0.519239899993408,1,519.239899993408,100,1100,1
7,8,1,23,2,"formal",464,8,0.1,1.1,"circle","self","j","j",0.567602700000862,1,567.602700000862,100,1100,1
7,8,1,23,2,"formal",465,8,0.1,1.1,"square","stranger","j","j",1.0474261000054,1,1047.4261000054,100,1100,1
7,8,1,23,2,"formal",466,8,0.1,1.1,"circle","stranger","f","f",0.518674099992495,1,518.674099992495,100,1100,1
7,8,1,23,2,"formal",467,8,0.1,1.1,"square","self","f","j",0.423865300021134,0,423.865300021134,100,1100,1
7,8,1,23,2,"formal",468,8,0.1,1.1,"circle","self","j","j",0.51855050001177,1,518.55050001177,100,1100,1
7,8,1,23,2,"formal",469,8,0.1,1.1,"circle","self","j","j",0.518770399998175,1,518.770399998175,100,1100,1
7,8,1,23,2,"formal",470,8,0.1,1.1,"square","self","f","f",0.358950199995888,1,358.950199995888,100,1100,1
7,8,1,23,2,"formal",471,8,0.1,1.1,"circle","stranger","f","f",0.615197600011015,1,615.197600011015,100,1100,1
7,8,1,23,2,"formal",472,8,0.1,1.1,"square","stranger","j","j",0.45597439998528,1,455.97439998528,100,1100,1
7,8,1,23,2,"formal",473,8,0.1,1.1,"circle","stranger","f","j",0.775302099995315,0,775.302099995315,100,1100,1
7,8,1,23,2,"formal",474,8,0.1,1.1,"square","stranger","j","j",0.646870299999136,1,646.870299999136,100,1100,1
7,8,1,23,2,"formal",475,8,0.1,1.1,"circle","self","j","j",0.710866799985524,1,710.866799985524,100,1100,1
7,8,1,23,2,"formal",476,8,0.1,1.1,"square","self","f","f",0.439636700000847,1,439.636700000847,100,1100,1
7,8,1,23,2,"formal",477,8,0.1,1.1,"square","self","f","f",0.414148199983174,1,414.148199983174,100,1100,1
7,8,1,23,2,"formal",478,8,0.1,1.1,"circle","self","j","j",0.407173099985812,1,407.173099985812,100,1100,1
7,8,1,23,2,"formal",479,8,0.1,1.1,"circle","stranger","f","j",0.518337099987548,0,518.337099987548,100,1100,1
7,8,1,23,2,"formal",480,8,0.1,1.1,"square","stranger","j","j",0.439592800015816,1,439.592800015816,100,1100,1
7,8,1,23,2,"formal",481,8,0.1,1.1,"circle","stranger","f","f",0.438306700001704,1,438.306700001704,100,1100,1
7,8,1,23,2,"formal",482,8,0.1,1.1,"square","stranger","j","j",0.568202700000256,1,568.202700000256,100,1100,1
7,8,1,23,2,"formal",483,8,0.1,1.1,"circle","self","j","j",0.647710099990945,1,647.710099990945,100,1100,1
7,8,1,23,2,"formal",484,8,0.1,1.1,"square","self","f","f",0.359697100007907,1,359.697100007907,100,1100,1
7,8,1,23,2,"formal",485,8,0.1,1.1,"square","self","f","f",0.422223799978383,1,422.223799978383,100,1100,1
7,8,1,23,2,"formal",486,8,0.1,1.1,"circle","stranger","f","f",0.614745800005039,1,614.745800005039,100,1100,1
7,8,1,23,2,"formal",487,8,0.1,1.1,"circle","self","j","j",0.550820000004023,1,550.820000004023,100,1100,1
7,8,1,23,2,"formal",488,8,0.1,1.1,"square","stranger","j","j",0.600056800001767,1,600.056800001767,100,1100,1
7,8,1,23,2,"formal",489,8,0.1,1.1,"circle","self","j","j",0.630806800007122,1,630.806800007122,100,1100,1
7,8,1,23,2,"formal",490,8,0.1,1.1,"square","stranger","j","f",0.98251469997922,0,982.51469997922,100,1100,1
7,8,1,23,2,"formal",491,8,0.1,1.1,"circle","stranger","f","f",0.839651399990544,1,839.651399990544,100,1100,1
7,8,1,23,2,"formal",492,8,0.1,1.1,"square","self","f","f",0.408443399996031,1,408.443399996031,100,1100,1
7,8,1,23,2,"formal",493,8,0.1,1.1,"square","self","f","f",0.487841599999228,1,487.841599999228,100,1100,1
7,8,1,23,2,"formal",494,8,0.1,1.1,"square","stranger","j","j",0.584674100013217,1,584.674100013217,100,1100,1
7,8,1,23,2,"formal",495,8,0.1,1.1,"circle","self","j","f",0.951909600000363,0,951.909600000363,100,1100,1
7,8,1,23,2,"formal",496,8,0.1,1.1,"circle","stranger","f","f",1.01507160000619,1,1015.07160000619,100,1100,1
7,8,1,23,2,"formal",497,8,0.1,1.1,"square","stranger","j","j",0.853995799989207,1,853.995799989207,100,1100,1
7,8,1,23,2,"formal",498,8,0.1,1.1,"square","self","f","f",0.647693599981721,1,647.693599981721,100,1100,1
7,8,1,23,2,"formal",499,8,0.1,1.1,"circle","stranger","f","f",0.839318699989235,1,839.318699989235,100,1100,1
7,8,1,23,2,"formal",500,8,0.1,1.1,"circle","self","j","j",0.695924300001934,1,695.924300001934,100,1100,1
7,8,1,23,2,"formal",501,8,0.1,1.1,"square","stranger","j","j",0.77596430000267,1,775.96430000267,100,1100,1
7,8,1,23,2,"formal",502,8,0.1,1.1,"circle","self","j","j",0.743404800014105,1,743.404800014105,100,1100,1
7,8,1,23,2,"formal",503,8,0.1,1.1,"circle","stranger","f","f",0.696477799996501,1,696.477799996501,100,1100,1
7,8,1,23,2,"formal",504,8,0.1,1.1,"square","self","f","f",0.6155049999943,1,615.5049999943,100,1100,1
7,8,1,23,2,"formal",505,8,0.1,1.1,"square","stranger","j","j",0.551685899990844,1,551.685899990844,100,1100,1
7,8,1,23,2,"formal",506,8,0.1,1.1,"square","self","f","f",0.711837100010598,1,711.837100010598,100,1100,1
7,8,1,23,2,"formal",507,8,0.1,1.1,"circle","self","j","j",0.519208500016248,1,519.208500016248,100,1100,1
7,8,1,23,2,"formal",508,8,0.1,1.1,"circle","stranger","f","f",0.66425000000163,1,664.25000000163,100,1100,1
7,8,1,23,2,"formal",509,8,0.1,1.1,"circle","stranger","f","j",0.55211750001763,0,552.11750001763,100,1100,1
7,8,1,23,2,"formal",510,8,0.1,1.1,"circle","self","j","j",0.871610800008057,1,871.610800008057,100,1100,1
7,8,1,23,2,"formal",511,8,0.1,1.1,"square","stranger","j","j",0.631030100019416,1,631.030100019416,100,1100,1
7,8,1,23,2,"formal",512,8,0.1,1.1,"square","self","f","f",0.711713099997723,1,711.713099997723,100,1100,1
7,8,1,23,2,"formal",513,8,0.1,1.1,"square","self","f","f",0.536066100001335,1,536.066100001335,100,1100,1
7,8,1,23,2,"formal",514,8,0.1,1.1,"circle","self","j","j",0.63123909998103,1,631.23909998103,100,1100,1
7,8,1,23,2,"formal",515,8,0.1,1.1,"square","stranger","j","j",0.871142499992857,1,871.142499992857,100,1100,1
7,8,1,23,2,"formal",516,8,0.1,1.1,"circle","stranger","f","f",0.47164740000153,1,471.64740000153,100,1100,1
7,8,1,23,2,"formal",517,8,0.1,1.1,"circle","self","j","j",0.616199999989476,1,616.199999989476,100,1100,1
7,8,1,23,2,"formal",518,8,0.1,1.1,"square","stranger","j","j",0.648183500015875,1,648.183500015875,100,1100,1
7,8,1,23,2,"formal",519,8,0.1,1.1,"circle","stranger","f","f",0.471394599997438,1,471.394599997438,100,1100,1
7,8,1,23,2,"formal",520,8,0.1,1.1,"square","self","f","f",0.648173299996415,1,648.173299996415,100,1100,1
7,8,1,23,2,"formal",521,8,0.1,1.1,"circle","stranger","f","f",0.663175199995749,1,663.175199995749,100,1100,1
7,8,1,23,2,"formal",522,8,0.1,1.1,"circle","self","j","j",0.74267599999439,1,742.67599999439,100,1100,1
7,8,1,23,2,"formal",523,8,0.1,1.1,"square","stranger","j","j",0.91932870002347,1,919.32870002347,100,1100,1
7,8,1,23,2,"formal",524,8,0.1,1.1,"square","self","f","f",0.519459600007394,1,519.459600007394,100,1100,1
7,8,1,23,2,"formal",525,8,0.1,1.1,"square","self","f","f",0.486808699992253,1,486.808699992253,100,1100,1
7,8,1,23,2,"formal",526,8,0.1,1.1,"circle","self","j","j",0.455744899983983,1,455.744899983983,100,1100,1
7,8,1,23,2,"formal",527,8,0.1,1.1,"circle","stranger","f","f",0.631116400007159,1,631.116400007159,100,1100,1
7,8,1,23,2,"formal",528,8,0.1,1.1,"square","stranger","j","j",0.391753499978222,1,391.753499978222,100,1100,1
