subjectID,trialID,T,P,W,Label,v,a,RT,response
1,1,100,8,1100,stranger,1.457933046711708,4.293518339647062,0.9010000000000005,1
1,2,100,8,1100,stranger,2.192985164950902,4.293518339647062,0.8050000000000004,1
1,3,100,8,1100,stranger,2.717217481432613,4.293518339647062,0.9470000000000005,1
1,4,100,8,1100,stranger,0.8511933213413571,4.293518339647062,0.8110000000000004,1
1,5,100,8,1100,stranger,0.763545525065499,4.293518339647062,1.1780000000000008,1
1,6,100,8,1100,stranger,0.0991952674941341,4.293518339647062,1.0210000000000006,1
1,7,100,8,1100,stranger,-1.0910684310532204,4.293518339647062,0.9270000000000005,2
1,8,100,8,1100,stranger,1.1596099069921193,4.293518339647062,1.1000000000000008,1
1,9,100,8,1100,stranger,-1.1527956357720268,4.293518339647062,0.9550000000000005,2
1,10,100,8,1100,stranger,3.788988411951028,4.293518339647062,0.42100000000000015,1
1,11,100,8,1100,stranger,-0.19269144654885206,4.293518339647062,1.0970000000000006,2
1,12,100,8,1100,stranger,0.37602794681105944,4.293518339647062,1.1470000000000007,1
1,13,100,8,1100,stranger,1.9620737119346743,4.293518339647062,0.7280000000000004,1
1,14,100,8,1100,stranger,2.6647248483203496,4.293518339647062,1.0320000000000007,1
1,15,100,8,1100,stranger,0.33639423916943534,4.293518339647062,0.9910000000000005,1
1,16,100,8,1100,stranger,-2.0889844425089685,4.293518339647062,0.7350000000000003,2
1,17,100,8,1100,stranger,1.9804613790372305,4.293518339647062,0.7970000000000004,1
1,18,100,8,1100,stranger,2.3945708400000667,4.293518339647062,0.7480000000000004,1
1,19,100,8,1100,stranger,1.0520618425031518,4.293518339647062,0.9410000000000005,1
1,20,100,8,1100,stranger,1.672606269485338,4.293518339647062,1.1020000000000008,1
1,21,100,8,1100,stranger,0.6256792088552101,4.293518339647062,1.0420000000000007,1
1,22,100,8,1100,stranger,0.0410024402538719,4.293518339647062,1.1090000000000007,1
1,23,100,8,1100,stranger,1.3311869417558506,4.293518339647062,1.1860000000000008,1
1,24,100,8,1100,stranger,2.957145199215681,4.293518339647062,1.0370000000000006,1
1,25,100,8,1100,stranger,-0.3504508455387704,4.293518339647062,0.9270000000000005,2
1,26,100,8,1100,stranger,1.6567221567511115,4.293518339647062,1.1030000000000006,1
1,27,100,8,1100,stranger,-1.3178408576478715,4.293518339647062,0.8160000000000005,2
1,28,100,8,1100,stranger,0.5312134530908533,4.293518339647062,0.9330000000000005,1
1,29,100,8,1100,stranger,1.5454218375554332,4.293518339647062,0.9220000000000006,1
1,30,100,8,1100,stranger,1.18510168369632,4.293518339647062,0.9810000000000005,1
1,31,100,8,1100,stranger,1.2022059559218548,4.293518339647062,1.1540000000000008,1
1,32,100,8,1100,stranger,0.7738680644396665,4.293518339647062,1.1310000000000007,1
1,33,100,8,1100,stranger,1.3614769008463727,4.293518339647062,1.0320000000000007,1
1,34,100,8,1100,stranger,2.4723760595006334,4.293518339647062,1.0100000000000007,1
1,35,100,8,1100,stranger,1.5610008368509622,4.293518339647062,0.6410000000000003,1
1,36,100,8,1100,stranger,1.7529882878388656,4.293518339647062,1.0200000000000007,1
1,37,100,8,1100,stranger,1.1474155939954014,4.293518339647062,1.1300000000000008,1
1,38,100,8,1100,stranger,1.16594867346641,4.293518339647062,0.42900000000000016,1
1,39,100,8,1100,stranger,1.4927782372963823,4.293518339647062,1.0980000000000008,1
1,40,100,8,1100,stranger,1.873382618244349,4.293518339647062,1.1550000000000007,1
1,41,100,8,1100,stranger,0.019039783520929165,4.293518339647062,0.8300000000000005,2
1,42,100,8,1100,stranger,2.130448217304556,4.293518339647062,0.7680000000000005,1
1,43,100,8,1100,stranger,2.5059115792242475,4.293518339647062,1.0760000000000007,1
1,44,100,8,1100,stranger,-1.6339320708527025,4.293518339647062,1.1210000000000007,2
1,45,100,8,1100,stranger,1.648677632034665,4.293518339647062,1.1420000000000008,1
1,46,100,8,1100,stranger,0.8385261369634693,4.293518339647062,0.9740000000000006,1
1,47,100,8,1100,stranger,0.7191746278951101,4.293518339647062,1.1020000000000008,1
1,48,100,8,1100,stranger,3.419338270251502,4.293518339647062,0.9120000000000006,1
1,49,100,8,1100,stranger,0.018426566364895036,4.293518339647062,0.9340000000000006,1
1,50,100,8,1100,stranger,1.9765492386285457,4.293518339647062,0.9230000000000005,1
1,51,100,8,1100,stranger,1.0496187836272315,4.293518339647062,1.1220000000000008,1
1,52,100,8,1100,stranger,2.8747778216474598,4.293518339647062,0.8440000000000005,1
1,53,100,8,1100,stranger,1.703080226774358,4.293518339647062,1.0510000000000006,1
1,54,100,8,1100,stranger,2.310344637316342,4.293518339647062,0.7570000000000003,1
1,55,100,8,1100,stranger,1.6208742209323463,4.293518339647062,0.8830000000000005,1
1,56,100,8,1100,stranger,-1.7097412572470603,4.293518339647062,1.0710000000000006,2
1,57,100,8,1100,stranger,0.5521257732242129,4.293518339647062,1.0700000000000007,1
1,58,100,8,1100,stranger,2.236205961650761,4.293518339647062,1.1610000000000007,1
1,59,100,8,1100,stranger,2.050066718976316,4.293518339647062,1.1640000000000008,1
1,60,100,8,1100,stranger,1.3997629029257082,4.293518339647062,0.7840000000000005,1
1,61,100,8,1100,stranger,1.9716184415510123,4.293518339647062,0.9150000000000005,1
1,62,100,8,1100,stranger,1.9814848951935498,4.293518339647062,0.8470000000000004,1
1,63,100,8,1100,stranger,0.7372550741959925,4.293518339647062,0.7580000000000005,1
1,64,100,8,1100,stranger,0.7110586049296032,4.293518339647062,0.9860000000000007,1
1,65,100,8,1100,stranger,-0.6290642286810593,4.293518339647062,0.9650000000000005,2
1,66,100,8,1100,stranger,0.6157207934325659,4.293518339647062,1.1170000000000007,1
1,67,100,8,1100,stranger,-2.742497356562204,4.293518339647062,0.8550000000000004,2
1,68,100,8,1100,stranger,0.8752159237647978,4.293518339647062,1.1550000000000007,1
1,69,100,8,1100,stranger,2.080421543330087,4.293518339647062,0.8970000000000005,1
1,70,100,8,1100,stranger,1.2882664997977198,4.293518339647062,1.0780000000000007,1
1,71,100,8,1100,stranger,-1.697242626053996,4.293518339647062,0.9640000000000006,2
1,72,100,8,1100,stranger,2.0846014933024275,4.293518339647062,0.8200000000000005,1
1,73,100,8,1100,stranger,-1.9033740898132385,4.293518339647062,0.8800000000000006,2
1,74,100,8,1100,stranger,-1.3266474519282772,4.293518339647062,1.1810000000000007,2
1,75,100,8,1100,stranger,2.661818021595833,4.293518339647062,0.8500000000000005,1
1,76,100,8,1100,stranger,2.2513182874807054,4.293518339647062,1.1130000000000007,1
1,77,100,8,1100,stranger,-0.019076280207459773,4.293518339647062,0.8170000000000004,2
1,78,100,8,1100,stranger,1.9765333952614657,4.293518339647062,1.1970000000000007,1
1,79,100,8,1100,stranger,2.3941759824418867,4.293518339647062,0.6640000000000004,1
1,80,100,8,1100,stranger,-0.34251614338325387,4.293518339647062,1.1090000000000007,2
1,81,100,8,1100,stranger,0.8889023939188467,4.293518339647062,1.0110000000000006,1
1,82,100,8,1100,stranger,-0.052429016996143885,4.293518339647062,0.9850000000000005,2
1,83,100,8,1100,stranger,-0.5267566266985548,4.293518339647062,0.9360000000000006,2
1,84,100,8,1100,stranger,1.4251285535783813,4.293518339647062,0.9720000000000006,1
1,85,100,8,1100,stranger,1.2113742291780076,4.293518339647062,1.1370000000000007,1
1,86,100,8,1100,stranger,2.016166767797448,4.293518339647062,0.6860000000000004,1
1,87,100,8,1100,stranger,-0.004113180525016746,4.293518339647062,1.0930000000000006,1
1,88,100,8,1100,stranger,1.1140206453518173,4.293518339647062,0.9560000000000006,1
1,89,100,8,1100,stranger,1.1760876877132829,4.293518339647062,0.9570000000000005,1
1,90,100,8,1100,stranger,0.8753112331340958,4.293518339647062,1.1850000000000007,1
1,91,100,8,1100,stranger,1.8537116884494538,4.293518339647062,0.7260000000000004,1
1,92,100,8,1100,stranger,-1.6979231591983392,4.293518339647062,1.1520000000000008,2
1,93,100,8,1100,stranger,2.609951044281371,4.293518339647062,1.0250000000000006,1
1,94,100,8,1100,stranger,0.4635743142415758,4.293518339647062,1.0080000000000007,1
1,95,100,8,1100,stranger,1.7205576385104162,4.293518339647062,1.1930000000000007,1
1,96,100,8,1100,stranger,0.2129392778058184,4.293518339647062,0.7990000000000004,1
1,97,100,8,1100,stranger,1.5576294903307013,4.293518339647062,0.9990000000000006,1
1,98,100,8,1100,stranger,-0.7704073704808179,4.293518339647062,0.7290000000000003,2
1,99,100,8,1100,stranger,0.5438394388308625,4.293518339647062,1.0040000000000007,1
1,100,100,8,1100,stranger,0.2904458698105236,4.293518339647062,0.6520000000000004,1
1,101,100,8,1100,stranger,2.002726980178629,4.293518339647062,0.8440000000000005,1
1,102,100,8,1100,stranger,0.682311880743672,4.293518339647062,0.9990000000000006,2
1,103,100,8,1100,stranger,2.049086972750491,4.293518339647062,0.8460000000000005,1
1,104,100,8,1100,stranger,1.9440354176714822,4.293518339647062,1.0340000000000007,1
1,105,100,8,1100,stranger,0.7559780758021024,4.293518339647062,0.9970000000000006,1
1,106,100,8,1100,stranger,1.5587559027690459,4.293518339647062,0.9210000000000005,1
1,107,100,8,1100,stranger,1.9934069189513928,4.293518339647062,1.1500000000000008,1
1,108,100,8,1100,stranger,-1.1080819333459846,4.293518339647062,1.1920000000000008,2
1,109,100,8,1100,stranger,1.0734224507682837,4.293518339647062,1.0620000000000007,1
1,110,100,8,1100,stranger,1.609846680939375,4.293518339647062,1.0610000000000006,1
1,111,100,8,1100,stranger,2.2301191147324166,4.293518339647062,0.6290000000000003,1
1,112,100,8,1100,stranger,1.755733503851586,4.293518339647062,1.0190000000000006,1
1,113,100,8,1100,stranger,-0.6484656051196092,4.293518339647062,1.1170000000000007,2
1,114,100,8,1100,stranger,1.798473673542985,4.293518339647062,1.1250000000000007,1
1,115,100,8,1100,stranger,0.5291426972802932,4.293518339647062,1.0150000000000006,1
1,116,100,8,1100,stranger,-0.8409683093867848,4.293518339647062,0.7410000000000003,2
1,117,100,8,1100,stranger,-2.6906136892662214,4.293518339647062,0.6630000000000004,2
1,118,100,8,1100,stranger,-1.0991616747261512,4.293518339647062,1.1690000000000007,2
1,119,100,8,1100,stranger,0.874280954517826,4.293518339647062,1.1310000000000007,1
1,120,100,8,1100,stranger,1.8139033397035778,4.293518339647062,1.0390000000000006,1
1,121,100,8,1100,stranger,0.5285789905822423,4.293518339647062,1.0480000000000007,1
1,122,100,8,1100,stranger,1.0985320333070507,4.293518339647062,1.0570000000000006,1
1,123,100,8,1100,stranger,1.4052374599216946,4.293518339647062,0.8790000000000004,1
1,124,100,8,1100,stranger,-1.7327947108592219,4.293518339647062,1.1350000000000007,2
1,125,100,8,1100,stranger,1.3640068385420439,4.293518339647062,0.8970000000000005,1
1,126,100,8,1100,stranger,1.4608499460867894,4.293518339647062,1.1320000000000008,1
1,127,100,8,1100,stranger,2.231579427163457,4.293518339647062,0.7010000000000003,1
1,128,100,8,1100,stranger,1.9903546693722611,4.293518339647062,0.7810000000000004,1
1,129,100,8,1100,stranger,0.2650444999116414,4.293518339647062,0.9950000000000006,2
1,130,100,8,1100,stranger,1.7213084808668997,4.293518339647062,0.9450000000000005,1
1,1,100,8,1100,self,2.682931361523531,4.293518339647062,0.8220000000000005,1
1,2,100,8,1100,self,1.7232736300472338,4.293518339647062,0.7350000000000003,1
1,3,100,8,1100,self,1.978518700319496,4.293518339647062,1.0520000000000007,1
1,4,100,8,1100,self,2.1847752783904477,4.293518339647062,1.0410000000000006,1
1,5,100,8,1100,self,1.8619715365360439,4.293518339647062,1.1230000000000007,1
1,6,100,8,1100,self,1.038055522109236,4.293518339647062,1.0880000000000007,1
1,7,100,8,1100,self,2.095279128782581,4.293518339647062,1.1000000000000008,1
1,8,100,8,1100,self,3.445092148015118,4.293518339647062,1.1330000000000007,1
1,9,100,8,1100,self,2.9166749973486388,4.293518339647062,0.8990000000000005,1
1,10,100,8,1100,self,1.27085042797646,4.293518339647062,0.7410000000000003,1
1,11,100,8,1100,self,3.7017385934574256,4.293518339647062,0.6370000000000003,1
1,12,100,8,1100,self,1.9703765605302497,4.293518339647062,0.9010000000000005,1
1,13,100,8,1100,self,2.438296342695363,4.293518339647062,1.0690000000000006,1
1,14,100,8,1100,self,2.9760817383193054,4.293518339647062,0.6570000000000004,1
1,15,100,8,1100,self,3.7594296326244105,4.293518339647062,0.6830000000000004,1
1,16,100,8,1100,self,2.265290655507291,4.293518339647062,0.9150000000000005,1
1,17,100,8,1100,self,3.9369029427361264,4.293518339647062,0.4850000000000002,1
1,18,100,8,1100,self,3.3421403448963822,4.293518339647062,0.7940000000000005,1
1,19,100,8,1100,self,1.2139213205918233,4.293518339647062,1.0830000000000006,1
1,20,100,8,1100,self,3.2155036681258093,4.293518339647062,0.40200000000000014,1
1,21,100,8,1100,self,2.4065365808342776,4.293518339647062,0.7480000000000004,1
1,22,100,8,1100,self,3.4926772291716244,4.293518339647062,0.7140000000000004,1
1,23,100,8,1100,self,2.3532423383972105,4.293518339647062,0.7220000000000004,1
1,24,100,8,1100,self,2.694569853464144,4.293518339647062,0.9490000000000005,1
1,25,100,8,1100,self,2.4974669840256873,4.293518339647062,0.7380000000000004,1
1,26,100,8,1100,self,2.9831605162512815,4.293518339647062,0.7230000000000003,1
1,27,100,8,1100,self,2.241146877727777,4.293518339647062,0.6640000000000004,1
1,28,100,8,1100,self,1.9970751343414888,4.293518339647062,0.9370000000000005,1
1,29,100,8,1100,self,3.231121305453296,4.293518339647062,0.9530000000000005,1
1,30,100,8,1100,self,1.0313333198763783,4.293518339647062,0.8040000000000005,1
1,31,100,8,1100,self,3.625971830986975,4.293518339647062,0.4470000000000002,1
1,32,100,8,1100,self,2.522717726513698,4.293518339647062,0.8790000000000004,1
1,33,100,8,1100,self,3.4795469630523117,4.293518339647062,0.6810000000000004,1
1,34,100,8,1100,self,2.72857502000808,4.293518339647062,0.6730000000000004,1
1,35,100,8,1100,self,5.047123256245022,4.293518339647062,0.7890000000000004,1
1,36,100,8,1100,self,1.0956502283834524,4.293518339647062,1.0750000000000006,1
1,37,100,8,1100,self,2.583676572272701,4.293518339647062,0.7680000000000005,1
1,38,100,8,1100,self,2.479155378463742,4.293518339647062,0.5570000000000003,1
1,39,100,8,1100,self,1.611196450578365,4.293518339647062,0.7850000000000004,1
1,40,100,8,1100,self,1.9583497332369137,4.293518339647062,1.0140000000000007,1
1,41,100,8,1100,self,2.227780946238338,4.293518339647062,0.8770000000000004,1
1,42,100,8,1100,self,3.7454763679097214,4.293518339647062,1.0660000000000007,1
1,43,100,8,1100,self,5.196028762336859,4.293518339647062,0.4590000000000002,1
1,44,100,8,1100,self,2.151861761744185,4.293518339647062,0.8690000000000004,1
1,45,100,8,1100,self,1.5470686488169452,4.293518339647062,0.7860000000000005,1
1,46,100,8,1100,self,2.04134034394574,4.293518339647062,1.0650000000000006,1
1,47,100,8,1100,self,3.0253420198829755,4.293518339647062,1.1570000000000007,1
1,48,100,8,1100,self,2.2550922939925178,4.293518339647062,1.0380000000000007,1
1,49,100,8,1100,self,2.271233038569376,4.293518339647062,1.1720000000000008,1
1,50,100,8,1100,self,2.2320636591582,4.293518339647062,0.9400000000000006,1
1,51,100,8,1100,self,1.7293797032978833,4.293518339647062,0.9250000000000005,1
1,52,100,8,1100,self,1.6175575861154243,4.293518339647062,1.0500000000000007,1
1,53,100,8,1100,self,2.4935289449024256,4.293518339647062,0.6570000000000004,1
1,54,100,8,1100,self,2.661255634698363,4.293518339647062,0.9270000000000005,1
1,55,100,8,1100,self,0.3441064329084971,4.293518339647062,0.9350000000000005,1
1,56,100,8,1100,self,3.480711192739244,4.293518339647062,1.1060000000000008,1
1,57,100,8,1100,self,3.880496636469635,4.293518339647062,0.6360000000000003,1
1,58,100,8,1100,self,2.631186252380894,4.293518339647062,0.6860000000000004,1
1,59,100,8,1100,self,2.6429567418774313,4.293518339647062,0.9820000000000007,1
1,60,100,8,1100,self,3.116477881761692,4.293518339647062,0.5440000000000003,1
1,61,100,8,1100,self,2.4436066726119052,4.293518339647062,0.7530000000000003,1
1,62,100,8,1100,self,3.7538077709813367,4.293518339647062,0.8410000000000004,1
1,63,100,8,1100,self,2.6799872463886354,4.293518339647062,0.7790000000000004,1
1,64,100,8,1100,self,2.0738520533135913,4.293518339647062,0.7000000000000004,1
1,65,100,8,1100,self,3.511254630196804,4.293518339647062,0.5920000000000003,1
1,66,100,8,1100,self,3.631112110980102,4.293518339647062,0.8900000000000006,1
1,67,100,8,1100,self,2.6099386836382386,4.293518339647062,0.7840000000000005,1
1,68,100,8,1100,self,2.791634982649254,4.293518339647062,0.6270000000000003,1
1,69,100,8,1100,self,3.3689886233274366,4.293518339647062,1.0030000000000006,1
1,70,100,8,1100,self,1.7279941326131154,4.293518339647062,1.1160000000000008,1
1,71,100,8,1100,self,3.807135888793841,4.293518339647062,0.5900000000000003,1
1,72,100,8,1100,self,3.3909347763124216,4.293518339647062,1.1330000000000007,1
1,73,100,8,1100,self,2.5317887747503205,4.293518339647062,0.9580000000000006,1
1,74,100,8,1100,self,2.334299336441611,4.293518339647062,1.0730000000000006,1
1,75,100,8,1100,self,2.467434204614433,4.293518339647062,0.5830000000000003,1
1,76,100,8,1100,self,3.465586625393997,4.293518339647062,0.5260000000000002,1
1,77,100,8,1100,self,1.229543003010196,4.293518339647062,0.8690000000000004,1
1,78,100,8,1100,self,2.9080327097355103,4.293518339647062,0.9820000000000007,1
1,79,100,8,1100,self,2.3286111859906877,4.293518339647062,0.9310000000000005,1
1,80,100,8,1100,self,2.9144965028605307,4.293518339647062,1.0610000000000006,1
1,81,100,8,1100,self,2.9730818012604043,4.293518339647062,0.8980000000000006,1
1,82,100,8,1100,self,3.1543584170252976,4.293518339647062,0.8080000000000005,1
1,83,100,8,1100,self,3.752450887144788,4.293518339647062,0.7020000000000004,1
1,84,100,8,1100,self,2.4224808224147423,4.293518339647062,1.0410000000000006,1
1,85,100,8,1100,self,1.7982722593704077,4.293518339647062,0.9170000000000005,1
1,86,100,8,1100,self,1.845484644444576,4.293518339647062,1.0420000000000007,1
1,87,100,8,1100,self,1.4642569902482014,4.293518339647062,0.8050000000000004,1
1,88,100,8,1100,self,4.100958982914747,4.293518339647062,0.7920000000000005,1
1,89,100,8,1100,self,2.92911220645607,4.293518339647062,1.0610000000000006,1
1,90,100,8,1100,self,2.158988875267731,4.293518339647062,1.0890000000000006,1
1,91,100,8,1100,self,4.350442738104834,4.293518339647062,0.8590000000000004,1
1,92,100,8,1100,self,3.850600171611722,4.293518339647062,0.4810000000000002,1
1,93,100,8,1100,self,3.9463115024584825,4.293518339647062,0.7760000000000005,1
1,94,100,8,1100,self,3.881829847029067,4.293518339647062,0.8320000000000005,1
1,95,100,8,1100,self,1.8910464011734243,4.293518339647062,0.7160000000000004,1
1,96,100,8,1100,self,1.3486573036289071,4.293518339647062,1.0240000000000007,1
1,97,100,8,1100,self,3.6320799764167537,4.293518339647062,0.6340000000000003,1
1,98,100,8,1100,self,2.4808412140174334,4.293518339647062,0.8630000000000004,1
1,99,100,8,1100,self,3.2417305401243595,4.293518339647062,0.9950000000000006,1
1,100,100,8,1100,self,2.4084346662902276,4.293518339647062,0.8690000000000004,1
1,101,100,8,1100,self,2.910494180464253,4.293518339647062,0.8740000000000006,1
1,102,100,8,1100,self,2.313317896841019,4.293518339647062,0.6890000000000004,1
1,103,100,8,1100,self,2.9608242447752726,4.293518339647062,0.8150000000000004,1
1,104,100,8,1100,self,1.8955303147233118,4.293518339647062,1.1890000000000007,1
1,105,100,8,1100,self,3.15174445482342,4.293518339647062,0.9300000000000006,1
1,106,100,8,1100,self,3.5675867328607214,4.293518339647062,1.0810000000000006,1
1,107,100,8,1100,self,3.7861905066021593,4.293518339647062,1.1550000000000007,1
1,108,100,8,1100,self,3.461524790932409,4.293518339647062,1.0060000000000007,1
1,109,100,8,1100,self,2.9183636679775145,4.293518339647062,0.8430000000000004,1
1,110,100,8,1100,self,3.103934027064456,4.293518339647062,1.0750000000000006,1
1,111,100,8,1100,self,3.4510739860456088,4.293518339647062,0.6790000000000004,1
1,112,100,8,1100,self,2.2863430588856515,4.293518339647062,0.9040000000000006,1
1,113,100,8,1100,self,1.7824554906481942,4.293518339647062,0.9630000000000005,1
1,114,100,8,1100,self,2.5178149854927074,4.293518339647062,0.8370000000000004,1
1,115,100,8,1100,self,1.7301827028229075,4.293518339647062,1.0140000000000007,1
1,116,100,8,1100,self,2.460029097810802,4.293518339647062,0.7610000000000003,1
1,117,100,8,1100,self,1.8378295184475064,4.293518339647062,0.9110000000000005,1
1,118,100,8,1100,self,3.299575649250591,4.293518339647062,0.8760000000000006,1
1,119,100,8,1100,self,3.8376756438274127,4.293518339647062,0.7550000000000003,1
1,120,100,8,1100,self,3.9558664932328877,4.293518339647062,0.8440000000000005,1
1,121,100,8,1100,self,3.539024300900407,4.293518339647062,1.1050000000000006,1
1,122,100,8,1100,self,2.00783568839169,4.293518339647062,0.9920000000000007,1
1,123,100,8,1100,self,2.501672632670751,4.293518339647062,1.0550000000000006,1
1,124,100,8,1100,self,2.5260258043654167,4.293518339647062,0.8560000000000005,1
1,125,100,8,1100,self,1.0556707015535594,4.293518339647062,1.1430000000000007,1
1,126,100,8,1100,self,1.9162591718746378,4.293518339647062,0.9020000000000006,1
1,127,100,8,1100,self,2.2599917376342886,4.293518339647062,0.8030000000000004,1
1,128,100,8,1100,self,2.7594639786723016,4.293518339647062,0.8810000000000004,1
1,129,100,8,1100,self,2.889349057917486,4.293518339647062,0.7760000000000005,1
1,130,100,8,1100,self,2.5167548400685,4.293518339647062,0.6990000000000004,1
2,1,100,8,1100,stranger,0.867163137300061,3.71964223963933,1.0380000000000007,1
2,2,100,8,1100,stranger,1.3796944701869407,3.71964223963933,1.1820000000000008,1
2,3,100,8,1100,stranger,1.9698270326426812,3.71964223963933,0.8120000000000005,1
2,4,100,8,1100,stranger,-1.3844262566700944,3.71964223963933,0.4960000000000002,2
2,5,100,8,1100,stranger,2.921696747074359,3.71964223963933,0.7040000000000004,1
2,6,100,8,1100,stranger,0.3114972575230458,3.71964223963933,0.6240000000000003,1
2,7,100,8,1100,stranger,1.5525430930113249,3.71964223963933,1.0260000000000007,1
2,8,100,8,1100,stranger,0.38027669719954277,3.71964223963933,0.9700000000000006,2
2,9,100,8,1100,stranger,1.7656375279518794,3.71964223963933,1.1230000000000007,1
2,10,100,8,1100,stranger,0.873127438205985,3.71964223963933,0.9900000000000007,1
2,11,100,8,1100,stranger,0.7711497704660017,3.71964223963933,1.0420000000000007,1
2,12,100,8,1100,stranger,-1.9110371389061744,3.71964223963933,0.8230000000000004,2
2,13,100,8,1100,stranger,1.1011428282152738,3.71964223963933,0.8710000000000004,1
2,14,100,8,1100,stranger,2.108871284010736,3.71964223963933,0.7310000000000003,1
2,15,100,8,1100,stranger,1.5738927128283449,3.71964223963933,0.6200000000000003,1
2,16,100,8,1100,stranger,1.5833206922366334,3.71964223963933,1.0040000000000007,1
2,17,100,8,1100,stranger,1.56380404138159,3.71964223963933,0.7400000000000004,1
2,18,100,8,1100,stranger,-0.8188633960196314,3.71964223963933,1.1280000000000008,2
2,19,100,8,1100,stranger,-2.2426149691310346,3.71964223963933,0.8080000000000005,2
2,20,100,8,1100,stranger,-0.19884243007186286,3.71964223963933,0.9610000000000005,1
2,21,100,8,1100,stranger,0.5042862019464893,3.71964223963933,0.8900000000000006,2
2,22,100,8,1100,stranger,2.528989385963538,3.71964223963933,0.6680000000000004,1
2,23,100,8,1100,stranger,2.3759193953110116,3.71964223963933,0.5830000000000003,1
2,24,100,8,1100,stranger,1.4717112030284123,3.71964223963933,1.0110000000000006,1
2,25,100,8,1100,stranger,0.24739650959715587,3.71964223963933,0.9420000000000006,1
2,26,100,8,1100,stranger,1.2015735415651014,3.71964223963933,1.0570000000000006,1
2,27,100,8,1100,stranger,1.9363059268591445,3.71964223963933,0.6100000000000003,1
2,28,100,8,1100,stranger,1.707560136594996,3.71964223963933,0.7920000000000005,1
2,29,100,8,1100,stranger,-1.157477028761038,3.71964223963933,0.9640000000000006,2
2,30,100,8,1100,stranger,2.9012854659844303,3.71964223963933,0.8580000000000005,1
2,31,100,8,1100,stranger,1.2782029679760871,3.71964223963933,0.6090000000000003,1
2,32,100,8,1100,stranger,0.35427466330762036,3.71964223963933,1.1950000000000007,2
2,33,100,8,1100,stranger,1.9667741056422945,3.71964223963933,0.7380000000000004,1
2,34,100,8,1100,stranger,2.2953605312639516,3.71964223963933,0.7030000000000003,1
2,35,100,8,1100,stranger,2.0698001604031715,3.71964223963933,0.7670000000000003,1
2,36,100,8,1100,stranger,1.509636382086908,3.71964223963933,0.6840000000000004,1
2,37,100,8,1100,stranger,0.07182473882067358,3.71964223963933,0.9240000000000006,2
2,38,100,8,1100,stranger,-1.0516406808138683,3.71964223963933,1.0010000000000006,2
2,39,100,8,1100,stranger,1.9635373042016735,3.71964223963933,0.5770000000000003,1
2,40,100,8,1100,stranger,1.384004069183003,3.71964223963933,0.7560000000000004,1
2,41,100,8,1100,stranger,-0.22967280003749735,3.71964223963933,0.5690000000000003,1
2,42,100,8,1100,stranger,0.9451247916110442,3.71964223963933,0.5760000000000003,1
2,43,100,8,1100,stranger,1.934935629121681,3.71964223963933,0.6800000000000004,1
2,44,100,8,1100,stranger,1.49777646598305,3.71964223963933,0.9730000000000005,1
2,45,100,8,1100,stranger,2.2712203959612918,3.71964223963933,0.6450000000000004,1
2,46,100,8,1100,stranger,1.699615215480127,3.71964223963933,0.7650000000000003,1
2,47,100,8,1100,stranger,0.6524401544520705,3.71964223963933,0.8060000000000005,1
2,48,100,8,1100,stranger,0.4132287578033705,3.71964223963933,1.1430000000000007,1
2,49,100,8,1100,stranger,1.4991329348605138,3.71964223963933,0.8730000000000004,1
2,50,100,8,1100,stranger,1.6831058630966236,3.71964223963933,0.5510000000000003,1
2,51,100,8,1100,stranger,1.8595508459703476,3.71964223963933,0.8310000000000004,1
2,52,100,8,1100,stranger,4.439130544924156,3.71964223963933,0.5330000000000003,1
2,53,100,8,1100,stranger,-0.2444689769694336,3.71964223963933,1.1430000000000007,2
2,54,100,8,1100,stranger,1.3510180108823135,3.71964223963933,0.7700000000000005,1
2,55,100,8,1100,stranger,1.6606875738019748,3.71964223963933,1.1200000000000008,1
2,56,100,8,1100,stranger,2.4281124791753252,3.71964223963933,0.7440000000000004,1
2,57,100,8,1100,stranger,0.8330755122427047,3.71964223963933,1.0630000000000006,1
2,58,100,8,1100,stranger,2.3692321381837544,3.71964223963933,0.9630000000000005,1
2,59,100,8,1100,stranger,0.3907105760301257,3.71964223963933,1.0290000000000006,1
2,60,100,8,1100,stranger,1.401439803798974,3.71964223963933,0.5950000000000003,1
2,61,100,8,1100,stranger,0.46069608256721256,3.71964223963933,0.7140000000000004,1
2,62,100,8,1100,stranger,-0.2103852568515705,3.71964223963933,0.6680000000000004,2
2,63,100,8,1100,stranger,2.043779269731429,3.71964223963933,0.6090000000000003,1
2,64,100,8,1100,stranger,0.4197389406294263,3.71964223963933,1.1610000000000007,1
2,65,100,8,1100,stranger,2.3518051771485036,3.71964223963933,1.0650000000000006,1
2,66,100,8,1100,stranger,0.18456839312497553,3.71964223963933,1.1630000000000007,1
2,67,100,8,1100,stranger,0.8910572368016355,3.71964223963933,0.5910000000000003,1
2,68,100,8,1100,stranger,2.0535355552383816,3.71964223963933,0.6230000000000003,1
2,69,100,8,1100,stranger,-0.8844765864155504,3.71964223963933,0.9430000000000005,2
2,70,100,8,1100,stranger,2.5815680056443826,3.71964223963933,0.8870000000000005,1
2,71,100,8,1100,stranger,0.7257301779496471,3.71964223963933,0.5220000000000002,1
2,72,100,8,1100,stranger,1.2834244499818266,3.71964223963933,0.9150000000000005,1
2,73,100,8,1100,stranger,1.6967192272973175,3.71964223963933,1.1830000000000007,1
2,74,100,8,1100,stranger,1.018167548146611,3.71964223963933,0.5860000000000003,1
2,75,100,8,1100,stranger,0.8708718695057494,3.71964223963933,0.9270000000000005,1
2,76,100,8,1100,stranger,0.9007679977224375,3.71964223963933,0.5950000000000003,1
2,77,100,8,1100,stranger,0.8968251549380714,3.71964223963933,0.6250000000000003,1
2,78,100,8,1100,stranger,1.9744111670328168,3.71964223963933,1.1240000000000008,1
2,79,100,8,1100,stranger,0.8070248869153621,3.71964223963933,1.1040000000000008,1
2,80,100,8,1100,stranger,0.6250410197313505,3.71964223963933,1.1120000000000008,1
2,81,100,8,1100,stranger,2.479768784518117,3.71964223963933,1.1250000000000007,1
2,82,100,8,1100,stranger,1.1841251699178934,3.71964223963933,0.7670000000000003,1
2,83,100,8,1100,stranger,1.1730884303185845,3.71964223963933,0.9710000000000005,1
2,84,100,8,1100,stranger,1.8548218444258757,3.71964223963933,1.0890000000000006,1
2,85,100,8,1100,stranger,1.5266594428828308,3.71964223963933,1.0110000000000006,1
2,86,100,8,1100,stranger,-0.004791346769702054,3.71964223963933,0.8820000000000006,2
2,87,100,8,1100,stranger,-1.6606063795318682,3.71964223963933,0.7790000000000004,2
2,88,100,8,1100,stranger,1.8637311023805048,3.71964223963933,0.9650000000000005,1
2,89,100,8,1100,stranger,0.872825410598915,3.71964223963933,0.9460000000000006,1
2,90,100,8,1100,stranger,2.582362519024091,3.71964223963933,0.5410000000000003,1
2,91,100,8,1100,stranger,1.4098643550406569,3.71964223963933,0.5110000000000002,1
2,92,100,8,1100,stranger,-0.4820494004764311,3.71964223963933,0.8140000000000005,2
2,93,100,8,1100,stranger,1.1877327316670456,3.71964223963933,0.8670000000000004,1
2,94,100,8,1100,stranger,2.271154895669111,3.71964223963933,0.9900000000000007,1
2,95,100,8,1100,stranger,2.1385234536715947,3.71964223963933,0.7950000000000004,1
2,96,100,8,1100,stranger,2.2294352519952145,3.71964223963933,0.7240000000000004,1
2,97,100,8,1100,stranger,2.382590845211123,3.71964223963933,1.1660000000000008,1
2,98,100,8,1100,stranger,2.4928244690590775,3.71964223963933,1.1710000000000007,1
2,99,100,8,1100,stranger,-1.18179815290951,3.71964223963933,0.9420000000000006,2
2,100,100,8,1100,stranger,1.2489159022349492,3.71964223963933,0.9560000000000006,1
2,101,100,8,1100,stranger,1.6948248113222828,3.71964223963933,1.1450000000000007,1
2,102,100,8,1100,stranger,0.3785634347492676,3.71964223963933,0.8340000000000005,1
2,103,100,8,1100,stranger,-1.7333610738592187,3.71964223963933,0.8810000000000004,2
2,104,100,8,1100,stranger,-2.793076404014546,3.71964223963933,0.9960000000000007,2
2,105,100,8,1100,stranger,-0.7420264338949691,3.71964223963933,1.1270000000000007,2
2,106,100,8,1100,stranger,0.5948909496651612,3.71964223963933,1.1780000000000008,2
2,107,100,8,1100,stranger,-1.096727475677817,3.71964223963933,0.6300000000000003,2
2,108,100,8,1100,stranger,-2.8938814816995433,3.71964223963933,0.8110000000000004,2
2,109,100,8,1100,stranger,1.1135435678876504,3.71964223963933,1.0540000000000007,1
2,110,100,8,1100,stranger,2.1230918563847543,3.71964223963933,0.9870000000000005,1
2,111,100,8,1100,stranger,2.0649055365136864,3.71964223963933,0.4720000000000002,1
2,112,100,8,1100,stranger,1.6969850535822153,3.71964223963933,0.8650000000000004,1
2,113,100,8,1100,stranger,1.7510450259955577,3.71964223963933,0.9330000000000005,1
2,114,100,8,1100,stranger,1.126459781952613,3.71964223963933,1.0730000000000006,1
2,115,100,8,1100,stranger,2.0060248675660692,3.71964223963933,0.5450000000000003,1
2,116,100,8,1100,stranger,0.48321168343886695,3.71964223963933,1.1740000000000008,2
2,117,100,8,1100,stranger,-2.5858658227099394,3.71964223963933,0.9390000000000005,2
2,118,100,8,1100,stranger,1.7547313203726782,3.71964223963933,0.6910000000000004,1
2,119,100,8,1100,stranger,1.538551839207481,3.71964223963933,1.0460000000000007,1
2,120,100,8,1100,stranger,1.230775643036476,3.71964223963933,0.8610000000000004,1
2,121,100,8,1100,stranger,1.1689942489971905,3.71964223963933,1.1210000000000007,1
2,122,100,8,1100,stranger,0.5827068950591763,3.71964223963933,0.8670000000000004,1
2,123,100,8,1100,stranger,0.48637438981868647,3.71964223963933,0.8840000000000006,1
2,124,100,8,1100,stranger,1.5195056992225189,3.71964223963933,0.5210000000000002,1
2,125,100,8,1100,stranger,-1.1213733153943948,3.71964223963933,1.1140000000000008,2
2,126,100,8,1100,stranger,1.778567620438063,3.71964223963933,0.9360000000000006,1
2,127,100,8,1100,stranger,1.6622452663379714,3.71964223963933,0.7430000000000003,1
2,128,100,8,1100,stranger,-0.6490221220419661,3.71964223963933,0.7490000000000003,2
2,129,100,8,1100,stranger,1.75837595719295,3.71964223963933,0.7950000000000004,1
2,130,100,8,1100,stranger,1.8787249977032003,3.71964223963933,0.5460000000000003,1
2,1,100,8,1100,self,1.4124494644057366,3.71964223963933,0.8370000000000004,1
2,2,100,8,1100,self,1.8374738919205584,3.71964223963933,0.9650000000000005,1
2,3,100,8,1100,self,4.611226431699441,3.71964223963933,0.3590000000000001,1
2,4,100,8,1100,self,2.9705324492021545,3.71964223963933,0.5670000000000003,1
2,5,100,8,1100,self,2.875905172192936,3.71964223963933,0.6530000000000004,1
2,6,100,8,1100,self,2.372387899874973,3.71964223963933,0.9970000000000006,1
2,7,100,8,1100,self,3.4506776196186886,3.71964223963933,0.6470000000000004,1
2,8,100,8,1100,self,2.3736754570269647,3.71964223963933,0.7910000000000004,1
2,9,100,8,1100,self,3.2723144911481703,3.71964223963933,0.6280000000000003,1
2,10,100,8,1100,self,2.8113349791579587,3.71964223963933,0.9110000000000005,1
2,11,100,8,1100,self,3.6313114760462955,3.71964223963933,0.4950000000000002,1
2,12,100,8,1100,self,3.9511701632117395,3.71964223963933,0.6300000000000003,1
2,13,100,8,1100,self,2.738142825251471,3.71964223963933,0.6390000000000003,1
2,14,100,8,1100,self,3.267809255649863,3.71964223963933,0.8740000000000006,1
2,15,100,8,1100,self,2.572201550663446,3.71964223963933,0.7370000000000003,1
2,16,100,8,1100,self,3.583610835960798,3.71964223963933,0.5470000000000003,1
2,17,100,8,1100,self,2.8987171121584603,3.71964223963933,0.9630000000000005,1
2,18,100,8,1100,self,3.488282471095233,3.71964223963933,0.9530000000000005,1
2,19,100,8,1100,self,2.357449955827513,3.71964223963933,0.6150000000000003,1
2,20,100,8,1100,self,2.0210100679340903,3.71964223963933,0.8650000000000004,1
2,21,100,8,1100,self,3.442884021547501,3.71964223963933,0.6510000000000004,1
2,22,100,8,1100,self,2.404858357227017,3.71964223963933,0.8850000000000005,1
2,23,100,8,1100,self,2.4752034577833077,3.71964223963933,0.5960000000000003,1
2,24,100,8,1100,self,2.438500771993283,3.71964223963933,0.7860000000000005,1
2,25,100,8,1100,self,2.8632753260446635,3.71964223963933,0.6340000000000003,1
2,26,100,8,1100,self,2.439504582370953,3.71964223963933,1.0680000000000007,1
2,27,100,8,1100,self,1.8198156843976683,3.71964223963933,1.1990000000000007,1
2,28,100,8,1100,self,3.9681824143529294,3.71964223963933,0.5990000000000003,1
2,29,100,8,1100,self,1.7315746524495421,3.71964223963933,0.9300000000000006,1
2,30,100,8,1100,self,2.5994301142999405,3.71964223963933,1.0050000000000006,1
2,31,100,8,1100,self,3.60810960206511,3.71964223963933,0.8720000000000006,1
2,32,100,8,1100,self,2.2502863346144544,3.71964223963933,0.8130000000000004,1
2,33,100,8,1100,self,2.3413790179541136,3.71964223963933,0.6010000000000003,1
2,34,100,8,1100,self,3.4552532742019118,3.71964223963933,0.8640000000000005,1
2,35,100,8,1100,self,1.4271004095632533,3.71964223963933,0.6210000000000003,1
2,36,100,8,1100,self,3.7161244645191154,3.71964223963933,0.7080000000000004,1
2,37,100,8,1100,self,2.6339924217834887,3.71964223963933,1.0580000000000007,1
2,38,100,8,1100,self,3.5419029917686813,3.71964223963933,0.5110000000000002,1
2,39,100,8,1100,self,2.293491746094888,3.71964223963933,1.0090000000000006,1
2,40,100,8,1100,self,2.4725210585207713,3.71964223963933,0.6420000000000003,1
2,41,100,8,1100,self,4.615851687655388,3.71964223963933,0.8700000000000006,1
2,42,100,8,1100,self,2.627467790299461,3.71964223963933,1.1150000000000007,1
2,43,100,8,1100,self,1.225530050668698,3.71964223963933,0.8660000000000005,1
2,44,100,8,1100,self,2.1127112375355517,3.71964223963933,1.0040000000000007,1
2,45,100,8,1100,self,1.3640210055723432,3.71964223963933,1.0760000000000007,1
2,46,100,8,1100,self,1.0872580592125025,3.71964223963933,0.7730000000000004,1
2,47,100,8,1100,self,3.37913262245345,3.71964223963933,0.5260000000000002,1
2,48,100,8,1100,self,2.608713226645967,3.71964223963933,0.6860000000000004,1
2,49,100,8,1100,self,2.560868633755999,3.71964223963933,0.7290000000000003,1
2,50,100,8,1100,self,3.176435954795916,3.71964223963933,0.6970000000000004,1
2,51,100,8,1100,self,2.4648614878928052,3.71964223963933,0.6510000000000004,1
2,52,100,8,1100,self,3.402560336949809,3.71964223963933,0.4830000000000002,1
2,53,100,8,1100,self,1.2154795904463593,3.71964223963933,0.7730000000000004,1
2,54,100,8,1100,self,3.3859027647372946,3.71964223963933,1.1060000000000008,1
2,55,100,8,1100,self,3.213606092900548,3.71964223963933,0.7610000000000003,1
2,56,100,8,1100,self,2.850879032394024,3.71964223963933,0.7380000000000004,1
2,57,100,8,1100,self,2.0687704725881355,3.71964223963933,0.6390000000000003,1
2,58,100,8,1100,self,3.2485657618795067,3.71964223963933,0.5360000000000003,1
2,59,100,8,1100,self,2.9899513980800565,3.71964223963933,0.5740000000000003,1
2,60,100,8,1100,self,1.236028139113453,3.71964223963933,0.9120000000000006,1
2,61,100,8,1100,self,2.334799235085555,3.71964223963933,1.0050000000000006,1
2,62,100,8,1100,self,2.914784443658374,3.71964223963933,0.6890000000000004,1
2,63,100,8,1100,self,2.3387606856533747,3.71964223963933,1.1590000000000007,1
2,64,100,8,1100,self,2.5638310163041873,3.71964223963933,0.8840000000000006,1
2,65,100,8,1100,self,3.3782843253527357,3.71964223963933,0.5710000000000003,1
2,66,100,8,1100,self,2.945480709239754,3.71964223963933,0.6350000000000003,1
2,67,100,8,1100,self,2.2678817787437633,3.71964223963933,0.8950000000000005,1
2,68,100,8,1100,self,1.0724187652688961,3.71964223963933,1.0570000000000006,1
2,69,100,8,1100,self,2.9054939457529585,3.71964223963933,0.6570000000000004,1
2,70,100,8,1100,self,2.7058814752483307,3.71964223963933,0.9920000000000007,1
2,71,100,8,1100,self,1.9461999224347108,3.71964223963933,0.7370000000000003,1
2,72,100,8,1100,self,0.4202567730565534,3.71964223963933,0.8720000000000006,2
2,73,100,8,1100,self,1.801884608342944,3.71964223963933,0.8370000000000004,1
2,74,100,8,1100,self,2.1408852333831208,3.71964223963933,1.1030000000000006,1
2,75,100,8,1100,self,2.065007673440795,3.71964223963933,0.5530000000000003,1
2,76,100,8,1100,self,3.929774329864242,3.71964223963933,0.9060000000000006,1
2,77,100,8,1100,self,2.3190826223566905,3.71964223963933,0.6040000000000003,1
2,78,100,8,1100,self,3.248229329785856,3.71964223963933,1.0960000000000008,1
2,79,100,8,1100,self,2.8310755147153834,3.71964223963933,0.9990000000000006,1
2,80,100,8,1100,self,2.9643494029865396,3.71964223963933,0.5250000000000002,1
2,81,100,8,1100,self,2.7391312059391306,3.71964223963933,0.5560000000000003,1
2,82,100,8,1100,self,2.0647515019872946,3.71964223963933,0.9300000000000006,1
2,83,100,8,1100,self,4.267695413078311,3.71964223963933,0.8380000000000005,1
2,84,100,8,1100,self,2.3890951004917365,3.71964223963933,1.0030000000000006,1
2,85,100,8,1100,self,2.4114382046784817,3.71964223963933,0.9360000000000006,1
2,86,100,8,1100,self,3.156934499922088,3.71964223963933,1.1010000000000006,1
2,87,100,8,1100,self,2.3537136703206154,3.71964223963933,0.6560000000000004,1
2,88,100,8,1100,self,3.365116794981727,3.71964223963933,0.43800000000000017,1
2,89,100,8,1100,self,1.5624500719198993,3.71964223963933,1.1240000000000008,1
2,90,100,8,1100,self,3.230218448619425,3.71964223963933,0.8770000000000004,1
2,91,100,8,1100,self,1.9318267723000648,3.71964223963933,0.6830000000000004,1
2,92,100,8,1100,self,1.6532319897526109,3.71964223963933,1.0270000000000006,1
2,93,100,8,1100,self,2.734793894449927,3.71964223963933,1.1950000000000007,1
2,94,100,8,1100,self,2.530264951097171,3.71964223963933,0.6270000000000003,1
2,95,100,8,1100,self,2.1286509253832095,3.71964223963933,0.8880000000000006,1
2,96,100,8,1100,self,1.820649875073041,3.71964223963933,1.1940000000000008,1
2,97,100,8,1100,self,3.2812001058268208,3.71964223963933,0.7530000000000003,1
2,98,100,8,1100,self,3.1526723647227666,3.71964223963933,0.4990000000000002,1
2,99,100,8,1100,self,2.5129508904666955,3.71964223963933,1.1170000000000007,1
2,100,100,8,1100,self,3.37730013058104,3.71964223963933,0.8130000000000004,1
2,101,100,8,1100,self,2.11874155415237,3.71964223963933,1.0200000000000007,1
2,102,100,8,1100,self,2.476336513219924,3.71964223963933,0.7640000000000005,1
2,103,100,8,1100,self,1.9844493508455439,3.71964223963933,1.1780000000000008,1
2,104,100,8,1100,self,4.520439855274814,3.71964223963933,0.5510000000000003,1
2,105,100,8,1100,self,1.8049015077115542,3.71964223963933,0.9660000000000006,1
2,106,100,8,1100,self,3.6194243395103953,3.71964223963933,0.9670000000000005,1
2,107,100,8,1100,self,2.649069008522206,3.71964223963933,0.8160000000000005,1
2,108,100,8,1100,self,2.092043784866035,3.71964223963933,1.1040000000000008,1
2,109,100,8,1100,self,1.8101010082988735,3.71964223963933,0.7620000000000005,1
2,110,100,8,1100,self,3.968599101353959,3.71964223963933,0.6890000000000004,1
2,111,100,8,1100,self,2.0731798826655683,3.71964223963933,0.8780000000000006,1
2,112,100,8,1100,self,2.799381059577453,3.71964223963933,1.1950000000000007,1
2,113,100,8,1100,self,2.1078267413737666,3.71964223963933,0.7330000000000003,1
2,114,100,8,1100,self,1.3663391755645566,3.71964223963933,1.0560000000000007,1
2,115,100,8,1100,self,1.4922723527807955,3.71964223963933,0.8550000000000004,1
2,116,100,8,1100,self,1.0773049421107732,3.71964223963933,0.9000000000000006,1
2,117,100,8,1100,self,2.930595490862835,3.71964223963933,0.5980000000000003,1
2,118,100,8,1100,self,1.5828912085058615,3.71964223963933,1.1650000000000007,1
2,119,100,8,1100,self,2.700006536916452,3.71964223963933,0.7240000000000004,1
2,120,100,8,1100,self,2.3584659717261296,3.71964223963933,0.9050000000000005,1
2,121,100,8,1100,self,0.9879823156423924,3.71964223963933,0.8660000000000005,1
2,122,100,8,1100,self,2.6675180840262223,3.71964223963933,1.1600000000000008,1
2,123,100,8,1100,self,1.8891416130388923,3.71964223963933,0.7510000000000003,1
2,124,100,8,1100,self,2.675889417151999,3.71964223963933,0.5770000000000003,1
2,125,100,8,1100,self,4.005034370597938,3.71964223963933,0.4750000000000002,1
2,126,100,8,1100,self,1.6502004824966319,3.71964223963933,0.5740000000000003,1
2,127,100,8,1100,self,3.0506107302390615,3.71964223963933,0.8000000000000005,1
2,128,100,8,1100,self,3.133119530854562,3.71964223963933,0.6710000000000004,1
2,129,100,8,1100,self,2.1779357605339844,3.71964223963933,0.8940000000000006,1
2,130,100,8,1100,self,2.6175989811720877,3.71964223963933,1.0640000000000007,1
3,1,100,8,1100,stranger,1.3612717033469641,3.29513126262491,0.7740000000000005,1
3,2,100,8,1100,stranger,2.6364880346581296,3.29513126262491,0.5030000000000002,1
3,3,100,8,1100,stranger,0.995585214761,3.29513126262491,1.0350000000000006,1
3,4,100,8,1100,stranger,1.5766598980649256,3.29513126262491,1.1620000000000008,1
3,5,100,8,1100,stranger,-0.22652135093254477,3.29513126262491,0.9870000000000005,2
3,6,100,8,1100,stranger,2.663633650425032,3.29513126262491,0.7350000000000003,1
3,7,100,8,1100,stranger,1.434169841155437,3.29513126262491,1.1070000000000007,1
3,8,100,8,1100,stranger,2.403874921318267,3.29513126262491,0.4690000000000002,1
3,9,100,8,1100,stranger,2.152815608754941,3.29513126262491,0.8360000000000005,1
3,10,100,8,1100,stranger,2.4290953975675995,3.29513126262491,0.9760000000000006,1
3,11,100,8,1100,stranger,0.4098110286576453,3.29513126262491,0.8240000000000005,1
3,12,100,8,1100,stranger,1.198727047389954,3.29513126262491,1.1210000000000007,1
3,13,100,8,1100,stranger,0.5740730731908633,3.29513126262491,0.6500000000000004,1
3,14,100,8,1100,stranger,0.23448752369969406,3.29513126262491,0.6410000000000003,1
3,15,100,8,1100,stranger,1.28133707768973,3.29513126262491,0.5050000000000002,1
3,16,100,8,1100,stranger,2.614663567988149,3.29513126262491,0.9130000000000005,1
3,17,100,8,1100,stranger,0.1271683049537416,3.29513126262491,0.8640000000000005,2
3,18,100,8,1100,stranger,-1.9758160786611434,3.29513126262491,0.8190000000000004,2
3,19,100,8,1100,stranger,2.051626822767885,3.29513126262491,0.7830000000000004,1
3,20,100,8,1100,stranger,1.3756652025285945,3.29513126262491,0.8110000000000004,1
3,21,100,8,1100,stranger,1.8629772095512758,3.29513126262491,0.7550000000000003,1
3,22,100,8,1100,stranger,1.2653148858678374,3.29513126262491,1.1230000000000007,1
3,23,100,8,1100,stranger,-0.7464476256470929,3.29513126262491,0.8730000000000004,2
3,24,100,8,1100,stranger,0.6483369623567289,3.29513126262491,1.0230000000000006,1
3,25,100,8,1100,stranger,1.0436723007021258,3.29513126262491,0.4660000000000002,1
3,26,100,8,1100,stranger,2.131881287343342,3.29513126262491,0.6890000000000004,1
3,27,100,8,1100,stranger,-0.4260945989455571,3.29513126262491,0.8860000000000006,2
3,28,100,8,1100,stranger,1.5620396762017634,3.29513126262491,1.0110000000000006,1
3,29,100,8,1100,stranger,0.979148291098827,3.29513126262491,0.8960000000000006,1
3,30,100,8,1100,stranger,0.0025718088249436777,3.29513126262491,0.5380000000000003,2
3,31,100,8,1100,stranger,-1.8600314436161165,3.29513126262491,1.1580000000000008,2
3,32,100,8,1100,stranger,1.6671175573549593,3.29513126262491,1.0060000000000007,1
3,33,100,8,1100,stranger,0.3164561353405062,3.29513126262491,0.9370000000000005,2
3,34,100,8,1100,stranger,3.441204155395188,3.29513126262491,0.6170000000000003,1
3,35,100,8,1100,stranger,0.5075958762864347,3.29513126262491,0.7380000000000004,2
3,36,100,8,1100,stranger,1.4965739664990672,3.29513126262491,0.7430000000000003,1
3,37,100,8,1100,stranger,1.122000275049639,3.29513126262491,0.8580000000000005,1
3,38,100,8,1100,stranger,0.6862040953184547,3.29513126262491,1.1420000000000008,1
3,39,100,8,1100,stranger,-0.8720019010945881,3.29513126262491,0.9200000000000006,2
3,40,100,8,1100,stranger,2.1787241709205913,3.29513126262491,0.7930000000000004,1
3,41,100,8,1100,stranger,1.1824836653273545,3.29513126262491,1.0190000000000006,1
3,42,100,8,1100,stranger,1.3900960233659352,3.29513126262491,1.1630000000000007,1
3,43,100,8,1100,stranger,1.1044209472680526,3.29513126262491,0.5470000000000003,1
3,44,100,8,1100,stranger,-1.5493233705604053,3.29513126262491,1.1910000000000007,2
3,45,100,8,1100,stranger,2.0709056541301623,3.29513126262491,0.7950000000000004,1
3,46,100,8,1100,stranger,0.35342910755836165,3.29513126262491,0.9070000000000005,1
3,47,100,8,1100,stranger,1.8910283900212788,3.29513126262491,0.8410000000000004,1
3,48,100,8,1100,stranger,-0.5547255934618069,3.29513126262491,1.1360000000000008,2
3,49,100,8,1100,stranger,-0.8782565676784635,3.29513126262491,0.7900000000000005,2
3,50,100,8,1100,stranger,0.4088296335661231,3.29513126262491,0.9330000000000005,1
3,51,100,8,1100,stranger,2.257469978231736,3.29513126262491,0.9210000000000005,1
3,52,100,8,1100,stranger,2.043641042585735,3.29513126262491,0.5660000000000003,1
3,53,100,8,1100,stranger,1.16287159615976,3.29513126262491,0.8370000000000004,1
3,54,100,8,1100,stranger,0.3457961619318327,3.29513126262491,0.8810000000000004,2
3,55,100,8,1100,stranger,2.036510346925408,3.29513126262491,0.7830000000000004,1
3,56,100,8,1100,stranger,1.0772837532370985,3.29513126262491,1.0940000000000007,1
3,57,100,8,1100,stranger,-1.2612433977675999,3.29513126262491,0.8510000000000004,2
3,58,100,8,1100,stranger,2.5304955537550065,3.29513126262491,0.5440000000000003,1
3,59,100,8,1100,stranger,1.538263651068346,3.29513126262491,0.4990000000000002,1
3,60,100,8,1100,stranger,0.4478928957802389,3.29513126262491,0.8790000000000004,1
3,61,100,8,1100,stranger,0.409522459370006,3.29513126262491,1.0760000000000007,1
3,62,100,8,1100,stranger,-0.6668751062313172,3.29513126262491,1.1680000000000008,2
3,63,100,8,1100,stranger,0.35033577011336253,3.29513126262491,0.9010000000000005,1
3,64,100,8,1100,stranger,0.03069186440460292,3.29513126262491,0.9860000000000007,2
3,65,100,8,1100,stranger,0.07653108047834911,3.29513126262491,1.0930000000000006,1
3,66,100,8,1100,stranger,1.4438832238129233,3.29513126262491,1.0840000000000007,1
3,67,100,8,1100,stranger,1.6198186599283473,3.29513126262491,0.7900000000000005,1
3,68,100,8,1100,stranger,2.030974005470986,3.29513126262491,0.7610000000000003,1
3,69,100,8,1100,stranger,2.546398312968611,3.29513126262491,1.0860000000000007,1
3,70,100,8,1100,stranger,0.06609884665606908,3.29513126262491,0.6120000000000003,1
3,71,100,8,1100,stranger,-0.5072613831084363,3.29513126262491,0.5090000000000002,2
3,72,100,8,1100,stranger,2.2101372263528463,3.29513126262491,0.9240000000000006,1
3,73,100,8,1100,stranger,-1.716282887142496,3.29513126262491,1.1140000000000008,2
3,74,100,8,1100,stranger,2.0050995549041057,3.29513126262491,0.8050000000000004,1
3,75,100,8,1100,stranger,1.5927297964319655,3.29513126262491,0.9420000000000006,1
3,76,100,8,1100,stranger,1.9053760521017389,3.29513126262491,1.0740000000000007,1
3,77,100,8,1100,stranger,1.491999958062909,3.29513126262491,0.8480000000000005,1
3,78,100,8,1100,stranger,1.1501631363043883,3.29513126262491,0.6330000000000003,1
3,79,100,8,1100,stranger,1.659585119995021,3.29513126262491,0.8900000000000006,1
3,80,100,8,1100,stranger,0.854601954858303,3.29513126262491,0.9930000000000005,1
3,81,100,8,1100,stranger,-1.5178215913246969,3.29513126262491,0.7010000000000003,2
3,82,100,8,1100,stranger,1.4468372999584824,3.29513126262491,0.7620000000000005,1
3,83,100,8,1100,stranger,1.0771293484110487,3.29513126262491,0.7470000000000003,1
3,84,100,8,1100,stranger,1.2830876718042594,3.29513126262491,0.8380000000000005,1
3,85,100,8,1100,stranger,2.5610016585074264,3.29513126262491,1.0890000000000006,1
3,86,100,8,1100,stranger,0.1950131624579542,3.29513126262491,0.9600000000000006,1
3,87,100,8,1100,stranger,2.039103014513143,3.29513126262491,0.5810000000000003,1
3,88,100,8,1100,stranger,1.144681994650891,3.29513126262491,0.6070000000000003,1
3,89,100,8,1100,stranger,0.03175801262392297,3.29513126262491,0.8880000000000006,2
3,90,100,8,1100,stranger,1.5719168029775312,3.29513126262491,0.9180000000000006,1
3,91,100,8,1100,stranger,2.057018158680525,3.29513126262491,0.7170000000000003,1
3,92,100,8,1100,stranger,2.042992071625145,3.29513126262491,0.5260000000000002,1
3,93,100,8,1100,stranger,0.7159527373109396,3.29513126262491,0.5180000000000002,1
3,94,100,8,1100,stranger,1.530846738057781,3.29513126262491,0.9540000000000006,1
3,95,100,8,1100,stranger,0.6574203602748354,3.29513126262491,0.6590000000000004,1
3,96,100,8,1100,stranger,1.4931082828233744,3.29513126262491,0.9400000000000006,1
3,97,100,8,1100,stranger,0.958616351493846,3.29513126262491,1.1390000000000007,1
3,98,100,8,1100,stranger,2.58541462924483,3.29513126262491,0.9660000000000006,1
3,99,100,8,1100,stranger,0.6335835694874655,3.29513126262491,0.5160000000000002,1
3,100,100,8,1100,stranger,1.7913072948159376,3.29513126262491,0.9450000000000005,1
3,101,100,8,1100,stranger,0.40431686431661173,3.29513126262491,1.0840000000000007,1
3,102,100,8,1100,stranger,3.258242570804388,3.29513126262491,0.5810000000000003,1
3,103,100,8,1100,stranger,1.738848650326891,3.29513126262491,1.1290000000000007,1
3,104,100,8,1100,stranger,0.4967610608418148,3.29513126262491,0.8470000000000004,1
3,105,100,8,1100,stranger,1.3152340825547808,3.29513126262491,1.0540000000000007,1
3,106,100,8,1100,stranger,0.5181716973050841,3.29513126262491,0.6580000000000004,1
3,107,100,8,1100,stranger,2.8467394064081826,3.29513126262491,1.1620000000000008,1
3,108,100,8,1100,stranger,2.715175215202235,3.29513126262491,0.8460000000000005,1
3,109,100,8,1100,stranger,1.4710860287432381,3.29513126262491,0.9590000000000005,1
3,110,100,8,1100,stranger,-0.3886503245011219,3.29513126262491,0.9810000000000005,2
3,111,100,8,1100,stranger,-0.3290653351151107,3.29513126262491,0.7890000000000004,2
3,112,100,8,1100,stranger,0.9071777829691695,3.29513126262491,1.1240000000000008,1
3,113,100,8,1100,stranger,-0.014838999028124689,3.29513126262491,0.9650000000000005,1
3,114,100,8,1100,stranger,2.643082046606762,3.29513126262491,0.7040000000000004,1
3,115,100,8,1100,stranger,1.3187694295820886,3.29513126262491,1.1850000000000007,1
3,116,100,8,1100,stranger,2.2649638412514177,3.29513126262491,0.5880000000000003,1
3,117,100,8,1100,stranger,1.2963742445400892,3.29513126262491,1.0610000000000006,1
3,118,100,8,1100,stranger,1.1991665935881182,3.29513126262491,1.1130000000000007,1
3,119,100,8,1100,stranger,0.5543252691233602,3.29513126262491,1.0920000000000007,1
3,120,100,8,1100,stranger,1.938671122475352,3.29513126262491,0.8030000000000004,1
3,121,100,8,1100,stranger,0.5226326446160594,3.29513126262491,0.6990000000000004,1
3,122,100,8,1100,stranger,-1.5104732008023438,3.29513126262491,1.1810000000000007,2
3,123,100,8,1100,stranger,1.720386886095217,3.29513126262491,0.9330000000000005,1
3,124,100,8,1100,stranger,1.5826052510250126,3.29513126262491,0.7230000000000003,1
3,125,100,8,1100,stranger,0.943660220139261,3.29513126262491,0.7400000000000004,1
3,126,100,8,1100,stranger,-1.3932614742940006,3.29513126262491,1.1690000000000007,2
3,127,100,8,1100,stranger,2.039209266928502,3.29513126262491,0.6490000000000004,1
3,128,100,8,1100,stranger,1.153454491389219,3.29513126262491,0.7010000000000003,1
3,129,100,8,1100,stranger,-1.723660226891568,3.29513126262491,0.8810000000000004,2
3,130,100,8,1100,stranger,0.622297570326253,3.29513126262491,0.7610000000000003,1
3,1,100,8,1100,self,3.559816851332099,3.29513126262491,0.6460000000000004,1
3,2,100,8,1100,self,3.037890285397395,3.29513126262491,1.0080000000000007,1
3,3,100,8,1100,self,2.5375670640508017,3.29513126262491,0.6920000000000004,1
3,4,100,8,1100,self,1.3166623261737223,3.29513126262491,1.1130000000000007,1
3,5,100,8,1100,self,4.479127439205435,3.29513126262491,0.5580000000000003,1
3,6,100,8,1100,self,3.889962781871556,3.29513126262491,0.4700000000000002,1
3,7,100,8,1100,self,2.875260033093347,3.29513126262491,0.6740000000000004,1
3,8,100,8,1100,self,1.8529143949201288,3.29513126262491,0.8800000000000006,1
3,9,100,8,1100,self,3.490838076689842,3.29513126262491,0.3870000000000001,1
3,10,100,8,1100,self,3.5840866096478488,3.29513126262491,0.8850000000000005,1
3,11,100,8,1100,self,3.077394456870514,3.29513126262491,0.4590000000000002,1
3,12,100,8,1100,self,1.13393910998641,3.29513126262491,1.1410000000000007,1
3,13,100,8,1100,self,3.7837499601713933,3.29513126262491,0.9480000000000006,1
3,14,100,8,1100,self,2.3922591040904266,3.29513126262491,1.1010000000000006,1
3,15,100,8,1100,self,2.039104358948389,3.29513126262491,1.0800000000000007,1
3,16,100,8,1100,self,2.278569112226564,3.29513126262491,0.9680000000000006,1
3,17,100,8,1100,self,1.9020040467468258,3.29513126262491,0.6330000000000003,1
3,18,100,8,1100,self,3.2063369827790895,3.29513126262491,0.5810000000000003,1
3,19,100,8,1100,self,1.3592795388806693,3.29513126262491,1.0480000000000007,1
3,20,100,8,1100,self,2.1529897466385064,3.29513126262491,0.7220000000000004,1
3,21,100,8,1100,self,2.3067850194078363,3.29513126262491,0.5340000000000003,1
3,22,100,8,1100,self,2.098811235637874,3.29513126262491,0.5480000000000003,1
3,23,100,8,1100,self,3.40080978073187,3.29513126262491,0.7790000000000004,1
3,24,100,8,1100,self,1.9765721431409393,3.29513126262491,0.9510000000000005,1
3,25,100,8,1100,self,3.4835894609688154,3.29513126262491,0.6230000000000003,1
3,26,100,8,1100,self,1.2689812715364144,3.29513126262491,0.9720000000000006,1
3,27,100,8,1100,self,1.7561287124993052,3.29513126262491,1.1440000000000008,1
3,28,100,8,1100,self,3.091500661979066,3.29513126262491,0.6040000000000003,1
3,29,100,8,1100,self,3.4370919063647367,3.29513126262491,0.4530000000000002,1
3,30,100,8,1100,self,2.7560962624142498,3.29513126262491,0.5000000000000002,1
3,31,100,8,1100,self,2.708374669950256,3.29513126262491,1.0870000000000006,1
3,32,100,8,1100,self,3.6840307442581945,3.29513126262491,0.4500000000000002,1
3,33,100,8,1100,self,2.968224637209664,3.29513126262491,0.6250000000000003,1
3,34,100,8,1100,self,3.064017884660595,3.29513126262491,0.6340000000000003,1
3,35,100,8,1100,self,1.6223167237739249,3.29513126262491,0.6950000000000004,1
3,36,100,8,1100,self,4.286900722334698,3.29513126262491,0.7660000000000005,1
3,37,100,8,1100,self,3.384605744850834,3.29513126262491,0.8020000000000005,1
3,38,100,8,1100,self,2.219165438343187,3.29513126262491,1.0090000000000006,1
3,39,100,8,1100,self,3.3822438959574725,3.29513126262491,0.6260000000000003,1
3,40,100,8,1100,self,1.8535219509996383,3.29513126262491,0.9810000000000005,1
3,41,100,8,1100,self,2.3321752917637606,3.29513126262491,0.7140000000000004,1
3,42,100,8,1100,self,3.5892370412903007,3.29513126262491,0.7760000000000005,1
3,43,100,8,1100,self,2.5470957960857623,3.29513126262491,1.1130000000000007,1
3,44,100,8,1100,self,3.0923662157396814,3.29513126262491,0.6170000000000003,1
3,45,100,8,1100,self,2.4730357978472206,3.29513126262491,0.7370000000000003,1
3,46,100,8,1100,self,3.4908579239692656,3.29513126262491,1.0130000000000006,1
3,47,100,8,1100,self,2.4838912660376544,3.29513126262491,0.6640000000000004,1
3,48,100,8,1100,self,1.5215804099515031,3.29513126262491,0.6560000000000004,1
3,49,100,8,1100,self,2.841686044418267,3.29513126262491,1.1620000000000008,1
3,50,100,8,1100,self,1.7304877026780394,3.29513126262491,0.7040000000000004,1
3,51,100,8,1100,self,2.7405464436325984,3.29513126262491,1.0650000000000006,1
3,52,100,8,1100,self,2.3816540234181782,3.29513126262491,1.0670000000000006,1
3,53,100,8,1100,self,3.0569199907888684,3.29513126262491,0.5110000000000002,1
3,54,100,8,1100,self,3.0046445450540635,3.29513126262491,0.6920000000000004,1
3,55,100,8,1100,self,2.713726743707619,3.29513126262491,0.6880000000000004,1
3,56,100,8,1100,self,3.100720680524426,3.29513126262491,0.5250000000000002,1
3,57,100,8,1100,self,1.7780554428592903,3.29513126262491,0.7950000000000004,1
3,58,100,8,1100,self,2.484664539157826,3.29513126262491,0.41800000000000015,1
3,59,100,8,1100,self,3.3035980325612497,3.29513126262491,0.7860000000000005,1
3,60,100,8,1100,self,1.3109538280919124,3.29513126262491,0.4660000000000002,1
3,61,100,8,1100,self,2.2984932541036183,3.29513126262491,1.0450000000000006,1
3,62,100,8,1100,self,2.155206908929133,3.29513126262491,1.0780000000000007,1
3,63,100,8,1100,self,1.4603515145002786,3.29513126262491,0.9880000000000007,1
3,64,100,8,1100,self,3.2620826451212777,3.29513126262491,0.39500000000000013,1
3,65,100,8,1100,self,3.940689084503573,3.29513126262491,0.6220000000000003,1
3,66,100,8,1100,self,3.096446717885277,3.29513126262491,0.9630000000000005,1
3,67,100,8,1100,self,1.797879507173683,3.29513126262491,0.7110000000000003,1
3,68,100,8,1100,self,2.2090886448872973,3.29513126262491,0.9030000000000005,1
3,69,100,8,1100,self,3.0116323293429326,3.29513126262491,1.0800000000000007,1
3,70,100,8,1100,self,2.134273454756985,3.29513126262491,0.5140000000000002,1
3,71,100,8,1100,self,2.3034041996096217,3.29513126262491,0.8780000000000006,1
3,72,100,8,1100,self,1.7760715299176981,3.29513126262491,0.7770000000000004,1
3,73,100,8,1100,self,2.20563309049384,3.29513126262491,0.4740000000000002,1
3,74,100,8,1100,self,2.1428092685019395,3.29513126262491,0.8480000000000005,1
3,75,100,8,1100,self,3.148022884889022,3.29513126262491,0.5270000000000002,1
3,76,100,8,1100,self,1.881454341564584,3.29513126262491,1.0530000000000006,1
3,77,100,8,1100,self,2.884759451919211,3.29513126262491,1.0920000000000007,1
3,78,100,8,1100,self,2.817249913816791,3.29513126262491,0.7370000000000003,1
3,79,100,8,1100,self,3.0924900569860925,3.29513126262491,0.4450000000000002,1
3,80,100,8,1100,self,2.4426444254425017,3.29513126262491,0.6800000000000004,1
3,81,100,8,1100,self,2.7510583788358223,3.29513126262491,0.6570000000000004,1
3,82,100,8,1100,self,2.9609650601366644,3.29513126262491,0.6280000000000003,1
3,83,100,8,1100,self,1.3031954542025732,3.29513126262491,0.6320000000000003,1
3,84,100,8,1100,self,1.9690370036212181,3.29513126262491,0.8540000000000005,1
3,85,100,8,1100,self,3.548643407183174,3.29513126262491,0.7680000000000005,1
3,86,100,8,1100,self,2.799729532127824,3.29513126262491,0.5760000000000003,1
3,87,100,8,1100,self,2.9785501300290007,3.29513126262491,0.8160000000000005,1
3,88,100,8,1100,self,2.3642596949674473,3.29513126262491,0.4870000000000002,1
3,89,100,8,1100,self,2.5527737291033747,3.29513126262491,0.7050000000000003,1
3,90,100,8,1100,self,2.7022420275067645,3.29513126262491,0.6670000000000004,1
3,91,100,8,1100,self,2.2630481566518674,3.29513126262491,0.5090000000000002,1
3,92,100,8,1100,self,2.8873590531916697,3.29513126262491,0.7360000000000004,1
3,93,100,8,1100,self,3.7591181380963743,3.29513126262491,0.4480000000000002,1
3,94,100,8,1100,self,1.9990271358853886,3.29513126262491,0.6960000000000004,1
3,95,100,8,1100,self,2.4028980254147436,3.29513126262491,0.9400000000000006,1
3,96,100,8,1100,self,1.9458034450046577,3.29513126262491,0.9730000000000005,1
3,97,100,8,1100,self,1.2983472555573987,3.29513126262491,0.9700000000000006,1
3,98,100,8,1100,self,1.5186357792076712,3.29513126262491,1.0150000000000006,1
3,99,100,8,1100,self,1.2834439407938547,3.29513126262491,0.8390000000000004,1
3,100,100,8,1100,self,3.271977578197604,3.29513126262491,0.6730000000000004,1
3,101,100,8,1100,self,0.963830881390525,3.29513126262491,0.8020000000000005,2
3,102,100,8,1100,self,4.005037243294472,3.29513126262491,1.0570000000000006,1
3,103,100,8,1100,self,2.9882320264690456,3.29513126262491,0.43700000000000017,1
3,104,100,8,1100,self,3.000549369089133,3.29513126262491,0.4880000000000002,1
3,105,100,8,1100,self,2.9866808017468216,3.29513126262491,0.8370000000000004,1
3,106,100,8,1100,self,1.6115302673656178,3.29513126262491,0.8710000000000004,1
3,107,100,8,1100,self,2.8817736925825064,3.29513126262491,0.6880000000000004,1
3,108,100,8,1100,self,2.5775541979074807,3.29513126262491,1.0090000000000006,1
3,109,100,8,1100,self,3.749592259498213,3.29513126262491,0.7460000000000004,1
3,110,100,8,1100,self,2.5553653718462055,3.29513126262491,0.7210000000000003,1
3,111,100,8,1100,self,2.4946684215109545,3.29513126262491,0.7500000000000004,1
3,112,100,8,1100,self,2.3925029713376893,3.29513126262491,0.9720000000000006,1
3,113,100,8,1100,self,2.025961258462108,3.29513126262491,1.0680000000000007,1
3,114,100,8,1100,self,2.073826929438165,3.29513126262491,1.1290000000000007,1
3,115,100,8,1100,self,3.39506116131191,3.29513126262491,0.6210000000000003,1
3,116,100,8,1100,self,2.5900479905936242,3.29513126262491,0.9100000000000006,1
3,117,100,8,1100,self,1.820151426656283,3.29513126262491,1.0610000000000006,1
3,118,100,8,1100,self,1.7110509588590521,3.29513126262491,0.9400000000000006,1
3,119,100,8,1100,self,1.701837766189871,3.29513126262491,0.4930000000000002,1
3,120,100,8,1100,self,2.0272863666042187,3.29513126262491,0.8250000000000004,1
3,121,100,8,1100,self,2.3807242340314887,3.29513126262491,0.5940000000000003,1
3,122,100,8,1100,self,2.1552668697378405,3.29513126262491,0.9890000000000005,1
3,123,100,8,1100,self,4.019681107662482,3.29513126262491,0.6730000000000004,1
3,124,100,8,1100,self,1.8539024360171203,3.29513126262491,0.9870000000000005,1
3,125,100,8,1100,self,2.146803617306803,3.29513126262491,1.1150000000000007,1
3,126,100,8,1100,self,1.788999864571426,3.29513126262491,0.6430000000000003,1
3,127,100,8,1100,self,2.7168588488947467,3.29513126262491,0.4810000000000002,1
3,128,100,8,1100,self,2.728209185114718,3.29513126262491,0.5490000000000003,1
3,129,100,8,1100,self,3.359949495878501,3.29513126262491,0.4540000000000002,1
3,130,100,8,1100,self,1.749784488842883,3.29513126262491,0.8520000000000005,1
4,1,100,8,1100,stranger,0.604320676944518,3.342904702631167,1.0170000000000006,1
4,2,100,8,1100,stranger,0.8515197902289986,3.342904702631167,1.0820000000000007,1
4,3,100,8,1100,stranger,0.99108893716976,3.342904702631167,0.8920000000000006,1
4,4,100,8,1100,stranger,1.4353554167578277,3.342904702631167,0.8090000000000004,1
4,5,100,8,1100,stranger,2.900199806099428,3.342904702631167,0.6200000000000003,1
4,6,100,8,1100,stranger,2.743268230367574,3.342904702631167,0.9780000000000006,1
4,7,100,8,1100,stranger,0.5530561572781512,3.342904702631167,0.5210000000000002,1
4,8,100,8,1100,stranger,-0.9606049934364473,3.342904702631167,0.5400000000000003,2
4,9,100,8,1100,stranger,1.4809038855383916,3.342904702631167,0.9610000000000005,1
4,10,100,8,1100,stranger,0.18785137029277,3.342904702631167,0.9630000000000005,1
4,11,100,8,1100,stranger,1.6441815564488913,3.342904702631167,0.8180000000000005,1
4,12,100,8,1100,stranger,1.0889741089272669,3.342904702631167,1.1520000000000008,1
4,13,100,8,1100,stranger,0.9758498632517115,3.342904702631167,0.5160000000000002,1
4,14,100,8,1100,stranger,0.4109464774574757,3.342904702631167,0.7840000000000005,2
4,15,100,8,1100,stranger,1.0978795025513288,3.342904702631167,0.5540000000000003,1
4,16,100,8,1100,stranger,1.115908350253582,3.342904702631167,1.0980000000000008,1
4,17,100,8,1100,stranger,3.2945016887779532,3.342904702631167,0.6640000000000004,1
4,18,100,8,1100,stranger,2.0873132110441954,3.342904702631167,0.5300000000000002,1
4,19,100,8,1100,stranger,2.4226228646796244,3.342904702631167,0.9150000000000005,1
4,20,100,8,1100,stranger,0.6679301236259483,3.342904702631167,1.1700000000000008,1
4,21,100,8,1100,stranger,0.8638522552292337,3.342904702631167,0.9950000000000006,1
4,22,100,8,1100,stranger,-0.9654723318551717,3.342904702631167,1.1790000000000007,2
4,23,100,8,1100,stranger,0.9275760707495897,3.342904702631167,0.9440000000000006,1
4,24,100,8,1100,stranger,0.5567692066075576,3.342904702631167,0.9380000000000006,1
4,25,100,8,1100,stranger,2.4059044234159703,3.342904702631167,0.8140000000000005,1
4,26,100,8,1100,stranger,-0.03982063840580086,3.342904702631167,1.1540000000000008,1
4,27,100,8,1100,stranger,1.5958722976413977,3.342904702631167,0.5210000000000002,1
4,28,100,8,1100,stranger,1.9849440892845664,3.342904702631167,0.6260000000000003,1
4,29,100,8,1100,stranger,2.1286791470049193,3.342904702631167,0.8020000000000005,1
4,30,100,8,1100,stranger,1.1924488571126048,3.342904702631167,0.7660000000000005,1
4,31,100,8,1100,stranger,0.11991920130153744,3.342904702631167,1.1450000000000007,2
4,32,100,8,1100,stranger,0.6584004435948074,3.342904702631167,0.8980000000000006,1
4,33,100,8,1100,stranger,1.8330820704275352,3.342904702631167,1.1650000000000007,1
4,34,100,8,1100,stranger,2.0928809899216523,3.342904702631167,0.7760000000000005,1
4,35,100,8,1100,stranger,2.4052813840922043,3.342904702631167,1.0330000000000006,1
4,36,100,8,1100,stranger,0.6365147461133778,3.342904702631167,0.4730000000000002,1
4,37,100,8,1100,stranger,-2.573175222034517,3.342904702631167,1.0860000000000007,2
4,38,100,8,1100,stranger,1.722446663870625,3.342904702631167,0.7910000000000004,1
4,39,100,8,1100,stranger,0.78682181841894,3.342904702631167,0.8120000000000005,1
4,40,100,8,1100,stranger,0.7246559172941491,3.342904702631167,0.9410000000000005,1
4,41,100,8,1100,stranger,1.9738349814629985,3.342904702631167,0.5650000000000003,1
4,42,100,8,1100,stranger,1.1780126854886483,3.342904702631167,1.1260000000000008,1
4,43,100,8,1100,stranger,1.3288811188016014,3.342904702631167,0.8510000000000004,1
4,44,100,8,1100,stranger,1.252777226534555,3.342904702631167,1.1130000000000007,1
4,45,100,8,1100,stranger,0.2657221468310055,3.342904702631167,0.8610000000000004,1
4,46,100,8,1100,stranger,1.4036548608981079,3.342904702631167,0.7880000000000005,1
4,47,100,8,1100,stranger,1.1820491937804132,3.342904702631167,0.9610000000000005,1
4,48,100,8,1100,stranger,0.08410883106688333,3.342904702631167,0.6810000000000004,1
4,49,100,8,1100,stranger,1.1447749540190335,3.342904702631167,0.8490000000000004,1
4,50,100,8,1100,stranger,3.0099336570709707,3.342904702631167,0.7490000000000003,1
4,51,100,8,1100,stranger,1.1723562371188425,3.342904702631167,0.5910000000000003,1
4,52,100,8,1100,stranger,0.6561562309098767,3.342904702631167,1.0590000000000006,1
4,53,100,8,1100,stranger,1.5162666184384177,3.342904702631167,0.9520000000000006,1
4,54,100,8,1100,stranger,-0.8333417181193268,3.342904702631167,0.9400000000000006,2
4,55,100,8,1100,stranger,1.5628282798885402,3.342904702631167,1.0730000000000006,1
4,56,100,8,1100,stranger,0.8599806943103357,3.342904702631167,0.8450000000000004,1
4,57,100,8,1100,stranger,1.500599030460155,3.342904702631167,0.8140000000000005,1
4,58,100,8,1100,stranger,0.6743414569125081,3.342904702631167,0.7790000000000004,1
4,59,100,8,1100,stranger,-1.39119194289892,3.342904702631167,0.7610000000000003,2
4,60,100,8,1100,stranger,1.1372517237503588,3.342904702631167,1.1870000000000007,1
4,61,100,8,1100,stranger,-0.4493138631421014,3.342904702631167,0.4440000000000002,2
4,62,100,8,1100,stranger,1.5166291672633458,3.342904702631167,0.7360000000000004,1
4,63,100,8,1100,stranger,0.723432851481877,3.342904702631167,1.0560000000000007,1
4,64,100,8,1100,stranger,-0.9788860424104993,3.342904702631167,0.6810000000000004,2
4,65,100,8,1100,stranger,1.0635712763871097,3.342904702631167,0.6640000000000004,1
4,66,100,8,1100,stranger,1.850553889072083,3.342904702631167,1.1790000000000007,1
4,67,100,8,1100,stranger,2.8955989213626507,3.342904702631167,0.7250000000000003,1
4,68,100,8,1100,stranger,1.4173657790319933,3.342904702631167,1.0220000000000007,1
4,69,100,8,1100,stranger,1.8831108808811312,3.342904702631167,0.6170000000000003,1
4,70,100,8,1100,stranger,1.3942949080152873,3.342904702631167,1.0300000000000007,1
4,71,100,8,1100,stranger,1.9397418456817315,3.342904702631167,0.7920000000000005,1
4,72,100,8,1100,stranger,-0.4006602444612646,3.342904702631167,0.8980000000000006,1
4,73,100,8,1100,stranger,1.422184491176608,3.342904702631167,0.9720000000000006,1
4,74,100,8,1100,stranger,1.0527709599923718,3.342904702631167,0.8320000000000005,1
4,75,100,8,1100,stranger,-0.5843177135215802,3.342904702631167,0.6920000000000004,2
4,76,100,8,1100,stranger,0.4406507494637049,3.342904702631167,1.0540000000000007,1
4,77,100,8,1100,stranger,1.4169086417102221,3.342904702631167,0.6920000000000004,1
4,78,100,8,1100,stranger,1.3924773444871348,3.342904702631167,0.9000000000000006,1
4,79,100,8,1100,stranger,0.011330850381922275,3.342904702631167,1.0660000000000007,2
4,80,100,8,1100,stranger,1.8137429104638532,3.342904702631167,0.5620000000000003,1
4,81,100,8,1100,stranger,0.726652846828516,3.342904702631167,1.0880000000000007,1
4,82,100,8,1100,stranger,0.659724713213902,3.342904702631167,0.6220000000000003,1
4,83,100,8,1100,stranger,1.0396390259517494,3.342904702631167,0.8730000000000004,1
4,84,100,8,1100,stranger,-1.4394722533529185,3.342904702631167,1.0330000000000006,2
4,85,100,8,1100,stranger,0.11706102637596677,3.342904702631167,1.1200000000000008,1
4,86,100,8,1100,stranger,1.3532574327064797,3.342904702631167,0.42900000000000016,1
4,87,100,8,1100,stranger,-0.20380996725098532,3.342904702631167,0.6650000000000004,2
4,88,100,8,1100,stranger,1.3892902165343983,3.342904702631167,0.7610000000000003,2
4,89,100,8,1100,stranger,2.3780001679910576,3.342904702631167,1.0800000000000007,1
4,90,100,8,1100,stranger,0.05826904146337647,3.342904702631167,1.1460000000000008,1
4,91,100,8,1100,stranger,2.4049265960096418,3.342904702631167,0.9070000000000005,1
4,92,100,8,1100,stranger,1.9759839702954058,3.342904702631167,0.9260000000000006,1
4,93,100,8,1100,stranger,1.6292226042261253,3.342904702631167,0.7210000000000003,1
4,94,100,8,1100,stranger,-0.10346899046989799,3.342904702631167,1.1670000000000007,1
4,95,100,8,1100,stranger,0.44666733169817174,3.342904702631167,0.9530000000000005,1
4,96,100,8,1100,stranger,0.9177795435722316,3.342904702631167,0.5290000000000002,1
4,97,100,8,1100,stranger,-0.3309237987359891,3.342904702631167,1.1410000000000007,2
4,98,100,8,1100,stranger,1.4918175808647056,3.342904702631167,0.7700000000000005,1
4,99,100,8,1100,stranger,0.19932747173017146,3.342904702631167,1.1190000000000007,1
4,100,100,8,1100,stranger,1.2847826528120074,3.342904702631167,1.0170000000000006,1
4,101,100,8,1100,stranger,1.9395398486331936,3.342904702631167,0.43600000000000017,1
4,102,100,8,1100,stranger,2.731917305033793,3.342904702631167,0.5670000000000003,1
4,103,100,8,1100,stranger,-0.9635488552732263,3.342904702631167,0.8680000000000005,2
4,104,100,8,1100,stranger,1.1334477254683717,3.342904702631167,0.6630000000000004,1
4,105,100,8,1100,stranger,2.4916067804597852,3.342904702631167,0.8370000000000004,1
4,106,100,8,1100,stranger,-2.128509679717844,3.342904702631167,0.6180000000000003,2
4,107,100,8,1100,stranger,0.4992574089840678,3.342904702631167,0.7620000000000005,1
4,108,100,8,1100,stranger,1.9841748794714462,3.342904702631167,0.5950000000000003,1
4,109,100,8,1100,stranger,2.030291362726379,3.342904702631167,0.7870000000000004,1
4,110,100,8,1100,stranger,-1.730263930754861,3.342904702631167,0.7060000000000004,2
4,111,100,8,1100,stranger,0.0822011555721695,3.342904702631167,0.6130000000000003,1
4,112,100,8,1100,stranger,1.7446887076856616,3.342904702631167,1.0460000000000007,1
4,113,100,8,1100,stranger,1.093754834538661,3.342904702631167,1.1560000000000008,1
4,114,100,8,1100,stranger,-1.2995256375633757,3.342904702631167,0.8680000000000005,2
4,115,100,8,1100,stranger,3.1718347306750325,3.342904702631167,0.7150000000000003,1
4,116,100,8,1100,stranger,2.2648334341879215,3.342904702631167,0.6030000000000003,1
4,117,100,8,1100,stranger,1.781900879730247,3.342904702631167,1.1150000000000007,1
4,118,100,8,1100,stranger,1.4072715234109525,3.342904702631167,0.5590000000000003,1
4,119,100,8,1100,stranger,1.319136236789559,3.342904702631167,1.0240000000000007,1
4,120,100,8,1100,stranger,0.7191190320659222,3.342904702631167,0.9520000000000006,1
4,121,100,8,1100,stranger,-0.6941699080021753,3.342904702631167,0.6050000000000003,2
4,122,100,8,1100,stranger,-0.9764243735577276,3.342904702631167,1.0620000000000007,2
4,123,100,8,1100,stranger,-1.203281779273428,3.342904702631167,0.6730000000000004,2
4,124,100,8,1100,stranger,-0.4141458150930756,3.342904702631167,0.7900000000000005,2
4,125,100,8,1100,stranger,0.2426203842155651,3.342904702631167,0.8960000000000006,1
4,126,100,8,1100,stranger,1.8503248454030592,3.342904702631167,0.5620000000000003,1
4,127,100,8,1100,stranger,-0.6179366224734257,3.342904702631167,0.9930000000000005,2
4,128,100,8,1100,stranger,1.5606463438448608,3.342904702631167,0.7520000000000004,1
4,129,100,8,1100,stranger,1.2621539744845518,3.342904702631167,0.9010000000000005,1
4,130,100,8,1100,stranger,-0.2056740681571343,3.342904702631167,1.0380000000000007,2
4,1,100,8,1100,self,2.5493290022100608,3.342904702631167,0.8920000000000006,1
4,2,100,8,1100,self,3.14029198280826,3.342904702631167,0.4620000000000002,1
4,3,100,8,1100,self,3.804131428704391,3.342904702631167,0.5780000000000003,1
4,4,100,8,1100,self,1.8126999165542328,3.342904702631167,0.8240000000000005,1
4,5,100,8,1100,self,1.0713925869392418,3.342904702631167,0.9620000000000006,1
4,6,100,8,1100,self,2.724629893582444,3.342904702631167,0.5540000000000003,1
4,7,100,8,1100,self,4.034290024215379,3.342904702631167,1.1720000000000008,1
4,8,100,8,1100,self,3.6226321631393112,3.342904702631167,0.5370000000000003,1
4,9,100,8,1100,self,0.8205377331853634,3.342904702631167,0.42900000000000016,1
4,10,100,8,1100,self,3.858274275302465,3.342904702631167,0.6130000000000003,1
4,11,100,8,1100,self,4.028737548279367,3.342904702631167,0.6190000000000003,1
4,12,100,8,1100,self,2.8742033990142604,3.342904702631167,0.5860000000000003,1
4,13,100,8,1100,self,2.295982600436642,3.342904702631167,0.5110000000000002,1
4,14,100,8,1100,self,1.1520853428025244,3.342904702631167,1.1410000000000007,1
4,15,100,8,1100,self,1.6146784401827894,3.342904702631167,1.1700000000000008,1
4,16,100,8,1100,self,2.809799173628428,3.342904702631167,0.5550000000000003,1
4,17,100,8,1100,self,2.8756437279087144,3.342904702631167,0.8790000000000004,1
4,18,100,8,1100,self,2.612038814885317,3.342904702631167,0.6010000000000003,1
4,19,100,8,1100,self,1.5926949923769809,3.342904702631167,1.1710000000000007,1
4,20,100,8,1100,self,3.5543460601587693,3.342904702631167,0.6710000000000004,1
4,21,100,8,1100,self,2.4059157901219024,3.342904702631167,0.6370000000000003,1
4,22,100,8,1100,self,2.8153595273363856,3.342904702631167,0.5370000000000003,1
4,23,100,8,1100,self,2.99786660006627,3.342904702631167,0.7080000000000004,1
4,24,100,8,1100,self,2.610190497647866,3.342904702631167,0.7970000000000004,1
4,25,100,8,1100,self,3.249331823941537,3.342904702631167,1.0490000000000006,1
4,26,100,8,1100,self,3.875314182300773,3.342904702631167,0.7310000000000003,1
4,27,100,8,1100,self,2.8365727552090627,3.342904702631167,0.5640000000000003,1
4,28,100,8,1100,self,2.5603398936003634,3.342904702631167,0.9510000000000005,1
4,29,100,8,1100,self,1.8229024132542293,3.342904702631167,0.8470000000000004,1
4,30,100,8,1100,self,3.488358132604037,3.342904702631167,0.3840000000000001,1
4,31,100,8,1100,self,2.1352489508033754,3.342904702631167,0.5800000000000003,1
4,32,100,8,1100,self,1.6007408518889013,3.342904702631167,0.9020000000000006,1
4,33,100,8,1100,self,1.960964156186109,3.342904702631167,0.9250000000000005,1
4,34,100,8,1100,self,3.635575563583144,3.342904702631167,0.4480000000000002,1
4,35,100,8,1100,self,1.3341993840832143,3.342904702631167,0.5990000000000003,1
4,36,100,8,1100,self,3.3408761138389567,3.342904702631167,0.5610000000000003,1
4,37,100,8,1100,self,2.621150120535657,3.342904702631167,0.7120000000000004,1
4,38,100,8,1100,self,3.041898041357567,3.342904702631167,0.6900000000000004,1
4,39,100,8,1100,self,1.1984019401559394,3.342904702631167,1.0710000000000006,1
4,40,100,8,1100,self,2.401892151168085,3.342904702631167,0.8960000000000006,1
4,41,100,8,1100,self,3.1696271668389544,3.342904702631167,0.6760000000000004,1
4,42,100,8,1100,self,2.067643208855819,3.342904702631167,0.8220000000000005,1
4,43,100,8,1100,self,2.2255393079324284,3.342904702631167,0.7120000000000004,1
4,44,100,8,1100,self,3.1228217442053214,3.342904702631167,1.0480000000000007,1
4,45,100,8,1100,self,1.9991303828677838,3.342904702631167,1.1980000000000008,1
4,46,100,8,1100,self,1.525907487392136,3.342904702631167,0.8160000000000005,1
4,47,100,8,1100,self,3.026230689172675,3.342904702631167,0.7040000000000004,1
4,48,100,8,1100,self,3.235447998051768,3.342904702631167,0.5080000000000002,1
4,49,100,8,1100,self,3.1499901006812445,3.342904702631167,0.6970000000000004,1
4,50,100,8,1100,self,1.5219177342225505,3.342904702631167,0.7620000000000005,1
4,51,100,8,1100,self,3.5484517757114915,3.342904702631167,0.4720000000000002,1
4,52,100,8,1100,self,1.6702158157599332,3.342904702631167,1.1710000000000007,1
4,53,100,8,1100,self,4.438971580362603,3.342904702631167,0.8270000000000004,1
4,54,100,8,1100,self,0.7128910685036709,3.342904702631167,0.6860000000000004,1
4,55,100,8,1100,self,2.7249481507779976,3.342904702631167,0.8300000000000005,1
4,56,100,8,1100,self,2.9858987951909914,3.342904702631167,0.7910000000000004,1
4,57,100,8,1100,self,2.974604370542017,3.342904702631167,0.7440000000000004,1
4,58,100,8,1100,self,2.837199817700529,3.342904702631167,0.8190000000000004,1
4,59,100,8,1100,self,2.335072228921209,3.342904702631167,0.8280000000000005,1
4,60,100,8,1100,self,2.967212150223527,3.342904702631167,0.7160000000000004,1
4,61,100,8,1100,self,3.045181026872246,3.342904702631167,0.6430000000000003,1
4,62,100,8,1100,self,2.397781734080385,3.342904702631167,1.0320000000000007,1
4,63,100,8,1100,self,2.3995434690643447,3.342904702631167,0.7040000000000004,1
4,64,100,8,1100,self,2.7284924261022723,3.342904702631167,0.6950000000000004,1
4,65,100,8,1100,self,3.3491337748290215,3.342904702631167,0.4880000000000002,1
4,66,100,8,1100,self,2.501046057753912,3.342904702631167,0.4750000000000002,1
4,67,100,8,1100,self,3.380044840513384,3.342904702631167,0.8980000000000006,1
4,68,100,8,1100,self,4.06806415117852,3.342904702631167,0.4880000000000002,1
4,69,100,8,1100,self,3.2278111746801432,3.342904702631167,0.9280000000000006,1
4,70,100,8,1100,self,2.8148212581900958,3.342904702631167,0.7500000000000004,1
4,71,100,8,1100,self,1.571827723439462,3.342904702631167,1.1600000000000008,1
4,72,100,8,1100,self,2.954708266863875,3.342904702631167,0.5030000000000002,1
4,73,100,8,1100,self,3.7137418106242657,3.342904702631167,0.5500000000000003,1
4,74,100,8,1100,self,-0.1562342068665088,3.342904702631167,1.1210000000000007,2
4,75,100,8,1100,self,2.517013819851363,3.342904702631167,0.6530000000000004,1
4,76,100,8,1100,self,1.9057505460840791,3.342904702631167,1.1320000000000008,1
4,77,100,8,1100,self,3.0616956578295507,3.342904702631167,1.1760000000000008,1
4,78,100,8,1100,self,2.7456735806321655,3.342904702631167,0.41000000000000014,1
4,79,100,8,1100,self,3.1583867612978556,3.342904702631167,0.7080000000000004,1
4,80,100,8,1100,self,3.05045607509915,3.342904702631167,0.8850000000000005,1
4,81,100,8,1100,self,2.5724829643963236,3.342904702631167,0.5410000000000003,1
4,82,100,8,1100,self,2.6751728888819324,3.342904702631167,0.8470000000000004,1
4,83,100,8,1100,self,1.4818161433601342,3.342904702631167,1.1450000000000007,1
4,84,100,8,1100,self,1.6297651704418983,3.342904702631167,0.7930000000000004,1
4,85,100,8,1100,self,3.484566232892715,3.342904702631167,0.6430000000000003,1
4,86,100,8,1100,self,2.145925177696442,3.342904702631167,0.6400000000000003,1
4,87,100,8,1100,self,2.525772774639916,3.342904702631167,0.8090000000000004,1
4,88,100,8,1100,self,3.6992753471731254,3.342904702631167,1.0050000000000006,1
4,89,100,8,1100,self,0.7807712930358506,3.342904702631167,0.6060000000000003,1
4,90,100,8,1100,self,3.0458018644224087,3.342904702631167,0.9520000000000006,1
4,91,100,8,1100,self,3.8866294899874454,3.342904702631167,0.6090000000000003,1
4,92,100,8,1100,self,1.8687857818627687,3.342904702631167,0.9950000000000006,1
4,93,100,8,1100,self,2.63406167832984,3.342904702631167,0.8740000000000006,1
4,94,100,8,1100,self,2.3508560489375663,3.342904702631167,0.5630000000000003,1
4,95,100,8,1100,self,2.8439498804557033,3.342904702631167,0.6350000000000003,1
4,96,100,8,1100,self,1.5295355821124716,3.342904702631167,0.6640000000000004,1
4,97,100,8,1100,self,3.2973033658813087,3.342904702631167,1.1990000000000007,1
4,98,100,8,1100,self,3.005320995080865,3.342904702631167,0.5730000000000003,1
4,99,100,8,1100,self,3.869432211940519,3.342904702631167,0.5270000000000002,1
4,100,100,8,1100,self,2.3934778448545235,3.342904702631167,0.8190000000000004,1
4,101,100,8,1100,self,3.440057253675412,3.342904702631167,0.9090000000000005,1
4,102,100,8,1100,self,2.433741258267188,3.342904702631167,0.7830000000000004,1
4,103,100,8,1100,self,2.6888395432733265,3.342904702631167,0.7060000000000004,1
4,104,100,8,1100,self,1.7735402874718207,3.342904702631167,0.9640000000000006,1
4,105,100,8,1100,self,4.22183852683743,3.342904702631167,1.0580000000000007,1
4,106,100,8,1100,self,4.164887500596561,3.342904702631167,0.5960000000000003,1
4,107,100,8,1100,self,3.2065960785545986,3.342904702631167,0.7260000000000004,1
4,108,100,8,1100,self,2.687496031958786,3.342904702631167,0.9680000000000006,1
4,109,100,8,1100,self,1.152864511290551,3.342904702631167,0.9320000000000006,1
4,110,100,8,1100,self,2.8908816690774968,3.342904702631167,0.5420000000000003,1
4,111,100,8,1100,self,3.057432792353052,3.342904702631167,0.5320000000000003,1
4,112,100,8,1100,self,2.3430961696604506,3.342904702631167,0.7880000000000005,1
4,113,100,8,1100,self,0.9190329642647412,3.342904702631167,0.8740000000000006,1
4,114,100,8,1100,self,3.734689062804523,3.342904702631167,0.5050000000000002,1
4,115,100,8,1100,self,2.058023719245753,3.342904702631167,0.8280000000000005,1
4,116,100,8,1100,self,1.1922421677084614,3.342904702631167,0.6140000000000003,1
4,117,100,8,1100,self,3.620768267766781,3.342904702631167,0.6860000000000004,1
4,118,100,8,1100,self,3.4317129530704342,3.342904702631167,0.8270000000000004,1
4,119,100,8,1100,self,1.458971786300991,3.342904702631167,0.6750000000000004,1
4,120,100,8,1100,self,2.9330219614879334,3.342904702631167,0.5480000000000003,1
4,121,100,8,1100,self,2.439326693268409,3.342904702631167,0.7230000000000003,1
4,122,100,8,1100,self,2.640661098253759,3.342904702631167,0.8640000000000005,1
4,123,100,8,1100,self,3.7755979746961703,3.342904702631167,0.5710000000000003,1
4,124,100,8,1100,self,2.81504741438398,3.342904702631167,0.5780000000000003,1
4,125,100,8,1100,self,0.8524607816842875,3.342904702631167,0.8700000000000006,1
4,126,100,8,1100,self,2.546651966779903,3.342904702631167,0.6500000000000004,1
4,127,100,8,1100,self,2.9842345790540525,3.342904702631167,0.6190000000000003,1
4,128,100,8,1100,self,2.350143473889114,3.342904702631167,0.6680000000000004,1
4,129,100,8,1100,self,2.244780714715157,3.342904702631167,0.5830000000000003,1
4,130,100,8,1100,self,2.8160931624583787,3.342904702631167,0.8440000000000005,1
5,1,100,8,1100,stranger,1.4792630647273581,4.194472890145501,0.8280000000000005,1
5,2,100,8,1100,stranger,3.1272151566574067,4.194472890145501,1.0280000000000007,1
5,3,100,8,1100,stranger,-1.5962366972522544,4.194472890145501,0.7840000000000005,2
5,4,100,8,1100,stranger,-0.004864053854216288,4.194472890145501,1.1800000000000008,1
5,5,100,8,1100,stranger,0.7043296412281571,4.194472890145501,0.7920000000000005,1
5,6,100,8,1100,stranger,3.779038347327841,4.194472890145501,0.6230000000000003,1
5,7,100,8,1100,stranger,1.8790170825363395,4.194472890145501,0.6160000000000003,1
5,8,100,8,1100,stranger,0.5640379588979082,4.194472890145501,1.0300000000000007,1
5,9,100,8,1100,stranger,2.6205852809480272,4.194472890145501,0.7260000000000004,1
5,10,100,8,1100,stranger,2.6390940488447807,4.194472890145501,0.7400000000000004,1
5,11,100,8,1100,stranger,0.81245682853021,4.194472890145501,0.8180000000000005,1
5,12,100,8,1100,stranger,1.9011489439752842,4.194472890145501,1.1810000000000007,1
5,13,100,8,1100,stranger,-1.3144633269047086,4.194472890145501,1.1440000000000008,2
5,14,100,8,1100,stranger,0.09913048110084244,4.194472890145501,1.1220000000000008,1
5,15,100,8,1100,stranger,0.18416692498765447,4.194472890145501,0.8280000000000005,2
5,16,100,8,1100,stranger,-0.7737312540074832,4.194472890145501,0.9550000000000005,2
5,17,100,8,1100,stranger,2.0872732969858174,4.194472890145501,0.9010000000000005,1
5,18,100,8,1100,stranger,1.6877316104271614,4.194472890145501,0.7580000000000005,1
5,19,100,8,1100,stranger,2.268330183251379,4.194472890145501,1.1360000000000008,1
5,20,100,8,1100,stranger,1.0452763629009283,4.194472890145501,0.9880000000000007,1
5,21,100,8,1100,stranger,0.507423152881273,4.194472890145501,1.1710000000000007,2
5,22,100,8,1100,stranger,1.8705987785200142,4.194472890145501,0.6680000000000004,1
5,23,100,8,1100,stranger,1.4399290765561026,4.194472890145501,1.1760000000000008,1
5,24,100,8,1100,stranger,2.1476299576959588,4.194472890145501,0.7830000000000004,1
5,25,100,8,1100,stranger,-1.0208284936619034,4.194472890145501,0.8420000000000005,2
5,26,100,8,1100,stranger,0.6198774471020786,4.194472890145501,1.1140000000000008,1
5,27,100,8,1100,stranger,2.11288738392718,4.194472890145501,0.9790000000000005,1
5,28,100,8,1100,stranger,1.6089182733473477,4.194472890145501,0.9580000000000006,1
5,29,100,8,1100,stranger,0.8123846891362256,4.194472890145501,1.1570000000000007,1
5,30,100,8,1100,stranger,1.980448777444795,4.194472890145501,0.6950000000000004,1
5,31,100,8,1100,stranger,0.6465251072553689,4.194472890145501,1.1410000000000007,1
5,32,100,8,1100,stranger,1.7408162942796461,4.194472890145501,0.9870000000000005,1
5,33,100,8,1100,stranger,2.0106060685066947,4.194472890145501,1.1620000000000008,1
5,34,100,8,1100,stranger,-0.7528196107267293,4.194472890145501,0.9810000000000005,2
5,35,100,8,1100,stranger,1.1042819718027248,4.194472890145501,0.8410000000000004,1
5,36,100,8,1100,stranger,1.932685115558202,4.194472890145501,0.6220000000000003,1
5,37,100,8,1100,stranger,-0.04880151194392657,4.194472890145501,1.1680000000000008,2
5,38,100,8,1100,stranger,1.8905396247255,4.194472890145501,1.0800000000000007,1
5,39,100,8,1100,stranger,1.677102920840958,4.194472890145501,1.0430000000000006,1
5,40,100,8,1100,stranger,0.533553766852346,4.194472890145501,0.8580000000000005,1
5,41,100,8,1100,stranger,1.527547970904982,4.194472890145501,1.1320000000000008,1
5,42,100,8,1100,stranger,0.9717666835675993,4.194472890145501,0.7340000000000004,1
5,43,100,8,1100,stranger,2.1252558492730564,4.194472890145501,0.9620000000000006,1
5,44,100,8,1100,stranger,1.4955159047914313,4.194472890145501,1.1640000000000008,1
5,45,100,8,1100,stranger,-1.147019338517863,4.194472890145501,1.1360000000000008,2
5,46,100,8,1100,stranger,1.868491639639227,4.194472890145501,0.9450000000000005,1
5,47,100,8,1100,stranger,1.190615448549853,4.194472890145501,1.1650000000000007,1
5,48,100,8,1100,stranger,3.335855346549881,4.194472890145501,0.6620000000000004,1
5,49,100,8,1100,stranger,-0.04576789979759688,4.194472890145501,1.0600000000000007,1
5,50,100,8,1100,stranger,0.9774855962882608,4.194472890145501,1.1750000000000007,1
5,51,100,8,1100,stranger,2.6579705088629373,4.194472890145501,0.6260000000000003,1
5,52,100,8,1100,stranger,-1.6503560499296013,4.194472890145501,0.7900000000000005,2
5,53,100,8,1100,stranger,1.0979345749190037,4.194472890145501,0.6920000000000004,1
5,54,100,8,1100,stranger,1.243445472516818,4.194472890145501,1.1760000000000008,1
5,55,100,8,1100,stranger,2.68152981616282,4.194472890145501,1.1160000000000008,1
5,56,100,8,1100,stranger,-1.1177427202920605,4.194472890145501,1.1590000000000007,2
5,57,100,8,1100,stranger,2.8245907352634587,4.194472890145501,1.0460000000000007,1
5,58,100,8,1100,stranger,1.563436121879959,4.194472890145501,0.8560000000000005,1
5,59,100,8,1100,stranger,0.9571390390690413,4.194472890145501,1.1630000000000007,1
5,60,100,8,1100,stranger,-0.47922509775749167,4.194472890145501,0.9080000000000006,2
5,61,100,8,1100,stranger,1.5419501096062822,4.194472890145501,1.0140000000000007,1
5,62,100,8,1100,stranger,1.0807351250301482,4.194472890145501,0.7900000000000005,1
5,63,100,8,1100,stranger,1.0447460587451354,4.194472890145501,0.7840000000000005,1
5,64,100,8,1100,stranger,-0.23782835792897705,4.194472890145501,0.8310000000000004,2
5,65,100,8,1100,stranger,1.810139921140545,4.194472890145501,0.6490000000000004,1
5,66,100,8,1100,stranger,0.9475480400363474,4.194472890145501,0.5750000000000003,1
5,67,100,8,1100,stranger,-2.322292022296815,4.194472890145501,0.8040000000000005,2
5,68,100,8,1100,stranger,-0.7308260633971768,4.194472890145501,1.0320000000000007,1
5,69,100,8,1100,stranger,-0.1803199017071,4.194472890145501,0.9660000000000006,2
5,70,100,8,1100,stranger,-1.0090403167189985,4.194472890145501,1.0590000000000006,2
5,71,100,8,1100,stranger,-0.9661949802484648,4.194472890145501,0.8740000000000006,2
5,72,100,8,1100,stranger,1.4888511447226822,4.194472890145501,1.0200000000000007,1
5,73,100,8,1100,stranger,0.6311033982734144,4.194472890145501,0.9500000000000006,1
5,74,100,8,1100,stranger,1.7931887089780016,4.194472890145501,0.6400000000000003,1
5,75,100,8,1100,stranger,2.2338080241594627,4.194472890145501,0.7180000000000004,1
5,76,100,8,1100,stranger,-0.3474532875931271,4.194472890145501,1.1260000000000008,2
5,77,100,8,1100,stranger,0.379606353516838,4.194472890145501,0.9500000000000006,1
5,78,100,8,1100,stranger,1.3174765277745821,4.194472890145501,1.0150000000000006,1
5,79,100,8,1100,stranger,1.788385941533829,4.194472890145501,1.0550000000000006,1
5,80,100,8,1100,stranger,1.6026140846368255,4.194472890145501,0.8910000000000005,1
5,81,100,8,1100,stranger,1.6667823336305863,4.194472890145501,0.8700000000000006,1
5,82,100,8,1100,stranger,-0.15989037527335814,4.194472890145501,0.9960000000000007,2
5,83,100,8,1100,stranger,-1.2529177576857937,4.194472890145501,0.8990000000000005,2
5,84,100,8,1100,stranger,1.7467848367912002,4.194472890145501,0.7070000000000003,1
5,85,100,8,1100,stranger,1.6824541316274624,4.194472890145501,0.9420000000000006,1
5,86,100,8,1100,stranger,3.1955148897103887,4.194472890145501,0.8860000000000006,1
5,87,100,8,1100,stranger,0.8972592327067423,4.194472890145501,1.1220000000000008,1
5,88,100,8,1100,stranger,1.6455733746509682,4.194472890145501,0.5080000000000002,1
5,89,100,8,1100,stranger,-1.8586951863668468,4.194472890145501,0.9530000000000005,2
5,90,100,8,1100,stranger,1.921600513440863,4.194472890145501,0.8040000000000005,1
5,91,100,8,1100,stranger,1.1480504524796804,4.194472890145501,1.1730000000000007,1
5,92,100,8,1100,stranger,1.7760865986362535,4.194472890145501,0.6330000000000003,1
5,93,100,8,1100,stranger,-1.5714826582494346,4.194472890145501,0.7400000000000004,2
5,94,100,8,1100,stranger,0.8222171663511417,4.194472890145501,0.9270000000000005,1
5,95,100,8,1100,stranger,1.9930978639094425,4.194472890145501,0.9410000000000005,1
5,96,100,8,1100,stranger,-0.9234432642193897,4.194472890145501,0.7770000000000004,2
5,97,100,8,1100,stranger,-0.6994441136405889,4.194472890145501,0.8100000000000005,2
5,98,100,8,1100,stranger,0.7876706371018783,4.194472890145501,1.0520000000000007,1
5,99,100,8,1100,stranger,1.6062465754947735,4.194472890145501,0.6670000000000004,1
5,100,100,8,1100,stranger,-1.1458661858032273,4.194472890145501,0.7990000000000004,2
5,101,100,8,1100,stranger,1.647260835195353,4.194472890145501,1.1250000000000007,1
5,102,100,8,1100,stranger,1.2885602857467569,4.194472890145501,0.8910000000000005,1
5,103,100,8,1100,stranger,-0.5395239315289238,4.194472890145501,0.6140000000000003,2
5,104,100,8,1100,stranger,1.901707253360617,4.194472890145501,0.9970000000000006,1
5,105,100,8,1100,stranger,0.9611346828735761,4.194472890145501,1.1460000000000008,1
5,106,100,8,1100,stranger,1.7226137932982206,4.194472890145501,0.6940000000000004,1
5,107,100,8,1100,stranger,-0.38161035576737623,4.194472890145501,1.0530000000000006,1
5,108,100,8,1100,stranger,-0.5786950231032983,4.194472890145501,0.9420000000000006,2
5,109,100,8,1100,stranger,-1.1949055024840725,4.194472890145501,0.8070000000000004,2
5,110,100,8,1100,stranger,0.4826565778156647,4.194472890145501,1.1720000000000008,1
5,111,100,8,1100,stranger,-0.8578149122026328,4.194472890145501,0.9200000000000006,2
5,112,100,8,1100,stranger,3.2474376109873995,4.194472890145501,0.6760000000000004,1
5,113,100,8,1100,stranger,0.7751012808563912,4.194472890145501,0.9300000000000006,1
5,114,100,8,1100,stranger,1.7306267566595883,4.194472890145501,0.9970000000000006,1
5,115,100,8,1100,stranger,1.273701216188738,4.194472890145501,0.6310000000000003,1
5,116,100,8,1100,stranger,1.988073221384654,4.194472890145501,1.0190000000000006,1
5,117,100,8,1100,stranger,-1.8668464014493367,4.194472890145501,0.8240000000000005,2
5,118,100,8,1100,stranger,1.6227449965420098,4.194472890145501,0.8990000000000005,1
5,119,100,8,1100,stranger,1.0511007513219477,4.194472890145501,1.1920000000000008,1
5,120,100,8,1100,stranger,0.33280139052882185,4.194472890145501,1.1250000000000007,1
5,121,100,8,1100,stranger,1.188650769044953,4.194472890145501,1.0630000000000006,1
5,122,100,8,1100,stranger,1.9501382255677946,4.194472890145501,0.8530000000000004,1
5,123,100,8,1100,stranger,0.8578848262630585,4.194472890145501,1.1090000000000007,1
5,124,100,8,1100,stranger,1.17137117537745,4.194472890145501,0.9250000000000005,1
5,125,100,8,1100,stranger,1.6378392464299152,4.194472890145501,0.8430000000000004,1
5,126,100,8,1100,stranger,-0.33982458871616206,4.194472890145501,0.7940000000000005,2
5,127,100,8,1100,stranger,-0.7837510521619548,4.194472890145501,0.6140000000000003,2
5,128,100,8,1100,stranger,1.7019057212402624,4.194472890145501,0.8800000000000006,1
5,129,100,8,1100,stranger,0.34480365978838584,4.194472890145501,0.9190000000000005,1
5,130,100,8,1100,stranger,1.4799061382057013,4.194472890145501,0.8740000000000006,1
5,1,100,8,1100,self,1.2088093143767848,4.194472890145501,0.8540000000000005,1
5,2,100,8,1100,self,2.8068905052552844,4.194472890145501,0.7490000000000003,1
5,3,100,8,1100,self,3.93307212886732,4.194472890145501,0.9420000000000006,1
5,4,100,8,1100,self,3.7509188536928013,4.194472890145501,0.7380000000000004,1
5,5,100,8,1100,self,2.4838089025822225,4.194472890145501,1.0130000000000006,1
5,6,100,8,1100,self,2.6374560313194513,4.194472890145501,0.7030000000000003,1
5,7,100,8,1100,self,2.6304783948643364,4.194472890145501,1.1180000000000008,1
5,8,100,8,1100,self,1.7028066881551767,4.194472890145501,1.0080000000000007,1
5,9,100,8,1100,self,2.0515885442345176,4.194472890145501,0.5180000000000002,1
5,10,100,8,1100,self,3.302646352804924,4.194472890145501,0.9610000000000005,1
5,11,100,8,1100,self,2.2829856842868943,4.194472890145501,0.6890000000000004,1
5,12,100,8,1100,self,2.6441090610907185,4.194472890145501,0.6160000000000003,1
5,13,100,8,1100,self,2.8088650308753405,4.194472890145501,0.6740000000000004,1
5,14,100,8,1100,self,3.361438699621617,4.194472890145501,0.9680000000000006,1
5,15,100,8,1100,self,2.5223068768599384,4.194472890145501,0.8750000000000004,1
5,16,100,8,1100,self,2.094015622096994,4.194472890145501,0.9690000000000005,1
5,17,100,8,1100,self,1.360599753214664,4.194472890145501,0.5690000000000003,1
5,18,100,8,1100,self,2.215667003876054,4.194472890145501,0.8040000000000005,1
5,19,100,8,1100,self,3.2103351480126636,4.194472890145501,0.9580000000000006,1
5,20,100,8,1100,self,2.6232686443602082,4.194472890145501,0.6180000000000003,1
5,21,100,8,1100,self,2.2403797665125675,4.194472890145501,0.8400000000000005,1
5,22,100,8,1100,self,3.540326123975171,4.194472890145501,0.9450000000000005,1
5,23,100,8,1100,self,3.355614825724789,4.194472890145501,0.8370000000000004,1
5,24,100,8,1100,self,2.743047317112165,4.194472890145501,0.8500000000000005,1
5,25,100,8,1100,self,2.99200494296388,4.194472890145501,0.7130000000000003,1
5,26,100,8,1100,self,2.8425317281659637,4.194472890145501,0.8360000000000005,1
5,27,100,8,1100,self,2.2420832200923866,4.194472890145501,0.9010000000000005,1
5,28,100,8,1100,self,2.672665757205457,4.194472890145501,0.9220000000000006,1
5,29,100,8,1100,self,2.531732625484821,4.194472890145501,0.6080000000000003,1
5,30,100,8,1100,self,3.667516472808932,4.194472890145501,1.0110000000000006,1
5,31,100,8,1100,self,2.9116511816252997,4.194472890145501,0.8930000000000005,1
5,32,100,8,1100,self,1.5340961622671725,4.194472890145501,1.0380000000000007,1
5,33,100,8,1100,self,2.4971413061337335,4.194472890145501,1.1310000000000007,1
5,34,100,8,1100,self,2.8703467503104187,4.194472890145501,1.1030000000000006,1
5,35,100,8,1100,self,1.2410312831145323,4.194472890145501,0.5870000000000003,1
5,36,100,8,1100,self,3.341236866211449,4.194472890145501,0.7480000000000004,1
5,37,100,8,1100,self,1.9853182510068828,4.194472890145501,0.9830000000000005,1
5,38,100,8,1100,self,4.045435506182741,4.194472890145501,0.9360000000000006,1
5,39,100,8,1100,self,4.15999351218179,4.194472890145501,0.4990000000000002,1
5,40,100,8,1100,self,2.7934442290464587,4.194472890145501,0.7790000000000004,1
5,41,100,8,1100,self,2.6462115533101,4.194472890145501,0.7870000000000004,1
5,42,100,8,1100,self,3.452177897340082,4.194472890145501,0.5470000000000003,1
5,43,100,8,1100,self,2.087783391414855,4.194472890145501,0.9400000000000006,1
5,44,100,8,1100,self,1.6307396843116004,4.194472890145501,1.0900000000000007,1
5,45,100,8,1100,self,2.4106112015663714,4.194472890145501,0.9880000000000007,1
5,46,100,8,1100,self,1.0960564191442874,4.194472890145501,1.1470000000000007,1
5,47,100,8,1100,self,2.3465316307059827,4.194472890145501,0.9190000000000005,1
5,48,100,8,1100,self,1.2754689972022608,4.194472890145501,0.8740000000000006,1
5,49,100,8,1100,self,2.5323561206118317,4.194472890145501,0.8300000000000005,1
5,50,100,8,1100,self,2.80526268835738,4.194472890145501,0.6210000000000003,1
5,51,100,8,1100,self,2.5563519824403858,4.194472890145501,0.7030000000000003,1
5,52,100,8,1100,self,0.9919708283617559,4.194472890145501,0.8480000000000005,1
5,53,100,8,1100,self,2.149847730106301,4.194472890145501,0.5600000000000003,1
5,54,100,8,1100,self,3.6801392458922755,4.194472890145501,0.7660000000000005,1
5,55,100,8,1100,self,2.2487031996958473,4.194472890145501,0.8240000000000005,1
5,56,100,8,1100,self,1.688461902338565,4.194472890145501,0.8770000000000004,1
5,57,100,8,1100,self,2.473529241756379,4.194472890145501,0.9360000000000006,1
5,58,100,8,1100,self,3.3374886089282865,4.194472890145501,0.6850000000000004,1
5,59,100,8,1100,self,1.984794230182266,4.194472890145501,1.0100000000000007,1
5,60,100,8,1100,self,4.083228708083582,4.194472890145501,0.5730000000000003,1
5,61,100,8,1100,self,1.2838290981261844,4.194472890145501,0.6830000000000004,1
5,62,100,8,1100,self,3.4320044171852073,4.194472890145501,1.0840000000000007,1
5,63,100,8,1100,self,3.8458659204678955,4.194472890145501,0.5760000000000003,1
5,64,100,8,1100,self,3.52737390813194,4.194472890145501,0.5350000000000003,1
5,65,100,8,1100,self,2.1918618589173167,4.194472890145501,0.4860000000000002,1
5,66,100,8,1100,self,2.609670584915442,4.194472890145501,1.0830000000000006,1
5,67,100,8,1100,self,2.4253585845358483,4.194472890145501,0.9380000000000006,1
5,68,100,8,1100,self,2.817977320645042,4.194472890145501,0.9330000000000005,1
5,69,100,8,1100,self,3.890766480519221,4.194472890145501,0.5770000000000003,1
5,70,100,8,1100,self,3.716442955990558,4.194472890145501,0.5490000000000003,1
5,71,100,8,1100,self,1.8727716599673285,4.194472890145501,0.7080000000000004,1
5,72,100,8,1100,self,3.157135558957095,4.194472890145501,1.0470000000000006,1
5,73,100,8,1100,self,2.634637499306007,4.194472890145501,0.8600000000000005,1
5,74,100,8,1100,self,2.3441057108711356,4.194472890145501,0.8930000000000005,1
5,75,100,8,1100,self,4.044424972084027,4.194472890145501,0.8640000000000005,1
5,76,100,8,1100,self,2.268563987029317,4.194472890145501,1.0560000000000007,1
5,77,100,8,1100,self,4.262288137756709,4.194472890145501,0.7590000000000003,1
5,78,100,8,1100,self,2.90560926533865,4.194472890145501,0.5070000000000002,1
5,79,100,8,1100,self,3.3903359802772908,4.194472890145501,0.7670000000000003,1
5,80,100,8,1100,self,3.4157197336634866,4.194472890145501,0.8700000000000006,1
5,81,100,8,1100,self,4.184111664375578,4.194472890145501,0.8660000000000005,1
5,82,100,8,1100,self,3.213236051282843,4.194472890145501,0.6530000000000004,1
5,83,100,8,1100,self,1.3992176497032487,4.194472890145501,0.7550000000000003,1
5,84,100,8,1100,self,1.6621026895267264,4.194472890145501,1.0720000000000007,1
5,85,100,8,1100,self,2.923944430148031,4.194472890145501,1.0840000000000007,1
5,86,100,8,1100,self,3.5322926100418783,4.194472890145501,0.9840000000000007,1
5,87,100,8,1100,self,2.928163227957647,4.194472890145501,0.8520000000000005,1
5,88,100,8,1100,self,3.2221898238570614,4.194472890145501,0.9530000000000005,1
5,89,100,8,1100,self,2.7817694316610018,4.194472890145501,0.8290000000000004,1
5,90,100,8,1100,self,2.1525449822747205,4.194472890145501,0.9970000000000006,1
5,91,100,8,1100,self,3.708520859083471,4.194472890145501,1.0000000000000007,1
5,92,100,8,1100,self,3.7765157311018878,4.194472890145501,0.6990000000000004,1
5,93,100,8,1100,self,2.3087726693636608,4.194472890145501,0.7750000000000004,1
5,94,100,8,1100,self,1.520864618364532,4.194472890145501,0.8770000000000004,1
5,95,100,8,1100,self,1.23637530550192,4.194472890145501,0.7710000000000004,1
5,96,100,8,1100,self,2.8365115812633688,4.194472890145501,0.6860000000000004,1
5,97,100,8,1100,self,3.6434345441811185,4.194472890145501,0.7360000000000004,1
5,98,100,8,1100,self,3.2539180893777515,4.194472890145501,0.7740000000000005,1
5,99,100,8,1100,self,2.8088384775861286,4.194472890145501,0.7640000000000005,1
5,100,100,8,1100,self,2.2360029066902083,4.194472890145501,0.6600000000000004,1
5,101,100,8,1100,self,3.094202386638341,4.194472890145501,0.6460000000000004,1
5,102,100,8,1100,self,3.3033504464180474,4.194472890145501,0.9660000000000006,1
5,103,100,8,1100,self,4.000439277780387,4.194472890145501,0.7230000000000003,1
5,104,100,8,1100,self,2.6287394878311208,4.194472890145501,0.5800000000000003,1
5,105,100,8,1100,self,1.0190977511571737,4.194472890145501,0.8390000000000004,1
5,106,100,8,1100,self,0.7304172699921598,4.194472890145501,1.1100000000000008,1
5,107,100,8,1100,self,4.2658280836300655,4.194472890145501,0.5370000000000003,1
5,108,100,8,1100,self,2.7744342377263793,4.194472890145501,0.7400000000000004,1
5,109,100,8,1100,self,2.8834217769618133,4.194472890145501,0.8500000000000005,1
5,110,100,8,1100,self,1.6066710171895924,4.194472890145501,0.8030000000000004,1
5,111,100,8,1100,self,3.5046170474351808,4.194472890145501,0.6980000000000004,1
5,112,100,8,1100,self,3.4891949015855896,4.194472890145501,0.5880000000000003,1
5,113,100,8,1100,self,3.1426970595132957,4.194472890145501,0.7700000000000005,1
5,114,100,8,1100,self,2.1460871826782135,4.194472890145501,0.6250000000000003,1
5,115,100,8,1100,self,2.994644392762518,4.194472890145501,0.8050000000000004,1
5,116,100,8,1100,self,3.796746824055562,4.194472890145501,0.9910000000000005,1
5,117,100,8,1100,self,2.4573103634633338,4.194472890145501,0.8030000000000004,1
5,118,100,8,1100,self,3.3429870269007065,4.194472890145501,0.7220000000000004,1
5,119,100,8,1100,self,2.1167495008073427,4.194472890145501,0.8690000000000004,1
5,120,100,8,1100,self,4.423873307967652,4.194472890145501,0.6930000000000004,1
5,121,100,8,1100,self,1.3818887303882574,4.194472890145501,0.5200000000000002,1
5,122,100,8,1100,self,1.880406609416768,4.194472890145501,0.9840000000000007,1
5,123,100,8,1100,self,3.1628908419069517,4.194472890145501,0.9060000000000006,1
5,124,100,8,1100,self,3.351922847302407,4.194472890145501,0.8200000000000005,1
5,125,100,8,1100,self,3.0387745881710964,4.194472890145501,0.8220000000000005,1
5,126,100,8,1100,self,3.5924254510033498,4.194472890145501,0.7790000000000004,1
5,127,100,8,1100,self,2.434807627118829,4.194472890145501,0.7560000000000004,1
5,128,100,8,1100,self,1.310718494340899,4.194472890145501,1.1530000000000007,1
5,129,100,8,1100,self,3.8846900701297162,4.194472890145501,0.6980000000000004,1
5,130,100,8,1100,self,1.9371569712877332,4.194472890145501,0.8400000000000005,1
6,1,100,8,1100,stranger,-1.090767213548631,2.7923566314448256,0.8530000000000004,2
6,2,100,8,1100,stranger,0.6836321135796335,2.7923566314448256,0.8100000000000005,1
6,3,100,8,1100,stranger,0.5474842871304109,2.7923566314448256,0.6580000000000004,1
6,4,100,8,1100,stranger,0.5093899697290052,2.7923566314448256,1.1490000000000007,1
6,5,100,8,1100,stranger,0.5227033269612575,2.7923566314448256,0.6610000000000004,1
6,6,100,8,1100,stranger,0.6189089265983786,2.7923566314448256,0.7820000000000005,1
6,7,100,8,1100,stranger,-1.203690393633432,2.7923566314448256,0.7100000000000004,2
6,8,100,8,1100,stranger,0.6861546972249696,2.7923566314448256,0.4960000000000002,1
6,9,100,8,1100,stranger,-1.0627404515112353,2.7923566314448256,0.6990000000000004,2
6,10,100,8,1100,stranger,0.6226162473344198,2.7923566314448256,0.7650000000000003,1
6,11,100,8,1100,stranger,-0.6162002700865263,2.7923566314448256,0.8300000000000005,2
6,12,100,8,1100,stranger,-0.9858422759038628,2.7923566314448256,0.6370000000000003,2
6,13,100,8,1100,stranger,2.309004734857811,2.7923566314448256,0.8080000000000005,1
6,14,100,8,1100,stranger,1.8449728263219085,2.7923566314448256,0.4590000000000002,1
6,15,100,8,1100,stranger,1.442112954709415,2.7923566314448256,0.8810000000000004,1
6,16,100,8,1100,stranger,-1.2403986356556904,2.7923566314448256,0.7910000000000004,2
6,17,100,8,1100,stranger,0.6907202125600889,2.7923566314448256,0.6640000000000004,1
6,18,100,8,1100,stranger,-0.39383511793003345,2.7923566314448256,0.7370000000000003,2
6,19,100,8,1100,stranger,0.16953104575021127,2.7923566314448256,0.4620000000000002,2
6,20,100,8,1100,stranger,-0.8009540143144123,2.7923566314448256,0.6800000000000004,2
6,21,100,8,1100,stranger,1.0906025863806823,2.7923566314448256,1.0520000000000007,1
6,22,100,8,1100,stranger,-0.5812075508770111,2.7923566314448256,0.5910000000000003,2
6,23,100,8,1100,stranger,-0.02130544376244703,2.7923566314448256,0.4700000000000002,1
6,24,100,8,1100,stranger,0.8286578440882605,2.7923566314448256,0.7760000000000005,1
6,25,100,8,1100,stranger,2.9375155440255125,2.7923566314448256,0.6790000000000004,1
6,26,100,8,1100,stranger,2.113693640048267,2.7923566314448256,0.8130000000000004,1
6,27,100,8,1100,stranger,0.35297617690865407,2.7923566314448256,0.6770000000000004,1
6,28,100,8,1100,stranger,0.35784024616127147,2.7923566314448256,0.3880000000000001,1
6,29,100,8,1100,stranger,1.2050432229148713,2.7923566314448256,0.6590000000000004,1
6,30,100,8,1100,stranger,0.6570133032652138,2.7923566314448256,0.6580000000000004,2
6,31,100,8,1100,stranger,1.9086296258057664,2.7923566314448256,0.9970000000000006,1
6,32,100,8,1100,stranger,-0.28975228247006635,2.7923566314448256,0.9910000000000005,2
6,33,100,8,1100,stranger,2.0175901282870483,2.7923566314448256,0.7950000000000004,1
6,34,100,8,1100,stranger,1.2259991736239666,2.7923566314448256,1.0720000000000007,1
6,35,100,8,1100,stranger,2.3814062271830956,2.7923566314448256,0.5090000000000002,1
6,36,100,8,1100,stranger,1.3686043920286888,2.7923566314448256,0.5150000000000002,1
6,37,100,8,1100,stranger,-0.23578356933459976,2.7923566314448256,0.7980000000000005,1
6,38,100,8,1100,stranger,-0.7100892627151059,2.7923566314448256,1.0560000000000007,2
6,39,100,8,1100,stranger,1.5490602678553183,2.7923566314448256,0.8510000000000004,1
6,40,100,8,1100,stranger,-0.8546154946389077,2.7923566314448256,1.0260000000000007,2
6,41,100,8,1100,stranger,0.9711348983428453,2.7923566314448256,1.1480000000000008,1
6,42,100,8,1100,stranger,1.6130808590112418,2.7923566314448256,0.7780000000000005,1
6,43,100,8,1100,stranger,0.6343035048179562,2.7923566314448256,0.6930000000000004,2
6,44,100,8,1100,stranger,1.7793104565522173,2.7923566314448256,1.1690000000000007,1
6,45,100,8,1100,stranger,1.5471687661693532,2.7923566314448256,0.9000000000000006,1
6,46,100,8,1100,stranger,0.29882695109906976,2.7923566314448256,1.0390000000000006,2
6,47,100,8,1100,stranger,1.3180997002538435,2.7923566314448256,0.6200000000000003,1
6,48,100,8,1100,stranger,-0.21173873355208928,2.7923566314448256,0.7490000000000003,2
6,49,100,8,1100,stranger,1.708158720918028,2.7923566314448256,1.1920000000000008,1
6,50,100,8,1100,stranger,-0.8103226446081777,2.7923566314448256,0.6370000000000003,2
6,51,100,8,1100,stranger,0.7101483772267692,2.7923566314448256,1.1380000000000008,1
6,52,100,8,1100,stranger,0.30961333354419673,2.7923566314448256,0.7830000000000004,1
6,53,100,8,1100,stranger,1.9008245378582558,2.7923566314448256,0.5040000000000002,1
6,54,100,8,1100,stranger,-0.45482368450396016,2.7923566314448256,0.7730000000000004,2
6,55,100,8,1100,stranger,0.06423184058628395,2.7923566314448256,1.0030000000000006,1
6,56,100,8,1100,stranger,1.2921159034432224,2.7923566314448256,0.6450000000000004,1
6,57,100,8,1100,stranger,0.8188300906720076,2.7923566314448256,1.1090000000000007,2
6,58,100,8,1100,stranger,3.4366400009296623,2.7923566314448256,0.5050000000000002,1
6,59,100,8,1100,stranger,1.1368991142912976,2.7923566314448256,1.0890000000000006,1
6,60,100,8,1100,stranger,2.6832476098922604,2.7923566314448256,0.8210000000000004,1
6,61,100,8,1100,stranger,3.4161832988781944,2.7923566314448256,0.5950000000000003,1
6,62,100,8,1100,stranger,-0.6802699850979737,2.7923566314448256,1.0860000000000007,2
6,63,100,8,1100,stranger,0.8187853059826069,2.7923566314448256,0.4980000000000002,1
6,64,100,8,1100,stranger,-1.0766952230204236,2.7923566314448256,0.43500000000000016,2
6,65,100,8,1100,stranger,0.22117539515840268,2.7923566314448256,1.0420000000000007,1
6,66,100,8,1100,stranger,-0.0033433580503046123,2.7923566314448256,1.0450000000000006,1
6,67,100,8,1100,stranger,-1.0079702572921139,2.7923566314448256,1.0140000000000007,2
6,68,100,8,1100,stranger,2.1259979614065623,2.7923566314448256,1.1430000000000007,1
6,69,100,8,1100,stranger,1.235029990178212,2.7923566314448256,1.0950000000000006,1
6,70,100,8,1100,stranger,1.1311931547498144,2.7923566314448256,0.6250000000000003,1
6,71,100,8,1100,stranger,2.818109424706389,2.7923566314448256,0.6590000000000004,1
6,72,100,8,1100,stranger,0.973742504136052,2.7923566314448256,1.1160000000000008,1
6,73,100,8,1100,stranger,0.026322446890431395,2.7923566314448256,0.8810000000000004,2
6,74,100,8,1100,stranger,0.7486199904574242,2.7923566314448256,0.8860000000000006,1
6,75,100,8,1100,stranger,-0.5494801564599983,2.7923566314448256,0.5290000000000002,2
6,76,100,8,1100,stranger,2.1149188301377837,2.7923566314448256,0.5590000000000003,1
6,77,100,8,1100,stranger,2.5447985301381504,2.7923566314448256,0.5830000000000003,1
6,78,100,8,1100,stranger,-0.39579917976812573,2.7923566314448256,1.1740000000000008,2
6,79,100,8,1100,stranger,-1.1419125362540912,2.7923566314448256,0.8720000000000006,2
6,80,100,8,1100,stranger,-0.34251293214461,2.7923566314448256,0.6900000000000004,2
6,81,100,8,1100,stranger,0.14753148509141917,2.7923566314448256,0.6240000000000003,1
6,82,100,8,1100,stranger,1.3259470162982145,2.7923566314448256,0.7340000000000004,1
6,83,100,8,1100,stranger,1.3071995444132065,2.7923566314448256,0.7990000000000004,1
6,84,100,8,1100,stranger,0.932610251511127,2.7923566314448256,0.6540000000000004,1
6,85,100,8,1100,stranger,-1.813227712746996,2.7923566314448256,0.7590000000000003,2
6,86,100,8,1100,stranger,-1.4438083108204112,2.7923566314448256,0.5060000000000002,2
6,87,100,8,1100,stranger,1.5583032198402826,2.7923566314448256,0.4580000000000002,1
6,88,100,8,1100,stranger,2.6273258312622736,2.7923566314448256,0.6450000000000004,1
6,89,100,8,1100,stranger,0.8811426388878582,2.7923566314448256,0.9820000000000007,1
6,90,100,8,1100,stranger,3.1531007787223655,2.7923566314448256,0.9390000000000005,1
6,91,100,8,1100,stranger,1.7656279728937254,2.7923566314448256,1.1170000000000007,1
6,92,100,8,1100,stranger,1.4739274296211402,2.7923566314448256,0.7970000000000004,1
6,93,100,8,1100,stranger,-1.5089952426872988,2.7923566314448256,0.9930000000000005,2
6,94,100,8,1100,stranger,4.438038346237407,2.7923566314448256,0.4490000000000002,1
6,95,100,8,1100,stranger,0.04249844963946514,2.7923566314448256,0.6330000000000003,2
6,96,100,8,1100,stranger,2.0934782729894303,2.7923566314448256,0.8020000000000005,1
6,97,100,8,1100,stranger,2.3944600819598243,2.7923566314448256,0.6540000000000004,1
6,98,100,8,1100,stranger,0.44508123446554554,2.7923566314448256,1.1280000000000008,1
6,99,100,8,1100,stranger,1.1141305662276242,2.7923566314448256,0.7410000000000003,1
6,100,100,8,1100,stranger,0.5557552316068737,2.7923566314448256,0.7140000000000004,1
6,101,100,8,1100,stranger,-0.9057118665309616,2.7923566314448256,0.8980000000000006,2
6,102,100,8,1100,stranger,0.6925352230061976,2.7923566314448256,0.5130000000000002,1
6,103,100,8,1100,stranger,-0.4960492997207797,2.7923566314448256,0.9690000000000005,2
6,104,100,8,1100,stranger,1.5261260849483196,2.7923566314448256,0.8270000000000004,1
6,105,100,8,1100,stranger,2.630599501723909,2.7923566314448256,0.8910000000000005,1
6,106,100,8,1100,stranger,0.11012271311978905,2.7923566314448256,1.1960000000000008,2
6,107,100,8,1100,stranger,-2.0786500205460596,2.7923566314448256,0.6470000000000004,2
6,108,100,8,1100,stranger,0.6094763794712235,2.7923566314448256,0.9530000000000005,1
6,109,100,8,1100,stranger,-0.4249360368522719,2.7923566314448256,0.8570000000000004,2
6,110,100,8,1100,stranger,1.5369830458183942,2.7923566314448256,0.9980000000000007,1
6,111,100,8,1100,stranger,2.7122389007165326,2.7923566314448256,0.6290000000000003,1
6,112,100,8,1100,stranger,0.46569152485130794,2.7923566314448256,1.0930000000000006,1
6,113,100,8,1100,stranger,-0.38409909544529197,2.7923566314448256,0.6320000000000003,1
6,114,100,8,1100,stranger,-0.3701246818088265,2.7923566314448256,1.1290000000000007,2
6,115,100,8,1100,stranger,1.278149214504,2.7923566314448256,1.1590000000000007,1
6,116,100,8,1100,stranger,2.8689550110331234,2.7923566314448256,0.6430000000000003,1
6,117,100,8,1100,stranger,1.5921238065989964,2.7923566314448256,1.1570000000000007,1
6,118,100,8,1100,stranger,1.1440868423570336,2.7923566314448256,1.1540000000000008,1
6,119,100,8,1100,stranger,0.2534932721491983,2.7923566314448256,0.6590000000000004,1
6,120,100,8,1100,stranger,0.46808150721263164,2.7923566314448256,1.0930000000000006,1
6,121,100,8,1100,stranger,1.840888091294905,2.7923566314448256,0.4750000000000002,1
6,122,100,8,1100,stranger,0.625661137161668,2.7923566314448256,1.1300000000000008,1
6,123,100,8,1100,stranger,1.964003109483054,2.7923566314448256,0.6070000000000003,1
6,124,100,8,1100,stranger,0.600906484492043,2.7923566314448256,1.1940000000000008,1
6,125,100,8,1100,stranger,1.9277484046850126,2.7923566314448256,0.8580000000000005,1
6,126,100,8,1100,stranger,1.1807290068718492,2.7923566314448256,0.8780000000000006,1
6,127,100,8,1100,stranger,1.749528420628152,2.7923566314448256,0.7020000000000004,1
6,128,100,8,1100,stranger,0.29745815799114905,2.7923566314448256,0.8260000000000005,1
6,129,100,8,1100,stranger,0.8514328356421634,2.7923566314448256,1.1980000000000008,1
6,130,100,8,1100,stranger,0.8099421639647748,2.7923566314448256,1.1490000000000007,1
6,1,100,8,1100,self,2.151109632624966,2.7923566314448256,0.9790000000000005,1
6,2,100,8,1100,self,2.308760168229331,2.7923566314448256,0.5060000000000002,1
6,3,100,8,1100,self,2.4837635555787205,2.7923566314448256,0.8820000000000006,1
6,4,100,8,1100,self,1.763442968188805,2.7923566314448256,0.7520000000000004,1
6,5,100,8,1100,self,1.030232157262662,2.7923566314448256,0.6630000000000004,1
6,6,100,8,1100,self,2.308270364486203,2.7923566314448256,1.1220000000000008,1
6,7,100,8,1100,self,2.4940478499289718,2.7923566314448256,0.8300000000000005,1
6,8,100,8,1100,self,2.835975877295888,2.7923566314448256,0.7420000000000004,1
6,9,100,8,1100,self,2.4107406336420674,2.7923566314448256,1.0350000000000006,1
6,10,100,8,1100,self,1.7400621621185404,2.7923566314448256,0.5600000000000003,1
6,11,100,8,1100,self,1.195646518455767,2.7923566314448256,0.7410000000000003,1
6,12,100,8,1100,self,2.922883654454075,2.7923566314448256,0.9920000000000007,1
6,13,100,8,1100,self,0.9416329137798665,2.7923566314448256,0.5860000000000003,1
6,14,100,8,1100,self,3.957135420065338,2.7923566314448256,0.9020000000000006,1
6,15,100,8,1100,self,2.8213397938656315,2.7923566314448256,0.6780000000000004,1
6,16,100,8,1100,self,3.079021895508972,2.7923566314448256,0.42400000000000015,1
6,17,100,8,1100,self,1.8235695208445521,2.7923566314448256,1.1970000000000007,1
6,18,100,8,1100,self,1.9122622264729898,2.7923566314448256,0.8330000000000004,1
6,19,100,8,1100,self,1.499286373824939,2.7923566314448256,0.8030000000000004,1
6,20,100,8,1100,self,1.1843518956120325,2.7923566314448256,1.1180000000000008,1
6,21,100,8,1100,self,3.4296146102415355,2.7923566314448256,0.8570000000000004,1
6,22,100,8,1100,self,3.272212940156276,2.7923566314448256,0.5140000000000002,1
6,23,100,8,1100,self,2.3013633948297314,2.7923566314448256,0.6490000000000004,1
6,24,100,8,1100,self,3.6382840900014806,2.7923566314448256,0.5110000000000002,1
6,25,100,8,1100,self,3.5348421165436346,2.7923566314448256,0.6790000000000004,1
6,26,100,8,1100,self,3.608023217937352,2.7923566314448256,0.6610000000000004,1
6,27,100,8,1100,self,3.195853184482611,2.7923566314448256,0.7020000000000004,1
6,28,100,8,1100,self,3.570570444333663,2.7923566314448256,0.3610000000000001,1
6,29,100,8,1100,self,0.6881451367585742,2.7923566314448256,1.1590000000000007,1
6,30,100,8,1100,self,1.3685028045113552,2.7923566314448256,1.0820000000000007,1
6,31,100,8,1100,self,3.2708241837705048,2.7923566314448256,0.42800000000000016,1
6,32,100,8,1100,self,0.7408311606909634,2.7923566314448256,0.7160000000000004,2
6,33,100,8,1100,self,3.392188221701253,2.7923566314448256,0.4890000000000002,1
6,34,100,8,1100,self,3.049427873606201,2.7923566314448256,0.5550000000000003,1
6,35,100,8,1100,self,2.5311674092702874,2.7923566314448256,1.1620000000000008,1
6,36,100,8,1100,self,1.1294866629255271,2.7923566314448256,0.9870000000000005,1
6,37,100,8,1100,self,2.2814659027384554,2.7923566314448256,0.8250000000000004,1
6,38,100,8,1100,self,3.2797807310319116,2.7923566314448256,0.8410000000000004,1
6,39,100,8,1100,self,1.89015138795432,2.7923566314448256,0.6100000000000003,1
6,40,100,8,1100,self,2.6109443315341343,2.7923566314448256,0.6550000000000004,1
6,41,100,8,1100,self,2.9447026656085855,2.7923566314448256,0.7640000000000005,1
6,42,100,8,1100,self,2.3859974976735394,2.7923566314448256,0.7160000000000004,1
6,43,100,8,1100,self,1.4704590552469086,2.7923566314448256,0.7020000000000004,1
6,44,100,8,1100,self,2.351470348648149,2.7923566314448256,0.9500000000000006,1
6,45,100,8,1100,self,3.506366970425315,2.7923566314448256,0.4940000000000002,1
6,46,100,8,1100,self,3.1016257462175787,2.7923566314448256,0.42400000000000015,1
6,47,100,8,1100,self,2.3690669242499856,2.7923566314448256,0.7120000000000004,1
6,48,100,8,1100,self,2.463255343776706,2.7923566314448256,0.7160000000000004,1
6,49,100,8,1100,self,4.373452978125732,2.7923566314448256,0.7400000000000004,1
6,50,100,8,1100,self,3.159498343415086,2.7923566314448256,0.3800000000000001,1
6,51,100,8,1100,self,0.9623649274487645,2.7923566314448256,1.1290000000000007,1
6,52,100,8,1100,self,0.8205864535059295,2.7923566314448256,0.5900000000000003,1
6,53,100,8,1100,self,1.4989005506899953,2.7923566314448256,1.1190000000000007,1
6,54,100,8,1100,self,2.542634260530263,2.7923566314448256,0.5970000000000003,1
6,55,100,8,1100,self,2.672670219959224,2.7923566314448256,0.5600000000000003,1
6,56,100,8,1100,self,3.6317137095013408,2.7923566314448256,0.4670000000000002,1
6,57,100,8,1100,self,1.3768810485193452,2.7923566314448256,0.8990000000000005,1
6,58,100,8,1100,self,3.7670515599559264,2.7923566314448256,0.4560000000000002,1
6,59,100,8,1100,self,1.3317767305113093,2.7923566314448256,0.9840000000000007,1
6,60,100,8,1100,self,2.0702314809101363,2.7923566314448256,1.1790000000000007,1
6,61,100,8,1100,self,2.024943333316788,2.7923566314448256,0.9690000000000005,1
6,62,100,8,1100,self,2.981223798150039,2.7923566314448256,1.1170000000000007,1
6,63,100,8,1100,self,2.8507721672325403,2.7923566314448256,0.3770000000000001,1
6,64,100,8,1100,self,2.8869542501777494,2.7923566314448256,0.8250000000000004,1
6,65,100,8,1100,self,2.3136241109278273,2.7923566314448256,0.9290000000000005,1
6,66,100,8,1100,self,2.0972890481430837,2.7923566314448256,1.0750000000000006,1
6,67,100,8,1100,self,3.6127307652064258,2.7923566314448256,0.6340000000000003,1
6,68,100,8,1100,self,2.7126702178591504,2.7923566314448256,0.4530000000000002,1
6,69,100,8,1100,self,3.2691016878981,2.7923566314448256,0.5880000000000003,1
6,70,100,8,1100,self,1.711476076518687,2.7923566314448256,0.5730000000000003,1
6,71,100,8,1100,self,2.807141100537798,2.7923566314448256,0.8240000000000005,1
6,72,100,8,1100,self,3.032279757106741,2.7923566314448256,0.7680000000000005,1
6,73,100,8,1100,self,1.8472950805486268,2.7923566314448256,0.6610000000000004,1
6,74,100,8,1100,self,2.111752539300232,2.7923566314448256,1.1720000000000008,1
6,75,100,8,1100,self,1.9515394458250255,2.7923566314448256,0.9860000000000007,1
6,76,100,8,1100,self,2.5782786617897067,2.7923566314448256,0.6860000000000004,1
6,77,100,8,1100,self,4.367335282822167,2.7923566314448256,0.5210000000000002,1
6,78,100,8,1100,self,1.6312846251889241,2.7923566314448256,0.7870000000000004,1
6,79,100,8,1100,self,3.0066022372380745,2.7923566314448256,0.4740000000000002,1
6,80,100,8,1100,self,4.6494721141842685,2.7923566314448256,0.4950000000000002,1
6,81,100,8,1100,self,2.30511540727437,2.7923566314448256,0.6210000000000003,1
6,82,100,8,1100,self,2.4135234341872143,2.7923566314448256,0.4950000000000002,1
6,83,100,8,1100,self,2.2715898174382274,2.7923566314448256,0.6560000000000004,1
6,84,100,8,1100,self,2.561857057474659,2.7923566314448256,0.6310000000000003,1
6,85,100,8,1100,self,1.3965059910870876,2.7923566314448256,0.8200000000000005,1
6,86,100,8,1100,self,3.662297907652647,2.7923566314448256,0.7200000000000004,1
6,87,100,8,1100,self,2.9285166278777433,2.7923566314448256,0.5010000000000002,1
6,88,100,8,1100,self,2.90426898175023,2.7923566314448256,0.5460000000000003,1
6,89,100,8,1100,self,2.2706905491716634,2.7923566314448256,0.5050000000000002,1
6,90,100,8,1100,self,1.512252433199504,2.7923566314448256,1.0190000000000006,1
6,91,100,8,1100,self,2.477860462251504,2.7923566314448256,0.7610000000000003,1
6,92,100,8,1100,self,3.6571841697855363,2.7923566314448256,0.7480000000000004,1
6,93,100,8,1100,self,1.320750769084741,2.7923566314448256,1.0510000000000006,1
6,94,100,8,1100,self,5.48389753000154,2.7923566314448256,0.4700000000000002,1
6,95,100,8,1100,self,2.050968446254966,2.7923566314448256,0.4630000000000002,1
6,96,100,8,1100,self,3.2590125512396675,2.7923566314448256,0.4680000000000002,1
6,97,100,8,1100,self,1.8654173050334697,2.7923566314448256,0.4860000000000002,1
6,98,100,8,1100,self,3.7603527629281253,2.7923566314448256,0.5940000000000003,1
6,99,100,8,1100,self,2.2766043522513737,2.7923566314448256,0.7650000000000003,1
6,100,100,8,1100,self,1.9102470236850917,2.7923566314448256,0.8760000000000006,1
6,101,100,8,1100,self,1.6519287922310766,2.7923566314448256,1.1600000000000008,1
6,102,100,8,1100,self,1.3061149878535943,2.7923566314448256,0.5740000000000003,1
6,103,100,8,1100,self,2.4513700231619007,2.7923566314448256,0.8100000000000005,1
6,104,100,8,1100,self,2.2237275482417194,2.7923566314448256,0.3880000000000001,1
6,105,100,8,1100,self,3.055467511858145,2.7923566314448256,0.4890000000000002,1
6,106,100,8,1100,self,2.4235537734858954,2.7923566314448256,0.5760000000000003,1
6,107,100,8,1100,self,2.4367242392027886,2.7923566314448256,1.1200000000000008,1
6,108,100,8,1100,self,2.336813559338598,2.7923566314448256,0.5890000000000003,1
6,109,100,8,1100,self,3.168226962095118,2.7923566314448256,0.5110000000000002,1
6,110,100,8,1100,self,1.8554677994465227,2.7923566314448256,0.9730000000000005,1
6,111,100,8,1100,self,1.7430474655898676,2.7923566314448256,0.7470000000000003,1
6,112,100,8,1100,self,2.84559565136035,2.7923566314448256,0.6180000000000003,1
6,113,100,8,1100,self,3.526904162328542,2.7923566314448256,0.40900000000000014,1
6,114,100,8,1100,self,1.6085779265757696,2.7923566314448256,0.8720000000000006,1
6,115,100,8,1100,self,3.687786277488817,2.7923566314448256,0.6070000000000003,1
6,116,100,8,1100,self,4.167655094810541,2.7923566314448256,0.7760000000000005,1
6,117,100,8,1100,self,3.230398172831544,2.7923566314448256,0.43800000000000017,1
6,118,100,8,1100,self,1.2372048195269516,2.7923566314448256,0.5270000000000002,1
6,119,100,8,1100,self,2.248855569881502,2.7923566314448256,0.6740000000000004,1
6,120,100,8,1100,self,2.2284209983079757,2.7923566314448256,0.5660000000000003,1
6,121,100,8,1100,self,1.842845575712211,2.7923566314448256,0.6630000000000004,1
6,122,100,8,1100,self,0.3660015140555861,2.7923566314448256,0.8290000000000004,2
6,123,100,8,1100,self,5.411455258225971,2.7923566314448256,0.4780000000000002,1
6,124,100,8,1100,self,0.8616666546197649,2.7923566314448256,0.5360000000000003,2
6,125,100,8,1100,self,2.0388872855084315,2.7923566314448256,0.4570000000000002,1
6,126,100,8,1100,self,1.405701556118693,2.7923566314448256,0.6960000000000004,1
6,127,100,8,1100,self,3.137980764092245,2.7923566314448256,0.5060000000000002,1
6,128,100,8,1100,self,0.9588963737045375,2.7923566314448256,0.5980000000000003,1
6,129,100,8,1100,self,1.8107084879504012,2.7923566314448256,0.6170000000000003,1
6,130,100,8,1100,self,2.492777420480302,2.7923566314448256,0.5350000000000003,1
7,1,100,8,1100,stranger,0.48647267763911156,2.7986796299400867,1.0500000000000007,2
7,2,100,8,1100,stranger,-0.33521910025762125,2.7986796299400867,0.6160000000000003,2
7,3,100,8,1100,stranger,1.0066417800443166,2.7986796299400867,0.8870000000000005,1
7,4,100,8,1100,stranger,1.9632906189305313,2.7986796299400867,1.1240000000000008,1
7,5,100,8,1100,stranger,1.3350541012853645,2.7986796299400867,0.6830000000000004,1
7,6,100,8,1100,stranger,1.1229875486210952,2.7986796299400867,0.5980000000000003,1
7,7,100,8,1100,stranger,1.7639661964757325,2.7986796299400867,0.7660000000000005,1
7,8,100,8,1100,stranger,0.8133327240137727,2.7986796299400867,0.7510000000000003,1
7,9,100,8,1100,stranger,0.8707855500104058,2.7986796299400867,0.9130000000000005,1
7,10,100,8,1100,stranger,0.6517176516574187,2.7986796299400867,0.4450000000000002,1
7,11,100,8,1100,stranger,1.6911601437532693,2.7986796299400867,0.6370000000000003,1
7,12,100,8,1100,stranger,1.689273624994178,2.7986796299400867,0.5530000000000003,1
7,13,100,8,1100,stranger,2.8222266497605637,2.7986796299400867,0.7020000000000004,1
7,14,100,8,1100,stranger,2.659765103168696,2.7986796299400867,0.6160000000000003,1
7,15,100,8,1100,stranger,2.3573595599955706,2.7986796299400867,0.4900000000000002,1
7,16,100,8,1100,stranger,1.0134157161498805,2.7986796299400867,0.8570000000000004,1
7,17,100,8,1100,stranger,-0.14879034364991428,2.7986796299400867,0.8290000000000004,1
7,18,100,8,1100,stranger,1.5021896891217654,2.7986796299400867,0.7650000000000003,1
7,19,100,8,1100,stranger,2.0579968280824623,2.7986796299400867,0.8240000000000005,1
7,20,100,8,1100,stranger,2.301653305265929,2.7986796299400867,0.6580000000000004,1
7,21,100,8,1100,stranger,-1.3020158756430016,2.7986796299400867,0.6570000000000004,2
7,22,100,8,1100,stranger,1.6477372620668294,2.7986796299400867,0.7490000000000003,1
7,23,100,8,1100,stranger,1.2004710970903019,2.7986796299400867,0.7100000000000004,1
7,24,100,8,1100,stranger,-0.6316648824881463,2.7986796299400867,0.9140000000000006,2
7,25,100,8,1100,stranger,0.24600359457159443,2.7986796299400867,1.0900000000000007,2
7,26,100,8,1100,stranger,-1.014071364476974,2.7986796299400867,0.9340000000000006,2
7,27,100,8,1100,stranger,-1.4311867205397542,2.7986796299400867,1.0450000000000006,2
7,28,100,8,1100,stranger,1.0955140432157555,2.7986796299400867,1.0410000000000006,1
7,29,100,8,1100,stranger,1.7205324979187309,2.7986796299400867,0.6310000000000003,1
7,30,100,8,1100,stranger,-0.9182054726951023,2.7986796299400867,0.7210000000000003,2
7,31,100,8,1100,stranger,-0.23485657392261283,2.7986796299400867,0.6410000000000003,1
7,32,100,8,1100,stranger,0.7226153475746994,2.7986796299400867,0.6790000000000004,1
7,33,100,8,1100,stranger,0.3311538676159435,2.7986796299400867,0.8860000000000006,1
7,34,100,8,1100,stranger,0.7513722146611964,2.7986796299400867,0.5470000000000003,1
7,35,100,8,1100,stranger,2.192863923950089,2.7986796299400867,0.8310000000000004,1
7,36,100,8,1100,stranger,0.14805320751679318,2.7986796299400867,0.9550000000000005,1
7,37,100,8,1100,stranger,1.6546579064804352,2.7986796299400867,1.1760000000000008,1
7,38,100,8,1100,stranger,1.3887753169068557,2.7986796299400867,0.8430000000000004,1
7,39,100,8,1100,stranger,-1.5172814491858837,2.7986796299400867,0.9340000000000006,2
7,40,100,8,1100,stranger,-1.2273449101516452,2.7986796299400867,0.9210000000000005,2
7,41,100,8,1100,stranger,0.7607940667115562,2.7986796299400867,1.0790000000000006,1
7,42,100,8,1100,stranger,0.20641513212814783,2.7986796299400867,0.8170000000000004,1
7,43,100,8,1100,stranger,0.8148245134896339,2.7986796299400867,0.6640000000000004,1
7,44,100,8,1100,stranger,1.379549989080533,2.7986796299400867,0.7540000000000004,1
7,45,100,8,1100,stranger,1.1362972998534941,2.7986796299400867,0.6760000000000004,1
7,46,100,8,1100,stranger,1.51820489232533,2.7986796299400867,0.8880000000000006,1
7,47,100,8,1100,stranger,1.7486755016073932,2.7986796299400867,0.5760000000000003,1
7,48,100,8,1100,stranger,0.22086069051659118,2.7986796299400867,0.7290000000000003,1
7,49,100,8,1100,stranger,0.4174662206006,2.7986796299400867,0.7650000000000003,1
7,50,100,8,1100,stranger,0.8878010506148175,2.7986796299400867,1.0950000000000006,2
7,51,100,8,1100,stranger,0.13938299040608926,2.7986796299400867,0.7920000000000005,1
7,52,100,8,1100,stranger,1.8172971995224616,2.7986796299400867,1.0130000000000006,1
7,53,100,8,1100,stranger,0.9681521152416053,2.7986796299400867,0.8450000000000004,1
7,54,100,8,1100,stranger,0.47749135062370446,2.7986796299400867,1.1750000000000007,2
7,55,100,8,1100,stranger,1.3225723218799044,2.7986796299400867,0.9830000000000005,1
7,56,100,8,1100,stranger,0.8022657936664561,2.7986796299400867,0.9710000000000005,1
7,57,100,8,1100,stranger,-0.7158070267108263,2.7986796299400867,0.7630000000000003,2
7,58,100,8,1100,stranger,1.5850461208870745,2.7986796299400867,0.9360000000000006,1
7,59,100,8,1100,stranger,1.7216513947536545,2.7986796299400867,0.5600000000000003,1
7,60,100,8,1100,stranger,1.829275178093138,2.7986796299400867,0.8160000000000005,1
7,61,100,8,1100,stranger,1.8288658547174266,2.7986796299400867,0.9230000000000005,1
7,62,100,8,1100,stranger,2.2850538697067817,2.7986796299400867,0.4860000000000002,1
7,63,100,8,1100,stranger,0.6022934454297082,2.7986796299400867,0.8500000000000005,1
7,64,100,8,1100,stranger,0.6519149488274139,2.7986796299400867,1.1490000000000007,1
7,65,100,8,1100,stranger,1.42717467739963,2.7986796299400867,0.4670000000000002,1
7,66,100,8,1100,stranger,-1.1786096904841556,2.7986796299400867,0.9430000000000005,2
7,67,100,8,1100,stranger,0.5167160342286451,2.7986796299400867,0.5850000000000003,1
7,68,100,8,1100,stranger,-0.8969300064506371,2.7986796299400867,1.0250000000000006,2
7,69,100,8,1100,stranger,1.8599998786887506,2.7986796299400867,1.0010000000000006,1
7,70,100,8,1100,stranger,-0.6493216765744534,2.7986796299400867,0.7200000000000004,1
7,71,100,8,1100,stranger,-0.10144889418254277,2.7986796299400867,0.7070000000000003,2
7,72,100,8,1100,stranger,-0.5241906918058072,2.7986796299400867,1.0140000000000007,2
7,73,100,8,1100,stranger,0.6668344293552253,2.7986796299400867,0.6040000000000003,1
7,74,100,8,1100,stranger,0.7537997770589613,2.7986796299400867,0.7390000000000003,1
7,75,100,8,1100,stranger,0.6508168878847477,2.7986796299400867,0.8590000000000004,2
7,76,100,8,1100,stranger,2.066731225582676,2.7986796299400867,0.3140000000000001,1
7,77,100,8,1100,stranger,2.461659626945031,2.7986796299400867,0.3790000000000001,1
7,78,100,8,1100,stranger,0.048680660461459135,2.7986796299400867,0.9940000000000007,2
7,79,100,8,1100,stranger,0.4901451729829583,2.7986796299400867,0.8960000000000006,1
7,80,100,8,1100,stranger,1.3111095444344447,2.7986796299400867,1.1200000000000008,1
7,81,100,8,1100,stranger,1.5808204076495977,2.7986796299400867,0.44200000000000017,1
7,82,100,8,1100,stranger,0.26478797383677655,2.7986796299400867,0.6620000000000004,1
7,83,100,8,1100,stranger,1.856237193283543,2.7986796299400867,0.7940000000000005,1
7,84,100,8,1100,stranger,1.4450057748298397,2.7986796299400867,0.8130000000000004,2
7,85,100,8,1100,stranger,1.1470780003579715,2.7986796299400867,0.7570000000000003,1
7,86,100,8,1100,stranger,0.8593815562246532,2.7986796299400867,1.0390000000000006,1
7,87,100,8,1100,stranger,1.2784957257084224,2.7986796299400867,1.1030000000000006,1
7,88,100,8,1100,stranger,1.906183738814766,2.7986796299400867,0.9190000000000005,1
7,89,100,8,1100,stranger,-0.051179525451246266,2.7986796299400867,0.7690000000000003,2
7,90,100,8,1100,stranger,1.233321803080912,2.7986796299400867,0.9020000000000006,1
7,91,100,8,1100,stranger,0.23661739833010542,2.7986796299400867,0.9190000000000005,1
7,92,100,8,1100,stranger,1.7204059608694018,2.7986796299400867,0.6680000000000004,1
7,93,100,8,1100,stranger,1.9445321028934999,2.7986796299400867,0.4490000000000002,1
7,94,100,8,1100,stranger,1.6842836619394452,2.7986796299400867,0.5930000000000003,1
7,95,100,8,1100,stranger,-0.3752777361585645,2.7986796299400867,1.0800000000000007,2
7,96,100,8,1100,stranger,-0.5604664894601386,2.7986796299400867,1.0490000000000006,2
7,97,100,8,1100,stranger,-0.17267625589179214,2.7986796299400867,1.0680000000000007,2
7,98,100,8,1100,stranger,2.103832526812563,2.7986796299400867,1.1520000000000008,1
7,99,100,8,1100,stranger,1.1312908151037304,2.7986796299400867,0.9950000000000006,1
7,100,100,8,1100,stranger,2.209914119533625,2.7986796299400867,0.8440000000000005,1
7,101,100,8,1100,stranger,1.2829007231943814,2.7986796299400867,0.7180000000000004,1
7,102,100,8,1100,stranger,1.2567911905770137,2.7986796299400867,0.7120000000000004,1
7,103,100,8,1100,stranger,1.7538291812247093,2.7986796299400867,0.8860000000000006,1
7,104,100,8,1100,stranger,-0.03336514646126243,2.7986796299400867,1.1200000000000008,2
7,105,100,8,1100,stranger,0.43907359904550064,2.7986796299400867,0.5790000000000003,1
7,106,100,8,1100,stranger,1.3546271643378853,2.7986796299400867,0.6300000000000003,1
7,107,100,8,1100,stranger,0.0012361785596401997,2.7986796299400867,1.1200000000000008,1
7,108,100,8,1100,stranger,-0.14926435670115878,2.7986796299400867,1.1210000000000007,2
7,109,100,8,1100,stranger,2.6527620135531103,2.7986796299400867,0.7630000000000003,1
7,110,100,8,1100,stranger,1.578090735866775,2.7986796299400867,0.8040000000000005,1
7,111,100,8,1100,stranger,0.48493447010688884,2.7986796299400867,0.6610000000000004,1
7,112,100,8,1100,stranger,1.7086804888597154,2.7986796299400867,0.8660000000000005,1
7,113,100,8,1100,stranger,2.73108704066207,2.7986796299400867,0.4480000000000002,1
7,114,100,8,1100,stranger,2.6881460797597367,2.7986796299400867,0.9230000000000005,1
7,115,100,8,1100,stranger,1.179028545270979,2.7986796299400867,0.6610000000000004,1
7,116,100,8,1100,stranger,-2.342115492892113,2.7986796299400867,0.6680000000000004,2
7,117,100,8,1100,stranger,-0.8447114067186918,2.7986796299400867,0.8320000000000005,1
7,118,100,8,1100,stranger,2.7106587828146393,2.7986796299400867,0.8360000000000005,1
7,119,100,8,1100,stranger,1.0090063293439058,2.7986796299400867,0.7430000000000003,1
7,120,100,8,1100,stranger,-1.610562554402307,2.7986796299400867,0.9380000000000006,2
7,121,100,8,1100,stranger,1.510594176227134,2.7986796299400867,0.7600000000000005,1
7,122,100,8,1100,stranger,1.0836068698373644,2.7986796299400867,0.5510000000000003,1
7,123,100,8,1100,stranger,0.9939065292441239,2.7986796299400867,0.8910000000000005,1
7,124,100,8,1100,stranger,0.44175900536302015,2.7986796299400867,0.7980000000000005,2
7,125,100,8,1100,stranger,1.47913109453558,2.7986796299400867,0.7960000000000005,1
7,126,100,8,1100,stranger,0.29943468599792356,2.7986796299400867,1.0980000000000008,1
7,127,100,8,1100,stranger,1.5506932496455976,2.7986796299400867,1.1200000000000008,1
7,128,100,8,1100,stranger,-1.3578740035155872,2.7986796299400867,0.9470000000000005,2
7,129,100,8,1100,stranger,1.6873822567001855,2.7986796299400867,0.6130000000000003,1
7,130,100,8,1100,stranger,0.5231904932487302,2.7986796299400867,0.3850000000000001,1
7,1,100,8,1100,self,2.996055357078554,2.7986796299400867,0.6600000000000004,1
7,2,100,8,1100,self,4.2263019050323045,2.7986796299400867,0.6780000000000004,1
7,3,100,8,1100,self,3.410965889279421,2.7986796299400867,0.6160000000000003,1
7,4,100,8,1100,self,2.2516941638383456,2.7986796299400867,0.6970000000000004,1
7,5,100,8,1100,self,2.2760550712523733,2.7986796299400867,0.5120000000000002,1
7,6,100,8,1100,self,2.596382170150837,2.7986796299400867,1.0390000000000006,1
7,7,100,8,1100,self,4.33188518535136,2.7986796299400867,0.5040000000000002,1
7,8,100,8,1100,self,3.125800784285442,2.7986796299400867,0.5380000000000003,1
7,9,100,8,1100,self,2.8189538151222187,2.7986796299400867,0.5820000000000003,1
7,10,100,8,1100,self,1.5579986084269035,2.7986796299400867,0.8350000000000004,1
7,11,100,8,1100,self,2.9252220345763016,2.7986796299400867,0.4680000000000002,1
7,12,100,8,1100,self,2.2655883603954243,2.7986796299400867,0.5890000000000003,1
7,13,100,8,1100,self,1.7038282664939006,2.7986796299400867,0.5330000000000003,1
7,14,100,8,1100,self,1.3569616915082197,2.7986796299400867,0.9810000000000005,1
7,15,100,8,1100,self,2.2911358966995485,2.7986796299400867,0.7340000000000004,1
7,16,100,8,1100,self,3.1346341208589363,2.7986796299400867,0.6770000000000004,1
7,17,100,8,1100,self,2.038526257316552,2.7986796299400867,1.0440000000000007,1
7,18,100,8,1100,self,1.9873845497330256,2.7986796299400867,0.9850000000000005,1
7,19,100,8,1100,self,2.5077542980515584,2.7986796299400867,0.5630000000000003,1
7,20,100,8,1100,self,3.229559124459972,2.7986796299400867,0.7200000000000004,1
7,21,100,8,1100,self,3.0856343036810294,2.7986796299400867,0.4880000000000002,1
7,22,100,8,1100,self,1.7469395990764438,2.7986796299400867,1.1250000000000007,1
7,23,100,8,1100,self,3.396985715239266,2.7986796299400867,0.4690000000000002,1
7,24,100,8,1100,self,1.8602588224352767,2.7986796299400867,1.0150000000000006,1
7,25,100,8,1100,self,1.5183186289432102,2.7986796299400867,0.6780000000000004,1
7,26,100,8,1100,self,2.7406212554726954,2.7986796299400867,0.5940000000000003,1
7,27,100,8,1100,self,2.5022433938366655,2.7986796299400867,0.3370000000000001,1
7,28,100,8,1100,self,1.9603568348237226,2.7986796299400867,0.5070000000000002,1
7,29,100,8,1100,self,0.6394775196336506,2.7986796299400867,1.0240000000000007,1
7,30,100,8,1100,self,4.671352183357215,2.7986796299400867,0.39500000000000013,1
7,31,100,8,1100,self,3.3694669540167226,2.7986796299400867,0.7220000000000004,1
7,32,100,8,1100,self,3.352342907085279,2.7986796299400867,0.43100000000000016,1
7,33,100,8,1100,self,2.3935214740661452,2.7986796299400867,0.7220000000000004,1
7,34,100,8,1100,self,3.4439423716155755,2.7986796299400867,0.6690000000000004,1
7,35,100,8,1100,self,2.558532931335363,2.7986796299400867,0.43900000000000017,1
7,36,100,8,1100,self,2.2089045523885886,2.7986796299400867,0.6880000000000004,1
7,37,100,8,1100,self,1.9155115564985743,2.7986796299400867,0.5270000000000002,1
7,38,100,8,1100,self,2.4885120087611265,2.7986796299400867,1.1130000000000007,1
7,39,100,8,1100,self,1.9773476935683696,2.7986796299400867,0.7270000000000003,1
7,40,100,8,1100,self,3.0423242536686215,2.7986796299400867,0.5870000000000003,1
7,41,100,8,1100,self,1.3170536333349734,2.7986796299400867,0.8560000000000005,1
7,42,100,8,1100,self,3.1275072227326586,2.7986796299400867,0.7390000000000003,1
7,43,100,8,1100,self,1.829485620481342,2.7986796299400867,0.3550000000000001,1
7,44,100,8,1100,self,1.8994415770599375,2.7986796299400867,0.5820000000000003,1
7,45,100,8,1100,self,3.0243103744961317,2.7986796299400867,0.4910000000000002,1
7,46,100,8,1100,self,2.5726247398994326,2.7986796299400867,0.6450000000000004,1
7,47,100,8,1100,self,1.7054305233328104,2.7986796299400867,1.0130000000000006,1
7,48,100,8,1100,self,1.5772372398686092,2.7986796299400867,0.6140000000000003,1
7,49,100,8,1100,self,1.210195255854182,2.7986796299400867,0.7990000000000004,1
7,50,100,8,1100,self,2.9629180365977223,2.7986796299400867,0.5620000000000003,1
7,51,100,8,1100,self,3.078039934765161,2.7986796299400867,0.5450000000000003,1
7,52,100,8,1100,self,3.642289113389116,2.7986796299400867,0.5810000000000003,1
7,53,100,8,1100,self,1.449613423086464,2.7986796299400867,0.43100000000000016,1
7,54,100,8,1100,self,2.7312373507758814,2.7986796299400867,0.44200000000000017,1
7,55,100,8,1100,self,1.214978200923833,2.7986796299400867,0.8650000000000004,1
7,56,100,8,1100,self,1.9508104647779798,2.7986796299400867,0.5040000000000002,1
7,57,100,8,1100,self,1.5466080376467812,2.7986796299400867,0.9450000000000005,1
7,58,100,8,1100,self,2.1488200703622176,2.7986796299400867,0.7410000000000003,1
7,59,100,8,1100,self,2.701641290131937,2.7986796299400867,0.7810000000000004,1
7,60,100,8,1100,self,1.6736824746155579,2.7986796299400867,0.9340000000000006,1
7,61,100,8,1100,self,2.6648843414957524,2.7986796299400867,0.5950000000000003,1
7,62,100,8,1100,self,2.5543748162653963,2.7986796299400867,0.6390000000000003,1
7,63,100,8,1100,self,2.7052686319312116,2.7986796299400867,0.4990000000000002,1
7,64,100,8,1100,self,2.6017168380367717,2.7986796299400867,0.8750000000000004,1
7,65,100,8,1100,self,1.963366039411725,2.7986796299400867,1.0910000000000006,1
7,66,100,8,1100,self,2.215076465974322,2.7986796299400867,0.8580000000000005,1
7,67,100,8,1100,self,0.6999554942533901,2.7986796299400867,0.4910000000000002,1
7,68,100,8,1100,self,3.2222721931810527,2.7986796299400867,0.7260000000000004,1
7,69,100,8,1100,self,1.8898897547117701,2.7986796299400867,0.4830000000000002,1
7,70,100,8,1100,self,3.292038918291461,2.7986796299400867,0.9860000000000007,1
7,71,100,8,1100,self,2.6136564620122344,2.7986796299400867,0.8680000000000005,1
7,72,100,8,1100,self,2.9034075711117158,2.7986796299400867,0.44100000000000017,1
7,73,100,8,1100,self,2.444694343618546,2.7986796299400867,0.8620000000000005,1
7,74,100,8,1100,self,2.3382606899659435,2.7986796299400867,0.5180000000000002,1
7,75,100,8,1100,self,3.378544163427446,2.7986796299400867,0.5520000000000003,1
7,76,100,8,1100,self,2.160136959322112,2.7986796299400867,0.9390000000000005,1
7,77,100,8,1100,self,2.9049602489868347,2.7986796299400867,1.0950000000000006,1
7,78,100,8,1100,self,2.3650094021170927,2.7986796299400867,0.8230000000000004,1
7,79,100,8,1100,self,2.256625928490074,2.7986796299400867,0.6490000000000004,1
7,80,100,8,1100,self,2.9939972561954176,2.7986796299400867,0.5840000000000003,1
7,81,100,8,1100,self,2.501415710785991,2.7986796299400867,0.4650000000000002,1
7,82,100,8,1100,self,2.095079099827369,2.7986796299400867,0.7620000000000005,1
7,83,100,8,1100,self,1.5627363523512277,2.7986796299400867,0.5930000000000003,1
7,84,100,8,1100,self,2.958436468313474,2.7986796299400867,0.5040000000000002,1
7,85,100,8,1100,self,3.699358179294536,2.7986796299400867,0.42400000000000015,1
7,86,100,8,1100,self,1.980407770019901,2.7986796299400867,0.5480000000000003,1
7,87,100,8,1100,self,2.722138633441195,2.7986796299400867,0.7760000000000005,1
7,88,100,8,1100,self,1.2118854441820668,2.7986796299400867,1.1320000000000008,1
7,89,100,8,1100,self,2.6101803474537064,2.7986796299400867,0.44200000000000017,1
7,90,100,8,1100,self,2.5522533990447687,2.7986796299400867,1.1510000000000007,1
7,91,100,8,1100,self,2.9856433550052124,2.7986796299400867,0.7040000000000004,1
7,92,100,8,1100,self,4.347016873117152,2.7986796299400867,0.8290000000000004,1
7,93,100,8,1100,self,1.201157529913932,2.7986796299400867,1.1520000000000008,1
7,94,100,8,1100,self,1.4305086785135925,2.7986796299400867,1.0080000000000007,1
7,95,100,8,1100,self,2.930401558728366,2.7986796299400867,0.40100000000000013,1
7,96,100,8,1100,self,2.269660672095179,2.7986796299400867,0.5330000000000003,1
7,97,100,8,1100,self,2.4630129563433467,2.7986796299400867,0.5530000000000003,1
7,98,100,8,1100,self,3.0562634460163096,2.7986796299400867,0.4990000000000002,1
7,99,100,8,1100,self,1.29987404037418,2.7986796299400867,1.0300000000000007,1
7,100,100,8,1100,self,1.936806105402398,2.7986796299400867,0.8140000000000005,1
7,101,100,8,1100,self,2.0697077777925035,2.7986796299400867,0.7820000000000005,1
7,102,100,8,1100,self,2.000829512727819,2.7986796299400867,0.3770000000000001,1
7,103,100,8,1100,self,3.367176140571474,2.7986796299400867,0.5420000000000003,1
7,104,100,8,1100,self,2.4281661067514975,2.7986796299400867,0.7130000000000003,1
7,105,100,8,1100,self,0.7086418367103358,2.7986796299400867,0.5600000000000003,1
7,106,100,8,1100,self,2.7294981088445724,2.7986796299400867,0.5550000000000003,1
7,107,100,8,1100,self,1.7179154101595968,2.7986796299400867,0.8570000000000004,1
7,108,100,8,1100,self,1.4449837819388631,2.7986796299400867,1.0740000000000007,1
7,109,100,8,1100,self,2.7400718785507037,2.7986796299400867,0.7220000000000004,1
7,110,100,8,1100,self,0.49802804214445295,2.7986796299400867,1.1720000000000008,1
7,111,100,8,1100,self,2.326001299784083,2.7986796299400867,1.0190000000000006,1
7,112,100,8,1100,self,3.3752089225772504,2.7986796299400867,0.5340000000000003,1
7,113,100,8,1100,self,2.709613439527835,2.7986796299400867,0.8380000000000005,1
7,114,100,8,1100,self,1.4869306712970463,2.7986796299400867,0.5830000000000003,1
7,115,100,8,1100,self,2.0172654518076394,2.7986796299400867,0.9610000000000005,1
7,116,100,8,1100,self,3.0156064534511877,2.7986796299400867,0.7700000000000005,1
7,117,100,8,1100,self,2.5611902995654785,2.7986796299400867,0.6270000000000003,1
7,118,100,8,1100,self,4.457249992207969,2.7986796299400867,0.5990000000000003,1
7,119,100,8,1100,self,1.181327884250936,2.7986796299400867,0.8420000000000005,1
7,120,100,8,1100,self,1.839858804220045,2.7986796299400867,0.8340000000000005,1
7,121,100,8,1100,self,0.8103386220918556,2.7986796299400867,0.9610000000000005,1
7,122,100,8,1100,self,1.8357456654550464,2.7986796299400867,0.8280000000000005,1
7,123,100,8,1100,self,1.8983322182765798,2.7986796299400867,0.3630000000000001,1
7,124,100,8,1100,self,3.439173432002079,2.7986796299400867,0.43000000000000016,1
7,125,100,8,1100,self,4.169917729729557,2.7986796299400867,0.6380000000000003,1
7,126,100,8,1100,self,2.50905490182322,2.7986796299400867,0.9920000000000007,1
7,127,100,8,1100,self,3.326658778525038,2.7986796299400867,0.5760000000000003,1
7,128,100,8,1100,self,3.1267304189445895,2.7986796299400867,0.4920000000000002,1
7,129,100,8,1100,self,1.9057138780401557,2.7986796299400867,0.4440000000000002,1
7,130,100,8,1100,self,2.344828122087715,2.7986796299400867,0.4900000000000002,1
8,1,100,8,1100,stranger,1.08434179067305,4.271079774070581,1.0830000000000006,1
8,2,100,8,1100,stranger,-0.9326493117752888,4.271079774070581,0.5570000000000003,2
8,3,100,8,1100,stranger,0.6587261777446323,4.271079774070581,0.8170000000000004,1
8,4,100,8,1100,stranger,1.6894338177570272,4.271079774070581,1.1110000000000007,1
8,5,100,8,1100,stranger,1.1099736111286367,4.271079774070581,0.9740000000000006,1
8,6,100,8,1100,stranger,0.7425171029541104,4.271079774070581,0.7710000000000004,1
8,7,100,8,1100,stranger,0.24505847437681716,4.271079774070581,0.8980000000000006,1
8,8,100,8,1100,stranger,1.7360815207706457,4.271079774070581,0.7280000000000004,1
8,9,100,8,1100,stranger,2.3160275018472203,4.271079774070581,1.1400000000000008,1
8,10,100,8,1100,stranger,1.2019725532673253,4.271079774070581,0.8290000000000004,1
8,11,100,8,1100,stranger,0.48920862327311526,4.271079774070581,0.8910000000000005,1
8,12,100,8,1100,stranger,-0.21912423002756898,4.271079774070581,0.9240000000000006,2
8,13,100,8,1100,stranger,1.7838661223788816,4.271079774070581,1.1250000000000007,1
8,14,100,8,1100,stranger,1.352530047574984,4.271079774070581,0.8090000000000004,1
8,15,100,8,1100,stranger,1.365581862733695,4.271079774070581,0.9450000000000005,1
8,16,100,8,1100,stranger,2.787615133163981,4.271079774070581,0.8050000000000004,1
8,17,100,8,1100,stranger,0.5464797317435589,4.271079774070581,1.0140000000000007,1
8,18,100,8,1100,stranger,0.3169612882278479,4.271079774070581,0.8700000000000006,1
8,19,100,8,1100,stranger,-1.8838250272229273,4.271079774070581,1.1700000000000008,2
8,20,100,8,1100,stranger,-2.1783429092899387,4.271079774070581,0.9970000000000006,2
8,21,100,8,1100,stranger,1.787047206723177,4.271079774070581,1.0520000000000007,1
8,22,100,8,1100,stranger,1.6855303878385268,4.271079774070581,1.1110000000000007,1
8,23,100,8,1100,stranger,1.3045053120039805,4.271079774070581,0.9390000000000005,1
8,24,100,8,1100,stranger,-1.81943114341904,4.271079774070581,1.1190000000000007,2
8,25,100,8,1100,stranger,2.718589353223744,4.271079774070581,0.8510000000000004,1
8,26,100,8,1100,stranger,1.4034880198773827,4.271079774070581,1.1230000000000007,1
8,27,100,8,1100,stranger,0.8558088645071376,4.271079774070581,1.0900000000000007,1
8,28,100,8,1100,stranger,-0.7964713063692344,4.271079774070581,0.8200000000000005,2
8,29,100,8,1100,stranger,-1.9867501745677654,4.271079774070581,0.9620000000000006,2
8,30,100,8,1100,stranger,1.5173798835182724,4.271079774070581,0.9640000000000006,1
8,31,100,8,1100,stranger,2.391683645719195,4.271079774070581,0.9110000000000005,1
8,32,100,8,1100,stranger,0.378790119241879,4.271079774070581,0.8740000000000006,1
8,33,100,8,1100,stranger,2.109110204404621,4.271079774070581,0.8260000000000005,1
8,34,100,8,1100,stranger,0.23819861730707242,4.271079774070581,1.1230000000000007,1
8,35,100,8,1100,stranger,-0.11821832853858738,4.271079774070581,1.0550000000000006,2
8,36,100,8,1100,stranger,0.2529460932178898,4.271079774070581,0.6270000000000003,2
8,37,100,8,1100,stranger,1.3985260489360138,4.271079774070581,0.6760000000000004,1
8,38,100,8,1100,stranger,1.2175042722361111,4.271079774070581,1.0850000000000006,1
8,39,100,8,1100,stranger,1.1281215217218734,4.271079774070581,0.9350000000000005,1
8,40,100,8,1100,stranger,-1.4478881871307094,4.271079774070581,0.7200000000000004,2
8,41,100,8,1100,stranger,1.3229482612556724,4.271079774070581,1.1440000000000008,1
8,42,100,8,1100,stranger,0.43737540368568456,4.271079774070581,0.7520000000000004,1
8,43,100,8,1100,stranger,0.009459875682130137,4.271079774070581,0.9000000000000006,1
8,44,100,8,1100,stranger,1.6329578469461252,4.271079774070581,0.8530000000000004,1
8,45,100,8,1100,stranger,-0.47456828180972654,4.271079774070581,1.1220000000000008,2
8,46,100,8,1100,stranger,1.946961728429127,4.271079774070581,0.7820000000000005,1
8,47,100,8,1100,stranger,0.9577410359075273,4.271079774070581,0.8070000000000004,1
8,48,100,8,1100,stranger,0.7656200796368401,4.271079774070581,0.8500000000000005,1
8,49,100,8,1100,stranger,-0.064024164884943,4.271079774070581,0.8460000000000005,2
8,50,100,8,1100,stranger,1.6405951457449681,4.271079774070581,1.0830000000000006,1
8,51,100,8,1100,stranger,0.05037776880287903,4.271079774070581,1.1180000000000008,2
8,52,100,8,1100,stranger,1.7131215892052636,4.271079774070581,0.8300000000000005,1
8,53,100,8,1100,stranger,0.5866318743177696,4.271079774070581,1.0270000000000006,2
8,54,100,8,1100,stranger,0.6740026508363223,4.271079774070581,0.6980000000000004,1
8,55,100,8,1100,stranger,1.5743970335875899,4.271079774070581,0.9840000000000007,1
8,56,100,8,1100,stranger,0.73883669129291,4.271079774070581,0.8320000000000005,1
8,57,100,8,1100,stranger,-1.1651717448175962,4.271079774070581,0.7400000000000004,2
8,58,100,8,1100,stranger,1.1727743833941107,4.271079774070581,1.0050000000000006,1
8,59,100,8,1100,stranger,0.6503963758154993,4.271079774070581,0.9830000000000005,1
8,60,100,8,1100,stranger,1.1387885094696053,4.271079774070581,0.9160000000000006,1
8,61,100,8,1100,stranger,1.9178481137111816,4.271079774070581,0.9260000000000006,1
8,62,100,8,1100,stranger,-1.851722558484782,4.271079774070581,1.1760000000000008,2
8,63,100,8,1100,stranger,1.7740910203674884,4.271079774070581,0.7380000000000004,1
8,64,100,8,1100,stranger,-1.0239207187970205,4.271079774070581,1.1400000000000008,2
8,65,100,8,1100,stranger,-0.8278418685334619,4.271079774070581,1.1560000000000008,2
8,66,100,8,1100,stranger,2.6758824493772697,4.271079774070581,1.0250000000000006,1
8,67,100,8,1100,stranger,2.5088188870188834,4.271079774070581,0.7770000000000004,1
8,68,100,8,1100,stranger,1.2355613629450233,4.271079774070581,0.7900000000000005,1
8,69,100,8,1100,stranger,-1.0526634913445485,4.271079774070581,0.9410000000000005,2
8,70,100,8,1100,stranger,1.8160042226234374,4.271079774070581,0.8610000000000004,1
8,71,100,8,1100,stranger,1.639668732839776,4.271079774070581,1.0580000000000007,1
8,72,100,8,1100,stranger,1.5784395566235112,4.271079774070581,1.0660000000000007,1
8,73,100,8,1100,stranger,0.14994308425138203,4.271079774070581,0.9260000000000006,1
8,74,100,8,1100,stranger,1.2413813398985354,4.271079774070581,1.1910000000000007,1
8,75,100,8,1100,stranger,-0.9182144420097103,4.271079774070581,1.0920000000000007,2
8,76,100,8,1100,stranger,3.4216682612860128,4.271079774070581,0.7040000000000004,1
8,77,100,8,1100,stranger,1.3773305773491529,4.271079774070581,0.9680000000000006,1
8,78,100,8,1100,stranger,0.9050436368092294,4.271079774070581,1.0430000000000006,1
8,79,100,8,1100,stranger,0.15363811243390735,4.271079774070581,1.0190000000000006,1
8,80,100,8,1100,stranger,-0.0801013452872773,4.271079774070581,0.9710000000000005,2
8,81,100,8,1100,stranger,2.6646446632001726,4.271079774070581,0.9070000000000005,1
8,82,100,8,1100,stranger,2.50461778989762,4.271079774070581,0.7070000000000003,1
8,83,100,8,1100,stranger,2.450783064214083,4.271079774070581,0.9290000000000005,1
8,84,100,8,1100,stranger,1.7432897536362952,4.271079774070581,0.9280000000000006,1
8,85,100,8,1100,stranger,1.7295927384876677,4.271079774070581,1.0870000000000006,1
8,86,100,8,1100,stranger,2.614910049317784,4.271079774070581,0.5630000000000003,1
8,87,100,8,1100,stranger,1.4040457805278672,4.271079774070581,0.7540000000000004,1
8,88,100,8,1100,stranger,0.9232217464657013,4.271079774070581,0.8240000000000005,1
8,89,100,8,1100,stranger,0.7407427241689999,4.271079774070581,0.8440000000000005,1
8,90,100,8,1100,stranger,1.6651999702351172,4.271079774070581,0.7830000000000004,1
8,91,100,8,1100,stranger,-0.5245360491405437,4.271079774070581,1.1110000000000007,2
8,92,100,8,1100,stranger,1.7874555946904096,4.271079774070581,0.8970000000000005,1
8,93,100,8,1100,stranger,1.7113924043828983,4.271079774070581,0.7090000000000003,1
8,94,100,8,1100,stranger,0.3758642370879016,4.271079774070581,1.1690000000000007,2
8,95,100,8,1100,stranger,1.408350212266328,4.271079774070581,1.0120000000000007,1
8,96,100,8,1100,stranger,-0.12601810652677548,4.271079774070581,1.0380000000000007,2
8,97,100,8,1100,stranger,-1.2670509373329237,4.271079774070581,0.7920000000000005,2
8,98,100,8,1100,stranger,0.3165746679816343,4.271079774070581,0.7460000000000004,2
8,99,100,8,1100,stranger,1.2085091595742468,4.271079774070581,0.8230000000000004,1
8,100,100,8,1100,stranger,2.515825421656046,4.271079774070581,0.8850000000000005,1
8,101,100,8,1100,stranger,0.5026167169901792,4.271079774070581,1.1530000000000007,1
8,102,100,8,1100,stranger,-0.3897162838175412,4.271079774070581,0.9190000000000005,1
8,103,100,8,1100,stranger,0.6625089941379809,4.271079774070581,0.9180000000000006,1
8,104,100,8,1100,stranger,2.136212460423889,4.271079774070581,0.8630000000000004,1
8,105,100,8,1100,stranger,1.182756750550437,4.271079774070581,0.9800000000000006,1
8,106,100,8,1100,stranger,0.781585927834248,4.271079774070581,0.9140000000000006,1
8,107,100,8,1100,stranger,-0.45892330543657467,4.271079774070581,1.1450000000000007,2
8,108,100,8,1100,stranger,1.7167469375062225,4.271079774070581,0.9360000000000006,1
8,109,100,8,1100,stranger,2.8776784134903917,4.271079774070581,0.8420000000000005,1
8,110,100,8,1100,stranger,3.3854730536891067,4.271079774070581,0.7800000000000005,1
8,111,100,8,1100,stranger,-1.6008493603810292,4.271079774070581,0.7310000000000003,2
8,112,100,8,1100,stranger,2.649258468274974,4.271079774070581,0.5890000000000003,1
8,113,100,8,1100,stranger,1.3442566516109353,4.271079774070581,0.8750000000000004,1
8,114,100,8,1100,stranger,0.029343652002438936,4.271079774070581,0.9790000000000005,2
8,115,100,8,1100,stranger,-0.15409970324310196,4.271079774070581,0.8870000000000005,1
8,116,100,8,1100,stranger,1.6293803999684462,4.271079774070581,0.7280000000000004,1
8,117,100,8,1100,stranger,0.7812125212211742,4.271079774070581,0.9150000000000005,1
8,118,100,8,1100,stranger,1.7756052039717265,4.271079774070581,1.0940000000000007,1
8,119,100,8,1100,stranger,0.6608153442397375,4.271079774070581,1.1410000000000007,1
8,120,100,8,1100,stranger,1.5395215680129197,4.271079774070581,0.8650000000000004,1
8,121,100,8,1100,stranger,-0.3253323530602714,4.271079774070581,0.8740000000000006,2
8,122,100,8,1100,stranger,2.038583699010866,4.271079774070581,0.7900000000000005,1
8,123,100,8,1100,stranger,2.1549544979736748,4.271079774070581,0.8840000000000006,1
8,124,100,8,1100,stranger,3.547467271620984,4.271079774070581,1.1310000000000007,1
8,125,100,8,1100,stranger,-0.5456456684981483,4.271079774070581,1.0500000000000007,2
8,126,100,8,1100,stranger,-1.484466542108596,4.271079774070581,1.0680000000000007,2
8,127,100,8,1100,stranger,2.6844459026289478,4.271079774070581,0.9440000000000006,1
8,128,100,8,1100,stranger,1.0106097431680587,4.271079774070581,0.8550000000000004,1
8,129,100,8,1100,stranger,1.7744955829338602,4.271079774070581,1.1070000000000007,1
8,130,100,8,1100,stranger,2.5361773198226296,4.271079774070581,0.6520000000000004,1
8,1,100,8,1100,self,1.8793282012603207,4.271079774070581,0.9410000000000005,1
8,2,100,8,1100,self,0.6839576462373178,4.271079774070581,0.8780000000000006,1
8,3,100,8,1100,self,3.7279129308466903,4.271079774070581,0.5600000000000003,1
8,4,100,8,1100,self,3.0629337940462347,4.271079774070581,0.7780000000000005,1
8,5,100,8,1100,self,1.8043174551831669,4.271079774070581,0.9650000000000005,1
8,6,100,8,1100,self,3.4767978738481276,4.271079774070581,0.9600000000000006,1
8,7,100,8,1100,self,3.226477477815995,4.271079774070581,0.7220000000000004,1
8,8,100,8,1100,self,3.477794984931311,4.271079774070581,0.7280000000000004,1
8,9,100,8,1100,self,1.414660069094455,4.271079774070581,0.9110000000000005,1
8,10,100,8,1100,self,4.271696308424955,4.271079774070581,0.6900000000000004,1
8,11,100,8,1100,self,4.13577424689298,4.271079774070581,0.8100000000000005,1
8,12,100,8,1100,self,2.4815098828269444,4.271079774070581,0.7150000000000003,1
8,13,100,8,1100,self,1.6602325872416732,4.271079774070581,1.0830000000000006,1
8,14,100,8,1100,self,3.104596812090663,4.271079774070581,0.6170000000000003,1
8,15,100,8,1100,self,2.5632048361313315,4.271079774070581,0.6080000000000003,1
8,16,100,8,1100,self,1.6132766123608064,4.271079774070581,0.7600000000000005,1
8,17,100,8,1100,self,2.9361567931802437,4.271079774070581,1.1820000000000008,1
8,18,100,8,1100,self,1.487037618367507,4.271079774070581,0.8050000000000004,1
8,19,100,8,1100,self,3.8133483468143563,4.271079774070581,0.7570000000000003,1
8,20,100,8,1100,self,2.469134800880426,4.271079774070581,0.8460000000000005,1
8,21,100,8,1100,self,3.244838468128177,4.271079774070581,0.7600000000000005,1
8,22,100,8,1100,self,2.6796375586920274,4.271079774070581,0.7550000000000003,1
8,23,100,8,1100,self,3.0662964491574978,4.271079774070581,0.7920000000000005,1
8,24,100,8,1100,self,0.6690254440284793,4.271079774070581,0.5910000000000003,1
8,25,100,8,1100,self,2.166995898343356,4.271079774070581,1.0030000000000006,1
8,26,100,8,1100,self,3.8346443025966632,4.271079774070581,0.4980000000000002,1
8,27,100,8,1100,self,1.338071259295508,4.271079774070581,0.7800000000000005,1
8,28,100,8,1100,self,3.753916803259427,4.271079774070581,0.8770000000000004,1
8,29,100,8,1100,self,2.369264569238992,4.271079774070581,0.8020000000000005,1
8,30,100,8,1100,self,2.366930215599803,4.271079774070581,0.8970000000000005,1
8,31,100,8,1100,self,2.00741454123463,4.271079774070581,0.7270000000000003,1
8,32,100,8,1100,self,3.597077643828501,4.271079774070581,0.9040000000000006,1
8,33,100,8,1100,self,2.5958354778827264,4.271079774070581,0.6270000000000003,1
8,34,100,8,1100,self,1.8151807741392563,4.271079774070581,0.7540000000000004,1
8,35,100,8,1100,self,1.5684131717517897,4.271079774070581,0.9760000000000006,1
8,36,100,8,1100,self,2.3706728183659016,4.271079774070581,0.4670000000000002,1
8,37,100,8,1100,self,2.429451260056137,4.271079774070581,0.8640000000000005,1
8,38,100,8,1100,self,1.9306947252656788,4.271079774070581,0.9370000000000005,1
8,39,100,8,1100,self,2.2873113302614336,4.271079774070581,0.8300000000000005,1
8,40,100,8,1100,self,2.2647583963205316,4.271079774070581,1.1750000000000007,1
8,41,100,8,1100,self,3.9617355920717414,4.271079774070581,0.8010000000000004,1
8,42,100,8,1100,self,2.5105635115849907,4.271079774070581,0.7480000000000004,1
8,43,100,8,1100,self,3.658075505007944,4.271079774070581,0.6180000000000003,1
8,44,100,8,1100,self,2.622559399881851,4.271079774070581,0.6140000000000003,1
8,45,100,8,1100,self,5.113170139200263,4.271079774070581,0.7430000000000003,1
8,46,100,8,1100,self,2.2708548753189604,4.271079774070581,0.9860000000000007,1
8,47,100,8,1100,self,3.227625975419382,4.271079774070581,0.6140000000000003,1
8,48,100,8,1100,self,1.5211034713151081,4.271079774070581,0.9790000000000005,1
8,49,100,8,1100,self,3.3866837609485847,4.271079774070581,0.7310000000000003,1
8,50,100,8,1100,self,3.792293970163053,4.271079774070581,0.8010000000000004,1
8,51,100,8,1100,self,1.4942363542447277,4.271079774070581,0.5900000000000003,1
8,52,100,8,1100,self,2.460502712146542,4.271079774070581,0.9810000000000005,1
8,53,100,8,1100,self,2.440117117876211,4.271079774070581,0.9240000000000006,1
8,54,100,8,1100,self,1.689650362238861,4.271079774070581,0.9800000000000006,1
8,55,100,8,1100,self,2.891748868397175,4.271079774070581,0.7440000000000004,1
8,56,100,8,1100,self,2.199079259443034,4.271079774070581,0.8250000000000004,1
8,57,100,8,1100,self,3.5441062527628233,4.271079774070581,0.7210000000000003,1
8,58,100,8,1100,self,1.9359491841222791,4.271079774070581,0.5840000000000003,1
8,59,100,8,1100,self,2.731087265288893,4.271079774070581,0.8010000000000004,1
8,60,100,8,1100,self,2.718973991971755,4.271079774070581,0.7820000000000005,1
8,61,100,8,1100,self,4.274384311673647,4.271079774070581,0.7710000000000004,1
8,62,100,8,1100,self,3.516118570849798,4.271079774070581,0.6900000000000004,1
8,63,100,8,1100,self,1.5519971696000319,4.271079774070581,1.1530000000000007,1
8,64,100,8,1100,self,2.4445667180061905,4.271079774070581,1.1910000000000007,1
8,65,100,8,1100,self,2.8093785253038988,4.271079774070581,1.1870000000000007,1
8,66,100,8,1100,self,1.9313105414849407,4.271079774070581,1.1970000000000007,1
8,67,100,8,1100,self,2.5137232481421754,4.271079774070581,0.7460000000000004,1
8,68,100,8,1100,self,3.5138548535455367,4.271079774070581,0.7010000000000003,1
8,69,100,8,1100,self,2.866137789418764,4.271079774070581,0.7830000000000004,1
8,70,100,8,1100,self,2.2863881005508326,4.271079774070581,1.0490000000000006,1
8,71,100,8,1100,self,1.7520904707869422,4.271079774070581,1.0080000000000007,1
8,72,100,8,1100,self,3.331297286517187,4.271079774070581,1.0710000000000006,1
8,73,100,8,1100,self,2.542288600255379,4.271079774070581,0.9120000000000006,1
8,74,100,8,1100,self,2.6754560386458093,4.271079774070581,0.5990000000000003,1
8,75,100,8,1100,self,2.1816747413744078,4.271079774070581,1.1420000000000008,1
8,76,100,8,1100,self,2.2376279107238854,4.271079774070581,0.8630000000000004,1
8,77,100,8,1100,self,2.788155906840366,4.271079774070581,0.8440000000000005,1
8,78,100,8,1100,self,2.7205089672123886,4.271079774070581,1.1390000000000007,1
8,79,100,8,1100,self,1.10727295701324,4.271079774070581,0.9690000000000005,1
8,80,100,8,1100,self,2.1324310769593673,4.271079774070581,0.8870000000000005,1
8,81,100,8,1100,self,2.1960119308417707,4.271079774070581,0.7780000000000005,1
8,82,100,8,1100,self,1.5154596153339468,4.271079774070581,0.7990000000000004,1
8,83,100,8,1100,self,1.9711744887231302,4.271079774070581,0.7570000000000003,1
8,84,100,8,1100,self,4.288108962607987,4.271079774070581,0.7910000000000004,1
8,85,100,8,1100,self,2.5306626227243325,4.271079774070581,0.6790000000000004,1
8,86,100,8,1100,self,4.011388067814909,4.271079774070581,0.7600000000000005,1
8,87,100,8,1100,self,1.6789381421739125,4.271079774070581,0.6470000000000004,1
8,88,100,8,1100,self,3.9376415724856684,4.271079774070581,0.6100000000000003,1
8,89,100,8,1100,self,2.6376051195603463,4.271079774070581,0.7660000000000005,1
8,90,100,8,1100,self,3.2033154975734512,4.271079774070581,0.9820000000000007,1
8,91,100,8,1100,self,2.8305752909835524,4.271079774070581,0.9920000000000007,1
8,92,100,8,1100,self,2.9483635171224707,4.271079774070581,0.9420000000000006,1
8,93,100,8,1100,self,2.964457029348768,4.271079774070581,0.9060000000000006,1
8,94,100,8,1100,self,3.219713175910098,4.271079774070581,0.9210000000000005,1
8,95,100,8,1100,self,2.804924682427411,4.271079774070581,0.9140000000000006,1
8,96,100,8,1100,self,3.1170715662994395,4.271079774070581,0.8370000000000004,1
8,97,100,8,1100,self,3.034647449572646,4.271079774070581,0.5570000000000003,1
8,98,100,8,1100,self,1.8893305252769257,4.271079774070581,0.8760000000000006,1
8,99,100,8,1100,self,1.962501163642584,4.271079774070581,0.6300000000000003,1
8,100,100,8,1100,self,2.0648111953623594,4.271079774070581,0.9960000000000007,1
8,101,100,8,1100,self,3.003882509951602,4.271079774070581,1.1120000000000008,1
8,102,100,8,1100,self,2.5945811422743676,4.271079774070581,1.0520000000000007,1
8,103,100,8,1100,self,2.17589142214381,4.271079774070581,1.1830000000000007,1
8,104,100,8,1100,self,2.5874936840068146,4.271079774070581,0.8210000000000004,1
8,105,100,8,1100,self,3.0600755113841758,4.271079774070581,1.1330000000000007,1
8,106,100,8,1100,self,2.481542654073836,4.271079774070581,1.0750000000000006,1
8,107,100,8,1100,self,4.135721808768364,4.271079774070581,0.8530000000000004,1
8,108,100,8,1100,self,3.957128955554188,4.271079774070581,1.1180000000000008,1
8,109,100,8,1100,self,2.0586609438273116,4.271079774070581,0.7130000000000003,1
8,110,100,8,1100,self,1.9937008791192417,4.271079774070581,0.8890000000000005,1
8,111,100,8,1100,self,2.5614287315429203,4.271079774070581,1.1720000000000008,1
8,112,100,8,1100,self,3.5202788624234627,4.271079774070581,0.6840000000000004,1
8,113,100,8,1100,self,1.186911602381504,4.271079774070581,1.1350000000000007,1
8,114,100,8,1100,self,3.7189325763814676,4.271079774070581,0.8970000000000005,1
8,115,100,8,1100,self,3.231863102633074,4.271079774070581,0.8910000000000005,1
8,116,100,8,1100,self,3.337929711718132,4.271079774070581,0.7760000000000005,1
8,117,100,8,1100,self,2.260199078923149,4.271079774070581,0.9760000000000006,1
8,118,100,8,1100,self,3.4857743591404455,4.271079774070581,0.6890000000000004,1
8,119,100,8,1100,self,2.6491031456206318,4.271079774070581,0.7970000000000004,1
8,120,100,8,1100,self,2.7000652882209497,4.271079774070581,0.7510000000000003,1
8,121,100,8,1100,self,0.5761694137666442,4.271079774070581,1.1280000000000008,1
8,122,100,8,1100,self,2.960036347043838,4.271079774070581,1.1850000000000007,1
8,123,100,8,1100,self,4.074339992010868,4.271079774070581,0.7140000000000004,1
8,124,100,8,1100,self,2.7363012808379032,4.271079774070581,0.5910000000000003,1
8,125,100,8,1100,self,3.0101049821471233,4.271079774070581,0.6150000000000003,1
8,126,100,8,1100,self,2.156994657567858,4.271079774070581,1.1490000000000007,1
8,127,100,8,1100,self,2.5965005260544167,4.271079774070581,0.7510000000000003,1
8,128,100,8,1100,self,1.623217771020006,4.271079774070581,1.0860000000000007,1
8,129,100,8,1100,self,1.833504009090556,4.271079774070581,1.0600000000000007,1
8,130,100,8,1100,self,1.614235322763492,4.271079774070581,1.1500000000000008,1
