subjectID,trialID,T,P,W,Label,v,a,RT,response
1,1,500,120,1500,stranger,1.9834104363902723,4.302416789510048,1.358999999999983,1
1,2,500,120,1500,stranger,1.0267520210278693,4.302416789510048,1.241999999999996,1
1,3,500,120,1500,stranger,2.257918516108424,4.302416789510048,1.785999999999936,1
1,4,500,120,1500,stranger,1.5218004276626502,4.302416789510048,1.0890000000000006,1
1,5,500,120,1500,stranger,1.4224701152558756,4.302416789510048,1.0770000000000006,1
1,6,500,120,1500,stranger,1.3676338581249716,4.302416789510048,1.4489999999999732,1
1,7,500,120,1500,stranger,1.8136062355583864,4.302416789510048,1.0140000000000007,1
1,8,500,120,1500,stranger,2.8071207427521117,4.302416789510048,1.1340000000000008,1
1,9,500,120,1500,stranger,2.1488639432671,4.302416789510048,0.8220000000000005,1
1,10,500,120,1500,stranger,2.099432633747493,4.302416789510048,0.8520000000000005,1
1,11,500,120,1500,stranger,2.738595464296675,4.302416789510048,0.8190000000000004,1
1,12,500,120,1500,stranger,2.4752893647119354,4.302416789510048,0.7450000000000003,1
1,13,500,120,1500,stranger,2.7429404890118487,4.302416789510048,1.65899999999995,1
1,14,500,120,1500,stranger,1.5263220710359642,4.302416789510048,1.4289999999999754,1
1,15,500,120,1500,stranger,2.31937357021131,4.302416789510048,1.231999999999997,1
1,16,500,120,1500,stranger,1.7996514211524597,4.302416789510048,1.0900000000000007,1
1,17,500,120,1500,stranger,2.630886824429685,4.302416789510048,0.9980000000000007,1
1,18,500,120,1500,stranger,1.471607760683628,4.302416789510048,1.3199999999999874,1
1,19,500,120,1500,stranger,0.6963989348594617,4.302416789510048,1.6739999999999484,1
1,20,500,120,1500,stranger,2.4709182150132865,4.302416789510048,1.5299999999999643,1
1,21,500,120,1500,stranger,1.6101074928652148,4.302416789510048,1.4709999999999708,1
1,22,500,120,1500,stranger,3.279758132661655,4.302416789510048,0.5620000000000003,1
1,23,500,120,1500,stranger,1.558398519197392,4.302416789510048,1.0620000000000007,1
1,24,500,120,1500,stranger,2.397634721767123,4.302416789510048,1.0190000000000006,1
1,25,500,120,1500,stranger,0.8275377264160817,4.302416789510048,1.5639999999999605,1
1,26,500,120,1500,stranger,2.6372197212840383,4.302416789510048,0.9580000000000006,1
1,27,500,120,1500,stranger,2.353007642084889,4.302416789510048,1.1850000000000007,1
1,28,500,120,1500,stranger,0.9750492499985359,4.302416789510048,1.4439999999999737,1
1,29,500,120,1500,stranger,1.7691805054152134,4.302416789510048,0.6900000000000004,1
1,30,500,120,1500,stranger,2.4639397559521474,4.302416789510048,0.8950000000000005,1
1,31,500,120,1500,stranger,-0.6709228978078914,4.302416789510048,1.5759999999999592,2
1,32,500,120,1500,stranger,1.154406876683617,4.302416789510048,0.9770000000000005,1
1,33,500,120,1500,stranger,1.833910196340579,4.302416789510048,1.0940000000000007,1
1,34,500,120,1500,stranger,0.09095317756044663,4.302416789510048,1.495999999999968,1
1,35,500,120,1500,stranger,1.690503186330472,4.302416789510048,0.7570000000000003,1
1,36,500,120,1500,stranger,1.6708336741955614,4.302416789510048,0.4570000000000002,1
1,37,500,120,1500,stranger,2.858282099095974,4.302416789510048,0.9560000000000006,1
1,38,500,120,1500,stranger,2.3144772919186947,4.302416789510048,0.6730000000000004,1
1,39,500,120,1500,stranger,0.7884477129962808,4.302416789510048,1.5289999999999644,1
1,40,500,120,1500,stranger,4.497501171300495,4.302416789510048,0.9140000000000006,1
1,41,500,120,1500,stranger,3.1338783139290953,4.302416789510048,0.8310000000000004,1
1,42,500,120,1500,stranger,1.4571890285960338,4.302416789510048,1.323999999999987,1
1,43,500,120,1500,stranger,2.948484494496534,4.302416789510048,1.3709999999999818,1
1,44,500,120,1500,stranger,2.6110453753706135,4.302416789510048,1.1120000000000008,1
1,45,500,120,1500,stranger,2.3796732124015874,4.302416789510048,1.0200000000000007,1
1,46,500,120,1500,stranger,2.7189419660989342,4.302416789510048,0.6850000000000004,1
1,47,500,120,1500,stranger,2.524995452483468,4.302416789510048,0.9040000000000006,1
1,48,500,120,1500,stranger,1.4396127625811674,4.302416789510048,1.0060000000000007,1
1,49,500,120,1500,stranger,0.8034902100468874,4.302416789510048,1.813999999999933,1
1,50,500,120,1500,stranger,1.324306628154526,4.302416789510048,1.550999999999962,1
1,51,500,120,1500,stranger,2.528903856738654,4.302416789510048,1.3449999999999847,1
1,52,500,120,1500,stranger,1.9155106665552837,4.302416789510048,0.6130000000000003,1
1,53,500,120,1500,stranger,2.747733616467773,4.302416789510048,1.576999999999959,1
1,54,500,120,1500,stranger,2.163779552544436,4.302416789510048,0.7250000000000003,1
1,55,500,120,1500,stranger,1.2125200513951546,4.302416789510048,0.7550000000000003,1
1,56,500,120,1500,stranger,1.4041318864546812,4.302416789510048,1.785999999999936,1
1,57,500,120,1500,stranger,1.4944619312703074,4.302416789510048,1.6469999999999514,1
1,58,500,120,1500,stranger,2.56523209372334,4.302416789510048,0.6720000000000004,1
1,59,500,120,1500,stranger,2.9869225310568326,4.302416789510048,0.7840000000000005,1
1,60,500,120,1500,stranger,2.622319093827772,4.302416789510048,1.3209999999999873,1
1,61,500,120,1500,stranger,2.5406663348918124,4.302416789510048,1.2259999999999978,1
1,62,500,120,1500,stranger,1.9708324267800497,4.302416789510048,1.2369999999999965,1
1,63,500,120,1500,stranger,2.0845656720559056,4.302416789510048,1.4159999999999768,1
1,64,500,120,1500,stranger,2.5713635132336425,4.302416789510048,1.4549999999999725,1
1,65,500,120,1500,stranger,1.8073327405049564,4.302416789510048,1.7979999999999348,1
1,66,500,120,1500,stranger,0.8056833890055589,4.302416789510048,1.9729999999999155,1
1,67,500,120,1500,stranger,1.8174659482606657,4.302416789510048,1.3629999999999827,1
1,68,500,120,1500,stranger,2.765190869588207,4.302416789510048,0.9170000000000005,1
1,69,500,120,1500,stranger,4.780452448758909,4.302416789510048,0.6510000000000004,1
1,70,500,120,1500,stranger,1.9684992293226582,4.302416789510048,1.1100000000000008,1
1,71,500,120,1500,stranger,3.214139425792472,4.302416789510048,0.7380000000000004,1
1,72,500,120,1500,stranger,1.202281955064663,4.302416789510048,1.5519999999999619,1
1,73,500,120,1500,stranger,1.3739215842297194,4.302416789510048,1.29699999999999,1
1,74,500,120,1500,stranger,2.0855406874761746,4.302416789510048,0.5560000000000003,1
1,75,500,120,1500,stranger,2.5947154600409927,4.302416789510048,0.8750000000000004,1
1,76,500,120,1500,stranger,2.414011745003905,4.302416789510048,1.2389999999999963,1
1,77,500,120,1500,stranger,1.577753377413977,4.302416789510048,1.3909999999999796,1
1,78,500,120,1500,stranger,2.7748510442193055,4.302416789510048,0.3930000000000001,1
1,79,500,120,1500,stranger,2.941378352996526,4.302416789510048,1.2979999999999898,1
1,80,500,120,1500,stranger,1.5267674778310854,4.302416789510048,1.3559999999999834,1
1,81,500,120,1500,stranger,3.045432245144788,4.302416789510048,0.5830000000000003,1
1,82,500,120,1500,stranger,2.9194921008894505,4.302416789510048,1.1740000000000008,1
1,83,500,120,1500,stranger,2.7229635408822745,4.302416789510048,0.6630000000000004,1
1,84,500,120,1500,stranger,1.2605732476276588,4.302416789510048,1.468999999999971,1
1,85,500,120,1500,stranger,1.368827301415208,4.302416789510048,0.8210000000000004,1
1,86,500,120,1500,stranger,2.5338016679788224,4.302416789510048,0.9450000000000005,1
1,87,500,120,1500,stranger,2.26870044522016,4.302416789510048,0.7010000000000003,1
1,88,500,120,1500,stranger,2.931618115867861,4.302416789510048,0.9950000000000006,1
1,89,500,120,1500,stranger,4.604017713919794,4.302416789510048,0.5980000000000003,1
1,90,500,120,1500,stranger,3.164369332181412,4.302416789510048,0.9350000000000005,1
1,91,500,120,1500,stranger,1.489930939945444,4.302416789510048,0.9730000000000005,1
1,92,500,120,1500,stranger,2.3235393774995456,4.302416789510048,1.5039999999999671,1
1,93,500,120,1500,stranger,3.3031555558400743,4.302416789510048,0.7920000000000005,1
1,94,500,120,1500,stranger,1.360717197597155,4.302416789510048,1.9479999999999182,1
1,95,500,120,1500,stranger,2.09775727205546,4.302416789510048,1.1440000000000008,1
1,96,500,120,1500,stranger,3.0264668168062343,4.302416789510048,0.7670000000000003,1
1,97,500,120,1500,stranger,2.424068803842828,4.302416789510048,1.1170000000000007,1
1,98,500,120,1500,stranger,3.716370948488411,4.302416789510048,0.5070000000000002,1
1,99,500,120,1500,stranger,1.8849433803200435,4.302416789510048,0.7460000000000004,1
1,100,500,120,1500,stranger,3.47637400175541,4.302416789510048,0.7790000000000004,1
1,101,500,120,1500,stranger,1.084545886067101,4.302416789510048,0.8640000000000005,1
1,102,500,120,1500,stranger,1.6230019206961508,4.302416789510048,0.7180000000000004,1
1,103,500,120,1500,stranger,1.2592705789605434,4.302416789510048,0.7080000000000004,1
1,104,500,120,1500,stranger,3.0923927561509297,4.302416789510048,1.2299999999999973,1
1,105,500,120,1500,stranger,2.439652407679658,4.302416789510048,0.8330000000000004,1
1,106,500,120,1500,stranger,2.7260136157377195,4.302416789510048,1.3979999999999788,1
1,107,500,120,1500,stranger,1.5667559740632153,4.302416789510048,1.3489999999999842,1
1,108,500,120,1500,stranger,1.8369098966548718,4.302416789510048,1.5039999999999671,1
1,109,500,120,1500,stranger,3.552798795674141,4.302416789510048,0.9610000000000005,1
1,110,500,120,1500,stranger,2.0298869320527277,4.302416789510048,0.7020000000000004,1
1,111,500,120,1500,stranger,3.062954353345648,4.302416789510048,0.8300000000000005,1
1,112,500,120,1500,stranger,2.7094986497244933,4.302416789510048,0.7960000000000005,1
1,113,500,120,1500,stranger,4.320047153861089,4.302416789510048,0.6610000000000004,1
1,114,500,120,1500,stranger,1.9435464453470437,4.302416789510048,0.9520000000000006,1
1,115,500,120,1500,stranger,1.7801183842676562,4.302416789510048,1.922999999999921,1
1,116,500,120,1500,stranger,1.680153411072526,4.302416789510048,1.7269999999999426,1
1,117,500,120,1500,stranger,1.9848516375847902,4.302416789510048,0.7570000000000003,1
1,118,500,120,1500,stranger,2.6707582106277203,4.302416789510048,0.7540000000000004,1
1,119,500,120,1500,stranger,2.030169934129176,4.302416789510048,1.1500000000000008,1
1,120,500,120,1500,stranger,2.3741798933922276,4.302416789510048,0.6950000000000004,1
1,121,500,120,1500,stranger,3.381563668657736,4.302416789510048,0.5450000000000003,1
1,122,500,120,1500,stranger,2.986454756245807,4.302416789510048,0.7050000000000003,1
1,123,500,120,1500,stranger,1.344201645617203,4.302416789510048,1.9119999999999222,1
1,124,500,120,1500,stranger,2.873405905506633,4.302416789510048,0.7990000000000004,1
1,125,500,120,1500,stranger,2.907207163902531,4.302416789510048,0.8250000000000004,1
1,126,500,120,1500,stranger,3.433988535241085,4.302416789510048,1.0950000000000006,1
1,127,500,120,1500,stranger,1.5048354076066757,4.302416789510048,0.8290000000000004,1
1,128,500,120,1500,stranger,2.9392785137134747,4.302416789510048,1.1440000000000008,1
1,129,500,120,1500,stranger,1.7234950988428035,4.302416789510048,1.1190000000000007,1
1,130,500,120,1500,stranger,1.7023920730784037,4.302416789510048,1.0250000000000006,1
1,1,500,120,1500,self,6.874679028473722,4.302416789510048,0.41200000000000014,1
1,2,500,120,1500,self,8.404368966781716,4.302416789510048,0.5920000000000003,1
1,3,500,120,1500,self,6.791807770145105,4.302416789510048,0.4570000000000002,1
1,4,500,120,1500,self,7.1137024022665445,4.302416789510048,0.4550000000000002,1
1,5,500,120,1500,self,6.640327859432,4.302416789510048,0.5040000000000002,1
1,6,500,120,1500,self,7.392138996316345,4.302416789510048,0.42800000000000016,1
1,7,500,120,1500,self,6.527542903545074,4.302416789510048,0.5040000000000002,1
1,8,500,120,1500,self,7.566758819380115,4.302416789510048,0.5110000000000002,1
1,9,500,120,1500,self,5.470008624016528,4.302416789510048,1.0120000000000007,1
1,10,500,120,1500,self,6.207339611192387,4.302416789510048,0.5180000000000002,1
1,11,500,120,1500,self,6.409490629597056,4.302416789510048,0.4870000000000002,1
1,12,500,120,1500,self,7.429747105165906,4.302416789510048,0.5000000000000002,1
1,13,500,120,1500,self,5.502660740057818,4.302416789510048,0.6090000000000003,1
1,14,500,120,1500,self,8.086657579937423,4.302416789510048,0.4900000000000002,1
1,15,500,120,1500,self,7.736545644076419,4.302416789510048,0.5890000000000003,1
1,16,500,120,1500,self,6.93315152194678,4.302416789510048,0.5690000000000003,1
1,17,500,120,1500,self,7.0778993321967505,4.302416789510048,0.4870000000000002,1
1,18,500,120,1500,self,6.750931806621183,4.302416789510048,0.4500000000000002,1
1,19,500,120,1500,self,7.29229678324816,4.302416789510048,0.5710000000000003,1
1,20,500,120,1500,self,9.124761602884066,4.302416789510048,0.39900000000000013,1
1,21,500,120,1500,self,6.345550765890028,4.302416789510048,0.4590000000000002,1
1,22,500,120,1500,self,6.971278886547292,4.302416789510048,0.6100000000000003,1
1,23,500,120,1500,self,6.74214120484334,4.302416789510048,0.5550000000000003,1
1,24,500,120,1500,self,9.307369440012932,4.302416789510048,0.3820000000000001,1
1,25,500,120,1500,self,8.738860875734144,4.302416789510048,0.5530000000000003,1
1,26,500,120,1500,self,7.053605449158852,4.302416789510048,0.5380000000000003,1
1,27,500,120,1500,self,6.63446403475041,4.302416789510048,0.5810000000000003,1
1,28,500,120,1500,self,6.841198883910087,4.302416789510048,0.5700000000000003,1
1,29,500,120,1500,self,8.033319076188427,4.302416789510048,0.4960000000000002,1
1,30,500,120,1500,self,8.16222118891412,4.302416789510048,0.3820000000000001,1
1,31,500,120,1500,self,10.131192102461275,4.302416789510048,0.4590000000000002,1
1,32,500,120,1500,self,8.413681821752185,4.302416789510048,0.4510000000000002,1
1,33,500,120,1500,self,6.680274194063189,4.302416789510048,0.6060000000000003,1
1,34,500,120,1500,self,8.685487914310507,4.302416789510048,0.4720000000000002,1
1,35,500,120,1500,self,8.089806882275592,4.302416789510048,0.4850000000000002,1
1,36,500,120,1500,self,7.683240318030728,4.302416789510048,0.44200000000000017,1
1,37,500,120,1500,self,4.429647537913652,4.302416789510048,0.6170000000000003,1
1,38,500,120,1500,self,7.0708601504248705,4.302416789510048,0.5230000000000002,1
1,39,500,120,1500,self,6.516412091246547,4.302416789510048,0.5990000000000003,1
1,40,500,120,1500,self,7.069000037683981,4.302416789510048,0.5280000000000002,1
1,41,500,120,1500,self,6.541133272979062,4.302416789510048,0.7590000000000003,1
1,42,500,120,1500,self,6.721762297185404,4.302416789510048,0.44300000000000017,1
1,43,500,120,1500,self,5.967112865385138,4.302416789510048,0.5420000000000003,1
1,44,500,120,1500,self,8.06329999551217,4.302416789510048,0.4540000000000002,1
1,45,500,120,1500,self,7.580004158086435,4.302416789510048,0.6090000000000003,1
1,46,500,120,1500,self,8.844032622752582,4.302416789510048,0.3590000000000001,1
1,47,500,120,1500,self,6.931709775838168,4.302416789510048,0.5000000000000002,1
1,48,500,120,1500,self,6.928814267299563,4.302416789510048,0.6770000000000004,1
1,49,500,120,1500,self,5.29612423054877,4.302416789510048,0.6330000000000003,1
1,50,500,120,1500,self,6.850280117847028,4.302416789510048,0.5770000000000003,1
1,51,500,120,1500,self,7.897259140632907,4.302416789510048,0.4730000000000002,1
1,52,500,120,1500,self,7.2506319084747695,4.302416789510048,0.5500000000000003,1
1,53,500,120,1500,self,8.487693184455251,4.302416789510048,0.43200000000000016,1
1,54,500,120,1500,self,5.8372240833649505,4.302416789510048,0.43900000000000017,1
1,55,500,120,1500,self,7.5687173764432725,4.302416789510048,0.4630000000000002,1
1,56,500,120,1500,self,7.458253465983558,4.302416789510048,0.5010000000000002,1
1,57,500,120,1500,self,7.803767473599259,4.302416789510048,0.4940000000000002,1
1,58,500,120,1500,self,7.294573447608721,4.302416789510048,0.5290000000000002,1
1,59,500,120,1500,self,6.364977910129791,4.302416789510048,0.6700000000000004,1
1,60,500,120,1500,self,6.576396980085057,4.302416789510048,0.4810000000000002,1
1,61,500,120,1500,self,9.25525933098151,4.302416789510048,0.41900000000000015,1
1,62,500,120,1500,self,8.695830385071355,4.302416789510048,0.44000000000000017,1
1,63,500,120,1500,self,7.457064899802856,4.302416789510048,0.4720000000000002,1
1,64,500,120,1500,self,6.46295803633718,4.302416789510048,0.7320000000000004,1
1,65,500,120,1500,self,8.01000125905556,4.302416789510048,0.43000000000000016,1
1,66,500,120,1500,self,9.747073751627447,4.302416789510048,0.42500000000000016,1
1,67,500,120,1500,self,6.659309318590191,4.302416789510048,0.6050000000000003,1
1,68,500,120,1500,self,6.673104749920695,4.302416789510048,0.4710000000000002,1
1,69,500,120,1500,self,7.563566022808268,4.302416789510048,0.4770000000000002,1
1,70,500,120,1500,self,6.4344516000814735,4.302416789510048,0.4450000000000002,1
1,71,500,120,1500,self,6.918313997081104,4.302416789510048,0.41700000000000015,1
1,72,500,120,1500,self,5.575031920279843,4.302416789510048,0.4850000000000002,1
1,73,500,120,1500,self,7.136703142158061,4.302416789510048,0.4720000000000002,1
1,74,500,120,1500,self,5.864752634019196,4.302416789510048,0.5420000000000003,1
1,75,500,120,1500,self,7.050265621247437,4.302416789510048,0.5570000000000003,1
1,76,500,120,1500,self,7.146185926383171,4.302416789510048,0.5880000000000003,1
1,77,500,120,1500,self,7.667677951173672,4.302416789510048,0.5610000000000003,1
1,78,500,120,1500,self,7.547714125677239,4.302416789510048,0.41200000000000014,1
1,79,500,120,1500,self,7.9163084216846835,4.302416789510048,0.43500000000000016,1
1,80,500,120,1500,self,7.2236814703095895,4.302416789510048,0.5480000000000003,1
1,81,500,120,1500,self,7.131481378751923,4.302416789510048,0.6230000000000003,1
1,82,500,120,1500,self,8.42850494364696,4.302416789510048,0.3390000000000001,1
1,83,500,120,1500,self,5.190700468663993,4.302416789510048,0.4520000000000002,1
1,84,500,120,1500,self,6.52023163157341,4.302416789510048,0.4640000000000002,1
1,85,500,120,1500,self,7.8494892287808575,4.302416789510048,0.5660000000000003,1
1,86,500,120,1500,self,7.93513013560595,4.302416789510048,0.43100000000000016,1
1,87,500,120,1500,self,7.586507392864445,4.302416789510048,0.5890000000000003,1
1,88,500,120,1500,self,7.747264453691994,4.302416789510048,0.4920000000000002,1
1,89,500,120,1500,self,8.010451559219689,4.302416789510048,0.4550000000000002,1
1,90,500,120,1500,self,9.048546507387051,4.302416789510048,0.39600000000000013,1
1,91,500,120,1500,self,7.245142304651944,4.302416789510048,0.5310000000000002,1
1,92,500,120,1500,self,7.326568442945687,4.302416789510048,0.5080000000000002,1
1,93,500,120,1500,self,6.563453645154327,4.302416789510048,0.4600000000000002,1
1,94,500,120,1500,self,6.45471668499733,4.302416789510048,0.4910000000000002,1
1,95,500,120,1500,self,7.051900820305532,4.302416789510048,0.5010000000000002,1
1,96,500,120,1500,self,8.76504978763136,4.302416789510048,0.4850000000000002,1
1,97,500,120,1500,self,8.766521316182066,4.302416789510048,0.4640000000000002,1
1,98,500,120,1500,self,8.242758702117538,4.302416789510048,0.5420000000000003,1
1,99,500,120,1500,self,6.209147772395742,4.302416789510048,0.4850000000000002,1
1,100,500,120,1500,self,7.708778359691007,4.302416789510048,0.43800000000000017,1
1,101,500,120,1500,self,6.547778168519401,4.302416789510048,0.5220000000000002,1
1,102,500,120,1500,self,6.683951730573097,4.302416789510048,0.4610000000000002,1
1,103,500,120,1500,self,6.977471182616409,4.302416789510048,0.6120000000000003,1
1,104,500,120,1500,self,6.712257733840656,4.302416789510048,0.5300000000000002,1
1,105,500,120,1500,self,7.111655611317673,4.302416789510048,0.4930000000000002,1
1,106,500,120,1500,self,7.545946991568485,4.302416789510048,0.4520000000000002,1
1,107,500,120,1500,self,7.539717293076474,4.302416789510048,0.43200000000000016,1
1,108,500,120,1500,self,8.105864544919113,4.302416789510048,0.5370000000000003,1
1,109,500,120,1500,self,7.16764778041331,4.302416789510048,0.5000000000000002,1
1,110,500,120,1500,self,8.450405087814413,4.302416789510048,0.43200000000000016,1
1,111,500,120,1500,self,6.913903927004352,4.302416789510048,0.7110000000000003,1
1,112,500,120,1500,self,7.491875740294544,4.302416789510048,0.4720000000000002,1
1,113,500,120,1500,self,5.062638995094941,4.302416789510048,0.5840000000000003,1
1,114,500,120,1500,self,7.256610471078505,4.302416789510048,0.4640000000000002,1
1,115,500,120,1500,self,7.399729239061493,4.302416789510048,0.4880000000000002,1
1,116,500,120,1500,self,8.217405261895717,4.302416789510048,0.3630000000000001,1
1,117,500,120,1500,self,7.55197263162446,4.302416789510048,0.4600000000000002,1
1,118,500,120,1500,self,5.74029621650745,4.302416789510048,0.5260000000000002,1
1,119,500,120,1500,self,7.092190013153617,4.302416789510048,0.5940000000000003,1
1,120,500,120,1500,self,6.839150473489299,4.302416789510048,0.5060000000000002,1
1,121,500,120,1500,self,6.845804178153331,4.302416789510048,0.4490000000000002,1
1,122,500,120,1500,self,11.7188803171917,4.302416789510048,0.3340000000000001,1
1,123,500,120,1500,self,6.2216444426416615,4.302416789510048,0.40800000000000014,1
1,124,500,120,1500,self,7.949828530765463,4.302416789510048,0.5590000000000003,1
1,125,500,120,1500,self,6.973765200702808,4.302416789510048,0.41800000000000015,1
1,126,500,120,1500,self,6.981730446845435,4.302416789510048,0.5610000000000003,1
1,127,500,120,1500,self,6.2228719599505915,4.302416789510048,0.7640000000000005,1
1,128,500,120,1500,self,7.851175920973437,4.302416789510048,0.41500000000000015,1
1,129,500,120,1500,self,5.788635329122037,4.302416789510048,0.7020000000000004,1
1,130,500,120,1500,self,6.340129923913256,4.302416789510048,0.5820000000000003,1
2,1,500,120,1500,stranger,1.396715315375569,3.7062588390737927,1.360999999999983,1
2,2,500,120,1500,stranger,2.5529069536769065,3.7062588390737927,0.6360000000000003,1
2,3,500,120,1500,stranger,2.5021624061503576,3.7062588390737927,1.2809999999999917,1
2,4,500,120,1500,stranger,3.842538557568801,3.7062588390737927,0.6120000000000003,1
2,5,500,120,1500,stranger,1.3251172180988187,3.7062588390737927,0.7040000000000004,1
2,6,500,120,1500,stranger,3.421909237967721,3.7062588390737927,0.6670000000000004,1
2,7,500,120,1500,stranger,-0.4707217270256432,3.7062588390737927,1.7609999999999388,2
2,8,500,120,1500,stranger,2.671113967941978,3.7062588390737927,1.4809999999999697,1
2,9,500,120,1500,stranger,1.580575661114086,3.7062588390737927,0.8480000000000005,1
2,10,500,120,1500,stranger,2.5592823647843206,3.7062588390737927,0.5170000000000002,1
2,11,500,120,1500,stranger,1.5642498977893815,3.7062588390737927,1.8059999999999339,1
2,12,500,120,1500,stranger,-0.08571108988639153,3.7062588390737927,1.6899999999999467,2
2,13,500,120,1500,stranger,2.546219698648371,3.7062588390737927,1.1030000000000006,1
2,14,500,120,1500,stranger,1.467087963775502,3.7062588390737927,0.5560000000000003,1
2,15,500,120,1500,stranger,2.1662263539065814,3.7062588390737927,1.876999999999926,1
2,16,500,120,1500,stranger,3.1012476846016703,3.7062588390737927,0.5930000000000003,1
2,17,500,120,1500,stranger,-0.029317961794923963,3.7062588390737927,1.504999999999967,2
2,18,500,120,1500,stranger,3.1685023863048736,3.7062588390737927,0.8230000000000004,1
2,19,500,120,1500,stranger,1.72289867386943,3.7062588390737927,0.9060000000000006,1
2,20,500,120,1500,stranger,3.1578124675884784,3.7062588390737927,0.5240000000000002,1
2,21,500,120,1500,stranger,3.796341626748914,3.7062588390737927,0.7950000000000004,1
2,22,500,120,1500,stranger,1.3154712697708713,3.7062588390737927,1.3439999999999848,1
2,23,500,120,1500,stranger,2.557831247827359,3.7062588390737927,1.812999999999933,1
2,24,500,120,1500,stranger,1.8481081004363962,3.7062588390737927,0.8410000000000004,1
2,25,500,120,1500,stranger,2.645541597033403,3.7062588390737927,0.9970000000000006,1
2,26,500,120,1500,stranger,3.7805185807786588,3.7062588390737927,0.5850000000000003,1
2,27,500,120,1500,stranger,2.6781481337101116,3.7062588390737927,1.1840000000000008,1
2,28,500,120,1500,stranger,2.4747904069479447,3.7062588390737927,1.2069999999999999,1
2,29,500,120,1500,stranger,2.10961116872578,3.7062588390737927,0.9240000000000006,1
2,30,500,120,1500,stranger,0.9237414644404138,3.7062588390737927,0.8970000000000005,1
2,31,500,120,1500,stranger,1.1259038570470519,3.7062588390737927,0.7500000000000004,1
2,32,500,120,1500,stranger,2.348322947219077,3.7062588390737927,0.8600000000000005,1
2,33,500,120,1500,stranger,0.9860760950718122,3.7062588390737927,1.1850000000000007,1
2,34,500,120,1500,stranger,2.313412955648932,3.7062588390737927,0.9170000000000005,1
2,35,500,120,1500,stranger,3.852578720793935,3.7062588390737927,0.7130000000000003,1
2,36,500,120,1500,stranger,3.7471347950200435,3.7062588390737927,0.6010000000000003,1
2,37,500,120,1500,stranger,1.1684289822546625,3.7062588390737927,1.8649999999999274,1
2,38,500,120,1500,stranger,1.1361058074180002,3.7062588390737927,1.3069999999999888,1
2,39,500,120,1500,stranger,1.4682104797171813,3.7062588390737927,1.0080000000000007,1
2,40,500,120,1500,stranger,2.089209732822913,3.7062588390737927,0.8950000000000005,1
2,41,500,120,1500,stranger,0.42903326192254587,3.7062588390737927,1.1930000000000007,1
2,42,500,120,1500,stranger,1.079726359874521,3.7062588390737927,1.9979999999999127,1
2,43,500,120,1500,stranger,1.3993223267389394,3.7062588390737927,1.3559999999999834,1
2,44,500,120,1500,stranger,2.84086617012923,3.7062588390737927,1.0690000000000006,1
2,45,500,120,1500,stranger,1.4538855716009804,3.7062588390737927,1.8489999999999291,1
2,46,500,120,1500,stranger,1.8647331018795976,3.7062588390737927,1.3309999999999862,1
2,47,500,120,1500,stranger,3.0050167090052913,3.7062588390737927,0.6450000000000004,1
2,48,500,120,1500,stranger,1.2556923962806736,3.7062588390737927,1.6209999999999543,1
2,49,500,120,1500,stranger,0.541038580106008,3.7062588390737927,0.7010000000000003,1
2,50,500,120,1500,stranger,3.9913010404763165,3.7062588390737927,0.43700000000000017,1
2,51,500,120,1500,stranger,2.897017725675857,3.7062588390737927,0.9080000000000006,1
2,52,500,120,1500,stranger,2.8251682459410823,3.7062588390737927,0.9570000000000005,1
2,53,500,120,1500,stranger,2.7711296366838196,3.7062588390737927,0.8300000000000005,1
2,54,500,120,1500,stranger,3.074865417708859,3.7062588390737927,1.0570000000000006,1
2,55,500,120,1500,stranger,1.6634353895433258,3.7062588390737927,1.559999999999961,1
2,56,500,120,1500,stranger,2.2569242434375454,3.7062588390737927,0.9340000000000006,1
2,57,500,120,1500,stranger,1.519658693686847,3.7062588390737927,1.3029999999999893,1
2,58,500,120,1500,stranger,1.191222143483785,3.7062588390737927,1.8219999999999321,1
2,59,500,120,1500,stranger,0.9793897433797125,3.7062588390737927,1.5999999999999566,1
2,60,500,120,1500,stranger,3.0174252555025705,3.7062588390737927,0.5790000000000003,1
2,61,500,120,1500,stranger,1.7079405425599268,3.7062588390737927,1.685999999999947,1
2,62,500,120,1500,stranger,1.553748222692246,3.7062588390737927,1.5529999999999617,1
2,63,500,120,1500,stranger,2.801730386142379,3.7062588390737927,1.1180000000000008,1
2,64,500,120,1500,stranger,0.681279539759269,3.7062588390737927,1.6099999999999555,1
2,65,500,120,1500,stranger,0.7234997494825137,3.7062588390737927,0.8880000000000006,1
2,66,500,120,1500,stranger,1.1788318378697547,3.7062588390737927,1.0780000000000007,1
2,67,500,120,1500,stranger,2.6931183180314893,3.7062588390737927,0.9800000000000006,1
2,68,500,120,1500,stranger,1.718439609902727,3.7062588390737927,1.2309999999999972,1
2,69,500,120,1500,stranger,2.0932760295842168,3.7062588390737927,0.8170000000000004,1
2,70,500,120,1500,stranger,2.808918286985668,3.7062588390737927,1.2769999999999921,1
2,71,500,120,1500,stranger,3.0635750722818713,3.7062588390737927,0.8300000000000005,1
2,72,500,120,1500,stranger,2.5327183079764404,3.7062588390737927,1.0250000000000006,1
2,73,500,120,1500,stranger,2.281705973705862,3.7062588390737927,0.8320000000000005,1
2,74,500,120,1500,stranger,1.8887528164045473,3.7062588390737927,0.8510000000000004,1
2,75,500,120,1500,stranger,1.6216052608033906,3.7062588390737927,1.2579999999999942,1
2,76,500,120,1500,stranger,4.080588284714303,3.7062588390737927,0.5360000000000003,1
2,77,500,120,1500,stranger,0.9327787861004079,3.7062588390737927,1.7529999999999397,1
2,78,500,120,1500,stranger,2.916312030823514,3.7062588390737927,0.9030000000000005,1
2,79,500,120,1500,stranger,1.2404456350296855,3.7062588390737927,1.2000000000000006,1
2,80,500,120,1500,stranger,2.182743236025107,3.7062588390737927,1.2259999999999978,1
2,81,500,120,1500,stranger,2.01656397374521,3.7062588390737927,0.5780000000000003,1
2,82,500,120,1500,stranger,2.1360236118943634,3.7062588390737927,1.9789999999999148,1
2,83,500,120,1500,stranger,2.6613652657064204,3.7062588390737927,1.4849999999999692,1
2,84,500,120,1500,stranger,2.6618447743144737,3.7062588390737927,0.6050000000000003,1
2,85,500,120,1500,stranger,3.53167877185543,3.7062588390737927,0.3880000000000001,1
2,86,500,120,1500,stranger,2.7831762365923236,3.7062588390737927,0.6640000000000004,1
2,87,500,120,1500,stranger,1.6416244860418698,3.7062588390737927,1.0010000000000006,1
2,88,500,120,1500,stranger,2.8360581583552493,3.7062588390737927,0.8870000000000005,1
2,89,500,120,1500,stranger,1.7079856974922496,3.7062588390737927,1.5739999999999594,1
2,90,500,120,1500,stranger,-0.2359766660100291,3.7062588390737927,1.4529999999999728,2
2,91,500,120,1500,stranger,3.042207445609222,3.7062588390737927,1.1560000000000008,1
2,92,500,120,1500,stranger,1.5585772440009138,3.7062588390737927,1.3659999999999823,1
2,93,500,120,1500,stranger,0.8803662650719599,3.7062588390737927,1.0470000000000006,1
2,94,500,120,1500,stranger,2.710814772664843,3.7062588390737927,1.0660000000000007,1
2,95,500,120,1500,stranger,2.1378866375208827,3.7062588390737927,0.7410000000000003,1
2,96,500,120,1500,stranger,0.4438563273355154,3.7062588390737927,1.432999999999975,1
2,97,500,120,1500,stranger,3.9569198049342633,3.7062588390737927,0.7830000000000004,1
2,98,500,120,1500,stranger,2.6713888891950375,3.7062588390737927,1.1370000000000007,1
2,99,500,120,1500,stranger,2.5174883122041907,3.7062588390737927,0.7600000000000005,1
2,100,500,120,1500,stranger,3.0711119789268335,3.7062588390737927,0.7390000000000003,1
2,101,500,120,1500,stranger,1.9503862082902073,3.7062588390737927,0.7070000000000003,1
2,102,500,120,1500,stranger,2.2695651170183337,3.7062588390737927,0.9540000000000006,1
2,103,500,120,1500,stranger,3.2668278309624177,3.7062588390737927,0.6910000000000004,1
2,104,500,120,1500,stranger,1.6454958321956072,3.7062588390737927,1.1340000000000008,1
2,105,500,120,1500,stranger,1.5935840235825844,3.7062588390737927,1.459999999999972,1
2,106,500,120,1500,stranger,1.220602497602288,3.7062588390737927,1.9079999999999226,1
2,107,500,120,1500,stranger,0.8471927837061731,3.7062588390737927,1.405999999999978,1
2,108,500,120,1500,stranger,1.1941796098554636,3.7062588390737927,1.1640000000000008,1
2,109,500,120,1500,stranger,0.46827452548182036,3.7062588390737927,0.6850000000000004,1
2,110,500,120,1500,stranger,1.8377864651271858,3.7062588390737927,0.7450000000000003,1
2,111,500,120,1500,stranger,2.383148231455481,3.7062588390737927,1.1470000000000007,1
2,112,500,120,1500,stranger,1.8551659712006754,3.7062588390737927,1.2249999999999979,1
2,113,500,120,1500,stranger,2.3242551530886972,3.7062588390737927,0.5790000000000003,1
2,114,500,120,1500,stranger,2.2320801629326765,3.7062588390737927,0.9430000000000005,1
2,115,500,120,1500,stranger,1.1814048170281843,3.7062588390737927,0.5870000000000003,1
2,116,500,120,1500,stranger,0.8573964192486612,3.7062588390737927,1.632999999999953,1
2,117,500,120,1500,stranger,2.048798170973516,3.7062588390737927,1.331999999999986,1
2,118,500,120,1500,stranger,0.27274591777144286,3.7062588390737927,0.6000000000000003,1
2,119,500,120,1500,stranger,2.4323796901922767,3.7062588390737927,0.7070000000000003,1
2,120,500,120,1500,stranger,3.269411489898581,3.7062588390737927,0.4800000000000002,1
2,121,500,120,1500,stranger,1.3350330199561697,3.7062588390737927,1.3279999999999865,1
2,122,500,120,1500,stranger,2.545167027914496,3.7062588390737927,0.5740000000000003,1
2,123,500,120,1500,stranger,3.1850682164884585,3.7062588390737927,0.8160000000000005,1
2,124,500,120,1500,stranger,3.082629628570298,3.7062588390737927,0.9140000000000006,1
2,125,500,120,1500,stranger,2.784824400881125,3.7062588390737927,0.5070000000000002,1
2,126,500,120,1500,stranger,3.4525292197759323,3.7062588390737927,0.5480000000000003,1
2,127,500,120,1500,stranger,1.1782641694289535,3.7062588390737927,1.368999999999982,1
2,128,500,120,1500,stranger,2.4125148423677425,3.7062588390737927,1.0430000000000006,1
2,129,500,120,1500,stranger,0.2548736363381099,3.7062588390737927,0.9270000000000005,1
2,130,500,120,1500,stranger,0.9430505742700018,3.7062588390737927,1.3029999999999893,1
2,1,500,120,1500,self,7.229594313744182,3.7062588390737927,0.3680000000000001,1
2,2,500,120,1500,self,6.829405742305521,3.7062588390737927,0.4500000000000002,1
2,3,500,120,1500,self,7.280943756160796,3.7062588390737927,0.43200000000000016,1
2,4,500,120,1500,self,5.420157774611449,3.7062588390737927,0.5710000000000003,1
2,5,500,120,1500,self,8.505859531183612,3.7062588390737927,0.3510000000000001,1
2,6,500,120,1500,self,6.467648529393377,3.7062588390737927,0.4520000000000002,1
2,7,500,120,1500,self,8.06967521297694,3.7062588390737927,0.41200000000000014,1
2,8,500,120,1500,self,7.401759377986884,3.7062588390737927,0.42700000000000016,1
2,9,500,120,1500,self,6.796057150453382,3.7062588390737927,0.42200000000000015,1
2,10,500,120,1500,self,7.095973900851771,3.7062588390737927,0.3910000000000001,1
2,11,500,120,1500,self,6.141632828997823,3.7062588390737927,0.5430000000000003,1
2,12,500,120,1500,self,7.194745082518253,3.7062588390737927,0.3370000000000001,1
2,13,500,120,1500,self,7.948827315756711,3.7062588390737927,0.43800000000000017,1
2,14,500,120,1500,self,6.859542972850887,3.7062588390737927,0.5040000000000002,1
2,15,500,120,1500,self,7.126085097635866,3.7062588390737927,0.4680000000000002,1
2,16,500,120,1500,self,7.206713233969839,3.7062588390737927,0.4610000000000002,1
2,17,500,120,1500,self,7.272546088224636,3.7062588390737927,0.5700000000000003,1
2,18,500,120,1500,self,8.118983315501845,3.7062588390737927,0.5050000000000002,1
2,19,500,120,1500,self,7.109640389476933,3.7062588390737927,0.5620000000000003,1
2,20,500,120,1500,self,6.3712607786276365,3.7062588390737927,0.3620000000000001,1
2,21,500,120,1500,self,8.628984189206527,3.7062588390737927,0.40800000000000014,1
2,22,500,120,1500,self,7.481731298467632,3.7062588390737927,0.4740000000000002,1
2,23,500,120,1500,self,8.508402694920193,3.7062588390737927,0.3610000000000001,1
2,24,500,120,1500,self,6.010273972058953,3.7062588390737927,0.4740000000000002,1
2,25,500,120,1500,self,6.650258735186389,3.7062588390737927,0.41600000000000015,1
2,26,500,120,1500,self,7.970080510202122,3.7062588390737927,0.5310000000000002,1
2,27,500,120,1500,self,6.928948052941158,3.7062588390737927,0.3530000000000001,1
2,28,500,120,1500,self,6.747167073561641,3.7062588390737927,0.4530000000000002,1
2,29,500,120,1500,self,6.567206156978331,3.7062588390737927,0.44300000000000017,1
2,30,500,120,1500,self,10.16030192010772,3.7062588390737927,0.3040000000000001,1
2,31,500,120,1500,self,7.564749723055362,3.7062588390737927,0.3360000000000001,1
2,32,500,120,1500,self,6.983489357625047,3.7062588390737927,0.43400000000000016,1
2,33,500,120,1500,self,6.425006627546098,3.7062588390737927,0.41100000000000014,1
2,34,500,120,1500,self,8.505888042545863,3.7062588390737927,0.3780000000000001,1
2,35,500,120,1500,self,7.571030201388215,3.7062588390737927,0.5540000000000003,1
2,36,500,120,1500,self,6.947960657274307,3.7062588390737927,0.3820000000000001,1
2,37,500,120,1500,self,6.127105437984196,3.7062588390737927,0.5160000000000002,1
2,38,500,120,1500,self,6.726133629783602,3.7062588390737927,0.5200000000000002,1
2,39,500,120,1500,self,7.26729913364281,3.7062588390737927,0.4560000000000002,1
2,40,500,120,1500,self,6.166831755168925,3.7062588390737927,0.5580000000000003,1
2,41,500,120,1500,self,8.4976900082186,3.7062588390737927,0.4840000000000002,1
2,42,500,120,1500,self,10.753882707068236,3.7062588390737927,0.41200000000000014,1
2,43,500,120,1500,self,7.705316799014526,3.7062588390737927,0.4510000000000002,1
2,44,500,120,1500,self,6.560894615239032,3.7062588390737927,0.4620000000000002,1
2,45,500,120,1500,self,7.175535463822161,3.7062588390737927,0.3810000000000001,1
2,46,500,120,1500,self,8.365614721444683,3.7062588390737927,0.3240000000000001,1
2,47,500,120,1500,self,7.3914099924928305,3.7062588390737927,0.41100000000000014,1
2,48,500,120,1500,self,7.2372459153964614,3.7062588390737927,0.41900000000000015,1
2,49,500,120,1500,self,5.657569135554704,3.7062588390737927,0.5310000000000002,1
2,50,500,120,1500,self,7.7343137362470875,3.7062588390737927,0.3810000000000001,1
2,51,500,120,1500,self,8.440715792756546,3.7062588390737927,0.40100000000000013,1
2,52,500,120,1500,self,8.92186174546614,3.7062588390737927,0.3610000000000001,1
2,53,500,120,1500,self,7.212533865925905,3.7062588390737927,0.5360000000000003,1
2,54,500,120,1500,self,6.305085128748774,3.7062588390737927,0.5350000000000003,1
2,55,500,120,1500,self,7.799080769410533,3.7062588390737927,0.4670000000000002,1
2,56,500,120,1500,self,7.847963171115901,3.7062588390737927,0.5080000000000002,1
2,57,500,120,1500,self,7.670764947181994,3.7062588390737927,0.3780000000000001,1
2,58,500,120,1500,self,5.66816406593769,3.7062588390737927,0.6050000000000003,1
2,59,500,120,1500,self,6.344259015728951,3.7062588390737927,0.5850000000000003,1
2,60,500,120,1500,self,8.032671060208076,3.7062588390737927,0.43300000000000016,1
2,61,500,120,1500,self,6.5201603291212775,3.7062588390737927,0.4940000000000002,1
2,62,500,120,1500,self,7.6197387484298185,3.7062588390737927,0.3800000000000001,1
2,63,500,120,1500,self,8.057674397106625,3.7062588390737927,0.3370000000000001,1
2,64,500,120,1500,self,6.592230974602902,3.7062588390737927,0.43600000000000017,1
2,65,500,120,1500,self,7.002310212795784,3.7062588390737927,0.5980000000000003,1
2,66,500,120,1500,self,7.633703518789045,3.7062588390737927,0.4550000000000002,1
2,67,500,120,1500,self,8.493146989271448,3.7062588390737927,0.39600000000000013,1
2,68,500,120,1500,self,7.828904892090663,3.7062588390737927,0.42800000000000016,1
2,69,500,120,1500,self,8.663048177640825,3.7062588390737927,0.4990000000000002,1
2,70,500,120,1500,self,6.649369264199239,3.7062588390737927,0.5830000000000003,1
2,71,500,120,1500,self,7.9846057374171835,3.7062588390737927,0.4690000000000002,1
2,72,500,120,1500,self,7.848347627475365,3.7062588390737927,0.3570000000000001,1
2,73,500,120,1500,self,5.980710830532184,3.7062588390737927,0.5210000000000002,1
2,74,500,120,1500,self,8.533393156661534,3.7062588390737927,0.4580000000000002,1
2,75,500,120,1500,self,7.247882122879093,3.7062588390737927,0.3720000000000001,1
2,76,500,120,1500,self,6.8601731667496795,3.7062588390737927,0.5880000000000003,1
2,77,500,120,1500,self,6.672360909828025,3.7062588390737927,0.4960000000000002,1
2,78,500,120,1500,self,8.338285914466997,3.7062588390737927,0.5140000000000002,1
2,79,500,120,1500,self,7.253064851815229,3.7062588390737927,0.5090000000000002,1
2,80,500,120,1500,self,7.03500932376312,3.7062588390737927,0.5410000000000003,1
2,81,500,120,1500,self,8.077537598691574,3.7062588390737927,0.3660000000000001,1
2,82,500,120,1500,self,5.984510931999884,3.7062588390737927,0.6560000000000004,1
2,83,500,120,1500,self,9.001972251158666,3.7062588390737927,0.3410000000000001,1
2,84,500,120,1500,self,6.629172266948271,3.7062588390737927,0.5410000000000003,1
2,85,500,120,1500,self,9.31326412491565,3.7062588390737927,0.3510000000000001,1
2,86,500,120,1500,self,6.549270099538816,3.7062588390737927,0.40300000000000014,1
2,87,500,120,1500,self,6.109477712304546,3.7062588390737927,0.5550000000000003,1
2,88,500,120,1500,self,7.443564918969819,3.7062588390737927,0.4460000000000002,1
2,89,500,120,1500,self,7.355081653137591,3.7062588390737927,0.3900000000000001,1
2,90,500,120,1500,self,5.409651410803597,3.7062588390737927,0.5370000000000003,1
2,91,500,120,1500,self,6.70639329687448,3.7062588390737927,0.3760000000000001,1
2,92,500,120,1500,self,8.986191464668131,3.7062588390737927,0.3750000000000001,1
2,93,500,120,1500,self,6.397836854056202,3.7062588390737927,0.4450000000000002,1
2,94,500,120,1500,self,7.872030316448289,3.7062588390737927,0.40800000000000014,1
2,95,500,120,1500,self,9.4596686308501,3.7062588390737927,0.42400000000000015,1
2,96,500,120,1500,self,8.43597277276037,3.7062588390737927,0.42800000000000016,1
2,97,500,120,1500,self,8.005407438229033,3.7062588390737927,0.3680000000000001,1
2,98,500,120,1500,self,6.415673981664439,3.7062588390737927,0.4830000000000002,1
2,99,500,120,1500,self,7.4522709998364505,3.7062588390737927,0.39700000000000013,1
2,100,500,120,1500,self,7.337862224878425,3.7062588390737927,0.4570000000000002,1
2,101,500,120,1500,self,8.396808227955333,3.7062588390737927,0.6380000000000003,1
2,102,500,120,1500,self,5.442526170140139,3.7062588390737927,0.5420000000000003,1
2,103,500,120,1500,self,6.595732824130595,3.7062588390737927,0.44100000000000017,1
2,104,500,120,1500,self,7.251567089710369,3.7062588390737927,0.5470000000000003,1
2,105,500,120,1500,self,7.702879411330873,3.7062588390737927,0.4450000000000002,1
2,106,500,120,1500,self,6.318481068331147,3.7062588390737927,0.41200000000000014,1
2,107,500,120,1500,self,6.594869603679872,3.7062588390737927,0.5150000000000002,1
2,108,500,120,1500,self,7.133918298676079,3.7062588390737927,0.4650000000000002,1
2,109,500,120,1500,self,6.094358865569367,3.7062588390737927,0.5040000000000002,1
2,110,500,120,1500,self,6.235594251847197,3.7062588390737927,0.4530000000000002,1
2,111,500,120,1500,self,7.474652649257793,3.7062588390737927,0.3830000000000001,1
2,112,500,120,1500,self,7.975862374236708,3.7062588390737927,0.41300000000000014,1
2,113,500,120,1500,self,7.160316045509768,3.7062588390737927,0.5160000000000002,1
2,114,500,120,1500,self,8.8548024556488,3.7062588390737927,0.3650000000000001,1
2,115,500,120,1500,self,7.2097524258286665,3.7062588390737927,0.43600000000000017,1
2,116,500,120,1500,self,6.463056995511156,3.7062588390737927,0.6980000000000004,1
2,117,500,120,1500,self,6.872854233441394,3.7062588390737927,0.6600000000000004,1
2,118,500,120,1500,self,7.3922990300632945,3.7062588390737927,0.44100000000000017,1
2,119,500,120,1500,self,8.546696786402485,3.7062588390737927,0.3740000000000001,1
2,120,500,120,1500,self,6.564636072613451,3.7062588390737927,0.5300000000000002,1
2,121,500,120,1500,self,7.804854093838973,3.7062588390737927,0.3380000000000001,1
2,122,500,120,1500,self,6.7417051579819836,3.7062588390737927,0.3830000000000001,1
2,123,500,120,1500,self,7.911010751690564,3.7062588390737927,0.42000000000000015,1
2,124,500,120,1500,self,8.40233960321315,3.7062588390737927,0.3890000000000001,1
2,125,500,120,1500,self,9.381655645054352,3.7062588390737927,0.3630000000000001,1
2,126,500,120,1500,self,6.115922549106832,3.7062588390737927,0.4490000000000002,1
2,127,500,120,1500,self,6.283159355656724,3.7062588390737927,0.5060000000000002,1
2,128,500,120,1500,self,5.726699502721007,3.7062588390737927,0.5600000000000003,1
2,129,500,120,1500,self,6.366564768886938,3.7062588390737927,0.3160000000000001,1
2,130,500,120,1500,self,6.725917510673642,3.7062588390737927,0.5950000000000003,1
3,1,500,120,1500,stranger,2.216819873352228,3.337791107450076,1.3659999999999823,1
3,2,500,120,1500,stranger,2.652167288883284,3.337791107450076,1.0830000000000006,1
3,3,500,120,1500,stranger,2.7905086471249545,3.337791107450076,1.0380000000000007,1
3,4,500,120,1500,stranger,0.8127124091261764,3.337791107450076,0.9770000000000005,1
3,5,500,120,1500,stranger,0.11628664576400816,3.337791107450076,1.287999999999991,2
3,6,500,120,1500,stranger,1.799395682647376,3.337791107450076,1.2359999999999967,1
3,7,500,120,1500,stranger,3.195495492530116,3.337791107450076,0.5410000000000003,1
3,8,500,120,1500,stranger,2.2412532776322474,3.337791107450076,1.1900000000000008,1
3,9,500,120,1500,stranger,0.2545644371845359,3.337791107450076,0.8810000000000004,1
3,10,500,120,1500,stranger,1.3048074277223276,3.337791107450076,0.8320000000000005,1
3,11,500,120,1500,stranger,3.558603578302522,3.337791107450076,0.4970000000000002,1
3,12,500,120,1500,stranger,-0.36359106017922094,3.337791107450076,0.6230000000000003,2
3,13,500,120,1500,stranger,1.260289771968325,3.337791107450076,1.7909999999999355,1
3,14,500,120,1500,stranger,3.197284376224018,3.337791107450076,0.43700000000000017,1
3,15,500,120,1500,stranger,1.3454029581310472,3.337791107450076,0.6440000000000003,1
3,16,500,120,1500,stranger,1.4988493348573324,3.337791107450076,1.649999999999951,1
3,17,500,120,1500,stranger,1.1994576546174252,3.337791107450076,1.0190000000000006,1
3,18,500,120,1500,stranger,2.2606372338833456,3.337791107450076,0.6580000000000004,1
3,19,500,120,1500,stranger,1.7497007767673247,3.337791107450076,0.9870000000000005,1
3,20,500,120,1500,stranger,1.6639732290433729,3.337791107450076,0.7140000000000004,1
3,21,500,120,1500,stranger,2.621680467116785,3.337791107450076,0.4790000000000002,1
3,22,500,120,1500,stranger,0.21594068859004834,3.337791107450076,1.2399999999999962,2
3,23,500,120,1500,stranger,1.0918351150335928,3.337791107450076,1.785999999999936,1
3,24,500,120,1500,stranger,1.719712242738835,3.337791107450076,1.4079999999999777,1
3,25,500,120,1500,stranger,3.144196137643699,3.337791107450076,0.4940000000000002,1
3,26,500,120,1500,stranger,2.543340379525198,3.337791107450076,0.6660000000000004,1
3,27,500,120,1500,stranger,1.5908745913895923,3.337791107450076,0.7200000000000004,1
3,28,500,120,1500,stranger,3.594975254033122,3.337791107450076,1.3429999999999849,1
3,29,500,120,1500,stranger,2.0665846081490176,3.337791107450076,1.0330000000000006,1
3,30,500,120,1500,stranger,2.1089790089994453,3.337791107450076,0.43100000000000016,1
3,31,500,120,1500,stranger,0.6969336182373214,3.337791107450076,1.5219999999999652,1
3,32,500,120,1500,stranger,1.3761255874817206,3.337791107450076,1.231999999999997,1
3,33,500,120,1500,stranger,1.012967347040917,3.337791107450076,1.486999999999969,1
3,34,500,120,1500,stranger,1.0476465586352997,3.337791107450076,0.42100000000000015,1
3,35,500,120,1500,stranger,1.2422501303950577,3.337791107450076,0.5660000000000003,1
3,36,500,120,1500,stranger,0.8232499877964049,3.337791107450076,0.7710000000000004,1
3,37,500,120,1500,stranger,3.1470595105663763,3.337791107450076,0.41600000000000015,1
3,38,500,120,1500,stranger,1.7695377431288921,3.337791107450076,0.5300000000000002,1
3,39,500,120,1500,stranger,2.29755109233468,3.337791107450076,0.6870000000000004,1
3,40,500,120,1500,stranger,2.0462828040075096,3.337791107450076,0.7040000000000004,1
3,41,500,120,1500,stranger,3.3202239016822457,3.337791107450076,1.0580000000000007,1
3,42,500,120,1500,stranger,1.2839692172119404,3.337791107450076,1.8639999999999275,1
3,43,500,120,1500,stranger,3.117326386446204,3.337791107450076,0.9900000000000007,1
3,44,500,120,1500,stranger,1.262877393546697,3.337791107450076,1.2219999999999982,1
3,45,500,120,1500,stranger,3.7743828968327824,3.337791107450076,0.9020000000000006,1
3,46,500,120,1500,stranger,1.8905671948763634,3.337791107450076,1.0610000000000006,1
3,47,500,120,1500,stranger,3.088883744009725,3.337791107450076,0.8520000000000005,1
3,48,500,120,1500,stranger,1.0689861750221148,3.337791107450076,1.0080000000000007,1
3,49,500,120,1500,stranger,1.9152860795083204,3.337791107450076,0.6910000000000004,1
3,50,500,120,1500,stranger,0.942549929881659,3.337791107450076,1.722999999999943,1
3,51,500,120,1500,stranger,1.9960323412461354,3.337791107450076,0.8720000000000006,1
3,52,500,120,1500,stranger,1.0130116382620589,3.337791107450076,1.8279999999999315,1
3,53,500,120,1500,stranger,1.8677840627083506,3.337791107450076,0.8350000000000004,1
3,54,500,120,1500,stranger,4.13503586447071,3.337791107450076,0.7650000000000003,1
3,55,500,120,1500,stranger,1.7812268765171555,3.337791107450076,0.9580000000000006,1
3,56,500,120,1500,stranger,0.7654347800606783,3.337791107450076,1.686999999999947,1
3,57,500,120,1500,stranger,2.5060148724630134,3.337791107450076,0.8560000000000005,1
3,58,500,120,1500,stranger,3.2761742396334554,3.337791107450076,1.2189999999999985,1
3,59,500,120,1500,stranger,1.9783940420909643,3.337791107450076,0.7580000000000005,1
3,60,500,120,1500,stranger,1.9763804720009335,3.337791107450076,1.7929999999999353,1
3,61,500,120,1500,stranger,2.5585815933746954,3.337791107450076,0.8220000000000005,1
3,62,500,120,1500,stranger,1.386518166243909,3.337791107450076,0.9280000000000006,1
3,63,500,120,1500,stranger,2.595030033786502,3.337791107450076,0.7850000000000004,1
3,64,500,120,1500,stranger,2.498830047303474,3.337791107450076,0.5610000000000003,1
3,65,500,120,1500,stranger,1.9974839933831745,3.337791107450076,1.7549999999999395,1
3,66,500,120,1500,stranger,1.1494768269927451,3.337791107450076,1.5159999999999658,1
3,67,500,120,1500,stranger,2.0527227058501465,3.337791107450076,1.7749999999999373,1
3,68,500,120,1500,stranger,1.6765228232649378,3.337791107450076,0.8580000000000005,1
3,69,500,120,1500,stranger,1.998173845558744,3.337791107450076,0.5860000000000003,1
3,70,500,120,1500,stranger,0.0452216969717274,3.337791107450076,0.6440000000000003,2
3,71,500,120,1500,stranger,2.6929568729687388,3.337791107450076,0.5600000000000003,1
3,72,500,120,1500,stranger,2.445370398050832,3.337791107450076,0.8390000000000004,1
3,73,500,120,1500,stranger,1.6508140841401822,3.337791107450076,1.223999999999998,1
3,74,500,120,1500,stranger,1.8038049741649447,3.337791107450076,1.6759999999999482,1
3,75,500,120,1500,stranger,1.4809230092643915,3.337791107450076,0.8390000000000004,1
3,76,500,120,1500,stranger,1.3209011684058098,3.337791107450076,0.6240000000000003,1
3,77,500,120,1500,stranger,1.057075903150852,3.337791107450076,1.1720000000000008,1
3,78,500,120,1500,stranger,2.114158328392574,3.337791107450076,1.6129999999999551,1
3,79,500,120,1500,stranger,1.4459719976915142,3.337791107450076,1.1980000000000008,1
3,80,500,120,1500,stranger,1.424817916889327,3.337791107450076,1.776999999999937,1
3,81,500,120,1500,stranger,2.7638382572467304,3.337791107450076,0.7510000000000003,1
3,82,500,120,1500,stranger,0.6646193805622402,3.337791107450076,0.8760000000000006,1
3,83,500,120,1500,stranger,0.6241732758652268,3.337791107450076,1.9019999999999233,1
3,84,500,120,1500,stranger,1.9984652421536826,3.337791107450076,1.240999999999996,1
3,85,500,120,1500,stranger,3.0791324026870743,3.337791107450076,0.6370000000000003,1
3,86,500,120,1500,stranger,1.964692737035167,3.337791107450076,0.6570000000000004,1
3,87,500,120,1500,stranger,2.5439237090334723,3.337791107450076,0.9950000000000006,1
3,88,500,120,1500,stranger,2.697047068065742,3.337791107450076,1.0500000000000007,1
3,89,500,120,1500,stranger,2.776339892704856,3.337791107450076,0.7590000000000003,1
3,90,500,120,1500,stranger,2.8053141648303974,3.337791107450076,0.6280000000000003,1
3,91,500,120,1500,stranger,2.731689056313323,3.337791107450076,0.5030000000000002,1
3,92,500,120,1500,stranger,1.3251739594710656,3.337791107450076,1.5389999999999633,1
3,93,500,120,1500,stranger,2.538516220572105,3.337791107450076,1.340999999999985,1
3,94,500,120,1500,stranger,2.3614492308535775,3.337791107450076,1.0380000000000007,1
3,95,500,120,1500,stranger,2.9037237343066185,3.337791107450076,1.6439999999999517,1
3,96,500,120,1500,stranger,0.37524816005951744,3.337791107450076,1.2439999999999958,1
3,97,500,120,1500,stranger,1.4686153281358063,3.337791107450076,0.7290000000000003,1
3,98,500,120,1500,stranger,1.9932054915360453,3.337791107450076,1.5659999999999603,1
3,99,500,120,1500,stranger,1.8327147554489664,3.337791107450076,0.5510000000000003,1
3,100,500,120,1500,stranger,2.102156190952658,3.337791107450076,0.6110000000000003,1
3,101,500,120,1500,stranger,3.101875209028736,3.337791107450076,0.8670000000000004,1
3,102,500,120,1500,stranger,1.6992512846757755,3.337791107450076,1.1340000000000008,1
3,103,500,120,1500,stranger,0.69556773457642,3.337791107450076,1.0470000000000006,1
3,104,500,120,1500,stranger,2.440621962066333,3.337791107450076,0.7000000000000004,1
3,105,500,120,1500,stranger,1.9948232684035212,3.337791107450076,1.5029999999999673,1
3,106,500,120,1500,stranger,2.1691366124831895,3.337791107450076,1.3279999999999865,1
3,107,500,120,1500,stranger,1.957816263386415,3.337791107450076,0.7630000000000003,1
3,108,500,120,1500,stranger,1.3593899033095547,3.337791107450076,1.3849999999999802,1
3,109,500,120,1500,stranger,2.2193987127113877,3.337791107450076,1.0050000000000006,1
3,110,500,120,1500,stranger,0.4766703820621647,3.337791107450076,0.8700000000000006,1
3,111,500,120,1500,stranger,2.8902753876465894,3.337791107450076,0.6520000000000004,1
3,112,500,120,1500,stranger,2.2385449901058685,3.337791107450076,0.9090000000000005,1
3,113,500,120,1500,stranger,1.0966090750894533,3.337791107450076,1.3159999999999878,2
3,114,500,120,1500,stranger,2.535783747306926,3.337791107450076,0.4880000000000002,1
3,115,500,120,1500,stranger,0.30324382958618035,3.337791107450076,1.0690000000000006,1
3,116,500,120,1500,stranger,2.1744564758417053,3.337791107450076,0.8630000000000004,1
3,117,500,120,1500,stranger,1.8966307458698284,3.337791107450076,0.8570000000000004,1
3,118,500,120,1500,stranger,1.99163326448641,3.337791107450076,1.268999999999993,1
3,119,500,120,1500,stranger,2.20650148125082,3.337791107450076,1.1070000000000007,1
3,120,500,120,1500,stranger,2.0339522970058836,3.337791107450076,0.6330000000000003,1
3,121,500,120,1500,stranger,1.876041239567856,3.337791107450076,0.9130000000000005,1
3,122,500,120,1500,stranger,2.645646626295659,3.337791107450076,0.6360000000000003,1
3,123,500,120,1500,stranger,1.553986210805067,3.337791107450076,0.8110000000000004,1
3,124,500,120,1500,stranger,1.0034063445546042,3.337791107450076,1.7429999999999408,1
3,125,500,120,1500,stranger,1.2416164973464974,3.337791107450076,1.5669999999999602,1
3,126,500,120,1500,stranger,-0.20521099847020108,3.337791107450076,0.7030000000000003,2
3,127,500,120,1500,stranger,1.942239702404611,3.337791107450076,0.9370000000000005,1
3,128,500,120,1500,stranger,1.2592161135107791,3.337791107450076,1.2109999999999994,1
3,129,500,120,1500,stranger,1.4397494918187435,3.337791107450076,1.4199999999999764,1
3,130,500,120,1500,stranger,1.3642491717897407,3.337791107450076,0.8190000000000004,1
3,1,500,120,1500,self,5.133762627638897,3.337791107450076,0.4600000000000002,1
3,2,500,120,1500,self,8.566043878341537,3.337791107450076,0.3790000000000001,1
3,3,500,120,1500,self,7.261400250167259,3.337791107450076,0.3750000000000001,1
3,4,500,120,1500,self,7.945113469336917,3.337791107450076,0.5090000000000002,1
3,5,500,120,1500,self,8.34505820581419,3.337791107450076,0.3800000000000001,1
3,6,500,120,1500,self,7.34374728243601,3.337791107450076,0.3860000000000001,1
3,7,500,120,1500,self,6.188262260484967,3.337791107450076,0.42200000000000015,1
3,8,500,120,1500,self,7.3637009769664274,3.337791107450076,0.3860000000000001,1
3,9,500,120,1500,self,7.162743953093731,3.337791107450076,0.40800000000000014,1
3,10,500,120,1500,self,6.79141450389126,3.337791107450076,0.39400000000000013,1
3,11,500,120,1500,self,5.6989698607740475,3.337791107450076,0.4790000000000002,1
3,12,500,120,1500,self,8.100028338792796,3.337791107450076,0.43500000000000016,1
3,13,500,120,1500,self,5.579463771084055,3.337791107450076,0.3800000000000001,1
3,14,500,120,1500,self,7.467843131567375,3.337791107450076,0.3790000000000001,1
3,15,500,120,1500,self,6.606154203892642,3.337791107450076,0.43300000000000016,1
3,16,500,120,1500,self,7.469305182243587,3.337791107450076,0.3550000000000001,1
3,17,500,120,1500,self,6.221352128741611,3.337791107450076,0.3930000000000001,1
3,18,500,120,1500,self,6.472084846981504,3.337791107450076,0.4860000000000002,1
3,19,500,120,1500,self,6.628320512718729,3.337791107450076,0.3600000000000001,1
3,20,500,120,1500,self,7.1125787426522775,3.337791107450076,0.3770000000000001,1
3,21,500,120,1500,self,7.034355319661684,3.337791107450076,0.4450000000000002,1
3,22,500,120,1500,self,8.707392556916586,3.337791107450076,0.3720000000000001,1
3,23,500,120,1500,self,4.703259320374829,3.337791107450076,0.5530000000000003,1
3,24,500,120,1500,self,7.428961993307651,3.337791107450076,0.42300000000000015,1
3,25,500,120,1500,self,8.097086080486056,3.337791107450076,0.4840000000000002,1
3,26,500,120,1500,self,7.564349339174426,3.337791107450076,0.41000000000000014,1
3,27,500,120,1500,self,8.438910374874903,3.337791107450076,0.5060000000000002,1
3,28,500,120,1500,self,7.231562142019513,3.337791107450076,0.4830000000000002,1
3,29,500,120,1500,self,8.127814803931251,3.337791107450076,0.3070000000000001,1
3,30,500,120,1500,self,8.955444633985891,3.337791107450076,0.3690000000000001,1
3,31,500,120,1500,self,6.8851925071572255,3.337791107450076,0.4810000000000002,1
3,32,500,120,1500,self,6.26139076671095,3.337791107450076,0.5320000000000003,1
3,33,500,120,1500,self,7.394585929825509,3.337791107450076,0.5230000000000002,1
3,34,500,120,1500,self,8.19858598077827,3.337791107450076,0.39400000000000013,1
3,35,500,120,1500,self,7.564014208197965,3.337791107450076,0.4830000000000002,1
3,36,500,120,1500,self,5.9107298113431135,3.337791107450076,0.4660000000000002,1
3,37,500,120,1500,self,5.952758049118074,3.337791107450076,0.6240000000000003,1
3,38,500,120,1500,self,7.9668210780663955,3.337791107450076,0.5590000000000003,1
3,39,500,120,1500,self,8.235422721081168,3.337791107450076,0.4920000000000002,1
3,40,500,120,1500,self,5.669204494540973,3.337791107450076,0.4760000000000002,1
3,41,500,120,1500,self,6.103701395640055,3.337791107450076,0.4510000000000002,1
3,42,500,120,1500,self,7.8339028733354885,3.337791107450076,0.42900000000000016,1
3,43,500,120,1500,self,6.044629463640987,3.337791107450076,0.3830000000000001,1
3,44,500,120,1500,self,6.905924863286952,3.337791107450076,0.4780000000000002,1
3,45,500,120,1500,self,7.760067315477827,3.337791107450076,0.40400000000000014,1
3,46,500,120,1500,self,6.278836947541851,3.337791107450076,0.4760000000000002,1
3,47,500,120,1500,self,5.490921303834002,3.337791107450076,0.3510000000000001,1
3,48,500,120,1500,self,7.101910512038142,3.337791107450076,0.41800000000000015,1
3,49,500,120,1500,self,6.655545371948959,3.337791107450076,0.5580000000000003,1
3,50,500,120,1500,self,7.649001883479334,3.337791107450076,0.3510000000000001,1
3,51,500,120,1500,self,7.366947467913192,3.337791107450076,0.39600000000000013,1
3,52,500,120,1500,self,8.60863543299975,3.337791107450076,0.3710000000000001,1
3,53,500,120,1500,self,8.816861830222523,3.337791107450076,0.3500000000000001,1
3,54,500,120,1500,self,8.659550839684124,3.337791107450076,0.4540000000000002,1
3,55,500,120,1500,self,7.678087558718962,3.337791107450076,0.40700000000000014,1
3,56,500,120,1500,self,6.904870947694396,3.337791107450076,0.3520000000000001,1
3,57,500,120,1500,self,7.859895869822464,3.337791107450076,0.4470000000000002,1
3,58,500,120,1500,self,7.321654086871181,3.337791107450076,0.39800000000000013,1
3,59,500,120,1500,self,7.266527148555169,3.337791107450076,0.4930000000000002,1
3,60,500,120,1500,self,6.91144208284982,3.337791107450076,0.39800000000000013,1
3,61,500,120,1500,self,7.603727942353344,3.337791107450076,0.4710000000000002,1
3,62,500,120,1500,self,7.210088212903303,3.337791107450076,0.43900000000000017,1
3,63,500,120,1500,self,8.316303792409412,3.337791107450076,0.3910000000000001,1
3,64,500,120,1500,self,7.147451143614956,3.337791107450076,0.4480000000000002,1
3,65,500,120,1500,self,8.45471877085855,3.337791107450076,0.3390000000000001,1
3,66,500,120,1500,self,7.68042027252479,3.337791107450076,0.4730000000000002,1
3,67,500,120,1500,self,7.787779888498334,3.337791107450076,0.4720000000000002,1
3,68,500,120,1500,self,8.267628687217659,3.337791107450076,0.3620000000000001,1
3,69,500,120,1500,self,8.461026826336667,3.337791107450076,0.41000000000000014,1
3,70,500,120,1500,self,7.283441650991916,3.337791107450076,0.5130000000000002,1
3,71,500,120,1500,self,7.223219354813009,3.337791107450076,0.5170000000000002,1
3,72,500,120,1500,self,6.94792166104135,3.337791107450076,0.3680000000000001,1
3,73,500,120,1500,self,9.4736190966184,3.337791107450076,0.3650000000000001,1
3,74,500,120,1500,self,7.026833727113813,3.337791107450076,0.43100000000000016,1
3,75,500,120,1500,self,8.22419138190263,3.337791107450076,0.3920000000000001,1
3,76,500,120,1500,self,7.888423787138231,3.337791107450076,0.3520000000000001,1
3,77,500,120,1500,self,7.785232183107436,3.337791107450076,0.4450000000000002,1
3,78,500,120,1500,self,7.363026262137089,3.337791107450076,0.40500000000000014,1
3,79,500,120,1500,self,6.100628053215059,3.337791107450076,0.4490000000000002,1
3,80,500,120,1500,self,7.419988390426671,3.337791107450076,0.4530000000000002,1
3,81,500,120,1500,self,6.503345390737924,3.337791107450076,0.43600000000000017,1
3,82,500,120,1500,self,7.078608683524009,3.337791107450076,0.42300000000000015,1
3,83,500,120,1500,self,6.999091239875629,3.337791107450076,0.4510000000000002,1
3,84,500,120,1500,self,8.291796287600894,3.337791107450076,0.3810000000000001,1
3,85,500,120,1500,self,9.371982935801675,3.337791107450076,0.3520000000000001,1
3,86,500,120,1500,self,6.778346798534543,3.337791107450076,0.41800000000000015,1
3,87,500,120,1500,self,7.488822436925271,3.337791107450076,0.43600000000000017,1
3,88,500,120,1500,self,6.055991463876443,3.337791107450076,0.4820000000000002,1
3,89,500,120,1500,self,6.634457269386099,3.337791107450076,0.3590000000000001,1
3,90,500,120,1500,self,6.443791842182453,3.337791107450076,0.4470000000000002,1
3,91,500,120,1500,self,6.791061724822285,3.337791107450076,0.3440000000000001,1
3,92,500,120,1500,self,6.175464613029528,3.337791107450076,0.5100000000000002,1
3,93,500,120,1500,self,7.115613511355146,3.337791107450076,0.43400000000000016,1
3,94,500,120,1500,self,7.254211158327359,3.337791107450076,0.3770000000000001,1
3,95,500,120,1500,self,7.79485506076388,3.337791107450076,0.43900000000000017,1
3,96,500,120,1500,self,7.36478643456875,3.337791107450076,0.3750000000000001,1
3,97,500,120,1500,self,6.893199057778785,3.337791107450076,0.4580000000000002,1
3,98,500,120,1500,self,7.876403482617254,3.337791107450076,0.40200000000000014,1
3,99,500,120,1500,self,7.043461035730663,3.337791107450076,0.4720000000000002,1
3,100,500,120,1500,self,7.569326343055445,3.337791107450076,0.3330000000000001,1
3,101,500,120,1500,self,5.5994977250743325,3.337791107450076,0.5700000000000003,1
3,102,500,120,1500,self,7.897813828817659,3.337791107450076,0.4580000000000002,1
3,103,500,120,1500,self,7.327260285107209,3.337791107450076,0.3340000000000001,1
3,104,500,120,1500,self,6.555653211572476,3.337791107450076,0.4590000000000002,1
3,105,500,120,1500,self,7.078930665603368,3.337791107450076,0.5750000000000003,1
3,106,500,120,1500,self,8.269520295352036,3.337791107450076,0.3690000000000001,1
3,107,500,120,1500,self,7.129867381877084,3.337791107450076,0.5090000000000002,1
3,108,500,120,1500,self,7.182542336590909,3.337791107450076,0.42200000000000015,1
3,109,500,120,1500,self,6.174944252976081,3.337791107450076,0.5230000000000002,1
3,110,500,120,1500,self,7.090448864720215,3.337791107450076,0.4620000000000002,1
3,111,500,120,1500,self,6.2645141951376075,3.337791107450076,0.3370000000000001,1
3,112,500,120,1500,self,10.136591399445187,3.337791107450076,0.3020000000000001,1
3,113,500,120,1500,self,8.406576749695516,3.337791107450076,0.3910000000000001,1
3,114,500,120,1500,self,6.876664578232596,3.337791107450076,0.39600000000000013,1
3,115,500,120,1500,self,6.171641226403761,3.337791107450076,0.3760000000000001,1
3,116,500,120,1500,self,8.03484240993266,3.337791107450076,0.3550000000000001,1
3,117,500,120,1500,self,5.9228023111029975,3.337791107450076,0.43600000000000017,1
3,118,500,120,1500,self,7.535176348943546,3.337791107450076,0.4600000000000002,1
3,119,500,120,1500,self,7.3555971569873595,3.337791107450076,0.3590000000000001,1
3,120,500,120,1500,self,8.01646814210878,3.337791107450076,0.4670000000000002,1
3,121,500,120,1500,self,5.973657316492691,3.337791107450076,0.5890000000000003,1
3,122,500,120,1500,self,7.082347199577796,3.337791107450076,0.3660000000000001,1
3,123,500,120,1500,self,6.310676646390609,3.337791107450076,0.5380000000000003,1
3,124,500,120,1500,self,8.343001900233808,3.337791107450076,0.4670000000000002,1
3,125,500,120,1500,self,6.999774942591972,3.337791107450076,0.3600000000000001,1
3,126,500,120,1500,self,8.035434258999606,3.337791107450076,0.4600000000000002,1
3,127,500,120,1500,self,7.8311219808671835,3.337791107450076,0.41300000000000014,1
3,128,500,120,1500,self,7.469793601668854,3.337791107450076,0.5300000000000002,1
3,129,500,120,1500,self,6.6835002873981715,3.337791107450076,0.42600000000000016,1
3,130,500,120,1500,self,6.409545470684208,3.337791107450076,0.6210000000000003,1
4,1,500,120,1500,stranger,2.131020621064063,2.9867390377432885,0.5280000000000002,1
4,2,500,120,1500,stranger,3.7100944117505885,2.9867390377432885,0.6710000000000004,1
4,3,500,120,1500,stranger,1.86781496050278,2.9867390377432885,1.858999999999928,1
4,4,500,120,1500,stranger,1.993242508833923,2.9867390377432885,0.8450000000000004,1
4,5,500,120,1500,stranger,2.0807246896766802,2.9867390377432885,0.6150000000000003,1
4,6,500,120,1500,stranger,3.1051417124327605,2.9867390377432885,0.6510000000000004,1
4,7,500,120,1500,stranger,1.867743828102696,2.9867390377432885,0.7480000000000004,1
4,8,500,120,1500,stranger,1.3786051282083132,2.9867390377432885,0.42200000000000015,1
4,9,500,120,1500,stranger,2.263261507504871,2.9867390377432885,0.8530000000000004,1
4,10,500,120,1500,stranger,3.0894463924748226,2.9867390377432885,1.1900000000000008,1
4,11,500,120,1500,stranger,0.8305033474582948,2.9867390377432885,1.1510000000000007,1
4,12,500,120,1500,stranger,2.8957064634983087,2.9867390377432885,0.7630000000000003,1
4,13,500,120,1500,stranger,1.218061009246174,2.9867390377432885,1.8919999999999244,1
4,14,500,120,1500,stranger,1.5294022619847585,2.9867390377432885,0.7860000000000005,1
4,15,500,120,1500,stranger,2.881343705737282,2.9867390377432885,0.6160000000000003,1
4,16,500,120,1500,stranger,1.3822345011432948,2.9867390377432885,1.250999999999995,2
4,17,500,120,1500,stranger,2.8288309416542177,2.9867390377432885,0.8410000000000004,1
4,18,500,120,1500,stranger,0.9483743521107946,2.9867390377432885,1.5919999999999574,2
4,19,500,120,1500,stranger,0.599851718280981,2.9867390377432885,1.5619999999999608,1
4,20,500,120,1500,stranger,1.0343706216637476,2.9867390377432885,1.7429999999999408,1
4,21,500,120,1500,stranger,2.239924797953168,2.9867390377432885,1.3029999999999893,1
4,22,500,120,1500,stranger,1.784764509658233,2.9867390377432885,1.650999999999951,1
4,23,500,120,1500,stranger,2.574741179853034,2.9867390377432885,0.5150000000000002,1
4,24,500,120,1500,stranger,1.7610904939574468,2.9867390377432885,1.487999999999969,1
4,25,500,120,1500,stranger,2.990463780142841,2.9867390377432885,0.8090000000000004,1
4,26,500,120,1500,stranger,2.713564424018447,2.9867390377432885,0.42400000000000015,1
4,27,500,120,1500,stranger,2.367230470147661,2.9867390377432885,0.5920000000000003,1
4,28,500,120,1500,stranger,1.341637419749109,2.9867390377432885,0.6980000000000004,1
4,29,500,120,1500,stranger,1.9171631679573844,2.9867390377432885,0.8720000000000006,1
4,30,500,120,1500,stranger,0.9620075603086888,2.9867390377432885,0.7740000000000005,1
4,31,500,120,1500,stranger,2.020701836070389,2.9867390377432885,1.0770000000000006,1
4,32,500,120,1500,stranger,1.7176620855367846,2.9867390377432885,0.7680000000000005,1
4,33,500,120,1500,stranger,1.2788978380380298,2.9867390377432885,1.2489999999999952,1
4,34,500,120,1500,stranger,1.2430052374188525,2.9867390377432885,1.6379999999999524,1
4,35,500,120,1500,stranger,1.619489060530226,2.9867390377432885,0.7660000000000005,1
4,36,500,120,1500,stranger,1.5719376460506547,2.9867390377432885,1.9819999999999145,1
4,37,500,120,1500,stranger,2.0461394146453165,2.9867390377432885,1.6289999999999534,1
4,38,500,120,1500,stranger,0.128840585478748,2.9867390377432885,1.2159999999999989,2
4,39,500,120,1500,stranger,2.100485307422844,2.9867390377432885,0.43100000000000016,1
4,40,500,120,1500,stranger,1.2563505194852176,2.9867390377432885,1.1200000000000008,1
4,41,500,120,1500,stranger,2.7697022116325987,2.9867390377432885,0.5330000000000003,1
4,42,500,120,1500,stranger,2.2172356794438737,2.9867390377432885,1.2659999999999934,1
4,43,500,120,1500,stranger,2.122460169125725,2.9867390377432885,0.43900000000000017,1
4,44,500,120,1500,stranger,3.484120872819135,2.9867390377432885,0.6190000000000003,1
4,45,500,120,1500,stranger,4.756711048123901,2.9867390377432885,0.4730000000000002,1
4,46,500,120,1500,stranger,2.9758716313917004,2.9867390377432885,0.7020000000000004,1
4,47,500,120,1500,stranger,2.8284991185601864,2.9867390377432885,0.7300000000000004,1
4,48,500,120,1500,stranger,1.2041573228006226,2.9867390377432885,0.7690000000000003,1
4,49,500,120,1500,stranger,2.1484989089625404,2.9867390377432885,0.42600000000000016,1
4,50,500,120,1500,stranger,2.310112364165162,2.9867390377432885,0.8450000000000004,1
4,51,500,120,1500,stranger,0.8700345594271998,2.9867390377432885,0.6020000000000003,1
4,52,500,120,1500,stranger,2.062955609702032,2.9867390377432885,1.0750000000000006,1
4,53,500,120,1500,stranger,2.2901592243790048,2.9867390377432885,0.6050000000000003,1
4,54,500,120,1500,stranger,1.5740472997465083,2.9867390377432885,0.9760000000000006,1
4,55,500,120,1500,stranger,-0.5648825538331639,2.9867390377432885,1.222999999999998,2
4,56,500,120,1500,stranger,2.5398853219476405,2.9867390377432885,0.7310000000000003,1
4,57,500,120,1500,stranger,2.526210942073137,2.9867390377432885,0.4830000000000002,1
4,58,500,120,1500,stranger,3.04965048437475,2.9867390377432885,1.1980000000000008,1
4,59,500,120,1500,stranger,1.0047067680112431,2.9867390377432885,1.7089999999999446,1
4,60,500,120,1500,stranger,0.10137025999880889,2.9867390377432885,0.7380000000000004,1
4,61,500,120,1500,stranger,3.1275397555433075,2.9867390377432885,1.1480000000000008,1
4,62,500,120,1500,stranger,0.5413237023107467,2.9867390377432885,0.9350000000000005,2
4,63,500,120,1500,stranger,0.9886421444993868,2.9867390377432885,1.2129999999999992,1
4,64,500,120,1500,stranger,0.7242484649542063,2.9867390377432885,0.6410000000000003,1
4,65,500,120,1500,stranger,1.0921349434844925,2.9867390377432885,0.6600000000000004,1
4,66,500,120,1500,stranger,0.817248940021749,2.9867390377432885,0.6990000000000004,1
4,67,500,120,1500,stranger,2.0402830586972063,2.9867390377432885,1.413999999999977,1
4,68,500,120,1500,stranger,0.39086139122357455,2.9867390377432885,0.7670000000000003,1
4,69,500,120,1500,stranger,0.9082343347935065,2.9867390377432885,1.4399999999999742,1
4,70,500,120,1500,stranger,2.323433164764926,2.9867390377432885,0.5920000000000003,1
4,71,500,120,1500,stranger,1.6657156390887837,2.9867390377432885,0.43300000000000016,1
4,72,500,120,1500,stranger,0.6468487906003721,2.9867390377432885,1.6429999999999518,1
4,73,500,120,1500,stranger,2.768462183981611,2.9867390377432885,0.6390000000000003,1
4,74,500,120,1500,stranger,2.0692310358843558,2.9867390377432885,1.3369999999999855,1
4,75,500,120,1500,stranger,2.006654924653307,2.9867390377432885,0.6000000000000003,1
4,76,500,120,1500,stranger,1.5795391889610593,2.9867390377432885,1.6479999999999513,1
4,77,500,120,1500,stranger,2.334843613089157,2.9867390377432885,0.5420000000000003,1
4,78,500,120,1500,stranger,2.7310351168928566,2.9867390377432885,0.6370000000000003,1
4,79,500,120,1500,stranger,1.4022614488038156,2.9867390377432885,0.8540000000000005,1
4,80,500,120,1500,stranger,3.5656937234294,2.9867390377432885,0.7260000000000004,1
4,81,500,120,1500,stranger,2.501100677640122,2.9867390377432885,0.9450000000000005,1
4,82,500,120,1500,stranger,1.9228761765829758,2.9867390377432885,0.7640000000000005,1
4,83,500,120,1500,stranger,0.8426290926210408,2.9867390377432885,1.1230000000000007,1
4,84,500,120,1500,stranger,2.0814170188687617,2.9867390377432885,1.8079999999999337,1
4,85,500,120,1500,stranger,1.168801014271893,2.9867390377432885,0.6890000000000004,1
4,86,500,120,1500,stranger,1.4067415066524418,2.9867390377432885,1.3649999999999824,1
4,87,500,120,1500,stranger,0.36607013784580267,2.9867390377432885,1.8079999999999337,1
4,88,500,120,1500,stranger,2.1510889792613974,2.9867390377432885,0.6360000000000003,1
4,89,500,120,1500,stranger,1.668845339666016,2.9867390377432885,0.5390000000000003,1
4,90,500,120,1500,stranger,1.6657476940027516,2.9867390377432885,1.3799999999999808,1
4,91,500,120,1500,stranger,3.8728459412746847,2.9867390377432885,1.0710000000000006,1
4,92,500,120,1500,stranger,1.8960872964932656,2.9867390377432885,1.2249999999999979,1
4,93,500,120,1500,stranger,-0.7377922570843156,2.9867390377432885,0.9350000000000005,2
4,94,500,120,1500,stranger,2.567157178306464,2.9867390377432885,0.44000000000000017,1
4,95,500,120,1500,stranger,1.4947846903876882,2.9867390377432885,1.0500000000000007,1
4,96,500,120,1500,stranger,2.0765570087248446,2.9867390377432885,0.9420000000000006,1
4,97,500,120,1500,stranger,1.4549519263216446,2.9867390377432885,1.550999999999962,1
4,98,500,120,1500,stranger,2.7595524749916747,2.9867390377432885,0.8760000000000006,1
4,99,500,120,1500,stranger,1.6087592716670298,2.9867390377432885,0.5610000000000003,1
4,100,500,120,1500,stranger,1.1910034603349322,2.9867390377432885,0.7110000000000003,1
4,101,500,120,1500,stranger,3.3952563184635602,2.9867390377432885,0.43000000000000016,1
4,102,500,120,1500,stranger,1.0236331165603691,2.9867390377432885,1.4649999999999714,1
4,103,500,120,1500,stranger,3.5211886946190623,2.9867390377432885,0.6890000000000004,1
4,104,500,120,1500,stranger,0.5256014740640547,2.9867390377432885,0.8170000000000004,1
4,105,500,120,1500,stranger,3.3136708064457965,2.9867390377432885,0.5630000000000003,1
4,106,500,120,1500,stranger,2.733059456573463,2.9867390377432885,0.5010000000000002,1
4,107,500,120,1500,stranger,1.8558849860033693,2.9867390377432885,0.8760000000000006,1
4,108,500,120,1500,stranger,1.88149605780306,2.9867390377432885,0.9690000000000005,1
4,109,500,120,1500,stranger,1.5779258692293885,2.9867390377432885,0.6400000000000003,1
4,110,500,120,1500,stranger,1.8236659907010944,2.9867390377432885,1.0070000000000006,1
4,111,500,120,1500,stranger,2.6456715268770203,2.9867390377432885,1.4519999999999729,1
4,112,500,120,1500,stranger,2.267377499654655,2.9867390377432885,1.0940000000000007,1
4,113,500,120,1500,stranger,2.628858838803295,2.9867390377432885,0.7000000000000004,1
4,114,500,120,1500,stranger,-0.3359615021058675,2.9867390377432885,0.8240000000000005,2
4,115,500,120,1500,stranger,2.596913348346142,2.9867390377432885,0.5600000000000003,1
4,116,500,120,1500,stranger,2.5541974499127953,2.9867390377432885,1.29699999999999,1
4,117,500,120,1500,stranger,2.2968932477025117,2.9867390377432885,0.9190000000000005,1
4,118,500,120,1500,stranger,2.4483966555816843,2.9867390377432885,0.8200000000000005,1
4,119,500,120,1500,stranger,3.2518526178934613,2.9867390377432885,0.5820000000000003,1
4,120,500,120,1500,stranger,2.563545281031673,2.9867390377432885,0.7540000000000004,1
4,121,500,120,1500,stranger,0.580591745908978,2.9867390377432885,1.3559999999999834,1
4,122,500,120,1500,stranger,2.6880237435274017,2.9867390377432885,0.41600000000000015,1
4,123,500,120,1500,stranger,0.25923034942450207,2.9867390377432885,1.604999999999956,1
4,124,500,120,1500,stranger,1.182803376338255,2.9867390377432885,1.6429999999999518,1
4,125,500,120,1500,stranger,1.0177785407736577,2.9867390377432885,1.5199999999999654,1
4,126,500,120,1500,stranger,1.0301845521486035,2.9867390377432885,0.7810000000000004,1
4,127,500,120,1500,stranger,2.7998185143400542,2.9867390377432885,1.5159999999999658,1
4,128,500,120,1500,stranger,1.4856263999941248,2.9867390377432885,0.8970000000000005,1
4,129,500,120,1500,stranger,2.4632393781089115,2.9867390377432885,0.8530000000000004,1
4,130,500,120,1500,stranger,0.5390215539658736,2.9867390377432885,1.7289999999999424,2
4,1,500,120,1500,self,8.207032970604553,2.9867390377432885,0.3350000000000001,1
4,2,500,120,1500,self,6.0283879806549265,2.9867390377432885,0.42000000000000015,1
4,3,500,120,1500,self,6.776397986341932,2.9867390377432885,0.6650000000000004,1
4,4,500,120,1500,self,7.457828578415104,2.9867390377432885,0.41800000000000015,1
4,5,500,120,1500,self,8.031099578608387,2.9867390377432885,0.2890000000000001,1
4,6,500,120,1500,self,5.665060821434191,2.9867390377432885,0.42300000000000015,1
4,7,500,120,1500,self,7.288239757718878,2.9867390377432885,0.4810000000000002,1
4,8,500,120,1500,self,6.462420321841657,2.9867390377432885,0.5070000000000002,1
4,9,500,120,1500,self,6.892237557078882,2.9867390377432885,0.3560000000000001,1
4,10,500,120,1500,self,7.232017025123569,2.9867390377432885,0.43600000000000017,1
4,11,500,120,1500,self,8.223112351649739,2.9867390377432885,0.41800000000000015,1
4,12,500,120,1500,self,7.03632114047637,2.9867390377432885,0.5140000000000002,1
4,13,500,120,1500,self,6.902799900074923,2.9867390377432885,0.4550000000000002,1
4,14,500,120,1500,self,8.506261784940515,2.9867390377432885,0.3510000000000001,1
4,15,500,120,1500,self,4.968095312744665,2.9867390377432885,0.4580000000000002,1
4,16,500,120,1500,self,4.22323419010006,2.9867390377432885,0.39700000000000013,1
4,17,500,120,1500,self,5.734171839465677,2.9867390377432885,0.5100000000000002,1
4,18,500,120,1500,self,8.687840127557873,2.9867390377432885,0.39800000000000013,1
4,19,500,120,1500,self,7.414108681563117,2.9867390377432885,0.3930000000000001,1
4,20,500,120,1500,self,8.48913391572639,2.9867390377432885,0.3870000000000001,1
4,21,500,120,1500,self,6.6537058106259295,2.9867390377432885,0.41100000000000014,1
4,22,500,120,1500,self,6.065716765043213,2.9867390377432885,0.5880000000000003,1
4,23,500,120,1500,self,7.508704138663191,2.9867390377432885,0.39400000000000013,1
4,24,500,120,1500,self,6.804916406001058,2.9867390377432885,0.3870000000000001,1
4,25,500,120,1500,self,7.233548471230013,2.9867390377432885,0.3450000000000001,1
4,26,500,120,1500,self,7.9598803846241,2.9867390377432885,0.39600000000000013,1
4,27,500,120,1500,self,8.096724289219024,2.9867390377432885,0.41400000000000015,1
4,28,500,120,1500,self,7.192208247510187,2.9867390377432885,0.43000000000000016,1
4,29,500,120,1500,self,7.363525236806491,2.9867390377432885,0.40900000000000014,1
4,30,500,120,1500,self,7.172313706064568,2.9867390377432885,0.3210000000000001,1
4,31,500,120,1500,self,6.942995062389365,2.9867390377432885,0.4440000000000002,1
4,32,500,120,1500,self,7.396630077140523,2.9867390377432885,0.42400000000000015,1
4,33,500,120,1500,self,6.099272682215698,2.9867390377432885,0.3480000000000001,1
4,34,500,120,1500,self,5.914052580027647,2.9867390377432885,0.4720000000000002,1
4,35,500,120,1500,self,7.866515866506904,2.9867390377432885,0.3780000000000001,1
4,36,500,120,1500,self,8.312479518945935,2.9867390377432885,0.39900000000000013,1
4,37,500,120,1500,self,7.6988510510069075,2.9867390377432885,0.41500000000000015,1
4,38,500,120,1500,self,6.507243395467646,2.9867390377432885,0.3510000000000001,1
4,39,500,120,1500,self,6.364056772586657,2.9867390377432885,0.40700000000000014,1
4,40,500,120,1500,self,7.546470097604905,2.9867390377432885,0.3220000000000001,1
4,41,500,120,1500,self,6.23983195160422,2.9867390377432885,0.3910000000000001,1
4,42,500,120,1500,self,6.632465206353909,2.9867390377432885,0.3220000000000001,1
4,43,500,120,1500,self,7.839645046621402,2.9867390377432885,0.3810000000000001,1
4,44,500,120,1500,self,8.952694957971337,2.9867390377432885,0.3590000000000001,1
4,45,500,120,1500,self,8.40794810035908,2.9867390377432885,0.3370000000000001,1
4,46,500,120,1500,self,7.420642250531551,2.9867390377432885,0.39800000000000013,1
4,47,500,120,1500,self,6.090475808779795,2.9867390377432885,0.43500000000000016,1
4,48,500,120,1500,self,6.8218305536447845,2.9867390377432885,0.4590000000000002,1
4,49,500,120,1500,self,7.218255023162184,2.9867390377432885,0.3630000000000001,1
4,50,500,120,1500,self,7.400712398965271,2.9867390377432885,0.3860000000000001,1
4,51,500,120,1500,self,6.554485844153337,2.9867390377432885,0.4650000000000002,1
4,52,500,120,1500,self,7.145138149352351,2.9867390377432885,0.3590000000000001,1
4,53,500,120,1500,self,8.448894244736769,2.9867390377432885,0.41600000000000015,1
4,54,500,120,1500,self,6.925916215871567,2.9867390377432885,0.42000000000000015,1
4,55,500,120,1500,self,8.18893901953662,2.9867390377432885,0.3730000000000001,1
4,56,500,120,1500,self,8.883580548299753,2.9867390377432885,0.40000000000000013,1
4,57,500,120,1500,self,7.764576393873737,2.9867390377432885,0.3730000000000001,1
4,58,500,120,1500,self,7.140166463509505,2.9867390377432885,0.40000000000000013,1
4,59,500,120,1500,self,7.688793552658165,2.9867390377432885,0.40700000000000014,1
4,60,500,120,1500,self,7.757309774744324,2.9867390377432885,0.40000000000000013,1
4,61,500,120,1500,self,7.881116317444657,2.9867390377432885,0.2950000000000001,1
4,62,500,120,1500,self,8.334242873019335,2.9867390377432885,0.3180000000000001,1
4,63,500,120,1500,self,7.595049261688687,2.9867390377432885,0.4540000000000002,1
4,64,500,120,1500,self,8.39649831348577,2.9867390377432885,0.3790000000000001,1
4,65,500,120,1500,self,6.058673328888252,2.9867390377432885,0.6680000000000004,1
4,66,500,120,1500,self,8.317070027645547,2.9867390377432885,0.3430000000000001,1
4,67,500,120,1500,self,7.537113667894682,2.9867390377432885,0.3590000000000001,1
4,68,500,120,1500,self,8.05126055549508,2.9867390377432885,0.5550000000000003,1
4,69,500,120,1500,self,5.749737026261348,2.9867390377432885,0.4610000000000002,1
4,70,500,120,1500,self,6.3762333623223695,2.9867390377432885,0.4490000000000002,1
4,71,500,120,1500,self,8.521197180624998,2.9867390377432885,0.3880000000000001,1
4,72,500,120,1500,self,6.6432131220385005,2.9867390377432885,0.4880000000000002,1
4,73,500,120,1500,self,7.669566945974857,2.9867390377432885,0.3190000000000001,1
4,74,500,120,1500,self,7.995734316778464,2.9867390377432885,0.4520000000000002,1
4,75,500,120,1500,self,7.122474728016822,2.9867390377432885,0.41100000000000014,1
4,76,500,120,1500,self,8.2912677089563,2.9867390377432885,0.3620000000000001,1
4,77,500,120,1500,self,8.02258154470799,2.9867390377432885,0.41500000000000015,1
4,78,500,120,1500,self,7.409512477803227,2.9867390377432885,0.3910000000000001,1
4,79,500,120,1500,self,5.638406466348538,2.9867390377432885,0.43900000000000017,1
4,80,500,120,1500,self,7.774139669858759,2.9867390377432885,0.3360000000000001,1
4,81,500,120,1500,self,7.425775376795702,2.9867390377432885,0.42900000000000016,1
4,82,500,120,1500,self,7.37627063340855,2.9867390377432885,0.40100000000000013,1
4,83,500,120,1500,self,7.2863244674010055,2.9867390377432885,0.3650000000000001,1
4,84,500,120,1500,self,6.500426846369813,2.9867390377432885,0.5620000000000003,1
4,85,500,120,1500,self,6.885911404880001,2.9867390377432885,0.5040000000000002,1
4,86,500,120,1500,self,7.443520276673088,2.9867390377432885,0.3670000000000001,1
4,87,500,120,1500,self,6.769293532555616,2.9867390377432885,0.3790000000000001,1
4,88,500,120,1500,self,6.548443674649976,2.9867390377432885,0.41000000000000014,1
4,89,500,120,1500,self,7.996421965388894,2.9867390377432885,0.3810000000000001,1
4,90,500,120,1500,self,7.84471902117535,2.9867390377432885,0.41100000000000014,1
4,91,500,120,1500,self,7.340889353984121,2.9867390377432885,0.3490000000000001,1
4,92,500,120,1500,self,7.695061728550844,2.9867390377432885,0.3420000000000001,1
4,93,500,120,1500,self,7.938206772950853,2.9867390377432885,0.44000000000000017,1
4,94,500,120,1500,self,7.947234489681474,2.9867390377432885,0.42100000000000015,1
4,95,500,120,1500,self,6.436240967514997,2.9867390377432885,0.3210000000000001,1
4,96,500,120,1500,self,9.077627469696587,2.9867390377432885,0.3200000000000001,1
4,97,500,120,1500,self,6.91750775665961,2.9867390377432885,0.6450000000000004,1
4,98,500,120,1500,self,5.43365040310867,2.9867390377432885,0.3620000000000001,1
4,99,500,120,1500,self,7.3905188343964445,2.9867390377432885,0.3670000000000001,1
4,100,500,120,1500,self,7.016407575528151,2.9867390377432885,0.41700000000000015,1
4,101,500,120,1500,self,7.942884729810521,2.9867390377432885,0.3380000000000001,1
4,102,500,120,1500,self,6.014858908651361,2.9867390377432885,0.41600000000000015,1
4,103,500,120,1500,self,7.917274077846578,2.9867390377432885,0.5090000000000002,1
4,104,500,120,1500,self,8.060946649069017,2.9867390377432885,0.3730000000000001,1
4,105,500,120,1500,self,7.984776369616586,2.9867390377432885,0.3760000000000001,1
4,106,500,120,1500,self,6.9963448084891375,2.9867390377432885,0.3880000000000001,1
4,107,500,120,1500,self,8.61947743570151,2.9867390377432885,0.3110000000000001,1
4,108,500,120,1500,self,6.739417439303008,2.9867390377432885,0.3580000000000001,1
4,109,500,120,1500,self,5.969389202638782,2.9867390377432885,0.6170000000000003,1
4,110,500,120,1500,self,7.714317824501284,2.9867390377432885,0.3540000000000001,1
4,111,500,120,1500,self,6.990981442019231,2.9867390377432885,0.5160000000000002,1
4,112,500,120,1500,self,6.527188420227316,2.9867390377432885,0.39800000000000013,1
4,113,500,120,1500,self,6.1719472893775595,2.9867390377432885,0.3570000000000001,1
4,114,500,120,1500,self,8.1734930124369,2.9867390377432885,0.3760000000000001,1
4,115,500,120,1500,self,6.080282478764952,2.9867390377432885,0.6100000000000003,1
4,116,500,120,1500,self,8.316670373463495,2.9867390377432885,0.39400000000000013,1
4,117,500,120,1500,self,6.9968240035189675,2.9867390377432885,0.3720000000000001,1
4,118,500,120,1500,self,7.219858937725032,2.9867390377432885,0.3500000000000001,1
4,119,500,120,1500,self,6.472466642631255,2.9867390377432885,0.3760000000000001,1
4,120,500,120,1500,self,7.157534285464727,2.9867390377432885,0.43300000000000016,1
4,121,500,120,1500,self,7.40476973835724,2.9867390377432885,0.3740000000000001,1
4,122,500,120,1500,self,7.556941558307993,2.9867390377432885,0.5560000000000003,1
4,123,500,120,1500,self,4.770705994351163,2.9867390377432885,0.6020000000000003,1
4,124,500,120,1500,self,8.148323797371566,2.9867390377432885,0.40400000000000014,1
4,125,500,120,1500,self,5.928135023996764,2.9867390377432885,0.4760000000000002,1
4,126,500,120,1500,self,6.623302324870287,2.9867390377432885,0.3770000000000001,1
4,127,500,120,1500,self,8.178483767220888,2.9867390377432885,0.3390000000000001,1
4,128,500,120,1500,self,7.958271623630656,2.9867390377432885,0.39400000000000013,1
4,129,500,120,1500,self,7.392602040268449,2.9867390377432885,0.40600000000000014,1
4,130,500,120,1500,self,5.601906866162933,2.9867390377432885,0.3380000000000001,1
5,1,500,120,1500,stranger,1.6267836436524026,3.8206403679637417,1.921999999999921,1
5,2,500,120,1500,stranger,2.3519728153020036,3.8206403679637417,1.0500000000000007,1
5,3,500,120,1500,stranger,3.1784157275532863,3.8206403679637417,1.0840000000000007,1
5,4,500,120,1500,stranger,1.9929371514062881,3.8206403679637417,1.7259999999999427,1
5,5,500,120,1500,stranger,2.0966511064980415,3.8206403679637417,0.5500000000000003,1
5,6,500,120,1500,stranger,1.7500652898184297,3.8206403679637417,0.5800000000000003,1
5,7,500,120,1500,stranger,1.624239901554144,3.8206403679637417,1.3199999999999874,1
5,8,500,120,1500,stranger,1.456371584650482,3.8206403679637417,0.7800000000000005,1
5,9,500,120,1500,stranger,2.719981251512375,3.8206403679637417,0.5380000000000003,1
5,10,500,120,1500,stranger,3.7979688377782947,3.8206403679637417,0.4900000000000002,1
5,11,500,120,1500,stranger,1.3555038570443645,3.8206403679637417,0.8220000000000005,1
5,12,500,120,1500,stranger,1.8683258902300868,3.8206403679637417,0.9220000000000006,1
5,13,500,120,1500,stranger,2.4993444027467064,3.8206403679637417,0.6510000000000004,1
5,14,500,120,1500,stranger,2.1848840373535783,3.8206403679637417,0.5040000000000002,1
5,15,500,120,1500,stranger,1.9261522795173631,3.8206403679637417,1.4619999999999718,1
5,16,500,120,1500,stranger,1.0804792918930115,3.8206403679637417,0.9900000000000007,1
5,17,500,120,1500,stranger,1.0929805283470424,3.8206403679637417,0.8960000000000006,1
5,18,500,120,1500,stranger,1.4835184333031204,3.8206403679637417,1.487999999999969,1
5,19,500,120,1500,stranger,3.1374843266522934,3.8206403679637417,0.8070000000000004,1
5,20,500,120,1500,stranger,3.6015361035946816,3.8206403679637417,0.5530000000000003,1
5,21,500,120,1500,stranger,0.9892137491367231,3.8206403679637417,1.4649999999999714,1
5,22,500,120,1500,stranger,2.763794092121104,3.8206403679637417,1.8249999999999318,1
5,23,500,120,1500,stranger,2.5681889666535396,3.8206403679637417,1.3679999999999821,1
5,24,500,120,1500,stranger,2.1395893024614625,3.8206403679637417,1.1900000000000008,1
5,25,500,120,1500,stranger,1.033517573387952,3.8206403679637417,1.5559999999999614,1
5,26,500,120,1500,stranger,2.5919370090439218,3.8206403679637417,0.6870000000000004,1
5,27,500,120,1500,stranger,3.4632570482217737,3.8206403679637417,1.2809999999999917,1
5,28,500,120,1500,stranger,1.6764159882485699,3.8206403679637417,1.759999999999939,1
5,29,500,120,1500,stranger,0.448608641154965,3.8206403679637417,1.9849999999999142,1
5,30,500,120,1500,stranger,1.9313796439251867,3.8206403679637417,1.5379999999999634,1
5,31,500,120,1500,stranger,2.02319986104943,3.8206403679637417,0.9360000000000006,1
5,32,500,120,1500,stranger,0.5535470282575867,3.8206403679637417,1.832999999999931,1
5,33,500,120,1500,stranger,2.782268004162094,3.8206403679637417,0.5670000000000003,1
5,34,500,120,1500,stranger,2.5635010819916877,3.8206403679637417,0.7870000000000004,1
5,35,500,120,1500,stranger,2.4489166872448442,3.8206403679637417,0.7720000000000005,1
5,36,500,120,1500,stranger,1.392046118261094,3.8206403679637417,1.2189999999999985,1
5,37,500,120,1500,stranger,2.7893244045780454,3.8206403679637417,1.1470000000000007,1
5,38,500,120,1500,stranger,0.9587812449260654,3.8206403679637417,1.3799999999999808,1
5,39,500,120,1500,stranger,2.71512901870634,3.8206403679637417,0.5710000000000003,1
5,40,500,120,1500,stranger,2.1696621191322647,3.8206403679637417,0.8210000000000004,1
5,41,500,120,1500,stranger,3.2859798679185763,3.8206403679637417,0.6160000000000003,1
5,42,500,120,1500,stranger,3.823484852229658,3.8206403679637417,1.0940000000000007,1
5,43,500,120,1500,stranger,1.1564824766701283,3.8206403679637417,1.4029999999999783,1
5,44,500,120,1500,stranger,1.0736452489092974,3.8206403679637417,1.776999999999937,1
5,45,500,120,1500,stranger,2.8623086000427738,3.8206403679637417,0.9330000000000005,1
5,46,500,120,1500,stranger,1.602299967053992,3.8206403679637417,1.5429999999999628,1
5,47,500,120,1500,stranger,1.8772130645129428,3.8206403679637417,0.6670000000000004,1
5,48,500,120,1500,stranger,-0.8176667609056236,3.8206403679637417,1.9659999999999163,2
5,49,500,120,1500,stranger,1.4014075935268704,3.8206403679637417,0.8600000000000005,1
5,50,500,120,1500,stranger,1.7143103060665004,3.8206403679637417,0.7260000000000004,1
5,51,500,120,1500,stranger,1.5024533202027897,3.8206403679637417,1.8249999999999318,1
5,52,500,120,1500,stranger,2.046536997789218,3.8206403679637417,0.5730000000000003,1
5,53,500,120,1500,stranger,1.9935671097392091,3.8206403679637417,0.7170000000000003,1
5,54,500,120,1500,stranger,1.4084095685003346,3.8206403679637417,1.7129999999999441,1
5,55,500,120,1500,stranger,2.5668101128079988,3.8206403679637417,0.5740000000000003,1
5,56,500,120,1500,stranger,1.752655167194092,3.8206403679637417,0.7060000000000004,1
5,57,500,120,1500,stranger,2.6541674189934046,3.8206403679637417,1.0320000000000007,1
5,58,500,120,1500,stranger,3.9852445072392086,3.8206403679637417,0.7450000000000003,1
5,59,500,120,1500,stranger,2.4582839047781757,3.8206403679637417,0.8890000000000005,1
5,60,500,120,1500,stranger,0.8160397055636776,3.8206403679637417,1.9379999999999193,1
5,61,500,120,1500,stranger,2.213724459651217,3.8206403679637417,1.287999999999991,1
5,62,500,120,1500,stranger,1.3748650154157993,3.8206403679637417,1.7009999999999454,1
5,63,500,120,1500,stranger,3.1915694717307383,3.8206403679637417,0.6270000000000003,1
5,64,500,120,1500,stranger,2.130841935922204,3.8206403679637417,1.4299999999999753,1
5,65,500,120,1500,stranger,2.4455639690403284,3.8206403679637417,0.8340000000000005,1
5,66,500,120,1500,stranger,1.3520502911342533,3.8206403679637417,0.4930000000000002,1
5,67,500,120,1500,stranger,1.8312170549180768,3.8206403679637417,0.6020000000000003,1
5,68,500,120,1500,stranger,2.154572310040202,3.8206403679637417,0.7560000000000004,1
5,69,500,120,1500,stranger,2.332802093563407,3.8206403679637417,0.4830000000000002,1
5,70,500,120,1500,stranger,1.7613958135914987,3.8206403679637417,1.6929999999999463,1
5,71,500,120,1500,stranger,1.9584486708003896,3.8206403679637417,0.7230000000000003,1
5,72,500,120,1500,stranger,1.546582647915758,3.8206403679637417,1.3549999999999836,1
5,73,500,120,1500,stranger,1.6648887556453544,3.8206403679637417,1.1450000000000007,1
5,74,500,120,1500,stranger,0.6942573826979261,3.8206403679637417,0.9980000000000007,1
5,75,500,120,1500,stranger,0.39283847137883754,3.8206403679637417,0.9490000000000005,1
5,76,500,120,1500,stranger,3.0525700447307154,3.8206403679637417,0.8460000000000005,1
5,77,500,120,1500,stranger,1.93543116193842,3.8206403679637417,1.541999999999963,1
5,78,500,120,1500,stranger,1.7365811539457134,3.8206403679637417,0.9350000000000005,1
5,79,500,120,1500,stranger,0.6895689666837546,3.8206403679637417,1.1920000000000008,1
5,80,500,120,1500,stranger,2.1621896749013767,3.8206403679637417,0.9300000000000006,1
5,81,500,120,1500,stranger,0.6238157895206562,3.8206403679637417,1.0060000000000007,1
5,82,500,120,1500,stranger,2.73068569907056,3.8206403679637417,0.7370000000000003,1
5,83,500,120,1500,stranger,2.208567298388942,3.8206403679637417,1.3189999999999875,1
5,84,500,120,1500,stranger,2.359855109428516,3.8206403679637417,0.9020000000000006,1
5,85,500,120,1500,stranger,2.4735892360315415,3.8206403679637417,0.6020000000000003,1
5,86,500,120,1500,stranger,1.1640136152991263,3.8206403679637417,1.0110000000000006,1
5,87,500,120,1500,stranger,1.531649181288536,3.8206403679637417,0.9840000000000007,1
5,88,500,120,1500,stranger,2.25234762491868,3.8206403679637417,0.5530000000000003,1
5,89,500,120,1500,stranger,2.279373262439769,3.8206403679637417,1.0540000000000007,1
5,90,500,120,1500,stranger,2.602499317114841,3.8206403679637417,1.5479999999999623,1
5,91,500,120,1500,stranger,1.5044426839672516,3.8206403679637417,1.6879999999999469,1
5,92,500,120,1500,stranger,1.4808633079231432,3.8206403679637417,1.7079999999999447,1
5,93,500,120,1500,stranger,2.3358608789690596,3.8206403679637417,1.441999999999974,1
5,94,500,120,1500,stranger,2.2188857992882856,3.8206403679637417,0.5250000000000002,1
5,95,500,120,1500,stranger,1.7992766038313202,3.8206403679637417,0.9480000000000006,1
5,96,500,120,1500,stranger,2.2925370124799165,3.8206403679637417,0.7500000000000004,1
5,97,500,120,1500,stranger,2.3991418043051365,3.8206403679637417,0.8170000000000004,1
5,98,500,120,1500,stranger,2.8129904510546897,3.8206403679637417,0.7290000000000003,1
5,99,500,120,1500,stranger,1.2284155899108797,3.8206403679637417,1.0210000000000006,2
5,100,500,120,1500,stranger,4.085226985087995,3.8206403679637417,0.6390000000000003,1
5,101,500,120,1500,stranger,1.7804619905774888,3.8206403679637417,0.7700000000000005,1
5,102,500,120,1500,stranger,3.7275693088520647,3.8206403679637417,0.5230000000000002,1
5,103,500,120,1500,stranger,4.795056306302691,3.8206403679637417,0.5430000000000003,1
5,104,500,120,1500,stranger,1.9954188119655825,3.8206403679637417,0.5980000000000003,1
5,105,500,120,1500,stranger,1.5899764952362876,3.8206403679637417,1.4919999999999685,1
5,106,500,120,1500,stranger,4.9803080214143,3.8206403679637417,0.8350000000000004,1
5,107,500,120,1500,stranger,1.4770376851575044,3.8206403679637417,1.8449999999999296,1
5,108,500,120,1500,stranger,3.1794763201182983,3.8206403679637417,0.6890000000000004,1
5,109,500,120,1500,stranger,1.0957769495075733,3.8206403679637417,1.2839999999999914,1
5,110,500,120,1500,stranger,2.6108987356129933,3.8206403679637417,0.40500000000000014,1
5,111,500,120,1500,stranger,0.35526692723267717,3.8206403679637417,1.505999999999967,1
5,112,500,120,1500,stranger,1.3868167628823014,3.8206403679637417,0.7250000000000003,1
5,113,500,120,1500,stranger,2.881467449410844,3.8206403679637417,0.4480000000000002,1
5,114,500,120,1500,stranger,2.1438218384393486,3.8206403679637417,1.287999999999991,1
5,115,500,120,1500,stranger,1.379778211033361,3.8206403679637417,1.7739999999999374,1
5,116,500,120,1500,stranger,1.7600264933418968,3.8206403679637417,1.2619999999999938,1
5,117,500,120,1500,stranger,4.53228997386617,3.8206403679637417,0.9860000000000007,1
5,118,500,120,1500,stranger,2.442894743514738,3.8206403679637417,0.6600000000000004,1
5,119,500,120,1500,stranger,2.0062105530750274,3.8206403679637417,1.0760000000000007,1
5,120,500,120,1500,stranger,2.6140743589228217,3.8206403679637417,0.9850000000000005,1
5,121,500,120,1500,stranger,1.6402573551589723,3.8206403679637417,1.4559999999999724,1
5,122,500,120,1500,stranger,2.0066054845100894,3.8206403679637417,0.8730000000000004,1
5,123,500,120,1500,stranger,0.8919749223331065,3.8206403679637417,1.0230000000000006,1
5,124,500,120,1500,stranger,1.7070346571888542,3.8206403679637417,1.6839999999999473,1
5,125,500,120,1500,stranger,4.287752100876376,3.8206403679637417,0.6350000000000003,1
5,126,500,120,1500,stranger,0.17468091343868508,3.8206403679637417,1.4099999999999775,2
5,127,500,120,1500,stranger,1.5591796565036753,3.8206403679637417,1.5379999999999634,1
5,128,500,120,1500,stranger,1.571264214752055,3.8206403679637417,1.4079999999999777,1
5,129,500,120,1500,stranger,3.7075564546859088,3.8206403679637417,1.2349999999999968,1
5,130,500,120,1500,stranger,1.6734292572719758,3.8206403679637417,1.3099999999999885,1
5,1,500,120,1500,self,7.152704594660199,3.8206403679637417,0.4920000000000002,1
5,2,500,120,1500,self,7.569740076433587,3.8206403679637417,0.4690000000000002,1
5,3,500,120,1500,self,7.585873241607384,3.8206403679637417,0.40800000000000014,1
5,4,500,120,1500,self,6.399044944586423,3.8206403679637417,0.3890000000000001,1
5,5,500,120,1500,self,8.508510447095864,3.8206403679637417,0.40700000000000014,1
5,6,500,120,1500,self,7.804888629237648,3.8206403679637417,0.5020000000000002,1
5,7,500,120,1500,self,7.1849997983431475,3.8206403679637417,0.4560000000000002,1
5,8,500,120,1500,self,7.604556381029957,3.8206403679637417,0.5470000000000003,1
5,9,500,120,1500,self,7.7858918966654045,3.8206403679637417,0.3490000000000001,1
5,10,500,120,1500,self,6.591285270787313,3.8206403679637417,0.3740000000000001,1
5,11,500,120,1500,self,5.599783404071395,3.8206403679637417,0.5510000000000003,1
5,12,500,120,1500,self,7.773947169082909,3.8206403679637417,0.39400000000000013,1
5,13,500,120,1500,self,5.980422654572266,3.8206403679637417,0.6290000000000003,1
5,14,500,120,1500,self,7.358680491563435,3.8206403679637417,0.5700000000000003,1
5,15,500,120,1500,self,5.845729624865556,3.8206403679637417,0.5670000000000003,1
5,16,500,120,1500,self,8.928643839402039,3.8206403679637417,0.3620000000000001,1
5,17,500,120,1500,self,7.754972019721398,3.8206403679637417,0.3830000000000001,1
5,18,500,120,1500,self,6.965439617394994,3.8206403679637417,0.41200000000000014,1
5,19,500,120,1500,self,6.4318520236758285,3.8206403679637417,0.5320000000000003,1
5,20,500,120,1500,self,7.422257765274161,3.8206403679637417,0.4800000000000002,1
5,21,500,120,1500,self,5.64180806780579,3.8206403679637417,0.4960000000000002,1
5,22,500,120,1500,self,6.68498341941225,3.8206403679637417,0.4820000000000002,1
5,23,500,120,1500,self,7.786901687334454,3.8206403679637417,0.43400000000000016,1
5,24,500,120,1500,self,6.574269793663155,3.8206403679637417,0.41300000000000014,1
5,25,500,120,1500,self,7.340904819346011,3.8206403679637417,0.41000000000000014,1
5,26,500,120,1500,self,7.31886544429882,3.8206403679637417,0.42900000000000016,1
5,27,500,120,1500,self,7.407205111120844,3.8206403679637417,0.4760000000000002,1
5,28,500,120,1500,self,7.868157399636276,3.8206403679637417,0.5520000000000003,1
5,29,500,120,1500,self,7.238451377817103,3.8206403679637417,0.42600000000000016,1
5,30,500,120,1500,self,7.629999562293775,3.8206403679637417,0.4510000000000002,1
5,31,500,120,1500,self,7.458258240035339,3.8206403679637417,0.44300000000000017,1
5,32,500,120,1500,self,8.132962424819004,3.8206403679637417,0.4830000000000002,1
5,33,500,120,1500,self,7.668125378392197,3.8206403679637417,0.4570000000000002,1
5,34,500,120,1500,self,7.864336194572079,3.8206403679637417,0.4690000000000002,1
5,35,500,120,1500,self,7.587926179006558,3.8206403679637417,0.4640000000000002,1
5,36,500,120,1500,self,7.094064472097247,3.8206403679637417,0.4940000000000002,1
5,37,500,120,1500,self,7.720087631894391,3.8206403679637417,0.5360000000000003,1
5,38,500,120,1500,self,9.831723110381667,3.8206403679637417,0.3870000000000001,1
5,39,500,120,1500,self,6.825678317335844,3.8206403679637417,0.6140000000000003,1
5,40,500,120,1500,self,6.717326684828803,3.8206403679637417,0.5490000000000003,1
5,41,500,120,1500,self,8.35500325472582,3.8206403679637417,0.3720000000000001,1
5,42,500,120,1500,self,6.922538666827672,3.8206403679637417,0.5230000000000002,1
5,43,500,120,1500,self,8.17665356011604,3.8206403679637417,0.3200000000000001,1
5,44,500,120,1500,self,8.569947709192341,3.8206403679637417,0.3720000000000001,1
5,45,500,120,1500,self,8.598851226412473,3.8206403679637417,0.4580000000000002,1
5,46,500,120,1500,self,6.154161336728414,3.8206403679637417,0.4670000000000002,1
5,47,500,120,1500,self,6.034575347154375,3.8206403679637417,0.39700000000000013,1
5,48,500,120,1500,self,5.9790461952129785,3.8206403679637417,0.40300000000000014,1
5,49,500,120,1500,self,7.358548369216981,3.8206403679637417,0.4720000000000002,1
5,50,500,120,1500,self,8.264330330390015,3.8206403679637417,0.4740000000000002,1
5,51,500,120,1500,self,6.264774426581438,3.8206403679637417,0.5140000000000002,1
5,52,500,120,1500,self,7.109896304447221,3.8206403679637417,0.5040000000000002,1
5,53,500,120,1500,self,7.29056746405067,3.8206403679637417,0.4680000000000002,1
5,54,500,120,1500,self,6.1696642816973855,3.8206403679637417,0.6830000000000004,1
5,55,500,120,1500,self,8.341795540029434,3.8206403679637417,0.44100000000000017,1
5,56,500,120,1500,self,7.721506104031159,3.8206403679637417,0.4830000000000002,1
5,57,500,120,1500,self,6.620243887607722,3.8206403679637417,0.4520000000000002,1
5,58,500,120,1500,self,7.969928870605248,3.8206403679637417,0.6320000000000003,1
5,59,500,120,1500,self,8.338892486797084,3.8206403679637417,0.3910000000000001,1
5,60,500,120,1500,self,9.055197796484768,3.8206403679637417,0.3610000000000001,1
5,61,500,120,1500,self,6.807927954825591,3.8206403679637417,0.5530000000000003,1
5,62,500,120,1500,self,7.201988915551557,3.8206403679637417,0.5320000000000003,1
5,63,500,120,1500,self,7.414081152891536,3.8206403679637417,0.41700000000000015,1
5,64,500,120,1500,self,5.019009010784922,3.8206403679637417,0.7580000000000005,1
5,65,500,120,1500,self,6.737227587390233,3.8206403679637417,0.4490000000000002,1
5,66,500,120,1500,self,7.6100623497856255,3.8206403679637417,0.39900000000000013,1
5,67,500,120,1500,self,6.4740297372491575,3.8206403679637417,0.5170000000000002,1
5,68,500,120,1500,self,7.5070946297109575,3.8206403679637417,0.3740000000000001,1
5,69,500,120,1500,self,7.354192771943816,3.8206403679637417,0.5350000000000003,1
5,70,500,120,1500,self,5.130138316087495,3.8206403679637417,0.4670000000000002,1
5,71,500,120,1500,self,7.011444358970111,3.8206403679637417,0.5390000000000003,1
5,72,500,120,1500,self,7.560867538582416,3.8206403679637417,0.5110000000000002,1
5,73,500,120,1500,self,6.021043685730229,3.8206403679637417,0.5660000000000003,1
5,74,500,120,1500,self,5.722358421598003,3.8206403679637417,0.5280000000000002,1
5,75,500,120,1500,self,8.717471138261754,3.8206403679637417,0.42500000000000016,1
5,76,500,120,1500,self,9.018595914255346,3.8206403679637417,0.41800000000000015,1
5,77,500,120,1500,self,8.112541584921473,3.8206403679637417,0.4520000000000002,1
5,78,500,120,1500,self,8.893077488500182,3.8206403679637417,0.44200000000000017,1
5,79,500,120,1500,self,5.741637702240907,3.8206403679637417,0.5790000000000003,1
5,80,500,120,1500,self,7.8569379292102814,3.8206403679637417,0.3500000000000001,1
5,81,500,120,1500,self,6.462628458261394,3.8206403679637417,0.43700000000000017,1
5,82,500,120,1500,self,5.796922394539129,3.8206403679637417,0.5110000000000002,1
5,83,500,120,1500,self,7.555013128542988,3.8206403679637417,0.5410000000000003,1
5,84,500,120,1500,self,6.77341275658095,3.8206403679637417,0.6030000000000003,1
5,85,500,120,1500,self,6.798711412000493,3.8206403679637417,0.3870000000000001,1
5,86,500,120,1500,self,8.552608961536345,3.8206403679637417,0.4630000000000002,1
5,87,500,120,1500,self,5.976726405833282,3.8206403679637417,0.6690000000000004,1
5,88,500,120,1500,self,6.397526585861253,3.8206403679637417,0.41200000000000014,1
5,89,500,120,1500,self,6.522175531298998,3.8206403679637417,0.3610000000000001,1
5,90,500,120,1500,self,7.355883468240649,3.8206403679637417,0.4700000000000002,1
5,91,500,120,1500,self,8.833480539314047,3.8206403679637417,0.4660000000000002,1
5,92,500,120,1500,self,7.152407312611747,3.8206403679637417,0.43800000000000017,1
5,93,500,120,1500,self,8.728928909226328,3.8206403679637417,0.39900000000000013,1
5,94,500,120,1500,self,6.480107264904377,3.8206403679637417,0.5140000000000002,1
5,95,500,120,1500,self,9.121035036239876,3.8206403679637417,0.40700000000000014,1
5,96,500,120,1500,self,6.078817840551255,3.8206403679637417,0.5150000000000002,1
5,97,500,120,1500,self,7.766943613633485,3.8206403679637417,0.42400000000000015,1
5,98,500,120,1500,self,7.1836445630518755,3.8206403679637417,0.4780000000000002,1
5,99,500,120,1500,self,8.459816561331966,3.8206403679637417,0.44200000000000017,1
5,100,500,120,1500,self,8.47666959716402,3.8206403679637417,0.4440000000000002,1
5,101,500,120,1500,self,7.786586001972727,3.8206403679637417,0.4960000000000002,1
5,102,500,120,1500,self,8.22605965318795,3.8206403679637417,0.4590000000000002,1
5,103,500,120,1500,self,8.878552786455842,3.8206403679637417,0.4630000000000002,1
5,104,500,120,1500,self,7.275738628288314,3.8206403679637417,0.4480000000000002,1
5,105,500,120,1500,self,8.539414004721845,3.8206403679637417,0.42600000000000016,1
5,106,500,120,1500,self,7.376108805333407,3.8206403679637417,0.5940000000000003,1
5,107,500,120,1500,self,7.2834946621923,3.8206403679637417,0.43400000000000016,1
5,108,500,120,1500,self,8.060376919661174,3.8206403679637417,0.41800000000000015,1
5,109,500,120,1500,self,7.902465586778799,3.8206403679637417,0.42600000000000016,1
5,110,500,120,1500,self,7.099632886578633,3.8206403679637417,0.41300000000000014,1
5,111,500,120,1500,self,8.787809370058586,3.8206403679637417,0.41900000000000015,1
5,112,500,120,1500,self,8.243784806004017,3.8206403679637417,0.41300000000000014,1
5,113,500,120,1500,self,7.572771046575492,3.8206403679637417,0.5220000000000002,1
5,114,500,120,1500,self,5.409783551648767,3.8206403679637417,0.6750000000000004,1
5,115,500,120,1500,self,6.563463361130224,3.8206403679637417,0.5930000000000003,1
5,116,500,120,1500,self,8.327713009751944,3.8206403679637417,0.3580000000000001,1
5,117,500,120,1500,self,7.341983148113103,3.8206403679637417,0.4660000000000002,1
5,118,500,120,1500,self,8.326603198471496,3.8206403679637417,0.4640000000000002,1
5,119,500,120,1500,self,5.846518380563218,3.8206403679637417,0.6130000000000003,1
5,120,500,120,1500,self,6.902256650530628,3.8206403679637417,0.5240000000000002,1
5,121,500,120,1500,self,7.414501611461911,3.8206403679637417,0.5020000000000002,1
5,122,500,120,1500,self,8.880821658818178,3.8206403679637417,0.40700000000000014,1
5,123,500,120,1500,self,6.3490775230689085,3.8206403679637417,0.5040000000000002,1
5,124,500,120,1500,self,9.197426115949101,3.8206403679637417,0.3110000000000001,1
5,125,500,120,1500,self,6.240703091204898,3.8206403679637417,0.5750000000000003,1
5,126,500,120,1500,self,7.347466080920407,3.8206403679637417,0.5910000000000003,1
5,127,500,120,1500,self,9.24138353978963,3.8206403679637417,0.3510000000000001,1
5,128,500,120,1500,self,7.883639356225322,3.8206403679637417,0.40200000000000014,1
5,129,500,120,1500,self,8.472353189976415,3.8206403679637417,0.3460000000000001,1
5,130,500,120,1500,self,10.369301442637589,3.8206403679637417,0.42700000000000016,1
6,1,500,120,1500,stranger,3.0867477643865926,3.2123697197558836,0.7320000000000004,1
6,2,500,120,1500,stranger,3.162816355587843,3.2123697197558836,0.5180000000000002,1
6,3,500,120,1500,stranger,2.810446809221572,3.2123697197558836,0.5700000000000003,1
6,4,500,120,1500,stranger,1.8556819201575125,3.2123697197558836,1.1380000000000008,1
6,5,500,120,1500,stranger,3.034351090545479,3.2123697197558836,0.5660000000000003,1
6,6,500,120,1500,stranger,2.846294973140155,3.2123697197558836,0.6850000000000004,1
6,7,500,120,1500,stranger,1.4852018334868948,3.2123697197558836,1.1660000000000008,1
6,8,500,120,1500,stranger,-0.14471350568305263,3.2123697197558836,0.7730000000000004,2
6,9,500,120,1500,stranger,1.1557690975749684,3.2123697197558836,0.4700000000000002,1
6,10,500,120,1500,stranger,1.5110696769388667,3.2123697197558836,1.0910000000000006,1
6,11,500,120,1500,stranger,2.312618769395886,3.2123697197558836,1.614999999999955,1
6,12,500,120,1500,stranger,1.0883220089165824,3.2123697197558836,1.206,1
6,13,500,120,1500,stranger,2.7443171169864113,3.2123697197558836,0.7020000000000004,1
6,14,500,120,1500,stranger,1.4089031009720818,3.2123697197558836,0.8590000000000004,1
6,15,500,120,1500,stranger,2.12053796283644,3.2123697197558836,1.5269999999999646,1
6,16,500,120,1500,stranger,1.0629281982100107,3.2123697197558836,1.1210000000000007,1
6,17,500,120,1500,stranger,1.323608914819379,3.2123697197558836,1.9259999999999207,1
6,18,500,120,1500,stranger,1.1686353571180625,3.2123697197558836,0.4870000000000002,1
6,19,500,120,1500,stranger,2.4413403017088866,3.2123697197558836,0.5400000000000003,1
6,20,500,120,1500,stranger,2.3210202380518914,3.2123697197558836,0.5620000000000003,1
6,21,500,120,1500,stranger,3.3201618738522862,3.2123697197558836,0.4870000000000002,1
6,22,500,120,1500,stranger,1.1471333771922363,3.2123697197558836,0.7410000000000003,1
6,23,500,120,1500,stranger,0.5576228726234203,3.2123697197558836,0.5870000000000003,1
6,24,500,120,1500,stranger,1.5528005701608458,3.2123697197558836,0.9190000000000005,1
6,25,500,120,1500,stranger,2.180506278921747,3.2123697197558836,0.7790000000000004,1
6,26,500,120,1500,stranger,1.2680675724176356,3.2123697197558836,1.5919999999999574,1
6,27,500,120,1500,stranger,1.8243723104827625,3.2123697197558836,0.5690000000000003,1
6,28,500,120,1500,stranger,1.630560255702537,3.2123697197558836,0.6510000000000004,1
6,29,500,120,1500,stranger,2.3729056305565663,3.2123697197558836,0.7430000000000003,1
6,30,500,120,1500,stranger,1.8538096171591267,3.2123697197558836,0.8580000000000005,1
6,31,500,120,1500,stranger,1.6477544598419394,3.2123697197558836,1.8629999999999276,1
6,32,500,120,1500,stranger,1.794903122638165,3.2123697197558836,0.9750000000000005,1
6,33,500,120,1500,stranger,3.3587897081103777,3.2123697197558836,0.5220000000000002,1
6,34,500,120,1500,stranger,0.11595874671414208,3.2123697197558836,1.2809999999999917,2
6,35,500,120,1500,stranger,2.5243197551578307,3.2123697197558836,1.4289999999999754,1
6,36,500,120,1500,stranger,3.3250488276344843,3.2123697197558836,0.5210000000000002,1
6,37,500,120,1500,stranger,1.5856753171999414,3.2123697197558836,1.3459999999999845,1
6,38,500,120,1500,stranger,2.4609132961036138,3.2123697197558836,1.0130000000000006,1
6,39,500,120,1500,stranger,1.7979500742450092,3.2123697197558836,0.7150000000000003,1
6,40,500,120,1500,stranger,1.8269331066437855,3.2123697197558836,1.2649999999999935,1
6,41,500,120,1500,stranger,1.7091514425279832,3.2123697197558836,1.8309999999999311,1
6,42,500,120,1500,stranger,1.4913988326119707,3.2123697197558836,0.6020000000000003,1
6,43,500,120,1500,stranger,2.156072820417747,3.2123697197558836,0.7220000000000004,1
6,44,500,120,1500,stranger,2.749623014405069,3.2123697197558836,1.3219999999999872,1
6,45,500,120,1500,stranger,3.2915126885027917,3.2123697197558836,0.5700000000000003,1
6,46,500,120,1500,stranger,3.4247501695608062,3.2123697197558836,0.5820000000000003,1
6,47,500,120,1500,stranger,1.4935594474022136,3.2123697197558836,0.7110000000000003,1
6,48,500,120,1500,stranger,2.429975342544332,3.2123697197558836,1.0880000000000007,1
6,49,500,120,1500,stranger,1.0590635363022836,3.2123697197558836,0.8920000000000006,1
6,50,500,120,1500,stranger,1.6506097569387181,3.2123697197558836,1.486999999999969,1
6,51,500,120,1500,stranger,1.6871264660787368,3.2123697197558836,0.7380000000000004,1
6,52,500,120,1500,stranger,2.587360856739877,3.2123697197558836,0.7110000000000003,1
6,53,500,120,1500,stranger,2.0296069642454926,3.2123697197558836,1.0660000000000007,1
6,54,500,120,1500,stranger,1.6400484748124267,3.2123697197558836,1.8309999999999311,1
6,55,500,120,1500,stranger,1.8132750214779443,3.2123697197558836,1.6109999999999554,1
6,56,500,120,1500,stranger,2.265982006416619,3.2123697197558836,0.9570000000000005,1
6,57,500,120,1500,stranger,2.0555455658659785,3.2123697197558836,1.29599999999999,1
6,58,500,120,1500,stranger,0.6518583659378441,3.2123697197558836,1.3459999999999845,1
6,59,500,120,1500,stranger,3.403957180006198,3.2123697197558836,0.6310000000000003,1
6,60,500,120,1500,stranger,1.9524486870002815,3.2123697197558836,0.8940000000000006,1
6,61,500,120,1500,stranger,1.3937162238716856,3.2123697197558836,1.7929999999999353,1
6,62,500,120,1500,stranger,1.5674306170883971,3.2123697197558836,0.6210000000000003,1
6,63,500,120,1500,stranger,1.6951340082100939,3.2123697197558836,0.9070000000000005,1
6,64,500,120,1500,stranger,2.3637201926935947,3.2123697197558836,0.7240000000000004,1
6,65,500,120,1500,stranger,0.9597295243570176,3.2123697197558836,0.8780000000000006,1
6,66,500,120,1500,stranger,3.534117636563683,3.2123697197558836,1.0380000000000007,1
6,67,500,120,1500,stranger,1.7465843051235304,3.2123697197558836,0.8290000000000004,1
6,68,500,120,1500,stranger,0.2650163426660841,3.2123697197558836,1.9059999999999229,1
6,69,500,120,1500,stranger,1.0369133534915427,3.2123697197558836,1.0610000000000006,1
6,70,500,120,1500,stranger,1.2577746031558172,3.2123697197558836,0.6490000000000004,1
6,71,500,120,1500,stranger,1.0476871367716394,3.2123697197558836,1.7729999999999375,1
6,72,500,120,1500,stranger,1.6324828989362974,3.2123697197558836,0.5290000000000002,1
6,73,500,120,1500,stranger,3.6666957502799455,3.2123697197558836,0.8330000000000004,1
6,74,500,120,1500,stranger,1.3171711009892184,3.2123697197558836,0.7940000000000005,1
6,75,500,120,1500,stranger,0.9107794348308264,3.2123697197558836,0.6480000000000004,1
6,76,500,120,1500,stranger,2.515029110550553,3.2123697197558836,1.4909999999999686,1
6,77,500,120,1500,stranger,0.5839158238501607,3.2123697197558836,0.8870000000000005,1
6,78,500,120,1500,stranger,1.6236239398011305,3.2123697197558836,1.7989999999999347,1
6,79,500,120,1500,stranger,1.6875797371536356,3.2123697197558836,0.8240000000000005,1
6,80,500,120,1500,stranger,2.0776241777875257,3.2123697197558836,0.5590000000000003,1
6,81,500,120,1500,stranger,1.600881042130729,3.2123697197558836,0.6230000000000003,1
6,82,500,120,1500,stranger,2.8343444256226142,3.2123697197558836,0.4500000000000002,1
6,83,500,120,1500,stranger,1.2147218346573183,3.2123697197558836,0.7010000000000003,1
6,84,500,120,1500,stranger,0.24969789405264353,3.2123697197558836,1.5539999999999616,1
6,85,500,120,1500,stranger,2.9086656092033265,3.2123697197558836,0.5480000000000003,1
6,86,500,120,1500,stranger,0.816809508383319,3.2123697197558836,0.8370000000000004,1
6,87,500,120,1500,stranger,2.298018182049774,3.2123697197558836,1.47799999999997,1
6,88,500,120,1500,stranger,2.715772852146917,3.2123697197558836,1.5539999999999616,1
6,89,500,120,1500,stranger,2.2535311923435124,3.2123697197558836,0.7890000000000004,1
6,90,500,120,1500,stranger,2.8419688593296417,3.2123697197558836,1.1950000000000007,1
6,91,500,120,1500,stranger,3.5031098155233797,3.2123697197558836,1.260999999999994,1
6,92,500,120,1500,stranger,1.8007348551679285,3.2123697197558836,0.7600000000000005,1
6,93,500,120,1500,stranger,2.92085262223627,3.2123697197558836,0.6100000000000003,1
6,94,500,120,1500,stranger,1.0372748890199008,3.2123697197558836,0.6980000000000004,1
6,95,500,120,1500,stranger,2.012238868840404,3.2123697197558836,0.6930000000000004,1
6,96,500,120,1500,stranger,-0.1819744962327008,3.2123697197558836,1.4639999999999715,2
6,97,500,120,1500,stranger,1.6881440775344871,3.2123697197558836,0.9910000000000005,1
6,98,500,120,1500,stranger,1.8506440336598702,3.2123697197558836,1.3659999999999823,1
6,99,500,120,1500,stranger,1.2654663446908079,3.2123697197558836,0.7700000000000005,1
6,100,500,120,1500,stranger,1.5520317613653178,3.2123697197558836,1.7889999999999358,1
6,101,500,120,1500,stranger,2.8575370828816915,3.2123697197558836,0.9260000000000006,1
6,102,500,120,1500,stranger,3.1925877439710115,3.2123697197558836,0.4690000000000002,1
6,103,500,120,1500,stranger,1.7165209767851006,3.2123697197558836,0.7560000000000004,1
6,104,500,120,1500,stranger,2.596404128937739,3.2123697197558836,0.6890000000000004,1
6,105,500,120,1500,stranger,2.2955757952434572,3.2123697197558836,0.7740000000000005,1
6,106,500,120,1500,stranger,1.5431233457123195,3.2123697197558836,1.867999999999927,1
6,107,500,120,1500,stranger,2.0593977163150368,3.2123697197558836,1.9239999999999209,1
6,108,500,120,1500,stranger,0.7108491417770024,3.2123697197558836,1.0330000000000006,1
6,109,500,120,1500,stranger,3.2862705908033782,3.2123697197558836,0.7960000000000005,1
6,110,500,120,1500,stranger,2.972464500100469,3.2123697197558836,0.4470000000000002,1
6,111,500,120,1500,stranger,1.788453195391453,3.2123697197558836,0.7570000000000003,1
6,112,500,120,1500,stranger,1.6449774332956022,3.2123697197558836,0.43600000000000017,1
6,113,500,120,1500,stranger,2.744808396291187,3.2123697197558836,0.8340000000000005,1
6,114,500,120,1500,stranger,1.501385126841536,3.2123697197558836,1.359999999999983,1
6,115,500,120,1500,stranger,0.9897308877748107,3.2123697197558836,1.9889999999999137,1
6,116,500,120,1500,stranger,1.1549996092615895,3.2123697197558836,1.8719999999999266,1
6,117,500,120,1500,stranger,2.086993599897963,3.2123697197558836,1.0190000000000006,1
6,118,500,120,1500,stranger,-0.5141206226760555,3.2123697197558836,1.1250000000000007,1
6,119,500,120,1500,stranger,2.039210735782768,3.2123697197558836,1.0210000000000006,1
6,120,500,120,1500,stranger,1.8306376093682994,3.2123697197558836,1.1670000000000007,1
6,121,500,120,1500,stranger,1.4771229108795816,3.2123697197558836,0.8710000000000004,1
6,122,500,120,1500,stranger,1.9873444462274779,3.2123697197558836,0.7870000000000004,1
6,123,500,120,1500,stranger,3.225987838138333,3.2123697197558836,1.0480000000000007,1
6,124,500,120,1500,stranger,1.7309915197297054,3.2123697197558836,0.8420000000000005,1
6,125,500,120,1500,stranger,1.12283660564664,3.2123697197558836,1.3399999999999852,1
6,126,500,120,1500,stranger,3.206816972322158,3.2123697197558836,0.5350000000000003,1
6,127,500,120,1500,stranger,1.9836580373241068,3.2123697197558836,0.8760000000000006,1
6,128,500,120,1500,stranger,1.6640048947600852,3.2123697197558836,1.604999999999956,1
6,129,500,120,1500,stranger,2.273423987135799,3.2123697197558836,0.6240000000000003,1
6,130,500,120,1500,stranger,1.6314214713018171,3.2123697197558836,1.1030000000000006,1
6,1,500,120,1500,self,9.950461767372031,3.2123697197558836,0.3860000000000001,1
6,2,500,120,1500,self,8.523058936284274,3.2123697197558836,0.4440000000000002,1
6,3,500,120,1500,self,6.739608703392189,3.2123697197558836,0.3740000000000001,1
6,4,500,120,1500,self,5.090740525580188,3.2123697197558836,0.43200000000000016,1
6,5,500,120,1500,self,6.144317379680469,3.2123697197558836,0.4530000000000002,1
6,6,500,120,1500,self,6.077049671987142,3.2123697197558836,0.32800000000000007,1
6,7,500,120,1500,self,7.265146797797229,3.2123697197558836,0.3760000000000001,1
6,8,500,120,1500,self,6.223896452270402,3.2123697197558836,0.5900000000000003,1
6,9,500,120,1500,self,7.377233258414737,3.2123697197558836,0.5200000000000002,1
6,10,500,120,1500,self,5.547713414553349,3.2123697197558836,0.7220000000000004,1
6,11,500,120,1500,self,7.862781704595961,3.2123697197558836,0.4510000000000002,1
6,12,500,120,1500,self,7.681137985894817,3.2123697197558836,0.3240000000000001,1
6,13,500,120,1500,self,6.353106829411464,3.2123697197558836,0.5470000000000003,1
6,14,500,120,1500,self,6.979808777650201,3.2123697197558836,0.40400000000000014,1
6,15,500,120,1500,self,8.18104470649632,3.2123697197558836,0.42400000000000015,1
6,16,500,120,1500,self,6.88280191232711,3.2123697197558836,0.3890000000000001,1
6,17,500,120,1500,self,7.718636186343921,3.2123697197558836,0.4900000000000002,1
6,18,500,120,1500,self,7.247448046807445,3.2123697197558836,0.4520000000000002,1
6,19,500,120,1500,self,7.522477495589536,3.2123697197558836,0.3750000000000001,1
6,20,500,120,1500,self,7.35594566772092,3.2123697197558836,0.6710000000000004,1
6,21,500,120,1500,self,7.07164551965085,3.2123697197558836,0.41900000000000015,1
6,22,500,120,1500,self,7.300943992623952,3.2123697197558836,0.3920000000000001,1
6,23,500,120,1500,self,7.1500138272743,3.2123697197558836,0.4440000000000002,1
6,24,500,120,1500,self,4.4163445445128815,3.2123697197558836,0.5550000000000003,1
6,25,500,120,1500,self,7.259262299298391,3.2123697197558836,0.5060000000000002,1
6,26,500,120,1500,self,8.562168873150874,3.2123697197558836,0.3730000000000001,1
6,27,500,120,1500,self,7.206886769104202,3.2123697197558836,0.43700000000000017,1
6,28,500,120,1500,self,7.398164134473387,3.2123697197558836,0.3800000000000001,1
6,29,500,120,1500,self,8.174884952727457,3.2123697197558836,0.41500000000000015,1
6,30,500,120,1500,self,6.722986844233649,3.2123697197558836,0.5030000000000002,1
6,31,500,120,1500,self,7.954436166419214,3.2123697197558836,0.4570000000000002,1
6,32,500,120,1500,self,7.6969188423029475,3.2123697197558836,0.5660000000000003,1
6,33,500,120,1500,self,6.620028715954202,3.2123697197558836,0.4680000000000002,1
6,34,500,120,1500,self,7.811849895193986,3.2123697197558836,0.3350000000000001,1
6,35,500,120,1500,self,7.402575328817405,3.2123697197558836,0.3910000000000001,1
6,36,500,120,1500,self,7.641340280973496,3.2123697197558836,0.3880000000000001,1
6,37,500,120,1500,self,7.4316933913218834,3.2123697197558836,0.4570000000000002,1
6,38,500,120,1500,self,7.04157039861067,3.2123697197558836,0.3920000000000001,1
6,39,500,120,1500,self,7.124423587094678,3.2123697197558836,0.39900000000000013,1
6,40,500,120,1500,self,7.268010808542312,3.2123697197558836,0.5140000000000002,1
6,41,500,120,1500,self,7.563643487240661,3.2123697197558836,0.4890000000000002,1
6,42,500,120,1500,self,6.995164210168719,3.2123697197558836,0.3780000000000001,1
6,43,500,120,1500,self,5.4607725083224095,3.2123697197558836,0.3770000000000001,1
6,44,500,120,1500,self,6.188040447058258,3.2123697197558836,0.5000000000000002,1
6,45,500,120,1500,self,6.050782464453712,3.2123697197558836,0.5840000000000003,1
6,46,500,120,1500,self,7.652011282328354,3.2123697197558836,0.41000000000000014,1
6,47,500,120,1500,self,6.915667149153175,3.2123697197558836,0.4560000000000002,1
6,48,500,120,1500,self,10.360427316315485,3.2123697197558836,0.3360000000000001,1
6,49,500,120,1500,self,8.349058859577733,3.2123697197558836,0.40200000000000014,1
6,50,500,120,1500,self,6.4448165664059855,3.2123697197558836,0.4900000000000002,1
6,51,500,120,1500,self,6.915367419766378,3.2123697197558836,0.3520000000000001,1
6,52,500,120,1500,self,6.50359315474736,3.2123697197558836,0.3520000000000001,1
6,53,500,120,1500,self,8.109126710780853,3.2123697197558836,0.3610000000000001,1
6,54,500,120,1500,self,7.927961799248841,3.2123697197558836,0.4590000000000002,1
6,55,500,120,1500,self,8.251841160778287,3.2123697197558836,0.3360000000000001,1
6,56,500,120,1500,self,8.112785952250281,3.2123697197558836,0.3520000000000001,1
6,57,500,120,1500,self,7.93785420628942,3.2123697197558836,0.33100000000000007,1
6,58,500,120,1500,self,6.740732571457441,3.2123697197558836,0.41100000000000014,1
6,59,500,120,1500,self,7.189610645437015,3.2123697197558836,0.3540000000000001,1
6,60,500,120,1500,self,8.700194070807004,3.2123697197558836,0.40400000000000014,1
6,61,500,120,1500,self,6.921271470602203,3.2123697197558836,0.3870000000000001,1
6,62,500,120,1500,self,7.791895499097727,3.2123697197558836,0.3930000000000001,1
6,63,500,120,1500,self,6.651312400276918,3.2123697197558836,0.3900000000000001,1
6,64,500,120,1500,self,6.941013506976072,3.2123697197558836,0.3500000000000001,1
6,65,500,120,1500,self,7.720968620317968,3.2123697197558836,0.42700000000000016,1
6,66,500,120,1500,self,8.93807008955659,3.2123697197558836,0.41100000000000014,1
6,67,500,120,1500,self,7.801559248347725,3.2123697197558836,0.3870000000000001,1
6,68,500,120,1500,self,7.640657450879161,3.2123697197558836,0.41400000000000015,1
6,69,500,120,1500,self,5.93097029923567,3.2123697197558836,0.40900000000000014,1
6,70,500,120,1500,self,6.012568925033916,3.2123697197558836,0.7100000000000004,1
6,71,500,120,1500,self,7.274669389952164,3.2123697197558836,0.3470000000000001,1
6,72,500,120,1500,self,8.135593674307973,3.2123697197558836,0.4550000000000002,1
6,73,500,120,1500,self,8.104921852077398,3.2123697197558836,0.4690000000000002,1
6,74,500,120,1500,self,8.408073224056066,3.2123697197558836,0.3670000000000001,1
6,75,500,120,1500,self,6.938021194669194,3.2123697197558836,0.5170000000000002,1
6,76,500,120,1500,self,6.168052828623107,3.2123697197558836,0.3670000000000001,1
6,77,500,120,1500,self,7.14606939110461,3.2123697197558836,0.3570000000000001,1
6,78,500,120,1500,self,8.185703935847942,3.2123697197558836,0.4450000000000002,1
6,79,500,120,1500,self,6.1570960487705175,3.2123697197558836,0.4490000000000002,1
6,80,500,120,1500,self,6.930205136075868,3.2123697197558836,0.42000000000000015,1
6,81,500,120,1500,self,7.146072692484569,3.2123697197558836,0.5430000000000003,1
6,82,500,120,1500,self,8.458866050086657,3.2123697197558836,0.43500000000000016,1
6,83,500,120,1500,self,8.02323664983243,3.2123697197558836,0.3700000000000001,1
6,84,500,120,1500,self,6.699661483757724,3.2123697197558836,0.43200000000000016,1
6,85,500,120,1500,self,6.401231074113262,3.2123697197558836,0.3840000000000001,1
6,86,500,120,1500,self,8.965573252512785,3.2123697197558836,0.3180000000000001,1
6,87,500,120,1500,self,8.935307247089549,3.2123697197558836,0.3120000000000001,1
6,88,500,120,1500,self,8.464584863342,3.2123697197558836,0.4590000000000002,1
6,89,500,120,1500,self,6.805703763411703,3.2123697197558836,0.3820000000000001,1
6,90,500,120,1500,self,6.176410569934119,3.2123697197558836,0.5250000000000002,1
6,91,500,120,1500,self,8.327546139670071,3.2123697197558836,0.39900000000000013,1
6,92,500,120,1500,self,7.669859373976285,3.2123697197558836,0.4820000000000002,1
6,93,500,120,1500,self,4.982844318596317,3.2123697197558836,0.42700000000000016,1
6,94,500,120,1500,self,5.911321479622039,3.2123697197558836,0.5010000000000002,1
6,95,500,120,1500,self,7.449913213467295,3.2123697197558836,0.4850000000000002,1
6,96,500,120,1500,self,7.408197190701433,3.2123697197558836,0.43900000000000017,1
6,97,500,120,1500,self,8.356014052030385,3.2123697197558836,0.3850000000000001,1
6,98,500,120,1500,self,7.406170071140952,3.2123697197558836,0.4810000000000002,1
6,99,500,120,1500,self,8.370214430892721,3.2123697197558836,0.3620000000000001,1
6,100,500,120,1500,self,7.8496886014793485,3.2123697197558836,0.3830000000000001,1
6,101,500,120,1500,self,5.750711999265501,3.2123697197558836,0.42800000000000016,1
6,102,500,120,1500,self,7.356981382152126,3.2123697197558836,0.6080000000000003,1
6,103,500,120,1500,self,8.803767481274564,3.2123697197558836,0.3550000000000001,1
6,104,500,120,1500,self,8.147501748379645,3.2123697197558836,0.43000000000000016,1
6,105,500,120,1500,self,6.77405507859553,3.2123697197558836,0.3750000000000001,1
6,106,500,120,1500,self,6.700598441141537,3.2123697197558836,0.3820000000000001,1
6,107,500,120,1500,self,8.35730285273562,3.2123697197558836,0.3690000000000001,1
6,108,500,120,1500,self,7.546420253253913,3.2123697197558836,0.4900000000000002,1
6,109,500,120,1500,self,6.881518314666429,3.2123697197558836,0.5120000000000002,1
6,110,500,120,1500,self,7.333273679957182,3.2123697197558836,0.3870000000000001,1
6,111,500,120,1500,self,7.281678490683084,3.2123697197558836,0.3810000000000001,1
6,112,500,120,1500,self,7.54445240709762,3.2123697197558836,0.5500000000000003,1
6,113,500,120,1500,self,6.751554144244132,3.2123697197558836,0.42600000000000016,1
6,114,500,120,1500,self,8.72153595785212,3.2123697197558836,0.4590000000000002,1
6,115,500,120,1500,self,7.592985465975179,3.2123697197558836,0.41100000000000014,1
6,116,500,120,1500,self,7.257633297602295,3.2123697197558836,0.3820000000000001,1
6,117,500,120,1500,self,7.982801041047527,3.2123697197558836,0.5610000000000003,1
6,118,500,120,1500,self,7.348574147383448,3.2123697197558836,0.43200000000000016,1
6,119,500,120,1500,self,8.196781268152945,3.2123697197558836,0.40800000000000014,1
6,120,500,120,1500,self,6.189491789878074,3.2123697197558836,0.43600000000000017,1
6,121,500,120,1500,self,6.64738660692697,3.2123697197558836,0.40900000000000014,1
6,122,500,120,1500,self,6.101017007505186,3.2123697197558836,0.6610000000000004,1
6,123,500,120,1500,self,7.442839558780325,3.2123697197558836,0.4490000000000002,1
6,124,500,120,1500,self,6.675343393624911,3.2123697197558836,0.42600000000000016,1
6,125,500,120,1500,self,6.57356395250647,3.2123697197558836,0.5290000000000002,1
6,126,500,120,1500,self,6.265393805247015,3.2123697197558836,0.4920000000000002,1
6,127,500,120,1500,self,7.7307535729686485,3.2123697197558836,0.4790000000000002,1
6,128,500,120,1500,self,8.637252653006847,3.2123697197558836,0.3460000000000001,1
6,129,500,120,1500,self,6.90526014690577,3.2123697197558836,0.44000000000000017,1
6,130,500,120,1500,self,7.430614877191052,3.2123697197558836,0.4730000000000002,1
7,1,500,120,1500,stranger,1.9594787147853612,3.8356703050042023,1.0020000000000007,1
7,2,500,120,1500,stranger,2.549643455072461,3.8356703050042023,0.7350000000000003,1
7,3,500,120,1500,stranger,2.076800272611591,3.8356703050042023,0.6260000000000003,1
7,4,500,120,1500,stranger,2.6920981521731737,3.8356703050042023,1.1010000000000006,1
7,5,500,120,1500,stranger,1.6493949889945134,3.8356703050042023,0.7800000000000005,1
7,6,500,120,1500,stranger,4.438464610730555,3.8356703050042023,0.40300000000000014,1
7,7,500,120,1500,stranger,2.2262094142951288,3.8356703050042023,1.3099999999999885,1
7,8,500,120,1500,stranger,2.547363791873107,3.8356703050042023,1.2839999999999914,1
7,9,500,120,1500,stranger,1.7393080769991853,3.8356703050042023,1.3289999999999864,1
7,10,500,120,1500,stranger,3.817338776093104,3.8356703050042023,0.6290000000000003,1
7,11,500,120,1500,stranger,2.326523610475349,3.8356703050042023,1.0120000000000007,1
7,12,500,120,1500,stranger,0.6291212656785645,3.8356703050042023,1.4039999999999782,1
7,13,500,120,1500,stranger,-0.0020909963998752,3.8356703050042023,1.1900000000000008,2
7,14,500,120,1500,stranger,1.668678997267791,3.8356703050042023,1.8009999999999344,1
7,15,500,120,1500,stranger,2.3691566544188234,3.8356703050042023,1.1050000000000006,1
7,16,500,120,1500,stranger,1.922375787760371,3.8356703050042023,1.0390000000000006,1
7,17,500,120,1500,stranger,2.5612513590787023,3.8356703050042023,0.8050000000000004,1
7,18,500,120,1500,stranger,4.119083782895686,3.8356703050042023,0.5510000000000003,1
7,19,500,120,1500,stranger,1.7457855313265993,3.8356703050042023,1.559999999999961,1
7,20,500,120,1500,stranger,2.996337834952974,3.8356703050042023,0.7460000000000004,1
7,21,500,120,1500,stranger,0.323352113067626,3.8356703050042023,1.2479999999999953,1
7,22,500,120,1500,stranger,2.255634913798709,3.8356703050042023,0.7010000000000003,1
7,23,500,120,1500,stranger,0.8107271502649256,3.8356703050042023,1.0150000000000006,1
7,24,500,120,1500,stranger,2.16847771771849,3.8356703050042023,0.9810000000000005,1
7,25,500,120,1500,stranger,1.4329612463851897,3.8356703050042023,1.8839999999999253,1
7,26,500,120,1500,stranger,1.9507310679154153,3.8356703050042023,1.2979999999999898,1
7,27,500,120,1500,stranger,0.3217936592130921,3.8356703050042023,1.7649999999999384,1
7,28,500,120,1500,stranger,0.5117059515623885,3.8356703050042023,0.8810000000000004,1
7,29,500,120,1500,stranger,2.3283160547675132,3.8356703050042023,1.6919999999999464,1
7,30,500,120,1500,stranger,2.2134706573739535,3.8356703050042023,0.5480000000000003,1
7,31,500,120,1500,stranger,2.7224002850700844,3.8356703050042023,0.4610000000000002,1
7,32,500,120,1500,stranger,3.6387446604022213,3.8356703050042023,0.6760000000000004,1
7,33,500,120,1500,stranger,1.052780093657658,3.8356703050042023,1.8179999999999326,1
7,34,500,120,1500,stranger,2.5668140819730607,3.8356703050042023,0.7400000000000004,1
7,35,500,120,1500,stranger,2.5843698076811124,3.8356703050042023,0.7630000000000003,1
7,36,500,120,1500,stranger,1.3576478552679159,3.8356703050042023,1.3339999999999859,1
7,37,500,120,1500,stranger,1.7016745618232385,3.8356703050042023,1.0940000000000007,1
7,38,500,120,1500,stranger,2.801414867332012,3.8356703050042023,0.5970000000000003,1
7,39,500,120,1500,stranger,1.6653270760004129,3.8356703050042023,1.468999999999971,1
7,40,500,120,1500,stranger,2.2286420019328563,3.8356703050042023,1.1370000000000007,1
7,41,500,120,1500,stranger,1.4314707163375442,3.8356703050042023,0.9540000000000006,1
7,42,500,120,1500,stranger,2.354288252088574,3.8356703050042023,0.9400000000000006,1
7,43,500,120,1500,stranger,1.3354094390243323,3.8356703050042023,1.2040000000000002,1
7,44,500,120,1500,stranger,2.2621340030938413,3.8356703050042023,1.2629999999999937,1
7,45,500,120,1500,stranger,1.460339532235359,3.8356703050042023,0.9760000000000006,1
7,46,500,120,1500,stranger,2.450005029019209,3.8356703050042023,0.9890000000000005,1
7,47,500,120,1500,stranger,2.1214230003553753,3.8356703050042023,0.8900000000000006,1
7,48,500,120,1500,stranger,3.8729187514092462,3.8356703050042023,0.4470000000000002,1
7,49,500,120,1500,stranger,1.0662550342484853,3.8356703050042023,1.0010000000000006,1
7,50,500,120,1500,stranger,1.9535772022254354,3.8356703050042023,0.5640000000000003,1
7,51,500,120,1500,stranger,1.3861132685563249,3.8356703050042023,1.3429999999999849,1
7,52,500,120,1500,stranger,1.2806402882034553,3.8356703050042023,1.6809999999999476,1
7,53,500,120,1500,stranger,2.3581543573910015,3.8356703050042023,0.7870000000000004,1
7,54,500,120,1500,stranger,1.8268776765438122,3.8356703050042023,1.4129999999999772,1
7,55,500,120,1500,stranger,2.5849901478025776,3.8356703050042023,1.1010000000000006,1
7,56,500,120,1500,stranger,2.557338251935758,3.8356703050042023,1.5269999999999646,1
7,57,500,120,1500,stranger,2.128951460454122,3.8356703050042023,0.8680000000000005,1
7,58,500,120,1500,stranger,1.2845398569535007,3.8356703050042023,1.5469999999999624,1
7,59,500,120,1500,stranger,2.7740101666432873,3.8356703050042023,1.1380000000000008,1
7,60,500,120,1500,stranger,2.5981371724944515,3.8356703050042023,1.3519999999999839,1
7,61,500,120,1500,stranger,2.4804697573232275,3.8356703050042023,0.6490000000000004,1
7,62,500,120,1500,stranger,1.5938164024990935,3.8356703050042023,1.7109999999999443,1
7,63,500,120,1500,stranger,1.6857024706015975,3.8356703050042023,0.9820000000000007,1
7,64,500,120,1500,stranger,0.7689105219865049,3.8356703050042023,1.4479999999999733,1
7,65,500,120,1500,stranger,2.833055051963,3.8356703050042023,1.0640000000000007,1
7,66,500,120,1500,stranger,2.447068051284318,3.8356703050042023,0.5910000000000003,1
7,67,500,120,1500,stranger,1.3096090940935086,3.8356703050042023,1.0240000000000007,1
7,68,500,120,1500,stranger,3.1346094553078263,3.8356703050042023,1.0610000000000006,1
7,69,500,120,1500,stranger,2.0112037499845528,3.8356703050042023,0.9920000000000007,1
7,70,500,120,1500,stranger,1.4042824692269398,3.8356703050042023,1.549999999999962,1
7,71,500,120,1500,stranger,1.957818947177479,3.8356703050042023,0.4970000000000002,1
7,72,500,120,1500,stranger,2.972863208629837,3.8356703050042023,0.6740000000000004,1
7,73,500,120,1500,stranger,1.6217304065903324,3.8356703050042023,1.740999999999941,1
7,74,500,120,1500,stranger,3.729619243672819,3.8356703050042023,0.6560000000000004,1
7,75,500,120,1500,stranger,1.717062189705777,3.8356703050042023,0.6710000000000004,1
7,76,500,120,1500,stranger,2.191697854083873,3.8356703050042023,0.7480000000000004,1
7,77,500,120,1500,stranger,2.178913466843341,3.8356703050042023,1.1390000000000007,1
7,78,500,120,1500,stranger,1.8323624496820008,3.8356703050042023,0.6750000000000004,1
7,79,500,120,1500,stranger,1.7843787233202841,3.8356703050042023,1.2489999999999952,1
7,80,500,120,1500,stranger,1.6327897259162945,3.8356703050042023,1.2559999999999945,1
7,81,500,120,1500,stranger,1.7212285708249555,3.8356703050042023,1.268999999999993,1
7,82,500,120,1500,stranger,2.3683008047499245,3.8356703050042023,0.8800000000000006,1
7,83,500,120,1500,stranger,1.7566798164104303,3.8356703050042023,1.0660000000000007,1
7,84,500,120,1500,stranger,4.306308174788723,3.8356703050042023,0.5250000000000002,1
7,85,500,120,1500,stranger,0.9645150006273013,3.8356703050042023,1.0910000000000006,1
7,86,500,120,1500,stranger,1.0735926582635649,3.8356703050042023,0.8220000000000005,1
7,87,500,120,1500,stranger,0.9847485732889011,3.8356703050042023,1.1500000000000008,1
7,88,500,120,1500,stranger,1.9428162060451895,3.8356703050042023,1.56899999999996,1
7,89,500,120,1500,stranger,2.176496281699045,3.8356703050042023,0.6450000000000004,1
7,90,500,120,1500,stranger,2.0706322764193867,3.8356703050042023,0.9210000000000005,1
7,91,500,120,1500,stranger,0.8785795034498584,3.8356703050042023,1.3629999999999827,1
7,92,500,120,1500,stranger,1.1587093708577343,3.8356703050042023,1.6429999999999518,1
7,93,500,120,1500,stranger,0.892846879947242,3.8356703050042023,1.4729999999999706,1
7,94,500,120,1500,stranger,0.8465027881829645,3.8356703050042023,1.9209999999999212,1
7,95,500,120,1500,stranger,2.150549882138188,3.8356703050042023,1.0120000000000007,1
7,96,500,120,1500,stranger,2.6426459006462952,3.8356703050042023,0.7560000000000004,1
7,97,500,120,1500,stranger,1.3103745612574387,3.8356703050042023,1.3109999999999884,1
7,98,500,120,1500,stranger,1.5082947613895525,3.8356703050042023,1.0840000000000007,1
7,99,500,120,1500,stranger,3.6623649140293395,3.8356703050042023,0.6130000000000003,1
7,100,500,120,1500,stranger,1.7541165993454795,3.8356703050042023,0.9190000000000005,1
7,101,500,120,1500,stranger,2.878294192554377,3.8356703050042023,0.6400000000000003,1
7,102,500,120,1500,stranger,4.005617359339182,3.8356703050042023,0.5310000000000002,1
7,103,500,120,1500,stranger,1.9910902627677727,3.8356703050042023,1.0590000000000006,1
7,104,500,120,1500,stranger,2.4407004413601268,3.8356703050042023,0.7250000000000003,1
7,105,500,120,1500,stranger,2.0575186663946186,3.8356703050042023,0.7210000000000003,1
7,106,500,120,1500,stranger,1.997610348084175,3.8356703050042023,1.1660000000000008,1
7,107,500,120,1500,stranger,2.442822555897331,3.8356703050042023,0.4910000000000002,1
7,108,500,120,1500,stranger,0.8040208384581666,3.8356703050042023,1.1470000000000007,1
7,109,500,120,1500,stranger,1.4336404294234284,3.8356703050042023,1.2129999999999992,1
7,110,500,120,1500,stranger,3.1639529353129796,3.8356703050042023,0.9700000000000006,1
7,111,500,120,1500,stranger,2.784701459308611,3.8356703050042023,1.4359999999999746,1
7,112,500,120,1500,stranger,-0.13046278156003255,3.8356703050042023,1.369999999999982,1
7,113,500,120,1500,stranger,1.6134437383821465,3.8356703050042023,1.2849999999999913,1
7,114,500,120,1500,stranger,0.6098555591682389,3.8356703050042023,0.8320000000000005,2
7,115,500,120,1500,stranger,3.1850274894891566,3.8356703050042023,0.7280000000000004,1
7,116,500,120,1500,stranger,1.5382637227256313,3.8356703050042023,0.9600000000000006,1
7,117,500,120,1500,stranger,1.7445052000280614,3.8356703050042023,1.5099999999999665,1
7,118,500,120,1500,stranger,2.1617351314228452,3.8356703050042023,0.6210000000000003,1
7,119,500,120,1500,stranger,2.616843165723567,3.8356703050042023,0.7530000000000003,1
7,120,500,120,1500,stranger,0.6996652925079749,3.8356703050042023,1.8179999999999326,1
7,121,500,120,1500,stranger,3.0331214340265724,3.8356703050042023,0.6580000000000004,1
7,122,500,120,1500,stranger,1.7667885214577803,3.8356703050042023,0.8240000000000005,1
7,123,500,120,1500,stranger,3.643888642444549,3.8356703050042023,0.6490000000000004,1
7,124,500,120,1500,stranger,3.3542904387674817,3.8356703050042023,0.6170000000000003,1
7,125,500,120,1500,stranger,2.04237972529028,3.8356703050042023,1.1790000000000007,1
7,126,500,120,1500,stranger,2.727413109462578,3.8356703050042023,1.0260000000000007,1
7,127,500,120,1500,stranger,0.01786133256232625,3.8356703050042023,0.9030000000000005,1
7,128,500,120,1500,stranger,2.103028022438272,3.8356703050042023,1.314999999999988,1
7,129,500,120,1500,stranger,2.4555520477405532,3.8356703050042023,0.9850000000000005,1
7,130,500,120,1500,stranger,0.7521602797513149,3.8356703050042023,0.8020000000000005,1
7,1,500,120,1500,self,7.622050000336268,3.8356703050042023,0.5130000000000002,1
7,2,500,120,1500,self,5.2534734495784114,3.8356703050042023,0.5840000000000003,1
7,3,500,120,1500,self,7.564106994745463,3.8356703050042023,0.3820000000000001,1
7,4,500,120,1500,self,7.2152196909556245,3.8356703050042023,0.5730000000000003,1
7,5,500,120,1500,self,8.7002248405612,3.8356703050042023,0.4740000000000002,1
7,6,500,120,1500,self,8.018092795500822,3.8356703050042023,0.4600000000000002,1
7,7,500,120,1500,self,6.135719424484273,3.8356703050042023,0.4820000000000002,1
7,8,500,120,1500,self,8.9476846861015,3.8356703050042023,0.43400000000000016,1
7,9,500,120,1500,self,9.009265956360084,3.8356703050042023,0.3850000000000001,1
7,10,500,120,1500,self,6.105953830435183,3.8356703050042023,0.6430000000000003,1
7,11,500,120,1500,self,8.752452152901201,3.8356703050042023,0.4540000000000002,1
7,12,500,120,1500,self,6.448600116994845,3.8356703050042023,0.41700000000000015,1
7,13,500,120,1500,self,6.8534935249495605,3.8356703050042023,0.3720000000000001,1
7,14,500,120,1500,self,6.66225003730559,3.8356703050042023,0.5780000000000003,1
7,15,500,120,1500,self,5.13838187156486,3.8356703050042023,0.5790000000000003,1
7,16,500,120,1500,self,7.408095864594764,3.8356703050042023,0.5730000000000003,1
7,17,500,120,1500,self,9.100286813425376,3.8356703050042023,0.40900000000000014,1
7,18,500,120,1500,self,8.822128687664492,3.8356703050042023,0.3880000000000001,1
7,19,500,120,1500,self,7.09759428105788,3.8356703050042023,0.5820000000000003,1
7,20,500,120,1500,self,8.992075046217883,3.8356703050042023,0.43300000000000016,1
7,21,500,120,1500,self,8.79291532002927,3.8356703050042023,0.3370000000000001,1
7,22,500,120,1500,self,7.361652986869155,3.8356703050042023,0.5240000000000002,1
7,23,500,120,1500,self,6.425800044569811,3.8356703050042023,0.5370000000000003,1
7,24,500,120,1500,self,7.270498283233406,3.8356703050042023,0.5520000000000003,1
7,25,500,120,1500,self,7.846116617708034,3.8356703050042023,0.3730000000000001,1
7,26,500,120,1500,self,7.011045532176934,3.8356703050042023,0.3710000000000001,1
7,27,500,120,1500,self,7.184682197422944,3.8356703050042023,0.4550000000000002,1
7,28,500,120,1500,self,8.472658519116969,3.8356703050042023,0.4460000000000002,1
7,29,500,120,1500,self,5.81913505501659,3.8356703050042023,0.5250000000000002,1
7,30,500,120,1500,self,9.187171015457547,3.8356703050042023,0.4550000000000002,1
7,31,500,120,1500,self,5.577337206112725,3.8356703050042023,0.6420000000000003,1
7,32,500,120,1500,self,7.8504302058506195,3.8356703050042023,0.4720000000000002,1
7,33,500,120,1500,self,6.701019930016963,3.8356703050042023,0.5910000000000003,1
7,34,500,120,1500,self,5.762328993662502,3.8356703050042023,0.4580000000000002,1
7,35,500,120,1500,self,7.619573732715703,3.8356703050042023,0.42500000000000016,1
7,36,500,120,1500,self,8.206682251085446,3.8356703050042023,0.5410000000000003,1
7,37,500,120,1500,self,8.190470546794643,3.8356703050042023,0.5580000000000003,1
7,38,500,120,1500,self,7.058591708796866,3.8356703050042023,0.5990000000000003,1
7,39,500,120,1500,self,6.563215611435876,3.8356703050042023,0.3430000000000001,1
7,40,500,120,1500,self,7.648123922640021,3.8356703050042023,0.4820000000000002,1
7,41,500,120,1500,self,8.109870318806363,3.8356703050042023,0.4730000000000002,1
7,42,500,120,1500,self,8.285330522573247,3.8356703050042023,0.3410000000000001,1
7,43,500,120,1500,self,9.001055707301594,3.8356703050042023,0.44100000000000017,1
7,44,500,120,1500,self,6.385460714340072,3.8356703050042023,0.6320000000000003,1
7,45,500,120,1500,self,8.487693518853106,3.8356703050042023,0.3750000000000001,1
7,46,500,120,1500,self,8.696101067078319,3.8356703050042023,0.3930000000000001,1
7,47,500,120,1500,self,6.718408259975979,3.8356703050042023,0.42600000000000016,1
7,48,500,120,1500,self,7.533072684180577,3.8356703050042023,0.4660000000000002,1
7,49,500,120,1500,self,7.382925285115168,3.8356703050042023,0.6370000000000003,1
7,50,500,120,1500,self,9.828379349538213,3.8356703050042023,0.3700000000000001,1
7,51,500,120,1500,self,7.850912090130571,3.8356703050042023,0.5590000000000003,1
7,52,500,120,1500,self,9.224070990507201,3.8356703050042023,0.4820000000000002,1
7,53,500,120,1500,self,8.519202748862828,3.8356703050042023,0.4660000000000002,1
7,54,500,120,1500,self,9.168773981196939,3.8356703050042023,0.42600000000000016,1
7,55,500,120,1500,self,7.7816864025618155,3.8356703050042023,0.3710000000000001,1
7,56,500,120,1500,self,7.397132327598417,3.8356703050042023,0.5030000000000002,1
7,57,500,120,1500,self,9.834923984483913,3.8356703050042023,0.41900000000000015,1
7,58,500,120,1500,self,5.420791960071991,3.8356703050042023,0.6550000000000004,1
7,59,500,120,1500,self,6.662680274835962,3.8356703050042023,0.5140000000000002,1
7,60,500,120,1500,self,7.622828291629541,3.8356703050042023,0.43500000000000016,1
7,61,500,120,1500,self,8.642157319513721,3.8356703050042023,0.4980000000000002,1
7,62,500,120,1500,self,4.712608561466739,3.8356703050042023,0.6030000000000003,1
7,63,500,120,1500,self,7.639028333786784,3.8356703050042023,0.5320000000000003,1
7,64,500,120,1500,self,6.130279868330728,3.8356703050042023,0.42500000000000016,1
7,65,500,120,1500,self,8.32507967524393,3.8356703050042023,0.3820000000000001,1
7,66,500,120,1500,self,5.53329118873946,3.8356703050042023,0.5240000000000002,1
7,67,500,120,1500,self,6.224297604891921,3.8356703050042023,0.4790000000000002,1
7,68,500,120,1500,self,6.044745675574952,3.8356703050042023,0.3670000000000001,1
7,69,500,120,1500,self,6.996039792223249,3.8356703050042023,0.5270000000000002,1
7,70,500,120,1500,self,8.039105496315187,3.8356703050042023,0.3850000000000001,1
7,71,500,120,1500,self,8.928074734854805,3.8356703050042023,0.4760000000000002,1
7,72,500,120,1500,self,5.373158218509561,3.8356703050042023,0.4710000000000002,1
7,73,500,120,1500,self,7.143618249134531,3.8356703050042023,0.6120000000000003,1
7,74,500,120,1500,self,7.030232663422348,3.8356703050042023,0.4540000000000002,1
7,75,500,120,1500,self,8.346250370092289,3.8356703050042023,0.40600000000000014,1
7,76,500,120,1500,self,6.386775327681247,3.8356703050042023,0.7130000000000003,1
7,77,500,120,1500,self,6.450403255440627,3.8356703050042023,0.5250000000000002,1
7,78,500,120,1500,self,6.427296629578938,3.8356703050042023,0.40200000000000014,1
7,79,500,120,1500,self,7.11639500247465,3.8356703050042023,0.40300000000000014,1
7,80,500,120,1500,self,6.004029034949405,3.8356703050042023,0.5500000000000003,1
7,81,500,120,1500,self,6.870736571661569,3.8356703050042023,0.5040000000000002,1
7,82,500,120,1500,self,5.211704981916366,3.8356703050042023,0.5350000000000003,1
7,83,500,120,1500,self,7.168458260664408,3.8356703050042023,0.39700000000000013,1
7,84,500,120,1500,self,7.855460874189179,3.8356703050042023,0.42700000000000016,1
7,85,500,120,1500,self,6.526229706963479,3.8356703050042023,0.4700000000000002,1
7,86,500,120,1500,self,7.119920074456789,3.8356703050042023,0.4550000000000002,1
7,87,500,120,1500,self,6.966052212768398,3.8356703050042023,0.5300000000000002,1
7,88,500,120,1500,self,7.063713569822912,3.8356703050042023,0.4860000000000002,1
7,89,500,120,1500,self,7.695598362257971,3.8356703050042023,0.4900000000000002,1
7,90,500,120,1500,self,5.461690468016586,3.8356703050042023,0.5940000000000003,1
7,91,500,120,1500,self,6.56274392301547,3.8356703050042023,0.43800000000000017,1
7,92,500,120,1500,self,9.70488062327924,3.8356703050042023,0.5410000000000003,1
7,93,500,120,1500,self,7.2155229397985305,3.8356703050042023,0.41800000000000015,1
7,94,500,120,1500,self,8.886047674662818,3.8356703050042023,0.39800000000000013,1
7,95,500,120,1500,self,7.153542590284634,3.8356703050042023,0.4670000000000002,1
7,96,500,120,1500,self,7.352911479332428,3.8356703050042023,0.4990000000000002,1
7,97,500,120,1500,self,7.128752548131999,3.8356703050042023,0.4890000000000002,1
7,98,500,120,1500,self,7.200449735810695,3.8356703050042023,0.39900000000000013,1
7,99,500,120,1500,self,6.476802569654793,3.8356703050042023,0.5610000000000003,1
7,100,500,120,1500,self,7.660300139406701,3.8356703050042023,0.4620000000000002,1
7,101,500,120,1500,self,7.233113416638838,3.8356703050042023,0.4730000000000002,1
7,102,500,120,1500,self,7.50771467018324,3.8356703050042023,0.4450000000000002,1
7,103,500,120,1500,self,7.873927117873865,3.8356703050042023,0.40300000000000014,1
7,104,500,120,1500,self,8.538761381378228,3.8356703050042023,0.3770000000000001,1
7,105,500,120,1500,self,6.82948038223252,3.8356703050042023,0.5570000000000003,1
7,106,500,120,1500,self,6.635734204219908,3.8356703050042023,0.40000000000000013,1
7,107,500,120,1500,self,9.437384736191916,3.8356703050042023,0.5330000000000003,1
7,108,500,120,1500,self,6.412517286092199,3.8356703050042023,0.4510000000000002,1
7,109,500,120,1500,self,9.000915443472302,3.8356703050042023,0.3570000000000001,1
7,110,500,120,1500,self,7.746324359104636,3.8356703050042023,0.4590000000000002,1
7,111,500,120,1500,self,7.363272548931347,3.8356703050042023,0.40200000000000014,1
7,112,500,120,1500,self,6.1401353622358545,3.8356703050042023,0.5510000000000003,1
7,113,500,120,1500,self,7.10016577316368,3.8356703050042023,0.4520000000000002,1
7,114,500,120,1500,self,6.487933058774727,3.8356703050042023,0.44100000000000017,1
7,115,500,120,1500,self,6.415956563541345,3.8356703050042023,0.41300000000000014,1
7,116,500,120,1500,self,8.779171087729036,3.8356703050042023,0.4600000000000002,1
7,117,500,120,1500,self,6.268934656880562,3.8356703050042023,0.6400000000000003,1
7,118,500,120,1500,self,7.418400837657694,3.8356703050042023,0.4770000000000002,1
7,119,500,120,1500,self,7.373894160964793,3.8356703050042023,0.5770000000000003,1
7,120,500,120,1500,self,6.25928893636318,3.8356703050042023,0.5310000000000002,1
7,121,500,120,1500,self,5.510850361523435,3.8356703050042023,0.4500000000000002,1
7,122,500,120,1500,self,6.170808734679999,3.8356703050042023,0.41700000000000015,1
7,123,500,120,1500,self,6.814200704459734,3.8356703050042023,0.43800000000000017,1
7,124,500,120,1500,self,7.715404930763004,3.8356703050042023,0.40400000000000014,1
7,125,500,120,1500,self,6.523992383904936,3.8356703050042023,0.4820000000000002,1
7,126,500,120,1500,self,8.153645615992133,3.8356703050042023,0.3610000000000001,1
7,127,500,120,1500,self,8.086660907285195,3.8356703050042023,0.4950000000000002,1
7,128,500,120,1500,self,7.212362101084802,3.8356703050042023,0.3850000000000001,1
7,129,500,120,1500,self,6.859547126625579,3.8356703050042023,0.41200000000000014,1
7,130,500,120,1500,self,7.031314769585742,3.8356703050042023,0.40000000000000013,1
8,1,500,120,1500,stranger,0.303744195319789,3.733394635555709,0.9570000000000005,1
8,2,500,120,1500,stranger,2.7771828681212756,3.733394635555709,0.5120000000000002,1
8,3,500,120,1500,stranger,2.6688227095453967,3.733394635555709,0.6620000000000004,1
8,4,500,120,1500,stranger,2.03589980370731,3.733394635555709,0.6230000000000003,1
8,5,500,120,1500,stranger,3.204539790580498,3.733394635555709,0.8180000000000005,1
8,6,500,120,1500,stranger,0.9624936349594383,3.733394635555709,1.2989999999999897,1
8,7,500,120,1500,stranger,-0.4760299579764731,3.733394635555709,0.7410000000000003,2
8,8,500,120,1500,stranger,3.1586857619660904,3.733394635555709,1.0780000000000007,1
8,9,500,120,1500,stranger,3.694536383800909,3.733394635555709,0.6510000000000004,1
8,10,500,120,1500,stranger,2.2942091238782374,3.733394635555709,0.6140000000000003,1
8,11,500,120,1500,stranger,1.8628180172620967,3.733394635555709,0.9250000000000005,1
8,12,500,120,1500,stranger,2.3933484266053346,3.733394635555709,0.5210000000000002,1
8,13,500,120,1500,stranger,1.886368487415518,3.733394635555709,0.5170000000000002,1
8,14,500,120,1500,stranger,3.8497264241839275,3.733394635555709,0.8990000000000005,1
8,15,500,120,1500,stranger,1.096835228484399,3.733394635555709,1.9929999999999133,1
8,16,500,120,1500,stranger,0.9877432410959726,3.733394635555709,0.9900000000000007,1
8,17,500,120,1500,stranger,2.066945042640411,3.733394635555709,0.7410000000000003,1
8,18,500,120,1500,stranger,2.7868120200008044,3.733394635555709,1.3259999999999867,1
8,19,500,120,1500,stranger,0.18327537615690304,3.733394635555709,1.5569999999999613,1
8,20,500,120,1500,stranger,2.9861704491803645,3.733394635555709,0.7850000000000004,1
8,21,500,120,1500,stranger,2.062458417106728,3.733394635555709,1.1800000000000008,1
8,22,500,120,1500,stranger,1.5838679765028896,3.733394635555709,0.8040000000000005,1
8,23,500,120,1500,stranger,2.3375474532999307,3.733394635555709,0.4750000000000002,1
8,24,500,120,1500,stranger,2.081270827256705,3.733394635555709,1.3339999999999859,1
8,25,500,120,1500,stranger,1.558349087243107,3.733394635555709,1.7529999999999397,1
8,26,500,120,1500,stranger,3.7869330202587044,3.733394635555709,0.4720000000000002,1
8,27,500,120,1500,stranger,0.3509548857127349,3.733394635555709,1.614999999999955,2
8,28,500,120,1500,stranger,0.5694468716706544,3.733394635555709,1.4709999999999708,1
8,29,500,120,1500,stranger,3.0097797854431327,3.733394635555709,0.9110000000000005,1
8,30,500,120,1500,stranger,3.1837720840420696,3.733394635555709,0.5790000000000003,1
8,31,500,120,1500,stranger,1.2830901127950416,3.733394635555709,0.5700000000000003,1
8,32,500,120,1500,stranger,2.2770286314346624,3.733394635555709,1.0570000000000006,1
8,33,500,120,1500,stranger,2.6982950412301627,3.733394635555709,0.8170000000000004,1
8,34,500,120,1500,stranger,3.4820083574723943,3.733394635555709,0.4930000000000002,1
8,35,500,120,1500,stranger,3.665731378372088,3.733394635555709,0.5550000000000003,1
8,36,500,120,1500,stranger,2.559686071150387,3.733394635555709,0.7440000000000004,1
8,37,500,120,1500,stranger,1.6594146773952019,3.733394635555709,1.8819999999999255,1
8,38,500,120,1500,stranger,1.9314150317171195,3.733394635555709,1.5839999999999583,1
8,39,500,120,1500,stranger,2.5242239678526373,3.733394635555709,0.4700000000000002,1
8,40,500,120,1500,stranger,2.946677529473595,3.733394635555709,1.0400000000000007,1
8,41,500,120,1500,stranger,1.2101030117215517,3.733394635555709,1.0090000000000006,1
8,42,500,120,1500,stranger,1.3107532740978611,3.733394635555709,1.9309999999999201,1
8,43,500,120,1500,stranger,1.8151261022724883,3.733394635555709,0.8180000000000005,1
8,44,500,120,1500,stranger,1.9185518662539776,3.733394635555709,0.6310000000000003,1
8,45,500,120,1500,stranger,1.628215762664165,3.733394635555709,1.3629999999999827,1
8,46,500,120,1500,stranger,1.690629293277305,3.733394635555709,1.4349999999999747,1
8,47,500,120,1500,stranger,3.2203174971249346,3.733394635555709,0.6140000000000003,1
8,48,500,120,1500,stranger,1.7957991314144963,3.733394635555709,1.2309999999999972,1
8,49,500,120,1500,stranger,2.1540953834926744,3.733394635555709,0.5910000000000003,1
8,50,500,120,1500,stranger,1.9324293376838342,3.733394635555709,0.4470000000000002,1
8,51,500,120,1500,stranger,2.067706262289,3.733394635555709,0.7660000000000005,1
8,52,500,120,1500,stranger,1.7759403104923017,3.733394635555709,1.3799999999999808,1
8,53,500,120,1500,stranger,1.4429530390851852,3.733394635555709,0.8050000000000004,1
8,54,500,120,1500,stranger,2.3548114813476477,3.733394635555709,0.8510000000000004,1
8,55,500,120,1500,stranger,5.046986742542548,3.733394635555709,0.6210000000000003,1
8,56,500,120,1500,stranger,-0.2483085903863731,3.733394635555709,1.0180000000000007,1
8,57,500,120,1500,stranger,1.7262764963876058,3.733394635555709,1.0750000000000006,1
8,58,500,120,1500,stranger,3.2765504255311635,3.733394635555709,1.3369999999999855,1
8,59,500,120,1500,stranger,0.8110156550136722,3.733394635555709,1.0870000000000006,2
8,60,500,120,1500,stranger,2.7114687781110267,3.733394635555709,0.6640000000000004,1
8,61,500,120,1500,stranger,2.5023683418112475,3.733394635555709,0.8870000000000005,1
8,62,500,120,1500,stranger,1.1660176226101173,3.733394635555709,1.1860000000000008,1
8,63,500,120,1500,stranger,2.000894425534715,3.733394635555709,1.0630000000000006,1
8,64,500,120,1500,stranger,-0.9445800202383199,3.733394635555709,0.9700000000000006,2
8,65,500,120,1500,stranger,1.391310729815231,3.733394635555709,1.941999999999919,1
8,66,500,120,1500,stranger,2.887106059173048,3.733394635555709,1.1390000000000007,1
8,67,500,120,1500,stranger,2.9485246682617676,3.733394635555709,0.8390000000000004,1
8,68,500,120,1500,stranger,2.5723228309844415,3.733394635555709,1.0540000000000007,1
8,69,500,120,1500,stranger,-2.241721942437544,3.733394635555709,1.0500000000000007,2
8,70,500,120,1500,stranger,0.4906532609021046,3.733394635555709,0.7170000000000003,1
8,71,500,120,1500,stranger,1.5285433026050417,3.733394635555709,0.8730000000000004,1
8,72,500,120,1500,stranger,1.6507435904104266,3.733394635555709,0.8520000000000005,1
8,73,500,120,1500,stranger,1.2927523930474822,3.733394635555709,1.6999999999999456,1
8,74,500,120,1500,stranger,1.3811295123237857,3.733394635555709,1.921999999999921,1
8,75,500,120,1500,stranger,1.3418488804931439,3.733394635555709,0.6890000000000004,1
8,76,500,120,1500,stranger,3.2027920713632954,3.733394635555709,0.8190000000000004,1
8,77,500,120,1500,stranger,2.303502907376603,3.733394635555709,1.4119999999999773,1
8,78,500,120,1500,stranger,2.5456661571279158,3.733394635555709,1.1360000000000008,1
8,79,500,120,1500,stranger,0.9833655786029244,3.733394635555709,0.9730000000000005,1
8,80,500,120,1500,stranger,2.2977334414365007,3.733394635555709,1.3439999999999848,1
8,81,500,120,1500,stranger,1.72869481656638,3.733394635555709,1.5429999999999628,1
8,82,500,120,1500,stranger,1.6161171142594979,3.733394635555709,1.2889999999999908,1
8,83,500,120,1500,stranger,1.895341813270314,3.733394635555709,1.0410000000000006,1
8,84,500,120,1500,stranger,2.1642884282840136,3.733394635555709,0.6420000000000003,1
8,85,500,120,1500,stranger,1.9288498862625203,3.733394635555709,1.994999999999913,1
8,86,500,120,1500,stranger,3.3080420093221172,3.733394635555709,0.9070000000000005,1
8,87,500,120,1500,stranger,1.5687393113948862,3.733394635555709,0.9050000000000005,1
8,88,500,120,1500,stranger,2.859989366811219,3.733394635555709,0.7130000000000003,1
8,89,500,120,1500,stranger,1.3028855323329622,3.733394635555709,1.922999999999921,1
8,90,500,120,1500,stranger,2.3571374231799096,3.733394635555709,0.9420000000000006,1
8,91,500,120,1500,stranger,1.0608693702403627,3.733394635555709,0.7020000000000004,1
8,92,500,120,1500,stranger,2.828364658520063,3.733394635555709,0.9450000000000005,1
8,93,500,120,1500,stranger,3.296236204788384,3.733394635555709,0.5440000000000003,1
8,94,500,120,1500,stranger,2.218029342626844,3.733394635555709,0.8180000000000005,1
8,95,500,120,1500,stranger,2.580426306892842,3.733394635555709,0.9310000000000005,1
8,96,500,120,1500,stranger,1.4331800583995182,3.733394635555709,1.3749999999999813,1
8,97,500,120,1500,stranger,2.8475226833814373,3.733394635555709,0.9090000000000005,1
8,98,500,120,1500,stranger,2.2609899569450187,3.733394635555709,0.7900000000000005,1
8,99,500,120,1500,stranger,2.832490199590132,3.733394635555709,0.7050000000000003,1
8,100,500,120,1500,stranger,1.0315990542584792,3.733394635555709,1.213999999999999,1
8,101,500,120,1500,stranger,2.920846113302262,3.733394635555709,1.250999999999995,1
8,102,500,120,1500,stranger,3.053635307027413,3.733394635555709,0.5670000000000003,1
8,103,500,120,1500,stranger,1.0683246532947983,3.733394635555709,0.9550000000000005,1
8,104,500,120,1500,stranger,2.3512047282809903,3.733394635555709,1.3159999999999878,1
8,105,500,120,1500,stranger,1.2644174646691428,3.733394635555709,1.1600000000000008,1
8,106,500,120,1500,stranger,2.256216542627959,3.733394635555709,0.43700000000000017,1
8,107,500,120,1500,stranger,1.06781313048802,3.733394635555709,1.5339999999999638,1
8,108,500,120,1500,stranger,3.4332238749462656,3.733394635555709,0.4770000000000002,1
8,109,500,120,1500,stranger,3.1512486660229806,3.733394635555709,1.1600000000000008,1
8,110,500,120,1500,stranger,1.1939357366824077,3.733394635555709,0.8100000000000005,1
8,111,500,120,1500,stranger,2.387398057065525,3.733394635555709,0.7990000000000004,1
8,112,500,120,1500,stranger,4.051924073919433,3.733394635555709,0.5860000000000003,1
8,113,500,120,1500,stranger,2.4494940214506427,3.733394635555709,1.3809999999999807,1
8,114,500,120,1500,stranger,4.033307653685813,3.733394635555709,0.6950000000000004,1
8,115,500,120,1500,stranger,2.8244743907750474,3.733394635555709,0.6320000000000003,1
8,116,500,120,1500,stranger,2.431493008180846,3.733394635555709,0.8770000000000004,1
8,117,500,120,1500,stranger,1.733146043431787,3.733394635555709,1.0080000000000007,1
8,118,500,120,1500,stranger,1.782525165274676,3.733394635555709,1.3759999999999812,1
8,119,500,120,1500,stranger,2.9538446279047976,3.733394635555709,1.395999999999979,1
8,120,500,120,1500,stranger,0.9290581996460593,3.733394635555709,0.9970000000000006,1
8,121,500,120,1500,stranger,3.970179623320086,3.733394635555709,0.3900000000000001,1
8,122,500,120,1500,stranger,1.7595760376326137,3.733394635555709,0.9560000000000006,1
8,123,500,120,1500,stranger,3.180474417277245,3.733394635555709,0.6320000000000003,1
8,124,500,120,1500,stranger,2.057523737221424,3.733394635555709,0.8780000000000006,1
8,125,500,120,1500,stranger,1.4752074920542029,3.733394635555709,1.3029999999999893,1
8,126,500,120,1500,stranger,2.269823949629545,3.733394635555709,1.2479999999999953,1
8,127,500,120,1500,stranger,1.0339959953329114,3.733394635555709,1.2989999999999897,1
8,128,500,120,1500,stranger,1.8583943163479062,3.733394635555709,0.5820000000000003,1
8,129,500,120,1500,stranger,2.9401463337356692,3.733394635555709,1.278999999999992,1
8,130,500,120,1500,stranger,1.5678874169941088,3.733394635555709,0.9510000000000005,1
8,1,500,120,1500,self,7.453313001636588,3.733394635555709,0.5050000000000002,1
8,2,500,120,1500,self,6.954884028646803,3.733394635555709,0.3790000000000001,1
8,3,500,120,1500,self,6.770660275356342,3.733394635555709,0.4820000000000002,1
8,4,500,120,1500,self,8.409474153912122,3.733394635555709,0.3470000000000001,1
8,5,500,120,1500,self,7.91005922620391,3.733394635555709,0.4900000000000002,1
8,6,500,120,1500,self,6.860881887624187,3.733394635555709,0.4900000000000002,1
8,7,500,120,1500,self,7.333059583060739,3.733394635555709,0.43700000000000017,1
8,8,500,120,1500,self,7.406195172487817,3.733394635555709,0.5340000000000003,1
8,9,500,120,1500,self,6.543098826927027,3.733394635555709,0.41100000000000014,1
8,10,500,120,1500,self,7.6761392626201514,3.733394635555709,0.5700000000000003,1
8,11,500,120,1500,self,6.482747182733252,3.733394635555709,0.5130000000000002,1
8,12,500,120,1500,self,8.427899263480441,3.733394635555709,0.44000000000000017,1
8,13,500,120,1500,self,6.721356051283946,3.733394635555709,0.5070000000000002,1
8,14,500,120,1500,self,6.4357218571851345,3.733394635555709,0.5760000000000003,1
8,15,500,120,1500,self,6.446247344692883,3.733394635555709,0.5770000000000003,1
8,16,500,120,1500,self,7.693239049878624,3.733394635555709,0.3440000000000001,1
8,17,500,120,1500,self,5.780934179213805,3.733394635555709,0.5110000000000002,1
8,18,500,120,1500,self,7.288693082746641,3.733394635555709,0.5070000000000002,1
8,19,500,120,1500,self,7.387690589161669,3.733394635555709,0.3920000000000001,1
8,20,500,120,1500,self,6.238546264013746,3.733394635555709,0.4820000000000002,1
8,21,500,120,1500,self,8.2340320568438,3.733394635555709,0.5320000000000003,1
8,22,500,120,1500,self,8.490610263362898,3.733394635555709,0.3530000000000001,1
8,23,500,120,1500,self,6.7595165928889,3.733394635555709,0.4550000000000002,1
8,24,500,120,1500,self,9.039847907283574,3.733394635555709,0.41500000000000015,1
8,25,500,120,1500,self,6.658717893069998,3.733394635555709,0.4800000000000002,1
8,26,500,120,1500,self,7.671634280202535,3.733394635555709,0.3450000000000001,1
8,27,500,120,1500,self,7.487343525241542,3.733394635555709,0.33000000000000007,1
8,28,500,120,1500,self,7.023700434884628,3.733394635555709,0.40600000000000014,1
8,29,500,120,1500,self,9.439456616769887,3.733394635555709,0.39400000000000013,1
8,30,500,120,1500,self,6.849717635488176,3.733394635555709,0.41400000000000015,1
8,31,500,120,1500,self,6.8099695587121944,3.733394635555709,0.4920000000000002,1
8,32,500,120,1500,self,8.246543482906304,3.733394635555709,0.42100000000000015,1
8,33,500,120,1500,self,8.374844858811302,3.733394635555709,0.4760000000000002,1
8,34,500,120,1500,self,9.028587202390028,3.733394635555709,0.4870000000000002,1
8,35,500,120,1500,self,8.175670576465052,3.733394635555709,0.4960000000000002,1
8,36,500,120,1500,self,8.05982154439605,3.733394635555709,0.42000000000000015,1
8,37,500,120,1500,self,7.119060645297962,3.733394635555709,0.5850000000000003,1
8,38,500,120,1500,self,7.851423982747585,3.733394635555709,0.3510000000000001,1
8,39,500,120,1500,self,6.3031401438246,3.733394635555709,0.4810000000000002,1
8,40,500,120,1500,self,6.727066276130897,3.733394635555709,0.42400000000000015,1
8,41,500,120,1500,self,6.866679069819943,3.733394635555709,0.43000000000000016,1
8,42,500,120,1500,self,5.205475909733908,3.733394635555709,0.5120000000000002,1
8,43,500,120,1500,self,8.35392726697375,3.733394635555709,0.4850000000000002,1
8,44,500,120,1500,self,8.710787745871887,3.733394635555709,0.4600000000000002,1
8,45,500,120,1500,self,7.109819750890995,3.733394635555709,0.4540000000000002,1
8,46,500,120,1500,self,7.552231613294182,3.733394635555709,0.5730000000000003,1
8,47,500,120,1500,self,8.436413453203572,3.733394635555709,0.3630000000000001,1
8,48,500,120,1500,self,7.688255962957252,3.733394635555709,0.4550000000000002,1
8,49,500,120,1500,self,9.046735974683589,3.733394635555709,0.3810000000000001,1
8,50,500,120,1500,self,7.675143091940103,3.733394635555709,0.3470000000000001,1
8,51,500,120,1500,self,6.958455541816574,3.733394635555709,0.4690000000000002,1
8,52,500,120,1500,self,6.706921781286621,3.733394635555709,0.5100000000000002,1
8,53,500,120,1500,self,8.18792605433866,3.733394635555709,0.40700000000000014,1
8,54,500,120,1500,self,6.298957552640115,3.733394635555709,0.4500000000000002,1
8,55,500,120,1500,self,7.901580104604074,3.733394635555709,0.3780000000000001,1
8,56,500,120,1500,self,7.639329477023451,3.733394635555709,0.5290000000000002,1
8,57,500,120,1500,self,6.8070003006598006,3.733394635555709,0.4840000000000002,1
8,58,500,120,1500,self,7.426985363956915,3.733394635555709,0.4990000000000002,1
8,59,500,120,1500,self,6.442200357831722,3.733394635555709,0.3930000000000001,1
8,60,500,120,1500,self,8.019374650274056,3.733394635555709,0.4930000000000002,1
8,61,500,120,1500,self,8.02867447759671,3.733394635555709,0.3320000000000001,1
8,62,500,120,1500,self,8.777893952072171,3.733394635555709,0.4700000000000002,1
8,63,500,120,1500,self,9.473433026665681,3.733394635555709,0.41500000000000015,1
8,64,500,120,1500,self,7.779959791452059,3.733394635555709,0.4810000000000002,1
8,65,500,120,1500,self,7.418009879929314,3.733394635555709,0.4900000000000002,1
8,66,500,120,1500,self,7.022928440390373,3.733394635555709,0.4570000000000002,1
8,67,500,120,1500,self,7.003347486039463,3.733394635555709,0.5250000000000002,1
8,68,500,120,1500,self,8.01134466747398,3.733394635555709,0.3790000000000001,1
8,69,500,120,1500,self,6.734285458483578,3.733394635555709,0.6610000000000004,1
8,70,500,120,1500,self,6.398749847508963,3.733394635555709,0.40100000000000013,1
8,71,500,120,1500,self,6.779828382962477,3.733394635555709,0.4560000000000002,1
8,72,500,120,1500,self,9.730201673861071,3.733394635555709,0.41100000000000014,1
8,73,500,120,1500,self,7.262028568888441,3.733394635555709,0.42000000000000015,1
8,74,500,120,1500,self,7.412071403871802,3.733394635555709,0.5080000000000002,1
8,75,500,120,1500,self,8.190047274623238,3.733394635555709,0.3460000000000001,1
8,76,500,120,1500,self,6.201732491121447,3.733394635555709,0.5110000000000002,1
8,77,500,120,1500,self,5.504012577486671,3.733394635555709,0.4530000000000002,1
8,78,500,120,1500,self,4.536027905920599,3.733394635555709,0.6590000000000004,1
8,79,500,120,1500,self,9.157330388666399,3.733394635555709,0.44300000000000017,1
8,80,500,120,1500,self,6.8139489070377515,3.733394635555709,0.44000000000000017,1
8,81,500,120,1500,self,8.779080336211834,3.733394635555709,0.3680000000000001,1
8,82,500,120,1500,self,6.727843626733104,3.733394635555709,0.40500000000000014,1
8,83,500,120,1500,self,7.3773097020917735,3.733394635555709,0.4630000000000002,1
8,84,500,120,1500,self,8.372018533949412,3.733394635555709,0.40100000000000013,1
8,85,500,120,1500,self,6.959817543358753,3.733394635555709,0.43100000000000016,1
8,86,500,120,1500,self,6.97333751633138,3.733394635555709,0.6280000000000003,1
8,87,500,120,1500,self,6.514212891012057,3.733394635555709,0.3710000000000001,1
8,88,500,120,1500,self,7.24309357144942,3.733394635555709,0.3920000000000001,1
8,89,500,120,1500,self,6.4180352705079216,3.733394635555709,0.6640000000000004,1
8,90,500,120,1500,self,6.25189662146348,3.733394635555709,0.3610000000000001,1
8,91,500,120,1500,self,6.358434736695244,3.733394635555709,0.4480000000000002,1
8,92,500,120,1500,self,7.263008306209398,3.733394635555709,0.39800000000000013,1
8,93,500,120,1500,self,6.345279834075566,3.733394635555709,0.42300000000000015,1
8,94,500,120,1500,self,6.633078693752921,3.733394635555709,0.5000000000000002,1
8,95,500,120,1500,self,7.974727674372612,3.733394635555709,0.4710000000000002,1
8,96,500,120,1500,self,7.402611806976267,3.733394635555709,0.4450000000000002,1
8,97,500,120,1500,self,7.250589252174238,3.733394635555709,0.42100000000000015,1
8,98,500,120,1500,self,7.635151177983692,3.733394635555709,0.4820000000000002,1
8,99,500,120,1500,self,8.203083453476665,3.733394635555709,0.3930000000000001,1
8,100,500,120,1500,self,7.421669892197405,3.733394635555709,0.42100000000000015,1
8,101,500,120,1500,self,8.007390857023456,3.733394635555709,0.4720000000000002,1
8,102,500,120,1500,self,7.264030411291723,3.733394635555709,0.4750000000000002,1
8,103,500,120,1500,self,6.673829304751738,3.733394635555709,0.4610000000000002,1
8,104,500,120,1500,self,9.505212250869098,3.733394635555709,0.40900000000000014,1
8,105,500,120,1500,self,8.017226422564992,3.733394635555709,0.41300000000000014,1
8,106,500,120,1500,self,7.811520196769837,3.733394635555709,0.3530000000000001,1
8,107,500,120,1500,self,6.913073783015597,3.733394635555709,0.3620000000000001,1
8,108,500,120,1500,self,5.837938544555052,3.733394635555709,0.5700000000000003,1
8,109,500,120,1500,self,6.9512186327101375,3.733394635555709,0.4810000000000002,1
8,110,500,120,1500,self,6.8600978617319806,3.733394635555709,0.5460000000000003,1
8,111,500,120,1500,self,8.048791271107575,3.733394635555709,0.4670000000000002,1
8,112,500,120,1500,self,8.125142411892728,3.733394635555709,0.43100000000000016,1
8,113,500,120,1500,self,6.900901591177566,3.733394635555709,0.43300000000000016,1
8,114,500,120,1500,self,7.81684394303947,3.733394635555709,0.4690000000000002,1
8,115,500,120,1500,self,6.217935698000468,3.733394635555709,0.5200000000000002,1
8,116,500,120,1500,self,5.8200369760115835,3.733394635555709,0.4780000000000002,1
8,117,500,120,1500,self,7.9550543129822,3.733394635555709,0.5150000000000002,1
8,118,500,120,1500,self,4.7582858231305165,3.733394635555709,0.5490000000000003,1
8,119,500,120,1500,self,7.156877848944174,3.733394635555709,0.4840000000000002,1
8,120,500,120,1500,self,5.811568851760243,3.733394635555709,0.4980000000000002,1
8,121,500,120,1500,self,9.140700577729065,3.733394635555709,0.42700000000000016,1
8,122,500,120,1500,self,7.4150370789234294,3.733394635555709,0.3750000000000001,1
8,123,500,120,1500,self,9.392772235234125,3.733394635555709,0.4890000000000002,1
8,124,500,120,1500,self,6.9116363935332,3.733394635555709,0.5960000000000003,1
8,125,500,120,1500,self,8.915532600495714,3.733394635555709,0.3840000000000001,1
8,126,500,120,1500,self,6.37980421283146,3.733394635555709,0.40000000000000013,1
8,127,500,120,1500,self,6.210045958111911,3.733394635555709,0.5280000000000002,1
8,128,500,120,1500,self,7.225615738489919,3.733394635555709,0.6090000000000003,1
8,129,500,120,1500,self,8.032187099711138,3.733394635555709,0.5540000000000003,1
8,130,500,120,1500,self,6.349856663728621,3.733394635555709,0.5540000000000003,1
