subjectID,trialID,T,P,W,Label,v,a,RT,response
1,1,30,120,800,stranger,-1.5573898123222487,3.2851447267712985,0.6620000000000004,2
1,2,30,120,800,stranger,0.6332502259197897,3.2851447267712985,0.6420000000000003,1
1,3,30,120,800,stranger,2.012248722487837,3.2851447267712985,0.7820000000000005,1
1,4,30,120,800,stranger,-1.7109962906412308,3.2851447267712985,0.5840000000000003,2
1,5,30,120,800,stranger,1.6552918359616355,3.2851447267712985,0.5980000000000003,1
1,6,30,120,800,stranger,2.012952302034361,3.2851447267712985,0.4520000000000002,1
1,7,30,120,800,stranger,2.3053401087704843,3.2851447267712985,0.8280000000000005,1
1,8,30,120,800,stranger,0.5923120887081598,3.2851447267712985,0.5750000000000003,1
1,9,30,120,800,stranger,0.9711232190058441,3.2851447267712985,0.5950000000000003,1
1,10,30,120,800,stranger,2.1504538550902015,3.2851447267712985,0.6230000000000003,1
1,11,30,120,800,stranger,-0.1699378828075747,3.2851447267712985,0.4730000000000002,1
1,12,30,120,800,stranger,1.100052870163542,3.2851447267712985,0.7080000000000004,1
1,13,30,120,800,stranger,1.959765519463864,3.2851447267712985,0.6170000000000003,1
1,14,30,120,800,stranger,0.02427282690044319,3.2851447267712985,0.7690000000000003,2
1,15,30,120,800,stranger,2.420932381556037,3.2851447267712985,0.7950000000000004,1
1,16,30,120,800,stranger,0.7093779827049891,3.2851447267712985,0.5690000000000003,1
1,17,30,120,800,stranger,1.563009537031887,3.2851447267712985,0.7430000000000003,1
1,18,30,120,800,stranger,1.2302202934352051,3.2851447267712985,0.6510000000000004,1
1,19,30,120,800,stranger,-0.2247811639539885,3.2851447267712985,0.8270000000000004,2
1,20,30,120,800,stranger,2.587089157872455,3.2851447267712985,0.5540000000000003,1
1,21,30,120,800,stranger,1.487465982655292,3.2851447267712985,0.7230000000000003,1
1,22,30,120,800,stranger,0.7730325158153146,3.2851447267712985,0.6180000000000003,1
1,23,30,120,800,stranger,2.984509577275805,3.2851447267712985,0.7940000000000005,1
1,24,30,120,800,stranger,2.3817686909744737,3.2851447267712985,0.8210000000000004,1
1,25,30,120,800,stranger,0.757856511214546,3.2851447267712985,0.7390000000000003,1
1,26,30,120,800,stranger,2.2239026511360556,3.2851447267712985,0.5170000000000002,1
1,27,30,120,800,stranger,0.008218799675752786,3.2851447267712985,0.7720000000000005,2
1,28,30,120,800,stranger,0.5205829029733858,3.2851447267712985,0.5620000000000003,1
1,29,30,120,800,stranger,2.6289159740966026,3.2851447267712985,0.6730000000000004,1
1,30,30,120,800,stranger,2.5183128470900082,3.2851447267712985,0.7790000000000004,1
1,31,30,120,800,stranger,1.6628514007953639,3.2851447267712985,0.8170000000000004,1
1,32,30,120,800,stranger,0.4489181849665218,3.2851447267712985,0.7030000000000003,1
1,33,30,120,800,stranger,-0.025530834542297542,3.2851447267712985,0.7590000000000003,2
1,34,30,120,800,stranger,-1.0471819013640413,3.2851447267712985,0.7690000000000003,2
1,35,30,120,800,stranger,1.6551733224779204,3.2851447267712985,0.5710000000000003,1
1,36,30,120,800,stranger,2.1831732389550624,3.2851447267712985,0.7480000000000004,1
1,37,30,120,800,stranger,1.699476500773593,3.2851447267712985,0.6200000000000003,1
1,38,30,120,800,stranger,1.3496857539344578,3.2851447267712985,0.8000000000000005,1
1,39,30,120,800,stranger,1.735421315700179,3.2851447267712985,0.6660000000000004,1
1,40,30,120,800,stranger,2.970000045203705,3.2851447267712985,0.4950000000000002,1
1,41,30,120,800,stranger,2.5773553155682833,3.2851447267712985,0.5890000000000003,1
1,42,30,120,800,stranger,2.7419047440860993,3.2851447267712985,0.7150000000000003,1
1,43,30,120,800,stranger,1.2598700234084177,3.2851447267712985,0.42100000000000015,1
1,44,30,120,800,stranger,0.9239434462505822,3.2851447267712985,0.7680000000000005,1
1,45,30,120,800,stranger,-1.911278612173351,3.2851447267712985,0.6780000000000004,2
1,46,30,120,800,stranger,0.6417955720638217,3.2851447267712985,0.7490000000000003,2
1,47,30,120,800,stranger,0.034518581908737245,3.2851447267712985,0.6440000000000003,1
1,48,30,120,800,stranger,1.8044364278596703,3.2851447267712985,0.8060000000000005,1
1,49,30,120,800,stranger,1.523777548798579,3.2851447267712985,0.7370000000000003,1
1,50,30,120,800,stranger,1.5278968698427315,3.2851447267712985,0.5320000000000003,1
1,51,30,120,800,stranger,1.6604164207591614,3.2851447267712985,0.6880000000000004,1
1,52,30,120,800,stranger,1.5561990260947955,3.2851447267712985,0.7730000000000004,1
1,53,30,120,800,stranger,0.9057185531872705,3.2851447267712985,0.6130000000000003,2
1,54,30,120,800,stranger,1.0029586850958396,3.2851447267712985,0.8260000000000005,1
1,55,30,120,800,stranger,2.2530254386387463,3.2851447267712985,0.7140000000000004,1
1,56,30,120,800,stranger,-1.4778321303834212,3.2851447267712985,0.7580000000000005,2
1,57,30,120,800,stranger,1.7995907188805318,3.2851447267712985,0.8110000000000004,1
1,58,30,120,800,stranger,1.4760408851808584,3.2851447267712985,0.7120000000000004,1
1,59,30,120,800,stranger,-0.7642042041862142,3.2851447267712985,0.7080000000000004,2
1,60,30,120,800,stranger,2.826884103232727,3.2851447267712985,0.6230000000000003,1
1,61,30,120,800,stranger,-1.2409424027804765,3.2851447267712985,0.5670000000000003,2
1,62,30,120,800,stranger,-1.325760656889968,3.2851447267712985,0.6920000000000004,2
1,63,30,120,800,stranger,0.10437696438095784,3.2851447267712985,0.7530000000000003,1
1,64,30,120,800,stranger,2.8448655120884294,3.2851447267712985,0.4570000000000002,1
1,65,30,120,800,stranger,-0.9704713872396477,3.2851447267712985,0.7870000000000004,2
1,66,30,120,800,stranger,3.472462615328956,3.2851447267712985,0.8280000000000005,1
1,67,30,120,800,stranger,2.9663539606586697,3.2851447267712985,0.6250000000000003,1
1,68,30,120,800,stranger,-2.023533358563105,3.2851447267712985,0.7740000000000005,2
1,69,30,120,800,stranger,1.3966565896106022,3.2851447267712985,0.8110000000000004,1
1,70,30,120,800,stranger,1.8358516177721427,3.2851447267712985,0.6040000000000003,1
1,71,30,120,800,stranger,1.011427425723317,3.2851447267712985,0.7960000000000005,1
1,72,30,120,800,stranger,1.8555345486145582,3.2851447267712985,0.4870000000000002,1
1,73,30,120,800,stranger,0.8772934752487911,3.2851447267712985,0.7620000000000005,1
1,74,30,120,800,stranger,0.8968395188003389,3.2851447267712985,0.4560000000000002,1
1,75,30,120,800,stranger,0.6872196790477348,3.2851447267712985,0.7110000000000003,1
1,76,30,120,800,stranger,-0.2029265178486357,3.2851447267712985,0.7750000000000004,1
1,77,30,120,800,stranger,1.7529653876514497,3.2851447267712985,0.7420000000000004,1
1,78,30,120,800,stranger,1.283242579902009,3.2851447267712985,0.6660000000000004,1
1,79,30,120,800,stranger,2.6701726015211102,3.2851447267712985,0.6010000000000003,1
1,80,30,120,800,stranger,1.2785372108679895,3.2851447267712985,0.5720000000000003,1
1,81,30,120,800,stranger,1.4412394677171432,3.2851447267712985,0.8140000000000005,1
1,82,30,120,800,stranger,0.8998610956914934,3.2851447267712985,0.5200000000000002,1
1,83,30,120,800,stranger,-0.6030397710465231,3.2851447267712985,0.6240000000000003,2
1,84,30,120,800,stranger,0.6132160934223998,3.2851447267712985,0.8170000000000004,1
1,85,30,120,800,stranger,1.1117339923123881,3.2851447267712985,0.6830000000000004,1
1,86,30,120,800,stranger,1.1335617165672958,3.2851447267712985,0.8040000000000005,1
1,87,30,120,800,stranger,0.7369395477926163,3.2851447267712985,0.8130000000000004,1
1,88,30,120,800,stranger,2.1434123161216654,3.2851447267712985,0.7710000000000004,1
1,89,30,120,800,stranger,1.9002643455355561,3.2851447267712985,0.7680000000000005,1
1,90,30,120,800,stranger,1.2638910260599494,3.2851447267712985,0.8090000000000004,1
1,91,30,120,800,stranger,2.8985956953649343,3.2851447267712985,0.7390000000000003,1
1,92,30,120,800,stranger,2.1845073942581195,3.2851447267712985,0.7940000000000005,1
1,93,30,120,800,stranger,-2.0602961621556006,3.2851447267712985,0.7830000000000004,2
1,94,30,120,800,stranger,2.0223011480347384,3.2851447267712985,0.7330000000000003,1
1,95,30,120,800,stranger,0.718623115864542,3.2851447267712985,0.6140000000000003,1
1,96,30,120,800,stranger,1.5592343759833427,3.2851447267712985,0.6960000000000004,1
1,97,30,120,800,stranger,-1.0635409190090517,3.2851447267712985,0.6780000000000004,2
1,98,30,120,800,stranger,1.8436249670567766,3.2851447267712985,0.7800000000000005,1
1,99,30,120,800,stranger,0.9968080329972133,3.2851447267712985,0.5100000000000002,1
1,100,30,120,800,stranger,0.9884761687247361,3.2851447267712985,0.6750000000000004,1
1,101,30,120,800,stranger,2.066191852899412,3.2851447267712985,0.7260000000000004,1
1,102,30,120,800,stranger,1.8519158136409448,3.2851447267712985,0.5040000000000002,1
1,103,30,120,800,stranger,-1.1628464957333997,3.2851447267712985,0.8000000000000005,2
1,104,30,120,800,stranger,1.8986652208046828,3.2851447267712985,0.7120000000000004,1
1,105,30,120,800,stranger,1.8169118236156154,3.2851447267712985,0.7060000000000004,1
1,106,30,120,800,stranger,0.5037567077002308,3.2851447267712985,0.6990000000000004,1
1,107,30,120,800,stranger,0.6214589950433324,3.2851447267712985,0.5850000000000003,1
1,108,30,120,800,stranger,0.2946942692915716,3.2851447267712985,0.6610000000000004,1
1,109,30,120,800,stranger,-0.38070564151340625,3.2851447267712985,0.8280000000000005,2
1,110,30,120,800,stranger,0.14969054798998244,3.2851447267712985,0.5160000000000002,1
1,111,30,120,800,stranger,0.058071111813757015,3.2851447267712985,0.4980000000000002,2
1,112,30,120,800,stranger,2.359941581155733,3.2851447267712985,0.5610000000000003,1
1,113,30,120,800,stranger,1.754784786521709,3.2851447267712985,0.4650000000000002,1
1,114,30,120,800,stranger,0.10245655470467357,3.2851447267712985,0.6510000000000004,2
1,115,30,120,800,stranger,-0.2272389923860192,3.2851447267712985,0.8070000000000004,2
1,116,30,120,800,stranger,1.2943842345947894,3.2851447267712985,0.4640000000000002,2
1,117,30,120,800,stranger,0.6889613531538041,3.2851447267712985,0.42900000000000016,1
1,118,30,120,800,stranger,2.3492986715104873,3.2851447267712985,0.7400000000000004,1
1,119,30,120,800,stranger,1.8760829440016225,3.2851447267712985,0.6670000000000004,1
1,120,30,120,800,stranger,-0.35031234914408416,3.2851447267712985,0.8180000000000005,1
1,121,30,120,800,stranger,-1.3528912835699,3.2851447267712985,0.8030000000000004,2
1,122,30,120,800,stranger,0.8898150660006908,3.2851447267712985,0.7170000000000003,1
1,123,30,120,800,stranger,1.4142904646933299,3.2851447267712985,0.7520000000000004,1
1,124,30,120,800,stranger,0.16277957751359035,3.2851447267712985,0.7640000000000005,1
1,125,30,120,800,stranger,1.653422971214432,3.2851447267712985,0.8280000000000005,1
1,126,30,120,800,stranger,1.9867845749828503,3.2851447267712985,0.5610000000000003,1
1,127,30,120,800,stranger,2.618343989640987,3.2851447267712985,0.7770000000000004,1
1,128,30,120,800,stranger,-1.568408761491607,3.2851447267712985,0.7430000000000003,2
1,129,30,120,800,stranger,1.5490788536591436,3.2851447267712985,0.7140000000000004,1
1,130,30,120,800,stranger,-0.24396004961001694,3.2851447267712985,0.7460000000000004,1
1,1,30,120,800,self,1.6797949526991762,3.2851447267712985,0.5910000000000003,1
1,2,30,120,800,self,1.3160021408993026,3.2851447267712985,0.7830000000000004,1
1,3,30,120,800,self,2.53042767783949,3.2851447267712985,0.7230000000000003,1
1,4,30,120,800,self,2.3134891468828926,3.2851447267712985,0.6790000000000004,1
1,5,30,120,800,self,2.3573878150482015,3.2851447267712985,0.6000000000000003,1
1,6,30,120,800,self,1.7620684287072983,3.2851447267712985,0.6270000000000003,1
1,7,30,120,800,self,3.043816141081659,3.2851447267712985,0.6480000000000004,1
1,8,30,120,800,self,4.0053277063476775,3.2851447267712985,0.4790000000000002,1
1,9,30,120,800,self,2.0788795861892315,3.2851447267712985,0.5480000000000003,1
1,10,30,120,800,self,4.552434552585385,3.2851447267712985,0.6490000000000004,1
1,11,30,120,800,self,3.0060004080127807,3.2851447267712985,0.5330000000000003,1
1,12,30,120,800,self,3.4232916928447175,3.2851447267712985,0.7940000000000005,1
1,13,30,120,800,self,1.93562894608753,3.2851447267712985,0.5590000000000003,1
1,14,30,120,800,self,3.400121082687936,3.2851447267712985,0.4940000000000002,1
1,15,30,120,800,self,2.5055579477335534,3.2851447267712985,0.7490000000000003,1
1,16,30,120,800,self,1.5955644160761562,3.2851447267712985,0.7760000000000005,1
1,17,30,120,800,self,3.329555463120241,3.2851447267712985,0.5910000000000003,1
1,18,30,120,800,self,2.4637274459773093,3.2851447267712985,0.7530000000000003,1
1,19,30,120,800,self,2.0959860003689914,3.2851447267712985,0.7300000000000004,1
1,20,30,120,800,self,3.224374761176408,3.2851447267712985,0.6630000000000004,1
1,21,30,120,800,self,2.375591273716935,3.2851447267712985,0.8140000000000005,1
1,22,30,120,800,self,3.590561038502761,3.2851447267712985,0.7490000000000003,1
1,23,30,120,800,self,4.142502525609622,3.2851447267712985,0.5190000000000002,1
1,24,30,120,800,self,1.5699255800500826,3.2851447267712985,0.6760000000000004,1
1,25,30,120,800,self,4.967569030315941,3.2851447267712985,0.3610000000000001,1
1,26,30,120,800,self,1.4887795346457553,3.2851447267712985,0.7840000000000005,1
1,27,30,120,800,self,3.922487417006347,3.2851447267712985,0.4570000000000002,1
1,28,30,120,800,self,2.503583118811991,3.2851447267712985,0.5480000000000003,1
1,29,30,120,800,self,3.0668145676478575,3.2851447267712985,0.5070000000000002,1
1,30,30,120,800,self,3.6595525693201596,3.2851447267712985,0.5640000000000003,1
1,31,30,120,800,self,3.406615148587628,3.2851447267712985,0.6030000000000003,1
1,32,30,120,800,self,0.9344235078180956,3.2851447267712985,0.5390000000000003,1
1,33,30,120,800,self,2.107092382265928,3.2851447267712985,0.6710000000000004,1
1,34,30,120,800,self,3.3731788183336704,3.2851447267712985,0.7100000000000004,1
1,35,30,120,800,self,2.852653048785492,3.2851447267712985,0.42700000000000016,1
1,36,30,120,800,self,3.6187571665449667,3.2851447267712985,0.6500000000000004,1
1,37,30,120,800,self,1.2101884948801456,3.2851447267712985,0.6320000000000003,1
1,38,30,120,800,self,2.973960333212359,3.2851447267712985,0.5980000000000003,1
1,39,30,120,800,self,4.0120152496029275,3.2851447267712985,0.5150000000000002,1
1,40,30,120,800,self,2.459418838830692,3.2851447267712985,0.6580000000000004,1
1,41,30,120,800,self,3.612449230069539,3.2851447267712985,0.5260000000000002,1
1,42,30,120,800,self,3.371579621668134,3.2851447267712985,0.6870000000000004,1
1,43,30,120,800,self,2.8974133428559155,3.2851447267712985,0.8000000000000005,1
1,44,30,120,800,self,3.4918190424360844,3.2851447267712985,0.6960000000000004,1
1,45,30,120,800,self,1.9819410691399946,3.2851447267712985,0.5200000000000002,1
1,46,30,120,800,self,5.13258886816795,3.2851447267712985,0.4470000000000002,1
1,47,30,120,800,self,1.7262896722824488,3.2851447267712985,0.7730000000000004,1
1,48,30,120,800,self,3.9105632565828667,3.2851447267712985,0.42900000000000016,1
1,49,30,120,800,self,2.7140615652549194,3.2851447267712985,0.5240000000000002,1
1,50,30,120,800,self,3.216784354389806,3.2851447267712985,0.6000000000000003,1
1,51,30,120,800,self,3.362272716262997,3.2851447267712985,0.6770000000000004,1
1,52,30,120,800,self,2.152124291713117,3.2851447267712985,0.3910000000000001,1
1,53,30,120,800,self,3.0821514248784845,3.2851447267712985,0.6490000000000004,1
1,54,30,120,800,self,4.584973360058486,3.2851447267712985,0.4630000000000002,1
1,55,30,120,800,self,0.7265650864798239,3.2851447267712985,0.7610000000000003,1
1,56,30,120,800,self,3.511144832665101,3.2851447267712985,0.5400000000000003,1
1,57,30,120,800,self,2.2550424475714013,3.2851447267712985,0.6590000000000004,1
1,58,30,120,800,self,1.2943226041806732,3.2851447267712985,0.5620000000000003,1
1,59,30,120,800,self,4.108775574991877,3.2851447267712985,0.43000000000000016,1
1,60,30,120,800,self,2.892394614530288,3.2851447267712985,0.7200000000000004,1
1,61,30,120,800,self,3.496743253178512,3.2851447267712985,0.4910000000000002,1
1,62,30,120,800,self,3.67017087569101,3.2851447267712985,0.7750000000000004,1
1,63,30,120,800,self,1.537765612716404,3.2851447267712985,0.7650000000000003,1
1,64,30,120,800,self,4.963012479525541,3.2851447267712985,0.5250000000000002,1
1,65,30,120,800,self,4.120712053120727,3.2851447267712985,0.7180000000000004,1
1,66,30,120,800,self,2.920426991337925,3.2851447267712985,0.4830000000000002,1
1,67,30,120,800,self,1.686126638930371,3.2851447267712985,0.4620000000000002,1
1,68,30,120,800,self,2.7983765375403653,3.2851447267712985,0.7800000000000005,1
1,69,30,120,800,self,3.367559884367152,3.2851447267712985,0.5950000000000003,1
1,70,30,120,800,self,2.19736501701947,3.2851447267712985,0.6920000000000004,1
1,71,30,120,800,self,3.345159645436552,3.2851447267712985,0.6890000000000004,1
1,72,30,120,800,self,1.5659883244179853,3.2851447267712985,0.6420000000000003,1
1,73,30,120,800,self,2.2346786696023098,3.2851447267712985,0.7710000000000004,1
1,74,30,120,800,self,2.160655973947333,3.2851447267712985,0.5580000000000003,1
1,75,30,120,800,self,2.610327983559514,3.2851447267712985,0.4890000000000002,1
1,76,30,120,800,self,1.4864061339147518,3.2851447267712985,0.6520000000000004,1
1,77,30,120,800,self,2.6694837221751504,3.2851447267712985,0.6620000000000004,1
1,78,30,120,800,self,3.0739427408330977,3.2851447267712985,0.7000000000000004,1
1,79,30,120,800,self,2.4107486228767723,3.2851447267712985,0.7870000000000004,1
1,80,30,120,800,self,4.5060795561772675,3.2851447267712985,0.8220000000000005,1
1,81,30,120,800,self,3.4718369719021287,3.2851447267712985,0.6680000000000004,1
1,82,30,120,800,self,3.571959108878111,3.2851447267712985,0.4880000000000002,1
1,83,30,120,800,self,2.7221143376646473,3.2851447267712985,0.6300000000000003,1
1,84,30,120,800,self,3.766712320055645,3.2851447267712985,0.5000000000000002,1
1,85,30,120,800,self,1.5731277629341145,3.2851447267712985,0.6240000000000003,1
1,86,30,120,800,self,1.2824213925874723,3.2851447267712985,0.7020000000000004,1
1,87,30,120,800,self,1.8252488284731223,3.2851447267712985,0.8080000000000005,1
1,88,30,120,800,self,3.653060113100337,3.2851447267712985,0.5760000000000003,1
1,89,30,120,800,self,2.6485687041849793,3.2851447267712985,0.8270000000000004,1
1,90,30,120,800,self,2.806274859106805,3.2851447267712985,0.4800000000000002,1
1,91,30,120,800,self,2.934267456807076,3.2851447267712985,0.6020000000000003,1
1,92,30,120,800,self,2.8569027892403653,3.2851447267712985,0.6760000000000004,1
1,93,30,120,800,self,2.1543387525446382,3.2851447267712985,0.7510000000000003,1
1,94,30,120,800,self,2.526877561030524,3.2851447267712985,0.7550000000000003,1
1,95,30,120,800,self,1.888356112033458,3.2851447267712985,0.7390000000000003,1
1,96,30,120,800,self,4.9875811251546285,3.2851447267712985,0.6900000000000004,1
1,97,30,120,800,self,2.4950901206946354,3.2851447267712985,0.5660000000000003,1
1,98,30,120,800,self,2.466411225012436,3.2851447267712985,0.7730000000000004,1
1,99,30,120,800,self,2.4366649457761116,3.2851447267712985,0.6940000000000004,1
1,100,30,120,800,self,2.9593215503081773,3.2851447267712985,0.8210000000000004,1
1,101,30,120,800,self,2.7137755071440686,3.2851447267712985,0.8190000000000004,1
1,102,30,120,800,self,2.5233191232126724,3.2851447267712985,0.7540000000000004,1
1,103,30,120,800,self,2.149714716904363,3.2851447267712985,0.7930000000000004,1
1,104,30,120,800,self,3.0059249087998707,3.2851447267712985,0.5460000000000003,1
1,105,30,120,800,self,2.077909779231516,3.2851447267712985,0.5060000000000002,1
1,106,30,120,800,self,2.7739945307040093,3.2851447267712985,0.5240000000000002,1
1,107,30,120,800,self,2.443892810290159,3.2851447267712985,0.6040000000000003,1
1,108,30,120,800,self,2.183154497131039,3.2851447267712985,0.6410000000000003,1
1,109,30,120,800,self,3.903537880709993,3.2851447267712985,0.7770000000000004,1
1,110,30,120,800,self,4.113377352523945,3.2851447267712985,0.5780000000000003,1
1,111,30,120,800,self,3.1244448942637315,3.2851447267712985,0.6360000000000003,1
1,112,30,120,800,self,2.231899919472449,3.2851447267712985,0.5570000000000003,1
1,113,30,120,800,self,3.2025077406550126,3.2851447267712985,0.8240000000000005,1
1,114,30,120,800,self,4.602167817107505,3.2851447267712985,0.5480000000000003,1
1,115,30,120,800,self,2.4439484449294926,3.2851447267712985,0.5640000000000003,1
1,116,30,120,800,self,3.3724644824695083,3.2851447267712985,0.4760000000000002,1
1,117,30,120,800,self,1.9608778510345835,3.2851447267712985,0.7640000000000005,1
1,118,30,120,800,self,2.0866341146007787,3.2851447267712985,0.5990000000000003,1
1,119,30,120,800,self,4.298214122136411,3.2851447267712985,0.5560000000000003,1
1,120,30,120,800,self,3.6467940426062695,3.2851447267712985,0.6930000000000004,1
1,121,30,120,800,self,2.8909863174050776,3.2851447267712985,0.7920000000000005,1
1,122,30,120,800,self,2.2801974757286496,3.2851447267712985,0.7210000000000003,1
1,123,30,120,800,self,3.6599611980934394,3.2851447267712985,0.7570000000000003,1
1,124,30,120,800,self,2.404487911287011,3.2851447267712985,0.8030000000000004,1
1,125,30,120,800,self,2.712131533710624,3.2851447267712985,0.6380000000000003,1
1,126,30,120,800,self,2.0427801835299655,3.2851447267712985,0.6480000000000004,1
1,127,30,120,800,self,3.671799222766377,3.2851447267712985,0.4960000000000002,1
1,128,30,120,800,self,2.309606835178462,3.2851447267712985,0.6150000000000003,1
1,129,30,120,800,self,4.018043144819765,3.2851447267712985,0.6110000000000003,1
1,130,30,120,800,self,4.164323426502882,3.2851447267712985,0.5190000000000002,1
2,1,30,120,800,stranger,1.6764680793932323,2.845864881225687,0.6590000000000004,1
2,2,30,120,800,stranger,-0.9320727033975512,2.845864881225687,0.6140000000000003,2
2,3,30,120,800,stranger,-0.2478726120418523,2.845864881225687,0.8260000000000005,1
2,4,30,120,800,stranger,1.1415018353379964,2.845864881225687,0.7200000000000004,1
2,5,30,120,800,stranger,0.4696512472932621,2.845864881225687,0.41600000000000015,1
2,6,30,120,800,stranger,1.9796770537503274,2.845864881225687,0.7860000000000005,1
2,7,30,120,800,stranger,1.1647427241257626,2.845864881225687,0.7380000000000004,1
2,8,30,120,800,stranger,1.7848505931322456,2.845864881225687,0.8210000000000004,1
2,9,30,120,800,stranger,-1.4785558910072751,2.845864881225687,0.4560000000000002,2
2,10,30,120,800,stranger,0.6911870770548137,2.845864881225687,0.7440000000000004,1
2,11,30,120,800,stranger,1.1718019127045274,2.845864881225687,0.7320000000000004,1
2,12,30,120,800,stranger,-1.2895674999825393,2.845864881225687,0.6630000000000004,2
2,13,30,120,800,stranger,1.066330573126496,2.845864881225687,0.42300000000000015,1
2,14,30,120,800,stranger,3.456436514988483,2.845864881225687,0.5940000000000003,1
2,15,30,120,800,stranger,0.9565134133804101,2.845864881225687,0.6760000000000004,1
2,16,30,120,800,stranger,1.4062063438160113,2.845864881225687,0.6740000000000004,1
2,17,30,120,800,stranger,0.8451330420570486,2.845864881225687,0.8080000000000005,1
2,18,30,120,800,stranger,1.0473740632624633,2.845864881225687,0.5990000000000003,1
2,19,30,120,800,stranger,0.38797781519655855,2.845864881225687,0.6890000000000004,1
2,20,30,120,800,stranger,1.677883222901115,2.845864881225687,0.5350000000000003,1
2,21,30,120,800,stranger,0.4973891758557109,2.845864881225687,0.8160000000000005,1
2,22,30,120,800,stranger,-0.9916303062345843,2.845864881225687,0.6540000000000004,2
2,23,30,120,800,stranger,1.5236926588747925,2.845864881225687,0.5360000000000003,1
2,24,30,120,800,stranger,-0.26733826023026475,2.845864881225687,0.5800000000000003,1
2,25,30,120,800,stranger,2.165369603745891,2.845864881225687,0.4770000000000002,1
2,26,30,120,800,stranger,1.3561053785263386,2.845864881225687,0.5360000000000003,1
2,27,30,120,800,stranger,-0.4278491595969397,2.845864881225687,0.6160000000000003,2
2,28,30,120,800,stranger,2.6816937940731265,2.845864881225687,0.5410000000000003,1
2,29,30,120,800,stranger,0.5829260617150375,2.845864881225687,0.7560000000000004,1
2,30,30,120,800,stranger,-0.6014259471504676,2.845864881225687,0.8010000000000004,2
2,31,30,120,800,stranger,1.2268813728438959,2.845864881225687,0.6000000000000003,1
2,32,30,120,800,stranger,0.8141945473716337,2.845864881225687,0.6370000000000003,2
2,33,30,120,800,stranger,2.0278463181211683,2.845864881225687,0.6870000000000004,1
2,34,30,120,800,stranger,1.224179340393345,2.845864881225687,0.6070000000000003,1
2,35,30,120,800,stranger,0.1896214674643315,2.845864881225687,0.7680000000000005,1
2,36,30,120,800,stranger,0.6105012952183395,2.845864881225687,0.4790000000000002,1
2,37,30,120,800,stranger,1.0285038965398525,2.845864881225687,0.5780000000000003,1
2,38,30,120,800,stranger,2.0912804260949547,2.845864881225687,0.6490000000000004,1
2,39,30,120,800,stranger,1.3849470650882851,2.845864881225687,0.7980000000000005,1
2,40,30,120,800,stranger,2.104801203785867,2.845864881225687,0.7660000000000005,1
2,41,30,120,800,stranger,-0.7646615719844051,2.845864881225687,0.6320000000000003,2
2,42,30,120,800,stranger,3.1194040387065494,2.845864881225687,0.7200000000000004,1
2,43,30,120,800,stranger,0.8952134346590346,2.845864881225687,0.7730000000000004,1
2,44,30,120,800,stranger,1.656567249097828,2.845864881225687,0.4660000000000002,1
2,45,30,120,800,stranger,1.8034810918790845,2.845864881225687,0.6350000000000003,1
2,46,30,120,800,stranger,1.530382399397911,2.845864881225687,0.5980000000000003,1
2,47,30,120,800,stranger,3.0165945816503177,2.845864881225687,0.5270000000000002,1
2,48,30,120,800,stranger,-2.3180336043573218,2.845864881225687,0.6450000000000004,2
2,49,30,120,800,stranger,0.7616969551170637,2.845864881225687,0.6170000000000003,1
2,50,30,120,800,stranger,0.1635883925375637,2.845864881225687,0.7340000000000004,1
2,51,30,120,800,stranger,0.6710564373144203,2.845864881225687,0.7440000000000004,2
2,52,30,120,800,stranger,1.2786660183701044,2.845864881225687,0.4640000000000002,1
2,53,30,120,800,stranger,-0.38819350514895024,2.845864881225687,0.8110000000000004,2
2,54,30,120,800,stranger,1.008861636789808,2.845864881225687,0.7130000000000003,1
2,55,30,120,800,stranger,-1.1631354484284149,2.845864881225687,0.7510000000000003,2
2,56,30,120,800,stranger,-1.8833512679160482,2.845864881225687,0.6520000000000004,2
2,57,30,120,800,stranger,0.46030592776903423,2.845864881225687,0.5410000000000003,1
2,58,30,120,800,stranger,2.037078189301643,2.845864881225687,0.4830000000000002,1
2,59,30,120,800,stranger,0.6920386738852783,2.845864881225687,0.6790000000000004,1
2,60,30,120,800,stranger,2.451578366425681,2.845864881225687,0.5230000000000002,1
2,61,30,120,800,stranger,1.5366234740337765,2.845864881225687,0.6670000000000004,1
2,62,30,120,800,stranger,1.154089339739544,2.845864881225687,0.4930000000000002,1
2,63,30,120,800,stranger,3.3009091968106703,2.845864881225687,0.6320000000000003,1
2,64,30,120,800,stranger,0.9317898881261084,2.845864881225687,0.6360000000000003,1
2,65,30,120,800,stranger,0.3829218295364055,2.845864881225687,0.5580000000000003,1
2,66,30,120,800,stranger,-1.237846949560398,2.845864881225687,0.7900000000000005,2
2,67,30,120,800,stranger,2.551005481229567,2.845864881225687,0.5960000000000003,1
2,68,30,120,800,stranger,-0.4453564912492639,2.845864881225687,0.7870000000000004,2
2,69,30,120,800,stranger,2.4115145795165853,2.845864881225687,0.6460000000000004,1
2,70,30,120,800,stranger,2.3496681411262963,2.845864881225687,0.7090000000000003,1
2,71,30,120,800,stranger,2.1928771672339282,2.845864881225687,0.5600000000000003,1
2,72,30,120,800,stranger,-0.26353299237626815,2.845864881225687,0.5640000000000003,2
2,73,30,120,800,stranger,1.947359519353066,2.845864881225687,0.6130000000000003,1
2,74,30,120,800,stranger,-1.5193090287843982,2.845864881225687,0.4960000000000002,2
2,75,30,120,800,stranger,1.492308195817309,2.845864881225687,0.5770000000000003,1
2,76,30,120,800,stranger,1.1147641012688216,2.845864881225687,0.7590000000000003,1
2,77,30,120,800,stranger,2.0392977917146906,2.845864881225687,0.6770000000000004,1
2,78,30,120,800,stranger,1.983937908860923,2.845864881225687,0.5480000000000003,1
2,79,30,120,800,stranger,1.7720120729766227,2.845864881225687,0.6940000000000004,1
2,80,30,120,800,stranger,1.3477648381599003,2.845864881225687,0.7870000000000004,1
2,81,30,120,800,stranger,2.438820976841609,2.845864881225687,0.7830000000000004,1
2,82,30,120,800,stranger,0.687448281428349,2.845864881225687,0.6870000000000004,2
2,83,30,120,800,stranger,0.35884142170712585,2.845864881225687,0.7930000000000004,2
2,84,30,120,800,stranger,2.6118580054942147,2.845864881225687,0.7070000000000003,1
2,85,30,120,800,stranger,1.0335142231274694,2.845864881225687,0.5060000000000002,1
2,86,30,120,800,stranger,-0.9570172941791802,2.845864881225687,0.6660000000000004,2
2,87,30,120,800,stranger,1.2375789258770529,2.845864881225687,0.6990000000000004,1
2,88,30,120,800,stranger,1.6660756452277097,2.845864881225687,0.7060000000000004,1
2,89,30,120,800,stranger,0.3198294464080517,2.845864881225687,0.7760000000000005,1
2,90,30,120,800,stranger,1.81500446526256,2.845864881225687,0.6370000000000003,1
2,91,30,120,800,stranger,3.0908646786400826,2.845864881225687,0.7580000000000005,1
2,92,30,120,800,stranger,-0.5981913686887225,2.845864881225687,0.7750000000000004,2
2,93,30,120,800,stranger,1.1582790254441884,2.845864881225687,0.7150000000000003,1
2,94,30,120,800,stranger,2.74379103824992,2.845864881225687,0.3130000000000001,1
2,95,30,120,800,stranger,2.273660766330699,2.845864881225687,0.7900000000000005,1
2,96,30,120,800,stranger,2.4150759814223606,2.845864881225687,0.6350000000000003,1
2,97,30,120,800,stranger,0.4389710313030055,2.845864881225687,0.7790000000000004,1
2,98,30,120,800,stranger,-2.837233925331372,2.845864881225687,0.5140000000000002,2
2,99,30,120,800,stranger,2.0147342617894557,2.845864881225687,0.4600000000000002,1
2,100,30,120,800,stranger,0.6584826761312796,2.845864881225687,0.6430000000000003,1
2,101,30,120,800,stranger,1.4954570896086705,2.845864881225687,0.8050000000000004,1
2,102,30,120,800,stranger,1.7976542090525927,2.845864881225687,0.5640000000000003,1
2,103,30,120,800,stranger,-0.3447541761663915,2.845864881225687,0.5760000000000003,2
2,104,30,120,800,stranger,2.350621640493005,2.845864881225687,0.5000000000000002,1
2,105,30,120,800,stranger,1.7754321765137098,2.845864881225687,0.6740000000000004,1
2,106,30,120,800,stranger,1.2508779005895048,2.845864881225687,0.6010000000000003,1
2,107,30,120,800,stranger,0.3058744772381534,2.845864881225687,0.8030000000000004,1
2,108,30,120,800,stranger,3.1632794042293852,2.845864881225687,0.7890000000000004,1
2,109,30,120,800,stranger,0.7533517670383261,2.845864881225687,0.8020000000000005,1
2,110,30,120,800,stranger,1.6702267682500969,2.845864881225687,0.6060000000000003,1
2,111,30,120,800,stranger,2.948315805690106,2.845864881225687,0.42200000000000015,1
2,112,30,120,800,stranger,0.8952388565207124,2.845864881225687,0.5500000000000003,1
2,113,30,120,800,stranger,1.7539954845845278,2.845864881225687,0.6820000000000004,1
2,114,30,120,800,stranger,0.3942698024870285,2.845864881225687,0.8240000000000005,2
2,115,30,120,800,stranger,1.8646542617782385,2.845864881225687,0.5640000000000003,1
2,116,30,120,800,stranger,1.243203776120427,2.845864881225687,0.6180000000000003,1
2,117,30,120,800,stranger,1.9456693544170274,2.845864881225687,0.6130000000000003,1
2,118,30,120,800,stranger,0.8561657206218024,2.845864881225687,0.7880000000000005,1
2,119,30,120,800,stranger,0.49045892483042397,2.845864881225687,0.6510000000000004,1
2,120,30,120,800,stranger,1.2485121674703246,2.845864881225687,0.4900000000000002,1
2,121,30,120,800,stranger,2.0947745931595327,2.845864881225687,0.5800000000000003,1
2,122,30,120,800,stranger,1.7146139283108819,2.845864881225687,0.8040000000000005,1
2,123,30,120,800,stranger,2.8508567544741052,2.845864881225687,0.3760000000000001,1
2,124,30,120,800,stranger,-1.5173716906761285,2.845864881225687,0.8040000000000005,2
2,125,30,120,800,stranger,-0.9794085100017026,2.845864881225687,0.6070000000000003,2
2,126,30,120,800,stranger,2.0685101661483283,2.845864881225687,0.6690000000000004,1
2,127,30,120,800,stranger,-0.8550741003225394,2.845864881225687,0.7500000000000004,2
2,128,30,120,800,stranger,0.5926304573278817,2.845864881225687,0.7300000000000004,2
2,129,30,120,800,stranger,1.5717743599928897,2.845864881225687,0.6190000000000003,1
2,130,30,120,800,stranger,0.7802795545135439,2.845864881225687,0.5360000000000003,1
2,1,30,120,800,self,3.209542398026008,2.845864881225687,0.6560000000000004,1
2,2,30,120,800,self,3.6193722446165406,2.845864881225687,0.43500000000000016,1
2,3,30,120,800,self,3.2858393886373625,2.845864881225687,0.6030000000000003,1
2,4,30,120,800,self,3.013902534902409,2.845864881225687,0.7480000000000004,1
2,5,30,120,800,self,3.461233493076399,2.845864881225687,0.7120000000000004,1
2,6,30,120,800,self,2.826908702714898,2.845864881225687,0.7490000000000003,1
2,7,30,120,800,self,2.9743680483757013,2.845864881225687,0.6340000000000003,1
2,8,30,120,800,self,2.842760232857194,2.845864881225687,0.7280000000000004,1
2,9,30,120,800,self,1.8131462935015814,2.845864881225687,0.6730000000000004,1
2,10,30,120,800,self,1.9503311319805494,2.845864881225687,0.6740000000000004,1
2,11,30,120,800,self,2.8085563995783134,2.845864881225687,0.5550000000000003,1
2,12,30,120,800,self,2.063133738426793,2.845864881225687,0.6780000000000004,1
2,13,30,120,800,self,3.3615517819792946,2.845864881225687,0.3790000000000001,1
2,14,30,120,800,self,1.4973602151098713,2.845864881225687,0.7590000000000003,1
2,15,30,120,800,self,3.8767290181077305,2.845864881225687,0.7790000000000004,1
2,16,30,120,800,self,1.8376207010462569,2.845864881225687,0.5400000000000003,1
2,17,30,120,800,self,2.2187864258817624,2.845864881225687,0.5390000000000003,1
2,18,30,120,800,self,4.952993912428507,2.845864881225687,0.3760000000000001,1
2,19,30,120,800,self,2.6167506881609537,2.845864881225687,0.5370000000000003,1
2,20,30,120,800,self,2.736290091304894,2.845864881225687,0.4640000000000002,1
2,21,30,120,800,self,2.2450261615448777,2.845864881225687,0.4550000000000002,1
2,22,30,120,800,self,3.0339970477582265,2.845864881225687,0.8150000000000004,1
2,23,30,120,800,self,2.401122929927206,2.845864881225687,0.5110000000000002,1
2,24,30,120,800,self,2.611617013473064,2.845864881225687,0.7010000000000003,1
2,25,30,120,800,self,3.10757833090977,2.845864881225687,0.5110000000000002,1
2,26,30,120,800,self,3.150304185578789,2.845864881225687,0.6280000000000003,1
2,27,30,120,800,self,1.0578062050760966,2.845864881225687,0.6480000000000004,1
2,28,30,120,800,self,3.555235093177078,2.845864881225687,0.7010000000000003,1
2,29,30,120,800,self,3.476686780822291,2.845864881225687,0.4690000000000002,1
2,30,30,120,800,self,2.229879801982696,2.845864881225687,0.7080000000000004,1
2,31,30,120,800,self,4.58313897550112,2.845864881225687,0.5360000000000003,1
2,32,30,120,800,self,2.629687181682433,2.845864881225687,0.6750000000000004,1
2,33,30,120,800,self,3.997418140782033,2.845864881225687,0.7100000000000004,1
2,34,30,120,800,self,3.3115457490619136,2.845864881225687,0.4500000000000002,1
2,35,30,120,800,self,0.5160009040746178,2.845864881225687,0.5740000000000003,1
2,36,30,120,800,self,1.8072498706194344,2.845864881225687,0.6670000000000004,1
2,37,30,120,800,self,2.1041099426652923,2.845864881225687,0.6770000000000004,1
2,38,30,120,800,self,2.7555124963218955,2.845864881225687,0.6170000000000003,1
2,39,30,120,800,self,2.657618663512754,2.845864881225687,0.6090000000000003,1
2,40,30,120,800,self,3.9314625692899896,2.845864881225687,0.5960000000000003,1
2,41,30,120,800,self,1.6816057399122126,2.845864881225687,0.8040000000000005,1
2,42,30,120,800,self,1.6825842396711694,2.845864881225687,0.4640000000000002,1
2,43,30,120,800,self,2.002218664941345,2.845864881225687,0.6500000000000004,1
2,44,30,120,800,self,3.211181415625286,2.845864881225687,0.5720000000000003,1
2,45,30,120,800,self,2.846956410756207,2.845864881225687,0.4980000000000002,1
2,46,30,120,800,self,2.4351995281180603,2.845864881225687,0.7920000000000005,1
2,47,30,120,800,self,2.3035387828520286,2.845864881225687,0.6190000000000003,1
2,48,30,120,800,self,2.414708863672297,2.845864881225687,0.43600000000000017,1
2,49,30,120,800,self,4.24484227065653,2.845864881225687,0.42300000000000015,1
2,50,30,120,800,self,3.394278370567553,2.845864881225687,0.5040000000000002,1
2,51,30,120,800,self,2.456671228852974,2.845864881225687,0.5440000000000003,1
2,52,30,120,800,self,3.4904306996678813,2.845864881225687,0.3800000000000001,1
2,53,30,120,800,self,2.1884068440230675,2.845864881225687,0.6120000000000003,1
2,54,30,120,800,self,1.1292611702623387,2.845864881225687,0.8140000000000005,1
2,55,30,120,800,self,1.6445350458351142,2.845864881225687,0.6400000000000003,1
2,56,30,120,800,self,4.790494405476546,2.845864881225687,0.40500000000000014,1
2,57,30,120,800,self,2.783067780126784,2.845864881225687,0.6340000000000003,1
2,58,30,120,800,self,3.5485616320599984,2.845864881225687,0.5140000000000002,1
2,59,30,120,800,self,3.5811404944671885,2.845864881225687,0.43200000000000016,1
2,60,30,120,800,self,2.3306075876045336,2.845864881225687,0.4720000000000002,1
2,61,30,120,800,self,3.295202542192536,2.845864881225687,0.4660000000000002,1
2,62,30,120,800,self,2.201416911854288,2.845864881225687,0.4750000000000002,1
2,63,30,120,800,self,3.139964965039263,2.845864881225687,0.4920000000000002,1
2,64,30,120,800,self,3.2088058822308607,2.845864881225687,0.6480000000000004,1
2,65,30,120,800,self,2.380380471264474,2.845864881225687,0.8020000000000005,1
2,66,30,120,800,self,3.6032607415057365,2.845864881225687,0.5650000000000003,1
2,67,30,120,800,self,1.0613490273000465,2.845864881225687,0.5330000000000003,1
2,68,30,120,800,self,3.833491698274292,2.845864881225687,0.6550000000000004,1
2,69,30,120,800,self,3.399322932999224,2.845864881225687,0.7290000000000003,1
2,70,30,120,800,self,3.6753320897729695,2.845864881225687,0.43500000000000016,1
2,71,30,120,800,self,3.0381487246895333,2.845864881225687,0.5960000000000003,1
2,72,30,120,800,self,3.3290310336310975,2.845864881225687,0.5070000000000002,1
2,73,30,120,800,self,1.408449441987527,2.845864881225687,0.7200000000000004,1
2,74,30,120,800,self,2.105115403879519,2.845864881225687,0.4730000000000002,1
2,75,30,120,800,self,4.262950389206168,2.845864881225687,0.4750000000000002,1
2,76,30,120,800,self,2.6149134311485724,2.845864881225687,0.39900000000000013,1
2,77,30,120,800,self,4.1270829315831286,2.845864881225687,0.43700000000000017,1
2,78,30,120,800,self,3.329077598587839,2.845864881225687,0.7950000000000004,1
2,79,30,120,800,self,4.266441197869852,2.845864881225687,0.41500000000000015,1
2,80,30,120,800,self,2.6505064809985988,2.845864881225687,0.6630000000000004,1
2,81,30,120,800,self,4.3830049792128705,2.845864881225687,0.3890000000000001,1
2,82,30,120,800,self,2.8942474943679564,2.845864881225687,0.5500000000000003,1
2,83,30,120,800,self,2.2717635349135983,2.845864881225687,0.5290000000000002,1
2,84,30,120,800,self,1.9931307714267588,2.845864881225687,0.5090000000000002,1
2,85,30,120,800,self,5.0860213878051495,2.845864881225687,0.40300000000000014,1
2,86,30,120,800,self,3.3911098741154464,2.845864881225687,0.7910000000000004,1
2,87,30,120,800,self,2.1762598176503816,2.845864881225687,0.7190000000000003,1
2,88,30,120,800,self,3.1537776898159073,2.845864881225687,0.43300000000000016,1
2,89,30,120,800,self,1.8908836412165793,2.845864881225687,0.6290000000000003,1
2,90,30,120,800,self,3.1435861070765476,2.845864881225687,0.5430000000000003,1
2,91,30,120,800,self,3.446849970479323,2.845864881225687,0.7060000000000004,1
2,92,30,120,800,self,2.345835191990789,2.845864881225687,0.6360000000000003,1
2,93,30,120,800,self,3.4626859099813396,2.845864881225687,0.4580000000000002,1
2,94,30,120,800,self,3.3957261349958676,2.845864881225687,0.6230000000000003,1
2,95,30,120,800,self,3.6477958278529448,2.845864881225687,0.6190000000000003,1
2,96,30,120,800,self,3.282335264939957,2.845864881225687,0.5880000000000003,1
2,97,30,120,800,self,2.9192032249647117,2.845864881225687,0.6390000000000003,1
2,98,30,120,800,self,4.137988654575815,2.845864881225687,0.3910000000000001,1
2,99,30,120,800,self,1.9066063485397966,2.845864881225687,0.5580000000000003,1
2,100,30,120,800,self,3.228729571748981,2.845864881225687,0.5710000000000003,1
2,101,30,120,800,self,1.6418418709426232,2.845864881225687,0.3670000000000001,1
2,102,30,120,800,self,3.0088414943805257,2.845864881225687,0.4950000000000002,1
2,103,30,120,800,self,3.202669468532025,2.845864881225687,0.4440000000000002,1
2,104,30,120,800,self,3.272820367144092,2.845864881225687,0.7130000000000003,1
2,105,30,120,800,self,2.7315062813016464,2.845864881225687,0.5330000000000003,1
2,106,30,120,800,self,3.548791352684618,2.845864881225687,0.3680000000000001,1
2,107,30,120,800,self,4.199018213218241,2.845864881225687,0.43300000000000016,1
2,108,30,120,800,self,2.2101506842136827,2.845864881225687,0.43800000000000017,1
2,109,30,120,800,self,5.048619312621306,2.845864881225687,0.41200000000000014,1
2,110,30,120,800,self,3.054765854240477,2.845864881225687,0.6960000000000004,1
2,111,30,120,800,self,4.089894360755801,2.845864881225687,0.41200000000000014,1
2,112,30,120,800,self,1.7466961177783695,2.845864881225687,0.6010000000000003,1
2,113,30,120,800,self,2.301540761996,2.845864881225687,0.5430000000000003,1
2,114,30,120,800,self,2.941716634137877,2.845864881225687,0.4540000000000002,1
2,115,30,120,800,self,3.3780308061959783,2.845864881225687,0.7200000000000004,1
2,116,30,120,800,self,2.7735915342212056,2.845864881225687,0.4530000000000002,1
2,117,30,120,800,self,4.086857632138921,2.845864881225687,0.4630000000000002,1
2,118,30,120,800,self,2.018837141348996,2.845864881225687,0.6940000000000004,1
2,119,30,120,800,self,2.8745389295235846,2.845864881225687,0.6190000000000003,1
2,120,30,120,800,self,3.294769879508217,2.845864881225687,0.6290000000000003,1
2,121,30,120,800,self,3.8294567335176968,2.845864881225687,0.5120000000000002,1
2,122,30,120,800,self,2.1653346133946734,2.845864881225687,0.5510000000000003,1
2,123,30,120,800,self,2.715932115723017,2.845864881225687,0.41700000000000015,1
2,124,30,120,800,self,3.3873482008801066,2.845864881225687,0.6260000000000003,1
2,125,30,120,800,self,2.9553379138674645,2.845864881225687,0.7310000000000003,1
2,126,30,120,800,self,4.25686741675179,2.845864881225687,0.44200000000000017,1
2,127,30,120,800,self,2.420210162508386,2.845864881225687,0.43800000000000017,1
2,128,30,120,800,self,2.6018445520851268,2.845864881225687,0.8240000000000005,1
2,129,30,120,800,self,2.2817159474532454,2.845864881225687,0.6760000000000004,1
2,130,30,120,800,self,2.1354373262941797,2.845864881225687,0.7870000000000004,1
3,1,30,120,800,stranger,1.1272865244692274,2.6279906634325885,0.7040000000000004,2
3,2,30,120,800,stranger,2.7649336924499117,2.6279906634325885,0.4780000000000002,1
3,3,30,120,800,stranger,2.2012085528019223,2.6279906634325885,0.5050000000000002,1
3,4,30,120,800,stranger,0.7939012053538608,2.6279906634325885,0.4820000000000002,1
3,5,30,120,800,stranger,2.1265954258809154,2.6279906634325885,0.42900000000000016,1
3,6,30,120,800,stranger,2.0476990787290137,2.6279906634325885,0.3850000000000001,1
3,7,30,120,800,stranger,1.2219909163666571,2.6279906634325885,0.5910000000000003,1
3,8,30,120,800,stranger,1.6782041648783288,2.6279906634325885,0.8200000000000005,1
3,9,30,120,800,stranger,1.3084015692885407,2.6279906634325885,0.6600000000000004,1
3,10,30,120,800,stranger,-1.9266684861426833,2.6279906634325885,0.6230000000000003,2
3,11,30,120,800,stranger,0.7303389005574656,2.6279906634325885,0.7150000000000003,1
3,12,30,120,800,stranger,1.1016001172153678,2.6279906634325885,0.41200000000000014,1
3,13,30,120,800,stranger,1.1324909342925038,2.6279906634325885,0.6780000000000004,1
3,14,30,120,800,stranger,0.9051848743022373,2.6279906634325885,0.5590000000000003,2
3,15,30,120,800,stranger,1.753851164034356,2.6279906634325885,0.7160000000000004,1
3,16,30,120,800,stranger,-1.2603715452508526,2.6279906634325885,0.5940000000000003,2
3,17,30,120,800,stranger,1.5876231921017248,2.6279906634325885,0.7490000000000003,1
3,18,30,120,800,stranger,-0.691766461195196,2.6279906634325885,0.6310000000000003,2
3,19,30,120,800,stranger,1.808335808365137,2.6279906634325885,0.7330000000000003,1
3,20,30,120,800,stranger,2.3140647633617037,2.6279906634325885,0.7540000000000004,1
3,21,30,120,800,stranger,2.2508198809973496,2.6279906634325885,0.7430000000000003,1
3,22,30,120,800,stranger,0.6995895989040085,2.6279906634325885,0.7890000000000004,1
3,23,30,120,800,stranger,1.693977218439643,2.6279906634325885,0.8160000000000005,1
3,24,30,120,800,stranger,2.4333913378265866,2.6279906634325885,0.4600000000000002,1
3,25,30,120,800,stranger,2.4503576061419245,2.6279906634325885,0.3780000000000001,1
3,26,30,120,800,stranger,1.3145175666266387,2.6279906634325885,0.7510000000000003,1
3,27,30,120,800,stranger,1.0490295453237561,2.6279906634325885,0.44000000000000017,2
3,28,30,120,800,stranger,2.909465345148268,2.6279906634325885,0.7560000000000004,1
3,29,30,120,800,stranger,0.8641652549460097,2.6279906634325885,0.6610000000000004,1
3,30,30,120,800,stranger,0.14362204996084788,2.6279906634325885,0.42400000000000015,1
3,31,30,120,800,stranger,2.3666634606067705,2.6279906634325885,0.5340000000000003,1
3,32,30,120,800,stranger,1.6463717567170963,2.6279906634325885,0.7240000000000004,1
3,33,30,120,800,stranger,0.6573409591866023,2.6279906634325885,0.7160000000000004,1
3,34,30,120,800,stranger,1.6564528470493283,2.6279906634325885,0.8220000000000005,1
3,35,30,120,800,stranger,0.9658745423734305,2.6279906634325885,0.6800000000000004,1
3,36,30,120,800,stranger,-0.13381599097198515,2.6279906634325885,0.42600000000000016,1
3,37,30,120,800,stranger,1.2537032502674519,2.6279906634325885,0.7190000000000003,1
3,38,30,120,800,stranger,0.02338206389939279,2.6279906634325885,0.4840000000000002,1
3,39,30,120,800,stranger,1.0413561670524885,2.6279906634325885,0.5260000000000002,1
3,40,30,120,800,stranger,2.971726582653525,2.6279906634325885,0.5000000000000002,1
3,41,30,120,800,stranger,-0.5921773919899994,2.6279906634325885,0.6370000000000003,1
3,42,30,120,800,stranger,-0.24795310657464853,2.6279906634325885,0.6500000000000004,2
3,43,30,120,800,stranger,2.4284635498563736,2.6279906634325885,0.8290000000000004,1
3,44,30,120,800,stranger,1.3769116938054302,2.6279906634325885,0.5110000000000002,1
3,45,30,120,800,stranger,-0.23093150466734236,2.6279906634325885,0.7630000000000003,1
3,46,30,120,800,stranger,-1.4417520913698048,2.6279906634325885,0.40600000000000014,2
3,47,30,120,800,stranger,0.08587571965070817,2.6279906634325885,0.5920000000000003,1
3,48,30,120,800,stranger,-1.937640161541502,2.6279906634325885,0.7830000000000004,2
3,49,30,120,800,stranger,0.0658301027966488,2.6279906634325885,0.7510000000000003,1
3,50,30,120,800,stranger,0.7855208708249585,2.6279906634325885,0.4810000000000002,1
3,51,30,120,800,stranger,1.9675885290616977,2.6279906634325885,0.4540000000000002,1
3,52,30,120,800,stranger,-0.9944361785578993,2.6279906634325885,0.7880000000000005,2
3,53,30,120,800,stranger,-0.008883758470180969,2.6279906634325885,0.4550000000000002,1
3,54,30,120,800,stranger,2.181724410470022,2.6279906634325885,0.7450000000000003,1
3,55,30,120,800,stranger,2.75221796440559,2.6279906634325885,0.4880000000000002,1
3,56,30,120,800,stranger,-0.35983404954351805,2.6279906634325885,0.4960000000000002,2
3,57,30,120,800,stranger,-1.1518011063438958,2.6279906634325885,0.5410000000000003,2
3,58,30,120,800,stranger,1.929365573275149,2.6279906634325885,0.5110000000000002,1
3,59,30,120,800,stranger,1.143004965633057,2.6279906634325885,0.7180000000000004,1
3,60,30,120,800,stranger,1.2113994550004232,2.6279906634325885,0.4680000000000002,1
3,61,30,120,800,stranger,0.591620258845988,2.6279906634325885,0.6430000000000003,1
3,62,30,120,800,stranger,1.1825407251420492,2.6279906634325885,0.4740000000000002,1
3,63,30,120,800,stranger,0.32904839058707563,2.6279906634325885,0.6450000000000004,1
3,64,30,120,800,stranger,-1.2108547623938333,2.6279906634325885,0.6020000000000003,2
3,65,30,120,800,stranger,1.7969342161729758,2.6279906634325885,0.41700000000000015,1
3,66,30,120,800,stranger,-0.7191466154586305,2.6279906634325885,0.7140000000000004,2
3,67,30,120,800,stranger,2.2322068032438893,2.6279906634325885,0.4750000000000002,1
3,68,30,120,800,stranger,-1.026498490542576,2.6279906634325885,0.7690000000000003,2
3,69,30,120,800,stranger,-1.368586522454525,2.6279906634325885,0.5560000000000003,2
3,70,30,120,800,stranger,0.8856636502412718,2.6279906634325885,0.3670000000000001,1
3,71,30,120,800,stranger,-0.9208440008917439,2.6279906634325885,0.4930000000000002,2
3,72,30,120,800,stranger,-1.1937011145412866,2.6279906634325885,0.6990000000000004,2
3,73,30,120,800,stranger,2.757440445137222,2.6279906634325885,0.41800000000000015,1
3,74,30,120,800,stranger,0.849968444608773,2.6279906634325885,0.6250000000000003,1
3,75,30,120,800,stranger,1.937321726626819,2.6279906634325885,0.5020000000000002,1
3,76,30,120,800,stranger,1.970348136196924,2.6279906634325885,0.7240000000000004,1
3,77,30,120,800,stranger,1.340836939008165,2.6279906634325885,0.7480000000000004,1
3,78,30,120,800,stranger,0.9075966835754228,2.6279906634325885,0.6550000000000004,1
3,79,30,120,800,stranger,-0.22157376546984675,2.6279906634325885,0.8220000000000005,2
3,80,30,120,800,stranger,-0.9514883231084289,2.6279906634325885,0.7720000000000005,2
3,81,30,120,800,stranger,0.5245479876672101,2.6279906634325885,0.7720000000000005,1
3,82,30,120,800,stranger,2.0490602641999525,2.6279906634325885,0.5890000000000003,1
3,83,30,120,800,stranger,0.3159694758775831,2.6279906634325885,0.8220000000000005,1
3,84,30,120,800,stranger,1.7009739436061722,2.6279906634325885,0.6080000000000003,1
3,85,30,120,800,stranger,1.594389183521613,2.6279906634325885,0.43700000000000017,1
3,86,30,120,800,stranger,0.6160624884110392,2.6279906634325885,0.44000000000000017,1
3,87,30,120,800,stranger,1.160046871388957,2.6279906634325885,0.6250000000000003,2
3,88,30,120,800,stranger,1.5421741047877704,2.6279906634325885,0.4790000000000002,1
3,89,30,120,800,stranger,-0.015333868660324157,2.6279906634325885,0.7630000000000003,1
3,90,30,120,800,stranger,0.161689235139922,2.6279906634325885,0.6530000000000004,2
3,91,30,120,800,stranger,1.4083175694331302,2.6279906634325885,0.6920000000000004,1
3,92,30,120,800,stranger,1.472767438775876,2.6279906634325885,0.6050000000000003,1
3,93,30,120,800,stranger,0.3739195319530664,2.6279906634325885,0.6540000000000004,2
3,94,30,120,800,stranger,1.6151586134733962,2.6279906634325885,0.7800000000000005,1
3,95,30,120,800,stranger,-0.23092653556574672,2.6279906634325885,0.4890000000000002,1
3,96,30,120,800,stranger,-0.543739306692632,2.6279906634325885,0.7970000000000004,1
3,97,30,120,800,stranger,-0.5341516746786404,2.6279906634325885,0.8010000000000004,1
3,98,30,120,800,stranger,1.807765748222855,2.6279906634325885,0.7630000000000003,1
3,99,30,120,800,stranger,-0.8335660928599143,2.6279906634325885,0.42600000000000016,2
3,100,30,120,800,stranger,-1.1044838020900873,2.6279906634325885,0.5670000000000003,2
3,101,30,120,800,stranger,0.1608728085054028,2.6279906634325885,0.7910000000000004,1
3,102,30,120,800,stranger,1.0553024983250068,2.6279906634325885,0.5310000000000002,1
3,103,30,120,800,stranger,-0.1179114784742269,2.6279906634325885,0.7890000000000004,2
3,104,30,120,800,stranger,-0.24578218110431782,2.6279906634325885,0.5780000000000003,2
3,105,30,120,800,stranger,2.0979735687122405,2.6279906634325885,0.6700000000000004,1
3,106,30,120,800,stranger,-2.1902991606612736,2.6279906634325885,0.8190000000000004,2
3,107,30,120,800,stranger,2.061002442971606,2.6279906634325885,0.6880000000000004,1
3,108,30,120,800,stranger,-0.400650227070406,2.6279906634325885,0.7310000000000003,2
3,109,30,120,800,stranger,-0.015245816036506765,2.6279906634325885,0.7310000000000003,2
3,110,30,120,800,stranger,0.8058672434529749,2.6279906634325885,0.8260000000000005,1
3,111,30,120,800,stranger,1.8466726536865647,2.6279906634325885,0.5920000000000003,1
3,112,30,120,800,stranger,0.16729056586640223,2.6279906634325885,0.6790000000000004,1
3,113,30,120,800,stranger,1.6310805522244305,2.6279906634325885,0.4540000000000002,1
3,114,30,120,800,stranger,0.6112554566714821,2.6279906634325885,0.4840000000000002,2
3,115,30,120,800,stranger,0.7806097658508582,2.6279906634325885,0.4890000000000002,1
3,116,30,120,800,stranger,-1.238020434933778,2.6279906634325885,0.5790000000000003,2
3,117,30,120,800,stranger,1.4580545631083157,2.6279906634325885,0.5290000000000002,1
3,118,30,120,800,stranger,1.7931649894855086,2.6279906634325885,0.7470000000000003,1
3,119,30,120,800,stranger,1.3672892685715134,2.6279906634325885,0.5930000000000003,1
3,120,30,120,800,stranger,-0.1073153878889559,2.6279906634325885,0.7160000000000004,2
3,121,30,120,800,stranger,1.4508450379187559,2.6279906634325885,0.6360000000000003,1
3,122,30,120,800,stranger,-0.3342385854031338,2.6279906634325885,0.41300000000000014,1
3,123,30,120,800,stranger,0.3469140592870513,2.6279906634325885,0.7680000000000005,2
3,124,30,120,800,stranger,-0.2967716994697046,2.6279906634325885,0.7700000000000005,2
3,125,30,120,800,stranger,2.9943695740129437,2.6279906634325885,0.7410000000000003,1
3,126,30,120,800,stranger,1.2376210547989663,2.6279906634325885,0.6910000000000004,1
3,127,30,120,800,stranger,1.0613811939136704,2.6279906634325885,0.7760000000000005,1
3,128,30,120,800,stranger,0.9894873349753456,2.6279906634325885,0.6520000000000004,1
3,129,30,120,800,stranger,1.4937241609384668,2.6279906634325885,0.5860000000000003,1
3,130,30,120,800,stranger,2.36455366844333,2.6279906634325885,0.6740000000000004,1
3,1,30,120,800,self,3.6974944757433374,2.6279906634325885,0.7520000000000004,1
3,2,30,120,800,self,2.5501314141556004,2.6279906634325885,0.8080000000000005,1
3,3,30,120,800,self,2.441173922630024,2.6279906634325885,0.8220000000000005,1
3,4,30,120,800,self,2.6457031198123477,2.6279906634325885,0.42900000000000016,1
3,5,30,120,800,self,1.2031901757994499,2.6279906634325885,0.5040000000000002,1
3,6,30,120,800,self,3.1885603936990905,2.6279906634325885,0.43000000000000016,1
3,7,30,120,800,self,1.7630438018905101,2.6279906634325885,0.5460000000000003,1
3,8,30,120,800,self,3.0623949616448383,2.6279906634325885,0.3540000000000001,1
3,9,30,120,800,self,1.8708813338442107,2.6279906634325885,0.5920000000000003,1
3,10,30,120,800,self,2.0543952017503435,2.6279906634325885,0.7590000000000003,1
3,11,30,120,800,self,2.102050294467089,2.6279906634325885,0.7480000000000004,1
3,12,30,120,800,self,2.300578665492278,2.6279906634325885,0.5150000000000002,1
3,13,30,120,800,self,2.3534886974688267,2.6279906634325885,0.41600000000000015,1
3,14,30,120,800,self,3.3218124998463963,2.6279906634325885,0.5650000000000003,1
3,15,30,120,800,self,4.258767715098068,2.6279906634325885,0.6500000000000004,1
3,16,30,120,800,self,2.3529067931597374,2.6279906634325885,0.4720000000000002,1
3,17,30,120,800,self,2.666438463954388,2.6279906634325885,0.4510000000000002,1
3,18,30,120,800,self,2.7003104241258806,2.6279906634325885,0.42300000000000015,1
3,19,30,120,800,self,3.775802465977625,2.6279906634325885,0.42400000000000015,1
3,20,30,120,800,self,4.192757510997632,2.6279906634325885,0.6340000000000003,1
3,21,30,120,800,self,3.82332864358851,2.6279906634325885,0.6200000000000003,1
3,22,30,120,800,self,4.161954831880356,2.6279906634325885,0.42800000000000016,1
3,23,30,120,800,self,2.1924555826806538,2.6279906634325885,0.6210000000000003,1
3,24,30,120,800,self,2.651571210080515,2.6279906634325885,0.41100000000000014,1
3,25,30,120,800,self,2.078664453683008,2.6279906634325885,0.5190000000000002,1
3,26,30,120,800,self,1.7506122850493737,2.6279906634325885,0.5230000000000002,1
3,27,30,120,800,self,3.6421735013324956,2.6279906634325885,0.4880000000000002,1
3,28,30,120,800,self,3.6524123814321747,2.6279906634325885,0.4970000000000002,1
3,29,30,120,800,self,2.6401490404783137,2.6279906634325885,0.4910000000000002,1
3,30,30,120,800,self,4.282926524553143,2.6279906634325885,0.3920000000000001,1
3,31,30,120,800,self,2.5806794909075177,2.6279906634325885,0.3780000000000001,1
3,32,30,120,800,self,1.6580034611418384,2.6279906634325885,0.5500000000000003,1
3,33,30,120,800,self,1.315725881711596,2.6279906634325885,0.7680000000000005,1
3,34,30,120,800,self,3.1246918305000886,2.6279906634325885,0.6080000000000003,1
3,35,30,120,800,self,3.567562106459498,2.6279906634325885,0.4770000000000002,1
3,36,30,120,800,self,3.361466055200232,2.6279906634325885,0.40300000000000014,1
3,37,30,120,800,self,3.4803763212544134,2.6279906634325885,0.5760000000000003,1
3,38,30,120,800,self,3.1683331113182995,2.6279906634325885,0.6420000000000003,1
3,39,30,120,800,self,2.7624333174511997,2.6279906634325885,0.43400000000000016,1
3,40,30,120,800,self,3.520602998498589,2.6279906634325885,0.7860000000000005,1
3,41,30,120,800,self,2.5367245052356897,2.6279906634325885,0.7730000000000004,1
3,42,30,120,800,self,2.2767446380540033,2.6279906634325885,0.5110000000000002,1
3,43,30,120,800,self,3.0877199672946247,2.6279906634325885,0.5900000000000003,1
3,44,30,120,800,self,3.472834259703322,2.6279906634325885,0.4620000000000002,1
3,45,30,120,800,self,3.4169431894818265,2.6279906634325885,0.3690000000000001,1
3,46,30,120,800,self,3.505614914636478,2.6279906634325885,0.6370000000000003,1
3,47,30,120,800,self,3.5270660844926613,2.6279906634325885,0.4860000000000002,1
3,48,30,120,800,self,3.415786097476103,2.6279906634325885,0.5450000000000003,1
3,49,30,120,800,self,1.7233425539034335,2.6279906634325885,0.4850000000000002,1
3,50,30,120,800,self,2.9518561748215517,2.6279906634325885,0.5660000000000003,1
3,51,30,120,800,self,4.029398740026338,2.6279906634325885,0.7430000000000003,1
3,52,30,120,800,self,2.442974663645841,2.6279906634325885,0.6410000000000003,1
3,53,30,120,800,self,3.249959470851815,2.6279906634325885,0.5640000000000003,1
3,54,30,120,800,self,3.1120125794855773,2.6279906634325885,0.8300000000000005,1
3,55,30,120,800,self,3.6221875642968837,2.6279906634325885,0.5130000000000002,1
3,56,30,120,800,self,2.1547441965254124,2.6279906634325885,0.5440000000000003,1
3,57,30,120,800,self,2.0975720414524357,2.6279906634325885,0.7180000000000004,1
3,58,30,120,800,self,3.2228742541500526,2.6279906634325885,0.43300000000000016,1
3,59,30,120,800,self,2.815947885495428,2.6279906634325885,0.6750000000000004,1
3,60,30,120,800,self,3.674004567546657,2.6279906634325885,0.6580000000000004,1
3,61,30,120,800,self,2.4149354115025403,2.6279906634325885,0.7060000000000004,1
3,62,30,120,800,self,3.492807821962362,2.6279906634325885,0.41200000000000014,1
3,63,30,120,800,self,1.920088101257629,2.6279906634325885,0.7100000000000004,1
3,64,30,120,800,self,3.5797028919224894,2.6279906634325885,0.4880000000000002,1
3,65,30,120,800,self,3.283045079977992,2.6279906634325885,0.4960000000000002,1
3,66,30,120,800,self,3.3742396990923065,2.6279906634325885,0.3900000000000001,1
3,67,30,120,800,self,2.9180939778102992,2.6279906634325885,0.7370000000000003,1
3,68,30,120,800,self,2.568259642466302,2.6279906634325885,0.7390000000000003,1
3,69,30,120,800,self,3.3405407186417433,2.6279906634325885,0.7420000000000004,1
3,70,30,120,800,self,1.9560205508498543,2.6279906634325885,0.6660000000000004,1
3,71,30,120,800,self,4.005869708745838,2.6279906634325885,0.4980000000000002,1
3,72,30,120,800,self,3.0414337531643993,2.6279906634325885,0.4920000000000002,1
3,73,30,120,800,self,3.185635739429838,2.6279906634325885,0.5800000000000003,1
3,74,30,120,800,self,2.4103416717872865,2.6279906634325885,0.5170000000000002,1
3,75,30,120,800,self,2.4424631328498383,2.6279906634325885,0.5460000000000003,1
3,76,30,120,800,self,2.527795435283802,2.6279906634325885,0.7200000000000004,1
3,77,30,120,800,self,3.7621054689068103,2.6279906634325885,0.4610000000000002,1
3,78,30,120,800,self,2.6498816680873114,2.6279906634325885,0.6780000000000004,1
3,79,30,120,800,self,2.7435797311362227,2.6279906634325885,0.5920000000000003,1
3,80,30,120,800,self,1.9356855210070893,2.6279906634325885,0.5000000000000002,1
3,81,30,120,800,self,3.486679239992104,2.6279906634325885,0.3450000000000001,1
3,82,30,120,800,self,5.186661771250182,2.6279906634325885,0.40700000000000014,1
3,83,30,120,800,self,4.569295259782251,2.6279906634325885,0.4800000000000002,1
3,84,30,120,800,self,4.530429478632806,2.6279906634325885,0.4850000000000002,1
3,85,30,120,800,self,2.3269439340091997,2.6279906634325885,0.4530000000000002,1
3,86,30,120,800,self,3.089269121304134,2.6279906634325885,0.5130000000000002,1
3,87,30,120,800,self,2.0427950864033204,2.6279906634325885,0.43600000000000017,1
3,88,30,120,800,self,0.3278311048135407,2.6279906634325885,0.7100000000000004,2
3,89,30,120,800,self,3.2174291261000434,2.6279906634325885,0.4840000000000002,1
3,90,30,120,800,self,1.914675367888337,2.6279906634325885,0.8280000000000005,1
3,91,30,120,800,self,3.146761920011268,2.6279906634325885,0.3890000000000001,1
3,92,30,120,800,self,2.4604692536771786,2.6279906634325885,0.7030000000000003,1
3,93,30,120,800,self,2.217444109211915,2.6279906634325885,0.44200000000000017,1
3,94,30,120,800,self,1.6851658034062984,2.6279906634325885,0.5730000000000003,1
3,95,30,120,800,self,3.0688762451621403,2.6279906634325885,0.4590000000000002,1
3,96,30,120,800,self,2.6837593674162292,2.6279906634325885,0.42300000000000015,1
3,97,30,120,800,self,2.274118611409734,2.6279906634325885,0.7320000000000004,1
3,98,30,120,800,self,3.266590419382331,2.6279906634325885,0.40000000000000013,1
3,99,30,120,800,self,1.1811291968770379,2.6279906634325885,0.7850000000000004,1
3,100,30,120,800,self,4.314220385617255,2.6279906634325885,0.3150000000000001,1
3,101,30,120,800,self,3.214718008672608,2.6279906634325885,0.7100000000000004,1
3,102,30,120,800,self,2.572164667029942,2.6279906634325885,0.3760000000000001,1
3,103,30,120,800,self,5.148031868244848,2.6279906634325885,0.43600000000000017,1
3,104,30,120,800,self,1.965185939243509,2.6279906634325885,0.43800000000000017,1
3,105,30,120,800,self,1.2136753887309712,2.6279906634325885,0.7090000000000003,1
3,106,30,120,800,self,2.619087073582628,2.6279906634325885,0.33100000000000007,1
3,107,30,120,800,self,2.2122997269913567,2.6279906634325885,0.7920000000000005,1
3,108,30,120,800,self,2.643000050087219,2.6279906634325885,0.7210000000000003,1
3,109,30,120,800,self,2.3363001880847194,2.6279906634325885,0.4890000000000002,1
3,110,30,120,800,self,2.7093895127535124,2.6279906634325885,0.5560000000000003,1
3,111,30,120,800,self,1.8113262508910606,2.6279906634325885,0.8260000000000005,1
3,112,30,120,800,self,4.692805528230538,2.6279906634325885,0.3380000000000001,1
3,113,30,120,800,self,2.0505102069593546,2.6279906634325885,0.4660000000000002,1
3,114,30,120,800,self,3.729657025551151,2.6279906634325885,0.6310000000000003,1
3,115,30,120,800,self,3.336216563240698,2.6279906634325885,0.41700000000000015,1
3,116,30,120,800,self,3.31443601640401,2.6279906634325885,0.4600000000000002,1
3,117,30,120,800,self,3.5324573620511908,2.6279906634325885,0.6690000000000004,1
3,118,30,120,800,self,4.830163860432774,2.6279906634325885,0.4870000000000002,1
3,119,30,120,800,self,1.6448204091171474,2.6279906634325885,0.6860000000000004,1
3,120,30,120,800,self,1.9459115495842019,2.6279906634325885,0.6820000000000004,1
3,121,30,120,800,self,2.7462364819383462,2.6279906634325885,0.7000000000000004,1
3,122,30,120,800,self,4.318456627712394,2.6279906634325885,0.4930000000000002,1
3,123,30,120,800,self,2.7979992882439575,2.6279906634325885,0.5200000000000002,1
3,124,30,120,800,self,2.903678456368489,2.6279906634325885,0.7270000000000003,1
3,125,30,120,800,self,1.8936737896555904,2.6279906634325885,0.5740000000000003,1
3,126,30,120,800,self,1.0908742159166007,2.6279906634325885,0.7190000000000003,1
3,127,30,120,800,self,2.992544447909991,2.6279906634325885,0.7730000000000004,1
3,128,30,120,800,self,2.6049515940923946,2.6279906634325885,0.5630000000000003,1
3,129,30,120,800,self,2.8947220511656173,2.6279906634325885,0.6020000000000003,1
3,130,30,120,800,self,3.2314732828273938,2.6279906634325885,0.4930000000000002,1
4,1,30,120,800,stranger,1.6942229243553335,3.0762293596743806,0.8140000000000005,1
4,2,30,120,800,stranger,0.2531792987887717,3.0762293596743806,0.8160000000000005,1
4,3,30,120,800,stranger,1.4308390490931062,3.0762293596743806,0.7350000000000003,1
4,4,30,120,800,stranger,-0.8881407324004941,3.0762293596743806,0.42000000000000015,2
4,5,30,120,800,stranger,2.1904977940939223,3.0762293596743806,0.6060000000000003,1
4,6,30,120,800,stranger,-0.2554233223464727,3.0762293596743806,0.5340000000000003,2
4,7,30,120,800,stranger,1.7556185144249006,3.0762293596743806,0.4980000000000002,1
4,8,30,120,800,stranger,1.987766958633061,3.0762293596743806,0.6130000000000003,1
4,9,30,120,800,stranger,2.835823473785318,3.0762293596743806,0.6640000000000004,1
4,10,30,120,800,stranger,-0.5091704119452812,3.0762293596743806,0.4860000000000002,2
4,11,30,120,800,stranger,-1.4771767504539546,3.0762293596743806,0.6930000000000004,2
4,12,30,120,800,stranger,2.0963141321335543,3.0762293596743806,0.7100000000000004,1
4,13,30,120,800,stranger,1.8535793985161146,3.0762293596743806,0.7070000000000003,1
4,14,30,120,800,stranger,1.6847699306785318,3.0762293596743806,0.6450000000000004,1
4,15,30,120,800,stranger,1.246048064796895,3.0762293596743806,0.7540000000000004,1
4,16,30,120,800,stranger,1.7239013658609057,3.0762293596743806,0.7130000000000003,1
4,17,30,120,800,stranger,-0.8800664842869358,3.0762293596743806,0.7970000000000004,2
4,18,30,120,800,stranger,-1.435586564023768,3.0762293596743806,0.6300000000000003,2
4,19,30,120,800,stranger,0.8931089041407869,3.0762293596743806,0.6380000000000003,1
4,20,30,120,800,stranger,1.5288799190206204,3.0762293596743806,0.6560000000000004,1
4,21,30,120,800,stranger,-0.43175714199742876,3.0762293596743806,0.6960000000000004,2
4,22,30,120,800,stranger,0.24129738941495382,3.0762293596743806,0.7520000000000004,1
4,23,30,120,800,stranger,-1.4399527058118373,3.0762293596743806,0.5970000000000003,2
4,24,30,120,800,stranger,0.7175313092037945,3.0762293596743806,0.5480000000000003,1
4,25,30,120,800,stranger,1.8792680082135873,3.0762293596743806,0.8180000000000005,1
4,26,30,120,800,stranger,1.9111856915048318,3.0762293596743806,0.4560000000000002,1
4,27,30,120,800,stranger,-0.098573837787296,3.0762293596743806,0.5580000000000003,2
4,28,30,120,800,stranger,1.0537388215463661,3.0762293596743806,0.7030000000000003,1
4,29,30,120,800,stranger,-0.041978154744780505,3.0762293596743806,0.6110000000000003,1
4,30,30,120,800,stranger,1.7848307688539995,3.0762293596743806,0.6140000000000003,1
4,31,30,120,800,stranger,0.873363038556592,3.0762293596743806,0.5600000000000003,1
4,32,30,120,800,stranger,1.343133223588771,3.0762293596743806,0.7210000000000003,1
4,33,30,120,800,stranger,0.9652253490916507,3.0762293596743806,0.5230000000000002,1
4,34,30,120,800,stranger,0.360785074774167,3.0762293596743806,0.6580000000000004,1
4,35,30,120,800,stranger,3.0986651459201093,3.0762293596743806,0.7130000000000003,1
4,36,30,120,800,stranger,-1.2651633972231,3.0762293596743806,0.5320000000000003,2
4,37,30,120,800,stranger,0.436899459677044,3.0762293596743806,0.6320000000000003,1
4,38,30,120,800,stranger,1.6383257131011364,3.0762293596743806,0.5790000000000003,1
4,39,30,120,800,stranger,-0.095165918721421,3.0762293596743806,0.42700000000000016,1
4,40,30,120,800,stranger,2.1099144046055645,3.0762293596743806,0.6640000000000004,1
4,41,30,120,800,stranger,2.238279486235383,3.0762293596743806,0.6880000000000004,1
4,42,30,120,800,stranger,2.0064252186158087,3.0762293596743806,0.5350000000000003,1
4,43,30,120,800,stranger,2.589913992857348,3.0762293596743806,0.7390000000000003,1
4,44,30,120,800,stranger,1.028209164919572,3.0762293596743806,0.5130000000000002,1
4,45,30,120,800,stranger,1.535514835270607,3.0762293596743806,0.7350000000000003,1
4,46,30,120,800,stranger,0.24822952100933948,3.0762293596743806,0.7140000000000004,1
4,47,30,120,800,stranger,2.9293217532693916,3.0762293596743806,0.6300000000000003,1
4,48,30,120,800,stranger,2.4494737545191616,3.0762293596743806,0.6240000000000003,1
4,49,30,120,800,stranger,1.192404128234753,3.0762293596743806,0.7170000000000003,1
4,50,30,120,800,stranger,2.150805991373236,3.0762293596743806,0.7620000000000005,1
4,51,30,120,800,stranger,0.9476846346444145,3.0762293596743806,0.7470000000000003,1
4,52,30,120,800,stranger,0.7123679701515201,3.0762293596743806,0.5910000000000003,2
4,53,30,120,800,stranger,1.5675268360138561,3.0762293596743806,0.7750000000000004,1
4,54,30,120,800,stranger,-1.3441201768474076,3.0762293596743806,0.8230000000000004,2
4,55,30,120,800,stranger,-1.0752182766443052,3.0762293596743806,0.6350000000000003,2
4,56,30,120,800,stranger,2.3057806356395543,3.0762293596743806,0.6600000000000004,1
4,57,30,120,800,stranger,0.7463410551856764,3.0762293596743806,0.6300000000000003,1
4,58,30,120,800,stranger,-2.05469737261643,3.0762293596743806,0.8000000000000005,2
4,59,30,120,800,stranger,-2.135686822059548,3.0762293596743806,0.8140000000000005,2
4,60,30,120,800,stranger,1.828644646195309,3.0762293596743806,0.5690000000000003,1
4,61,30,120,800,stranger,-2.03411836623978,3.0762293596743806,0.4530000000000002,2
4,62,30,120,800,stranger,-0.3666462809294261,3.0762293596743806,0.7130000000000003,2
4,63,30,120,800,stranger,-1.3531162523717297,3.0762293596743806,0.6350000000000003,2
4,64,30,120,800,stranger,1.2741400667995357,3.0762293596743806,0.5010000000000002,1
4,65,30,120,800,stranger,1.29812084375649,3.0762293596743806,0.5260000000000002,1
4,66,30,120,800,stranger,2.438640811899564,3.0762293596743806,0.6150000000000003,1
4,67,30,120,800,stranger,0.9509231297041633,3.0762293596743806,0.3850000000000001,1
4,68,30,120,800,stranger,3.2735833065122684,3.0762293596743806,0.7530000000000003,1
4,69,30,120,800,stranger,0.5069477033030954,3.0762293596743806,0.7310000000000003,1
4,70,30,120,800,stranger,0.8217020278333474,3.0762293596743806,0.8240000000000005,1
4,71,30,120,800,stranger,1.3517244162767184,3.0762293596743806,0.5560000000000003,1
4,72,30,120,800,stranger,1.1426266331070491,3.0762293596743806,0.6650000000000004,2
4,73,30,120,800,stranger,0.3173620432717051,3.0762293596743806,0.7980000000000005,1
4,74,30,120,800,stranger,2.2085326815693724,3.0762293596743806,0.6800000000000004,1
4,75,30,120,800,stranger,1.9380621540291023,3.0762293596743806,0.7090000000000003,1
4,76,30,120,800,stranger,0.3372113374516578,3.0762293596743806,0.8210000000000004,2
4,77,30,120,800,stranger,-0.20191871740766243,3.0762293596743806,0.5280000000000002,1
4,78,30,120,800,stranger,1.7184896830497576,3.0762293596743806,0.6740000000000004,1
4,79,30,120,800,stranger,3.660197807001797,3.0762293596743806,0.7910000000000004,1
4,80,30,120,800,stranger,0.9877841917260803,3.0762293596743806,0.7420000000000004,1
4,81,30,120,800,stranger,1.3414126200404155,3.0762293596743806,0.4860000000000002,1
4,82,30,120,800,stranger,0.9399417783246213,3.0762293596743806,0.7460000000000004,1
4,83,30,120,800,stranger,-0.1998658155561136,3.0762293596743806,0.7090000000000003,1
4,84,30,120,800,stranger,1.4045074831242998,3.0762293596743806,0.6570000000000004,1
4,85,30,120,800,stranger,1.1859477293170315,3.0762293596743806,0.7290000000000003,1
4,86,30,120,800,stranger,1.458413970566353,3.0762293596743806,0.4890000000000002,1
4,87,30,120,800,stranger,-0.2250704689998676,3.0762293596743806,0.6810000000000004,2
4,88,30,120,800,stranger,1.4541124079931773,3.0762293596743806,0.7440000000000004,1
4,89,30,120,800,stranger,1.147315516935322,3.0762293596743806,0.8030000000000004,1
4,90,30,120,800,stranger,-0.565252348184362,3.0762293596743806,0.8230000000000004,2
4,91,30,120,800,stranger,-0.8977114378239378,3.0762293596743806,0.5760000000000003,2
4,92,30,120,800,stranger,0.1938974855176388,3.0762293596743806,0.6030000000000003,1
4,93,30,120,800,stranger,1.0989462927809157,3.0762293596743806,0.5780000000000003,1
4,94,30,120,800,stranger,0.9047137275864587,3.0762293596743806,0.7560000000000004,1
4,95,30,120,800,stranger,-0.608785370468328,3.0762293596743806,0.5750000000000003,2
4,96,30,120,800,stranger,2.43750201429574,3.0762293596743806,0.5680000000000003,1
4,97,30,120,800,stranger,1.2378845110051835,3.0762293596743806,0.6010000000000003,1
4,98,30,120,800,stranger,-0.48136682319827206,3.0762293596743806,0.5530000000000003,2
4,99,30,120,800,stranger,0.673181431117632,3.0762293596743806,0.7370000000000003,1
4,100,30,120,800,stranger,1.769187491139368,3.0762293596743806,0.4890000000000002,1
4,101,30,120,800,stranger,0.1922854028217953,3.0762293596743806,0.7810000000000004,1
4,102,30,120,800,stranger,1.3911400190540717,3.0762293596743806,0.6940000000000004,1
4,103,30,120,800,stranger,1.2298347077414644,3.0762293596743806,0.5960000000000003,1
4,104,30,120,800,stranger,0.9043636814979376,3.0762293596743806,0.6980000000000004,1
4,105,30,120,800,stranger,-0.6402963685996351,3.0762293596743806,0.7870000000000004,2
4,106,30,120,800,stranger,1.0900903842200165,3.0762293596743806,0.7740000000000005,1
4,107,30,120,800,stranger,1.543828282140376,3.0762293596743806,0.6500000000000004,1
4,108,30,120,800,stranger,1.5467461730906786,3.0762293596743806,0.7790000000000004,1
4,109,30,120,800,stranger,2.7371453337288414,3.0762293596743806,0.8270000000000004,1
4,110,30,120,800,stranger,1.0050092133037882,3.0762293596743806,0.6570000000000004,1
4,111,30,120,800,stranger,0.5777752009101198,3.0762293596743806,0.7920000000000005,2
4,112,30,120,800,stranger,2.489907783361051,3.0762293596743806,0.7380000000000004,1
4,113,30,120,800,stranger,2.093654215220594,3.0762293596743806,0.4650000000000002,1
4,114,30,120,800,stranger,-0.9170582470376049,3.0762293596743806,0.8220000000000005,2
4,115,30,120,800,stranger,-0.16705278478265162,3.0762293596743806,0.6940000000000004,2
4,116,30,120,800,stranger,0.9978291267534044,3.0762293596743806,0.7590000000000003,1
4,117,30,120,800,stranger,0.6207080790703169,3.0762293596743806,0.6000000000000003,1
4,118,30,120,800,stranger,1.6293596214339865,3.0762293596743806,0.8020000000000005,1
4,119,30,120,800,stranger,2.172491891556294,3.0762293596743806,0.6120000000000003,1
4,120,30,120,800,stranger,0.17903854606384095,3.0762293596743806,0.7770000000000004,1
4,121,30,120,800,stranger,-0.9974661013979936,3.0762293596743806,0.7640000000000005,2
4,122,30,120,800,stranger,1.2048491287354648,3.0762293596743806,0.5800000000000003,1
4,123,30,120,800,stranger,2.3515084572310636,3.0762293596743806,0.7690000000000003,1
4,124,30,120,800,stranger,-2.1871876602076963,3.0762293596743806,0.7330000000000003,2
4,125,30,120,800,stranger,-0.5546366246831836,3.0762293596743806,0.6060000000000003,2
4,126,30,120,800,stranger,-1.0014778148839638,3.0762293596743806,0.7150000000000003,2
4,127,30,120,800,stranger,0.4096083202747391,3.0762293596743806,0.6100000000000003,2
4,128,30,120,800,stranger,1.9375295980192022,3.0762293596743806,0.5140000000000002,1
4,129,30,120,800,stranger,1.8051204175887205,3.0762293596743806,0.7760000000000005,1
4,130,30,120,800,stranger,-0.3108617503188196,3.0762293596743806,0.7170000000000003,2
4,1,30,120,800,self,2.097525829937428,3.0762293596743806,0.7840000000000005,1
4,2,30,120,800,self,2.1020784379519393,3.0762293596743806,0.7710000000000004,1
4,3,30,120,800,self,1.7679871940411154,3.0762293596743806,0.8140000000000005,1
4,4,30,120,800,self,3.43157210004127,3.0762293596743806,0.4780000000000002,1
4,5,30,120,800,self,2.104044725260849,3.0762293596743806,0.4950000000000002,1
4,6,30,120,800,self,3.569050241164012,3.0762293596743806,0.6880000000000004,1
4,7,30,120,800,self,2.7073188845794003,3.0762293596743806,0.8040000000000005,1
4,8,30,120,800,self,2.4291882035023638,3.0762293596743806,0.6080000000000003,1
4,9,30,120,800,self,3.172971175535863,3.0762293596743806,0.4810000000000002,1
4,10,30,120,800,self,2.3519087638294014,3.0762293596743806,0.6700000000000004,1
4,11,30,120,800,self,3.2894225257987797,3.0762293596743806,0.7610000000000003,1
4,12,30,120,800,self,1.241231036242965,3.0762293596743806,0.7640000000000005,1
4,13,30,120,800,self,2.144084633249609,3.0762293596743806,0.6790000000000004,1
4,14,30,120,800,self,4.322462915101001,3.0762293596743806,0.5250000000000002,1
4,15,30,120,800,self,1.456994916608817,3.0762293596743806,0.5340000000000003,1
4,16,30,120,800,self,3.8579600716960734,3.0762293596743806,0.5660000000000003,1
4,17,30,120,800,self,2.9024094584567006,3.0762293596743806,0.7330000000000003,1
4,18,30,120,800,self,2.661699477580578,3.0762293596743806,0.6670000000000004,1
4,19,30,120,800,self,2.5584565846071183,3.0762293596743806,0.6420000000000003,1
4,20,30,120,800,self,2.713006796478091,3.0762293596743806,0.8080000000000005,1
4,21,30,120,800,self,3.0255187195439137,3.0762293596743806,0.5510000000000003,1
4,22,30,120,800,self,2.728056111404372,3.0762293596743806,0.4480000000000002,1
4,23,30,120,800,self,1.2660903272696835,3.0762293596743806,0.4730000000000002,1
4,24,30,120,800,self,2.4602380988051387,3.0762293596743806,0.7490000000000003,1
4,25,30,120,800,self,2.8614694199955584,3.0762293596743806,0.6450000000000004,1
4,26,30,120,800,self,2.5857471578479236,3.0762293596743806,0.6860000000000004,1
4,27,30,120,800,self,2.3010751680333503,3.0762293596743806,0.4910000000000002,1
4,28,30,120,800,self,3.070259397200915,3.0762293596743806,0.7420000000000004,1
4,29,30,120,800,self,1.646851979667184,3.0762293596743806,0.7850000000000004,1
4,30,30,120,800,self,2.6909718954545316,3.0762293596743806,0.6740000000000004,1
4,31,30,120,800,self,3.82014563439206,3.0762293596743806,0.6220000000000003,1
4,32,30,120,800,self,4.348358274564505,3.0762293596743806,0.3700000000000001,1
4,33,30,120,800,self,3.8296393401593973,3.0762293596743806,0.4800000000000002,1
4,34,30,120,800,self,2.832259809966911,3.0762293596743806,0.7340000000000004,1
4,35,30,120,800,self,2.781220787375024,3.0762293596743806,0.7220000000000004,1
4,36,30,120,800,self,3.2808304563417083,3.0762293596743806,0.7070000000000003,1
4,37,30,120,800,self,1.599488531646448,3.0762293596743806,0.5680000000000003,1
4,38,30,120,800,self,3.2737276742447574,3.0762293596743806,0.4740000000000002,1
4,39,30,120,800,self,3.924068532606924,3.0762293596743806,0.5170000000000002,1
4,40,30,120,800,self,2.9166093128264943,3.0762293596743806,0.6130000000000003,1
4,41,30,120,800,self,0.9562519589974083,3.0762293596743806,0.5910000000000003,1
4,42,30,120,800,self,2.173025628569746,3.0762293596743806,0.5710000000000003,1
4,43,30,120,800,self,2.5133196405432283,3.0762293596743806,0.5650000000000003,1
4,44,30,120,800,self,3.307468582132844,3.0762293596743806,0.5470000000000003,1
4,45,30,120,800,self,4.392667062822479,3.0762293596743806,0.4970000000000002,1
4,46,30,120,800,self,3.2740619889904874,3.0762293596743806,0.5770000000000003,1
4,47,30,120,800,self,2.42402900651007,3.0762293596743806,0.5200000000000002,1
4,48,30,120,800,self,2.1467412426964207,3.0762293596743806,0.4920000000000002,1
4,49,30,120,800,self,2.5737358458705857,3.0762293596743806,0.6380000000000003,1
4,50,30,120,800,self,2.324149949758119,3.0762293596743806,0.6940000000000004,1
4,51,30,120,800,self,2.9863790713882943,3.0762293596743806,0.8150000000000004,1
4,52,30,120,800,self,4.128335762161084,3.0762293596743806,0.5070000000000002,1
4,53,30,120,800,self,2.3604903947746463,3.0762293596743806,0.8240000000000005,1
4,54,30,120,800,self,3.8771031939086167,3.0762293596743806,0.6650000000000004,1
4,55,30,120,800,self,1.791187938409144,3.0762293596743806,0.7830000000000004,1
4,56,30,120,800,self,2.532345808321608,3.0762293596743806,0.6910000000000004,1
4,57,30,120,800,self,4.106724272691587,3.0762293596743806,0.5470000000000003,1
4,58,30,120,800,self,2.651294263461697,3.0762293596743806,0.6320000000000003,1
4,59,30,120,800,self,4.344330255257858,3.0762293596743806,0.3500000000000001,1
4,60,30,120,800,self,3.814687725469194,3.0762293596743806,0.4930000000000002,1
4,61,30,120,800,self,2.774022455003863,3.0762293596743806,0.5430000000000003,1
4,62,30,120,800,self,2.385777128283288,3.0762293596743806,0.6510000000000004,1
4,63,30,120,800,self,2.3266310867444004,3.0762293596743806,0.6560000000000004,1
4,64,30,120,800,self,2.6378105564404324,3.0762293596743806,0.6080000000000003,1
4,65,30,120,800,self,2.7416795085128562,3.0762293596743806,0.6840000000000004,1
4,66,30,120,800,self,4.5413344147021455,3.0762293596743806,0.4850000000000002,1
4,67,30,120,800,self,3.7804624842953904,3.0762293596743806,0.4440000000000002,1
4,68,30,120,800,self,2.937771652300148,3.0762293596743806,0.6650000000000004,1
4,69,30,120,800,self,2.5338939496736828,3.0762293596743806,0.7010000000000003,1
4,70,30,120,800,self,3.0279481034237308,3.0762293596743806,0.5010000000000002,1
4,71,30,120,800,self,2.1913045645534894,3.0762293596743806,0.7800000000000005,1
4,72,30,120,800,self,3.289964989162897,3.0762293596743806,0.7970000000000004,1
4,73,30,120,800,self,3.4403677286084156,3.0762293596743806,0.8300000000000005,1
4,74,30,120,800,self,2.5141443103529015,3.0762293596743806,0.8210000000000004,1
4,75,30,120,800,self,1.856760035726393,3.0762293596743806,0.6960000000000004,1
4,76,30,120,800,self,3.9845850237120546,3.0762293596743806,0.6460000000000004,1
4,77,30,120,800,self,2.196905665995746,3.0762293596743806,0.42000000000000015,1
4,78,30,120,800,self,7.521942519704333,3.0762293596743806,0.32500000000000007,1
4,79,30,120,800,self,1.7941832497198393,3.0762293596743806,0.5020000000000002,1
4,80,30,120,800,self,1.0271015203590568,3.0762293596743806,0.7040000000000004,1
4,81,30,120,800,self,2.082774859061191,3.0762293596743806,0.5920000000000003,1
4,82,30,120,800,self,1.61498186218157,3.0762293596743806,0.6730000000000004,1
4,83,30,120,800,self,2.326044458564686,3.0762293596743806,0.5130000000000002,1
4,84,30,120,800,self,4.043074209953786,3.0762293596743806,0.44300000000000017,1
4,85,30,120,800,self,2.5613764135151516,3.0762293596743806,0.6560000000000004,1
4,86,30,120,800,self,1.9044187523255554,3.0762293596743806,0.3350000000000001,1
4,87,30,120,800,self,1.9825710632757565,3.0762293596743806,0.6200000000000003,1
4,88,30,120,800,self,3.7658253155090287,3.0762293596743806,0.6820000000000004,1
4,89,30,120,800,self,3.193716039442768,3.0762293596743806,0.43600000000000017,1
4,90,30,120,800,self,2.301616021753487,3.0762293596743806,0.7400000000000004,1
4,91,30,120,800,self,2.744111609891363,3.0762293596743806,0.4750000000000002,1
4,92,30,120,800,self,2.613253420121974,3.0762293596743806,0.7080000000000004,1
4,93,30,120,800,self,1.9462397146033679,3.0762293596743806,0.5420000000000003,1
4,94,30,120,800,self,3.8977129428697053,3.0762293596743806,0.4670000000000002,1
4,95,30,120,800,self,2.8813061326190477,3.0762293596743806,0.7360000000000004,1
4,96,30,120,800,self,2.1800012998938185,3.0762293596743806,0.6450000000000004,1
4,97,30,120,800,self,4.106530039108571,3.0762293596743806,0.5070000000000002,1
4,98,30,120,800,self,1.5173211483323312,3.0762293596743806,0.7700000000000005,1
4,99,30,120,800,self,2.9385258000225556,3.0762293596743806,0.3880000000000001,1
4,100,30,120,800,self,2.402205386045152,3.0762293596743806,0.5600000000000003,1
4,101,30,120,800,self,2.359424605011743,3.0762293596743806,0.5090000000000002,1
4,102,30,120,800,self,3.29529582256669,3.0762293596743806,0.43700000000000017,1
4,103,30,120,800,self,3.803016316439857,3.0762293596743806,0.7090000000000003,1
4,104,30,120,800,self,3.10695276865476,3.0762293596743806,0.6730000000000004,1
4,105,30,120,800,self,3.1465786812457543,3.0762293596743806,0.6020000000000003,1
4,106,30,120,800,self,1.614749429181333,3.0762293596743806,0.4840000000000002,1
4,107,30,120,800,self,2.417145988136107,3.0762293596743806,0.7880000000000005,1
4,108,30,120,800,self,2.9200110406074895,3.0762293596743806,0.5030000000000002,1
4,109,30,120,800,self,2.3413352877896894,3.0762293596743806,0.5890000000000003,1
4,110,30,120,800,self,3.2595326389624457,3.0762293596743806,0.5420000000000003,1
4,111,30,120,800,self,0.9658390280311682,3.0762293596743806,0.6010000000000003,1
4,112,30,120,800,self,1.2280292256377272,3.0762293596743806,0.6570000000000004,1
4,113,30,120,800,self,3.2694437592760734,3.0762293596743806,0.5970000000000003,1
4,114,30,120,800,self,2.3308027534992237,3.0762293596743806,0.7160000000000004,1
4,115,30,120,800,self,3.510186355929018,3.0762293596743806,0.4740000000000002,1
4,116,30,120,800,self,4.0425453906666515,3.0762293596743806,0.4680000000000002,1
4,117,30,120,800,self,3.457166454532164,3.0762293596743806,0.4660000000000002,1
4,118,30,120,800,self,3.180802516535772,3.0762293596743806,0.5490000000000003,1
4,119,30,120,800,self,2.3851246748485515,3.0762293596743806,0.6620000000000004,1
4,120,30,120,800,self,4.029308324098295,3.0762293596743806,0.6850000000000004,1
4,121,30,120,800,self,2.7332857780448196,3.0762293596743806,0.6690000000000004,1
4,122,30,120,800,self,2.3126218932734552,3.0762293596743806,0.4680000000000002,1
4,123,30,120,800,self,3.2335402490555465,3.0762293596743806,0.6540000000000004,1
4,124,30,120,800,self,2.611981145797296,3.0762293596743806,0.6960000000000004,1
4,125,30,120,800,self,2.7523431260355666,3.0762293596743806,0.6570000000000004,1
4,126,30,120,800,self,1.6091569966118282,3.0762293596743806,0.6270000000000003,1
4,127,30,120,800,self,4.066566776588364,3.0762293596743806,0.7450000000000003,1
4,128,30,120,800,self,3.305934512990251,3.0762293596743806,0.5330000000000003,1
4,129,30,120,800,self,3.3849259567571024,3.0762293596743806,0.4800000000000002,1
4,130,30,120,800,self,3.5392889703246913,3.0762293596743806,0.7610000000000003,1
5,1,30,120,800,stranger,2.6559857139012633,3.287897467157986,0.7560000000000004,1
5,2,30,120,800,stranger,2.598801997082415,3.287897467157986,0.8070000000000004,1
5,3,30,120,800,stranger,1.4865208739370412,3.287897467157986,0.6950000000000004,1
5,4,30,120,800,stranger,0.17160412771877354,3.287897467157986,0.40700000000000014,1
5,5,30,120,800,stranger,3.5124396503561663,3.287897467157986,0.6940000000000004,1
5,6,30,120,800,stranger,0.17136565007801957,3.287897467157986,0.6620000000000004,1
5,7,30,120,800,stranger,1.7261488024188338,3.287897467157986,0.7410000000000003,1
5,8,30,120,800,stranger,-0.05128706076332845,3.287897467157986,0.5460000000000003,2
5,9,30,120,800,stranger,1.6889802139479206,3.287897467157986,0.8080000000000005,1
5,10,30,120,800,stranger,0.029465554753586143,3.287897467157986,0.7200000000000004,1
5,11,30,120,800,stranger,1.4849797372415572,3.287897467157986,0.7200000000000004,1
5,12,30,120,800,stranger,1.9804007892834457,3.287897467157986,0.7830000000000004,1
5,13,30,120,800,stranger,1.8956055342528204,3.287897467157986,0.7210000000000003,1
5,14,30,120,800,stranger,-0.0402703863279682,3.287897467157986,0.8160000000000005,1
5,15,30,120,800,stranger,-2.5168940976132395,3.287897467157986,0.8040000000000005,2
5,16,30,120,800,stranger,1.0575187800705361,3.287897467157986,0.7490000000000003,2
5,17,30,120,800,stranger,-1.3475571030223459,3.287897467157986,0.8130000000000004,2
5,18,30,120,800,stranger,1.4258668556700402,3.287897467157986,0.6680000000000004,1
5,19,30,120,800,stranger,0.15917425785086187,3.287897467157986,0.6310000000000003,1
5,20,30,120,800,stranger,1.9814893752953706,3.287897467157986,0.5580000000000003,1
5,21,30,120,800,stranger,-0.6189693813834612,3.287897467157986,0.8000000000000005,2
5,22,30,120,800,stranger,-0.5214590788905898,3.287897467157986,0.7410000000000003,2
5,23,30,120,800,stranger,-0.665526959633835,3.287897467157986,0.6760000000000004,2
5,24,30,120,800,stranger,1.3182829425908549,3.287897467157986,0.7860000000000005,1
5,25,30,120,800,stranger,0.19965601125165233,3.287897467157986,0.6960000000000004,2
5,26,30,120,800,stranger,1.7441009796056202,3.287897467157986,0.7810000000000004,1
5,27,30,120,800,stranger,-0.8353788947307071,3.287897467157986,0.5180000000000002,2
5,28,30,120,800,stranger,2.410315354464704,3.287897467157986,0.6610000000000004,1
5,29,30,120,800,stranger,1.8567864269206682,3.287897467157986,0.5250000000000002,1
5,30,30,120,800,stranger,0.37689423525436716,3.287897467157986,0.42700000000000016,1
5,31,30,120,800,stranger,2.412226554196743,3.287897467157986,0.44200000000000017,1
5,32,30,120,800,stranger,2.0367527424075336,3.287897467157986,0.6360000000000003,1
5,33,30,120,800,stranger,1.4085664141367447,3.287897467157986,0.3640000000000001,1
5,34,30,120,800,stranger,-1.8695132749705947,3.287897467157986,0.6340000000000003,2
5,35,30,120,800,stranger,0.5908840822852096,3.287897467157986,0.7480000000000004,2
5,36,30,120,800,stranger,0.6854447877642604,3.287897467157986,0.7290000000000003,2
5,37,30,120,800,stranger,-0.05255091519884836,3.287897467157986,0.7280000000000004,2
5,38,30,120,800,stranger,2.4409192078188826,3.287897467157986,0.5600000000000003,1
5,39,30,120,800,stranger,-1.7994501325999601,3.287897467157986,0.6700000000000004,2
5,40,30,120,800,stranger,3.410867432710213,3.287897467157986,0.7190000000000003,1
5,41,30,120,800,stranger,1.9846163436682933,3.287897467157986,0.5580000000000003,1
5,42,30,120,800,stranger,0.6771844423467218,3.287897467157986,0.6140000000000003,1
5,43,30,120,800,stranger,2.6475322520858082,3.287897467157986,0.6660000000000004,1
5,44,30,120,800,stranger,2.977283419736114,3.287897467157986,0.4690000000000002,1
5,45,30,120,800,stranger,1.5579123104855959,3.287897467157986,0.6490000000000004,1
5,46,30,120,800,stranger,1.055951819200344,3.287897467157986,0.7610000000000003,1
5,47,30,120,800,stranger,1.3355202387180016,3.287897467157986,0.7640000000000005,1
5,48,30,120,800,stranger,1.409629443050525,3.287897467157986,0.6550000000000004,1
5,49,30,120,800,stranger,2.277031694391786,3.287897467157986,0.8040000000000005,1
5,50,30,120,800,stranger,2.0340919232400347,3.287897467157986,0.6250000000000003,1
5,51,30,120,800,stranger,1.4402615600557371,3.287897467157986,0.5500000000000003,1
5,52,30,120,800,stranger,0.5471610648319691,3.287897467157986,0.7810000000000004,1
5,53,30,120,800,stranger,-0.3600895624884276,3.287897467157986,0.6180000000000003,2
5,54,30,120,800,stranger,-1.4912456968656707,3.287897467157986,0.6380000000000003,2
5,55,30,120,800,stranger,0.2568441410543388,3.287897467157986,0.6160000000000003,1
5,56,30,120,800,stranger,1.4091678633814873,3.287897467157986,0.6640000000000004,1
5,57,30,120,800,stranger,1.2779566097481128,3.287897467157986,0.5070000000000002,1
5,58,30,120,800,stranger,4.321381702492769,3.287897467157986,0.6350000000000003,1
5,59,30,120,800,stranger,2.6960594697137683,3.287897467157986,0.6010000000000003,1
5,60,30,120,800,stranger,1.4918326794580312,3.287897467157986,0.7620000000000005,1
5,61,30,120,800,stranger,2.5295714552503266,3.287897467157986,0.7030000000000003,1
5,62,30,120,800,stranger,2.0312683231864086,3.287897467157986,0.7690000000000003,1
5,63,30,120,800,stranger,1.8263766631166685,3.287897467157986,0.7400000000000004,1
5,64,30,120,800,stranger,0.268740199261915,3.287897467157986,0.7850000000000004,2
5,65,30,120,800,stranger,2.139519590088803,3.287897467157986,0.7680000000000005,1
5,66,30,120,800,stranger,-1.642596268018298,3.287897467157986,0.8020000000000005,2
5,67,30,120,800,stranger,2.4311279708022604,3.287897467157986,0.7030000000000003,1
5,68,30,120,800,stranger,-1.394726371837852,3.287897467157986,0.7810000000000004,2
5,69,30,120,800,stranger,0.5120094405592251,3.287897467157986,0.7270000000000003,2
5,70,30,120,800,stranger,-0.07449983949108263,3.287897467157986,0.8080000000000005,2
5,71,30,120,800,stranger,1.9744773788014536,3.287897467157986,0.7220000000000004,1
5,72,30,120,800,stranger,1.5688886048457138,3.287897467157986,0.5110000000000002,1
5,73,30,120,800,stranger,1.743710768529081,3.287897467157986,0.6320000000000003,1
5,74,30,120,800,stranger,0.8321202829549782,3.287897467157986,0.4560000000000002,1
5,75,30,120,800,stranger,-0.9779143846201493,3.287897467157986,0.8190000000000004,1
5,76,30,120,800,stranger,0.6435530237100225,3.287897467157986,0.6500000000000004,2
5,77,30,120,800,stranger,2.1825561270275644,3.287897467157986,0.5950000000000003,1
5,78,30,120,800,stranger,3.781227035063448,3.287897467157986,0.6930000000000004,1
5,79,30,120,800,stranger,1.6672618323951807,3.287897467157986,0.6140000000000003,1
5,80,30,120,800,stranger,-0.7846839971678617,3.287897467157986,0.6910000000000004,2
5,81,30,120,800,stranger,2.623454564099391,3.287897467157986,0.5760000000000003,1
5,82,30,120,800,stranger,1.7057878658231673,3.287897467157986,0.7390000000000003,1
5,83,30,120,800,stranger,2.286514669897771,3.287897467157986,0.5400000000000003,1
5,84,30,120,800,stranger,0.8577625895345404,3.287897467157986,0.8060000000000005,1
5,85,30,120,800,stranger,2.2078318395708454,3.287897467157986,0.8220000000000005,1
5,86,30,120,800,stranger,0.9161017784779938,3.287897467157986,0.8100000000000005,1
5,87,30,120,800,stranger,0.45409984115338914,3.287897467157986,0.4690000000000002,1
5,88,30,120,800,stranger,1.0114368244777991,3.287897467157986,0.6140000000000003,1
5,89,30,120,800,stranger,-0.22272882585454834,3.287897467157986,0.5490000000000003,2
5,90,30,120,800,stranger,3.3142939253893853,3.287897467157986,0.7960000000000005,1
5,91,30,120,800,stranger,-1.1204993196160835,3.287897467157986,0.7380000000000004,2
5,92,30,120,800,stranger,1.3590953901099894,3.287897467157986,0.6350000000000003,1
5,93,30,120,800,stranger,0.8022153453071319,3.287897467157986,0.7780000000000005,1
5,94,30,120,800,stranger,-0.7541994379855809,3.287897467157986,0.8010000000000004,2
5,95,30,120,800,stranger,0.5807933051974351,3.287897467157986,0.7410000000000003,1
5,96,30,120,800,stranger,3.1914155859003563,3.287897467157986,0.6570000000000004,1
5,97,30,120,800,stranger,0.019308079337761686,3.287897467157986,0.5560000000000003,1
5,98,30,120,800,stranger,0.40179075484266824,3.287897467157986,0.8070000000000004,2
5,99,30,120,800,stranger,2.6462026632880793,3.287897467157986,0.6930000000000004,1
5,100,30,120,800,stranger,-0.19352060597449805,3.287897467157986,0.5760000000000003,1
5,101,30,120,800,stranger,-0.001425435111769735,3.287897467157986,0.5770000000000003,2
5,102,30,120,800,stranger,2.7131139139389435,3.287897467157986,0.6810000000000004,1
5,103,30,120,800,stranger,0.991539361742949,3.287897467157986,0.5740000000000003,1
5,104,30,120,800,stranger,1.370180364116644,3.287897467157986,0.7010000000000003,1
5,105,30,120,800,stranger,0.2855791945844891,3.287897467157986,0.5700000000000003,1
5,106,30,120,800,stranger,0.36063989232613003,3.287897467157986,0.7780000000000005,1
5,107,30,120,800,stranger,1.0674623317182081,3.287897467157986,0.5030000000000002,1
5,108,30,120,800,stranger,0.5930073134261634,3.287897467157986,0.6290000000000003,2
5,109,30,120,800,stranger,1.4921827610846026,3.287897467157986,0.8030000000000004,1
5,110,30,120,800,stranger,1.4127226147202432,3.287897467157986,0.6530000000000004,1
5,111,30,120,800,stranger,1.7535818877282314,3.287897467157986,0.6820000000000004,1
5,112,30,120,800,stranger,1.4488061538961485,3.287897467157986,0.6850000000000004,1
5,113,30,120,800,stranger,-1.089650182887456,3.287897467157986,0.7900000000000005,2
5,114,30,120,800,stranger,0.7748510258113954,3.287897467157986,0.8260000000000005,2
5,115,30,120,800,stranger,1.0071159106742626,3.287897467157986,0.5820000000000003,1
5,116,30,120,800,stranger,1.7422337019809864,3.287897467157986,0.8190000000000004,1
5,117,30,120,800,stranger,1.640506905881634,3.287897467157986,0.6940000000000004,1
5,118,30,120,800,stranger,-2.5705404309229114,3.287897467157986,0.4970000000000002,2
5,119,30,120,800,stranger,1.680090936383797,3.287897467157986,0.6650000000000004,1
5,120,30,120,800,stranger,1.1405332010188443,3.287897467157986,0.5350000000000003,1
5,121,30,120,800,stranger,2.835149627530799,3.287897467157986,0.5560000000000003,1
5,122,30,120,800,stranger,-0.9462501154520241,3.287897467157986,0.5520000000000003,2
5,123,30,120,800,stranger,-1.641205908284233,3.287897467157986,0.5240000000000002,2
5,124,30,120,800,stranger,-0.6981035260716691,3.287897467157986,0.7090000000000003,2
5,125,30,120,800,stranger,-1.3131729495200792,3.287897467157986,0.7510000000000003,2
5,126,30,120,800,stranger,0.17492559215136055,3.287897467157986,0.6510000000000004,1
5,127,30,120,800,stranger,2.2724405939545083,3.287897467157986,0.8210000000000004,1
5,128,30,120,800,stranger,1.3759618998928922,3.287897467157986,0.6850000000000004,1
5,129,30,120,800,stranger,1.4321567220577884,3.287897467157986,0.6460000000000004,1
5,130,30,120,800,stranger,1.0427385399231568,3.287897467157986,0.5000000000000002,1
5,1,30,120,800,self,2.162884536413101,3.287897467157986,0.7470000000000003,1
5,2,30,120,800,self,3.077673412049173,3.287897467157986,0.6880000000000004,1
5,3,30,120,800,self,2.058988600380616,3.287897467157986,0.7620000000000005,1
5,4,30,120,800,self,2.8093518270818647,3.287897467157986,0.6640000000000004,1
5,5,30,120,800,self,1.8357739643227524,3.287897467157986,0.6690000000000004,1
5,6,30,120,800,self,2.6569357517651717,3.287897467157986,0.6270000000000003,1
5,7,30,120,800,self,1.5387230947789587,3.287897467157986,0.5490000000000003,1
5,8,30,120,800,self,1.6826665230876543,3.287897467157986,0.7430000000000003,1
5,9,30,120,800,self,3.4783647840554783,3.287897467157986,0.4540000000000002,1
5,10,30,120,800,self,3.374662971877021,3.287897467157986,0.6040000000000003,1
5,11,30,120,800,self,2.9847600380975257,3.287897467157986,0.6450000000000004,1
5,12,30,120,800,self,2.68604912783878,3.287897467157986,0.7010000000000003,1
5,13,30,120,800,self,1.951031835487191,3.287897467157986,0.8190000000000004,1
5,14,30,120,800,self,1.6150914682553776,3.287897467157986,0.7750000000000004,1
5,15,30,120,800,self,2.732795490578076,3.287897467157986,0.5530000000000003,1
5,16,30,120,800,self,1.9693891824486232,3.287897467157986,0.5560000000000003,1
5,17,30,120,800,self,2.1898938008501103,3.287897467157986,0.6140000000000003,1
5,18,30,120,800,self,2.5710348139140593,3.287897467157986,0.4440000000000002,1
5,19,30,120,800,self,2.6651418325331564,3.287897467157986,0.6300000000000003,1
5,20,30,120,800,self,2.6876196390990605,3.287897467157986,0.7730000000000004,1
5,21,30,120,800,self,3.4428807875782863,3.287897467157986,0.5390000000000003,1
5,22,30,120,800,self,2.6945056049623073,3.287897467157986,0.3650000000000001,1
5,23,30,120,800,self,3.3967641191955797,3.287897467157986,0.5430000000000003,1
5,24,30,120,800,self,2.614984036774935,3.287897467157986,0.7890000000000004,1
5,25,30,120,800,self,3.08087041281334,3.287897467157986,0.7030000000000003,1
5,26,30,120,800,self,3.0102880146240647,3.287897467157986,0.6610000000000004,1
5,27,30,120,800,self,2.1176663203761916,3.287897467157986,0.6770000000000004,1
5,28,30,120,800,self,1.8696415803198434,3.287897467157986,0.6940000000000004,1
5,29,30,120,800,self,2.36043923805223,3.287897467157986,0.8070000000000004,1
5,30,30,120,800,self,0.7809233290943529,3.287897467157986,0.5680000000000003,1
5,31,30,120,800,self,4.213611432077039,3.287897467157986,0.7090000000000003,1
5,32,30,120,800,self,1.6080581477490703,3.287897467157986,0.6450000000000004,1
5,33,30,120,800,self,2.5896664592221343,3.287897467157986,0.8270000000000004,1
5,34,30,120,800,self,3.9933888555199433,3.287897467157986,0.8130000000000004,1
5,35,30,120,800,self,4.113526851797904,3.287897467157986,0.7140000000000004,1
5,36,30,120,800,self,2.640119097811459,3.287897467157986,0.6320000000000003,1
5,37,30,120,800,self,3.963257174965122,3.287897467157986,0.5320000000000003,1
5,38,30,120,800,self,1.577056481430958,3.287897467157986,0.7220000000000004,1
5,39,30,120,800,self,2.144411747160416,3.287897467157986,0.7240000000000004,1
5,40,30,120,800,self,2.655976092022709,3.287897467157986,0.7990000000000004,1
5,41,30,120,800,self,1.5608116066247566,3.287897467157986,0.6220000000000003,1
5,42,30,120,800,self,2.324455896201395,3.287897467157986,0.7670000000000003,1
5,43,30,120,800,self,3.400460307094885,3.287897467157986,0.5990000000000003,1
5,44,30,120,800,self,1.1198135880972424,3.287897467157986,0.7140000000000004,1
5,45,30,120,800,self,4.635619355433281,3.287897467157986,0.3410000000000001,1
5,46,30,120,800,self,4.277785434274818,3.287897467157986,0.5240000000000002,1
5,47,30,120,800,self,3.237944669656561,3.287897467157986,0.5730000000000003,1
5,48,30,120,800,self,3.216656159689093,3.287897467157986,0.6300000000000003,1
5,49,30,120,800,self,3.0421009930131593,3.287897467157986,0.5330000000000003,1
5,50,30,120,800,self,2.8157090510059177,3.287897467157986,0.8180000000000005,1
5,51,30,120,800,self,1.4517764461926783,3.287897467157986,0.7260000000000004,1
5,52,30,120,800,self,3.2926634398844725,3.287897467157986,0.7210000000000003,1
5,53,30,120,800,self,3.1860856313316894,3.287897467157986,0.7140000000000004,1
5,54,30,120,800,self,3.0402066347935257,3.287897467157986,0.4930000000000002,1
5,55,30,120,800,self,2.8359888813006755,3.287897467157986,0.5040000000000002,1
5,56,30,120,800,self,3.078347757459578,3.287897467157986,0.6510000000000004,1
5,57,30,120,800,self,2.5676668689476903,3.287897467157986,0.5110000000000002,1
5,58,30,120,800,self,2.2695024586431183,3.287897467157986,0.5990000000000003,1
5,59,30,120,800,self,3.911536502625462,3.287897467157986,0.8020000000000005,1
5,60,30,120,800,self,1.023805446270123,3.287897467157986,0.6290000000000003,1
5,61,30,120,800,self,1.7125266269370913,3.287897467157986,0.6580000000000004,1
5,62,30,120,800,self,3.14629350361344,3.287897467157986,0.5930000000000003,1
5,63,30,120,800,self,3.193042535921136,3.287897467157986,0.7370000000000003,1
5,64,30,120,800,self,4.531470070821925,3.287897467157986,0.4500000000000002,1
5,65,30,120,800,self,3.014645722770184,3.287897467157986,0.5700000000000003,1
5,66,30,120,800,self,2.8089265788149986,3.287897467157986,0.5900000000000003,1
5,67,30,120,800,self,3.8434673346581225,3.287897467157986,0.6060000000000003,1
5,68,30,120,800,self,2.3087190550559766,3.287897467157986,0.7920000000000005,1
5,69,30,120,800,self,2.8693720439881703,3.287897467157986,0.3510000000000001,1
5,70,30,120,800,self,1.9066113226924095,3.287897467157986,0.7540000000000004,1
5,71,30,120,800,self,2.4067686241449078,3.287897467157986,0.7460000000000004,1
5,72,30,120,800,self,3.0980167106328915,3.287897467157986,0.8230000000000004,1
5,73,30,120,800,self,1.1811549033949513,3.287897467157986,0.7640000000000005,2
5,74,30,120,800,self,2.3396485356955403,3.287897467157986,0.7210000000000003,1
5,75,30,120,800,self,3.2310416003506743,3.287897467157986,0.5080000000000002,1
5,76,30,120,800,self,3.1571444771303057,3.287897467157986,0.6660000000000004,1
5,77,30,120,800,self,2.199724984151261,3.287897467157986,0.7930000000000004,1
5,78,30,120,800,self,2.239463027607573,3.287897467157986,0.6830000000000004,1
5,79,30,120,800,self,3.5266881151314022,3.287897467157986,0.6500000000000004,1
5,80,30,120,800,self,3.0334450139898324,3.287897467157986,0.5990000000000003,1
5,81,30,120,800,self,4.670207959860486,3.287897467157986,0.43600000000000017,1
5,82,30,120,800,self,2.883194098541794,3.287897467157986,0.7270000000000003,1
5,83,30,120,800,self,1.0620802572804615,3.287897467157986,0.5650000000000003,1
5,84,30,120,800,self,4.132559653589036,3.287897467157986,0.4780000000000002,1
5,85,30,120,800,self,3.6523110577472155,3.287897467157986,0.7360000000000004,1
5,86,30,120,800,self,3.4828490691912695,3.287897467157986,0.6180000000000003,1
5,87,30,120,800,self,3.5026430987416983,3.287897467157986,0.41100000000000014,1
5,88,30,120,800,self,3.4425886085403055,3.287897467157986,0.6020000000000003,1
5,89,30,120,800,self,2.891256802558101,3.287897467157986,0.7690000000000003,1
5,90,30,120,800,self,2.8064673715598447,3.287897467157986,0.6350000000000003,1
5,91,30,120,800,self,4.329605276246444,3.287897467157986,0.6140000000000003,1
5,92,30,120,800,self,2.4163984143428627,3.287897467157986,0.5100000000000002,1
5,93,30,120,800,self,5.2157317017488785,3.287897467157986,0.3810000000000001,1
5,94,30,120,800,self,0.014178950437227833,3.287897467157986,0.7370000000000003,1
5,95,30,120,800,self,2.1203185239577422,3.287897467157986,0.6150000000000003,1
5,96,30,120,800,self,1.6627650301967916,3.287897467157986,0.8260000000000005,1
5,97,30,120,800,self,2.685879211445073,3.287897467157986,0.4770000000000002,1
5,98,30,120,800,self,2.6643645545147936,3.287897467157986,0.8190000000000004,1
5,99,30,120,800,self,3.4885616714036747,3.287897467157986,0.5670000000000003,1
5,100,30,120,800,self,3.7152132977937478,3.287897467157986,0.5530000000000003,1
5,101,30,120,800,self,3.6381359247331213,3.287897467157986,0.42300000000000015,1
5,102,30,120,800,self,4.56178075624117,3.287897467157986,0.4830000000000002,1
5,103,30,120,800,self,2.935239665282858,3.287897467157986,0.6710000000000004,1
5,104,30,120,800,self,4.843658514219026,3.287897467157986,0.6540000000000004,1
5,105,30,120,800,self,4.3116598152588805,3.287897467157986,0.5170000000000002,1
5,106,30,120,800,self,2.4048083725029046,3.287897467157986,0.7580000000000005,1
5,107,30,120,800,self,2.793698425621409,3.287897467157986,0.7600000000000005,1
5,108,30,120,800,self,1.8314785072213982,3.287897467157986,0.7670000000000003,1
5,109,30,120,800,self,2.615178169191903,3.287897467157986,0.4860000000000002,1
5,110,30,120,800,self,2.2111952239987156,3.287897467157986,0.7780000000000005,1
5,111,30,120,800,self,3.3120067538297517,3.287897467157986,0.6790000000000004,1
5,112,30,120,800,self,4.461878869980052,3.287897467157986,0.4490000000000002,1
5,113,30,120,800,self,2.4104575192014193,3.287897467157986,0.5650000000000003,1
5,114,30,120,800,self,2.7928903688166273,3.287897467157986,0.7450000000000003,1
5,115,30,120,800,self,3.1272862726252475,3.287897467157986,0.6750000000000004,1
5,116,30,120,800,self,3.436971724975785,3.287897467157986,0.5500000000000003,1
5,117,30,120,800,self,5.944886775229035,3.287897467157986,0.4900000000000002,1
5,118,30,120,800,self,2.1666265465346997,3.287897467157986,0.7830000000000004,1
5,119,30,120,800,self,2.229093418627542,3.287897467157986,0.5690000000000003,1
5,120,30,120,800,self,4.113635542871847,3.287897467157986,0.5540000000000003,1
5,121,30,120,800,self,1.9868042817890963,3.287897467157986,0.6420000000000003,1
5,122,30,120,800,self,3.7168708959614487,3.287897467157986,0.5540000000000003,1
5,123,30,120,800,self,4.601554868268771,3.287897467157986,0.4560000000000002,1
5,124,30,120,800,self,2.2536064477000424,3.287897467157986,0.6150000000000003,1
5,125,30,120,800,self,2.6927470613423847,3.287897467157986,0.7060000000000004,1
5,126,30,120,800,self,3.972083799271781,3.287897467157986,0.5940000000000003,1
5,127,30,120,800,self,2.6983500349518446,3.287897467157986,0.8030000000000004,1
5,128,30,120,800,self,3.070686055629169,3.287897467157986,0.7260000000000004,1
5,129,30,120,800,self,2.7385451651013875,3.287897467157986,0.7580000000000005,1
5,130,30,120,800,self,2.4477613254961987,3.287897467157986,0.6200000000000003,1
6,1,30,120,800,stranger,2.429725495759101,3.181595437396549,0.6610000000000004,1
6,2,30,120,800,stranger,-1.216873204061098,3.181595437396549,0.8280000000000005,2
6,3,30,120,800,stranger,1.5965024361165705,3.181595437396549,0.6090000000000003,1
6,4,30,120,800,stranger,2.8164082567590207,3.181595437396549,0.8010000000000004,1
6,5,30,120,800,stranger,1.794297182399704,3.181595437396549,0.5100000000000002,1
6,6,30,120,800,stranger,-0.3804821726536771,3.181595437396549,0.6870000000000004,2
6,7,30,120,800,stranger,0.6749661598779478,3.181595437396549,0.8180000000000005,1
6,8,30,120,800,stranger,-0.9816619651021231,3.181595437396549,0.7030000000000003,2
6,9,30,120,800,stranger,0.5650873647323054,3.181595437396549,0.6110000000000003,2
6,10,30,120,800,stranger,0.9656338690812423,3.181595437396549,0.5260000000000002,1
6,11,30,120,800,stranger,0.6250491524100785,3.181595437396549,0.6350000000000003,1
6,12,30,120,800,stranger,-0.8575140402664704,3.181595437396549,0.5620000000000003,2
6,13,30,120,800,stranger,1.8379285013061333,3.181595437396549,0.5630000000000003,1
6,14,30,120,800,stranger,2.411656227034915,3.181595437396549,0.5140000000000002,1
6,15,30,120,800,stranger,1.5909564614951763,3.181595437396549,0.7210000000000003,1
6,16,30,120,800,stranger,1.7356871308286927,3.181595437396549,0.5390000000000003,1
6,17,30,120,800,stranger,2.221325706169459,3.181595437396549,0.5800000000000003,1
6,18,30,120,800,stranger,2.67971308561583,3.181595437396549,0.6090000000000003,1
6,19,30,120,800,stranger,1.5218213895160222,3.181595437396549,0.8040000000000005,1
6,20,30,120,800,stranger,3.90198416914242,3.181595437396549,0.5400000000000003,1
6,21,30,120,800,stranger,-0.6797974754243935,3.181595437396549,0.5360000000000003,2
6,22,30,120,800,stranger,-0.478434609241024,3.181595437396549,0.5880000000000003,2
6,23,30,120,800,stranger,1.375132825928856,3.181595437396549,0.7140000000000004,1
6,24,30,120,800,stranger,1.41749787573037,3.181595437396549,0.5540000000000003,1
6,25,30,120,800,stranger,1.0293794394929365,3.181595437396549,0.7230000000000003,1
6,26,30,120,800,stranger,1.9948572772284687,3.181595437396549,0.7920000000000005,1
6,27,30,120,800,stranger,-0.10200006128351469,3.181595437396549,0.5930000000000003,1
6,28,30,120,800,stranger,1.9242860477062345,3.181595437396549,0.5800000000000003,1
6,29,30,120,800,stranger,2.007325155315287,3.181595437396549,0.8100000000000005,1
6,30,30,120,800,stranger,1.186025655519782,3.181595437396549,0.6960000000000004,1
6,31,30,120,800,stranger,0.9786328592724853,3.181595437396549,0.6400000000000003,1
6,32,30,120,800,stranger,1.7372271480979826,3.181595437396549,0.4530000000000002,1
6,33,30,120,800,stranger,1.3444420670950779,3.181595437396549,0.6670000000000004,1
6,34,30,120,800,stranger,2.110195714482532,3.181595437396549,0.7200000000000004,1
6,35,30,120,800,stranger,-0.23313936533046764,3.181595437396549,0.5930000000000003,2
6,36,30,120,800,stranger,1.3121226459917241,3.181595437396549,0.44300000000000017,1
6,37,30,120,800,stranger,1.880983916468277,3.181595437396549,0.6530000000000004,1
6,38,30,120,800,stranger,2.0876075736862236,3.181595437396549,0.5870000000000003,1
6,39,30,120,800,stranger,2.9704106472952567,3.181595437396549,0.6910000000000004,1
6,40,30,120,800,stranger,1.6885096662787755,3.181595437396549,0.6680000000000004,1
6,41,30,120,800,stranger,1.2935225831162742,3.181595437396549,0.6710000000000004,1
6,42,30,120,800,stranger,0.3749898343327097,3.181595437396549,0.4700000000000002,1
6,43,30,120,800,stranger,0.9817876176367035,3.181595437396549,0.5110000000000002,1
6,44,30,120,800,stranger,1.9152761958941196,3.181595437396549,0.5460000000000003,1
6,45,30,120,800,stranger,1.893692235598793,3.181595437396549,0.6650000000000004,1
6,46,30,120,800,stranger,0.536958496616153,3.181595437396549,0.6290000000000003,1
6,47,30,120,800,stranger,1.3722505658658917,3.181595437396549,0.7990000000000004,1
6,48,30,120,800,stranger,2.963360805201225,3.181595437396549,0.6770000000000004,1
6,49,30,120,800,stranger,-2.270299955789416,3.181595437396549,0.6510000000000004,2
6,50,30,120,800,stranger,1.973966907790376,3.181595437396549,0.7360000000000004,1
6,51,30,120,800,stranger,2.219909214984856,3.181595437396549,0.7800000000000005,1
6,52,30,120,800,stranger,0.6631883334734938,3.181595437396549,0.6020000000000003,1
6,53,30,120,800,stranger,2.3081777256966127,3.181595437396549,0.8110000000000004,1
6,54,30,120,800,stranger,1.0630872663237467,3.181595437396549,0.6140000000000003,1
6,55,30,120,800,stranger,1.6322889137089769,3.181595437396549,0.4700000000000002,1
6,56,30,120,800,stranger,-0.6019693641271314,3.181595437396549,0.7930000000000004,2
6,57,30,120,800,stranger,0.628835980500485,3.181595437396549,0.7710000000000004,1
6,58,30,120,800,stranger,-0.9467380353236016,3.181595437396549,0.5730000000000003,2
6,59,30,120,800,stranger,1.4012980768753553,3.181595437396549,0.7460000000000004,1
6,60,30,120,800,stranger,1.1888916273275618,3.181595437396549,0.6050000000000003,1
6,61,30,120,800,stranger,2.8365829319327536,3.181595437396549,0.6660000000000004,1
6,62,30,120,800,stranger,-0.10705028030015495,3.181595437396549,0.5330000000000003,2
6,63,30,120,800,stranger,-1.0151022658936752,3.181595437396549,0.6930000000000004,2
6,64,30,120,800,stranger,2.312047337397757,3.181595437396549,0.7710000000000004,1
6,65,30,120,800,stranger,1.5468841137228933,3.181595437396549,0.5080000000000002,1
6,66,30,120,800,stranger,-0.9323798826977084,3.181595437396549,0.4470000000000002,2
6,67,30,120,800,stranger,-0.2668743377248526,3.181595437396549,0.7050000000000003,2
6,68,30,120,800,stranger,2.283069643039045,3.181595437396549,0.6320000000000003,1
6,69,30,120,800,stranger,1.4767685343344206,3.181595437396549,0.7770000000000004,1
6,70,30,120,800,stranger,1.341720878158493,3.181595437396549,0.7800000000000005,1
6,71,30,120,800,stranger,0.5449855696156739,3.181595437396549,0.6470000000000004,1
6,72,30,120,800,stranger,1.26369226851364,3.181595437396549,0.8210000000000004,1
6,73,30,120,800,stranger,-0.2969090716843509,3.181595437396549,0.7320000000000004,1
6,74,30,120,800,stranger,1.639734092427568,3.181595437396549,0.5930000000000003,1
6,75,30,120,800,stranger,0.942916375091389,3.181595437396549,0.44300000000000017,1
6,76,30,120,800,stranger,1.2287768856172465,3.181595437396549,0.7130000000000003,1
6,77,30,120,800,stranger,-0.8485378892568961,3.181595437396549,0.7280000000000004,2
6,78,30,120,800,stranger,1.53329303753829,3.181595437396549,0.7030000000000003,1
6,79,30,120,800,stranger,1.101006056377631,3.181595437396549,0.6560000000000004,1
6,80,30,120,800,stranger,1.466036232606144,3.181595437396549,0.4760000000000002,1
6,81,30,120,800,stranger,2.006926203927208,3.181595437396549,0.5890000000000003,1
6,82,30,120,800,stranger,-0.8202093715445901,3.181595437396549,0.8090000000000004,2
6,83,30,120,800,stranger,-1.2310657810657664,3.181595437396549,0.6450000000000004,2
6,84,30,120,800,stranger,2.6957404538038334,3.181595437396549,0.6680000000000004,1
6,85,30,120,800,stranger,1.1072795540203315,3.181595437396549,0.6130000000000003,1
6,86,30,120,800,stranger,2.5447365371357438,3.181595437396549,0.5670000000000003,1
6,87,30,120,800,stranger,2.255614351667128,3.181595437396549,0.7690000000000003,1
6,88,30,120,800,stranger,-0.989099412288298,3.181595437396549,0.6780000000000004,2
6,89,30,120,800,stranger,0.5899023472955304,3.181595437396549,0.7530000000000003,2
6,90,30,120,800,stranger,1.7171936830071917,3.181595437396549,0.6910000000000004,1
6,91,30,120,800,stranger,-0.5895972928379404,3.181595437396549,0.7320000000000004,2
6,92,30,120,800,stranger,0.771623068082166,3.181595437396549,0.6640000000000004,2
6,93,30,120,800,stranger,0.2872585843027823,3.181595437396549,0.7530000000000003,1
6,94,30,120,800,stranger,0.7926708178616086,3.181595437396549,0.6040000000000003,1
6,95,30,120,800,stranger,2.428781408729165,3.181595437396549,0.6770000000000004,1
6,96,30,120,800,stranger,1.0918607918602332,3.181595437396549,0.6090000000000003,1
6,97,30,120,800,stranger,1.1057255575647171,3.181595437396549,0.7920000000000005,1
6,98,30,120,800,stranger,0.2568279264152568,3.181595437396549,0.7010000000000003,1
6,99,30,120,800,stranger,1.731612843674168,3.181595437396549,0.6630000000000004,1
6,100,30,120,800,stranger,0.6074307318483113,3.181595437396549,0.5900000000000003,1
6,101,30,120,800,stranger,0.39301187654025205,3.181595437396549,0.6230000000000003,1
6,102,30,120,800,stranger,-0.13552187138130178,3.181595437396549,0.8090000000000004,1
6,103,30,120,800,stranger,1.628026169107196,3.181595437396549,0.5940000000000003,1
6,104,30,120,800,stranger,1.8087488925336115,3.181595437396549,0.7630000000000003,1
6,105,30,120,800,stranger,1.1035937366071766,3.181595437396549,0.4940000000000002,1
6,106,30,120,800,stranger,1.0458932969067274,3.181595437396549,0.7950000000000004,1
6,107,30,120,800,stranger,0.044960270592482976,3.181595437396549,0.7040000000000004,1
6,108,30,120,800,stranger,1.240155193389481,3.181595437396549,0.6490000000000004,1
6,109,30,120,800,stranger,1.3300164360088838,3.181595437396549,0.8260000000000005,1
6,110,30,120,800,stranger,1.7304614736341404,3.181595437396549,0.5910000000000003,1
6,111,30,120,800,stranger,-0.12289396247356921,3.181595437396549,0.5800000000000003,1
6,112,30,120,800,stranger,2.652715049997442,3.181595437396549,0.7100000000000004,1
6,113,30,120,800,stranger,1.9114307885528379,3.181595437396549,0.7960000000000005,1
6,114,30,120,800,stranger,1.5592180784570266,3.181595437396549,0.8000000000000005,1
6,115,30,120,800,stranger,0.9054522007539549,3.181595437396549,0.6850000000000004,1
6,116,30,120,800,stranger,-0.25433565499022115,3.181595437396549,0.6280000000000003,2
6,117,30,120,800,stranger,2.612061028941713,3.181595437396549,0.6360000000000003,1
6,118,30,120,800,stranger,1.2435731967883,3.181595437396549,0.4880000000000002,1
6,119,30,120,800,stranger,-0.08642571759158535,3.181595437396549,0.6880000000000004,2
6,120,30,120,800,stranger,1.9951915849653439,3.181595437396549,0.5760000000000003,1
6,121,30,120,800,stranger,0.8701499163967648,3.181595437396549,0.7650000000000003,1
6,122,30,120,800,stranger,0.575333192790691,3.181595437396549,0.7540000000000004,1
6,123,30,120,800,stranger,0.6216164422249022,3.181595437396549,0.5020000000000002,1
6,124,30,120,800,stranger,2.6164380982710713,3.181595437396549,0.4510000000000002,1
6,125,30,120,800,stranger,1.3969499194246593,3.181595437396549,0.7330000000000003,1
6,126,30,120,800,stranger,1.405199849868815,3.181595437396549,0.5270000000000002,1
6,127,30,120,800,stranger,0.9591620527026182,3.181595437396549,0.7860000000000005,1
6,128,30,120,800,stranger,1.7035286470748705,3.181595437396549,0.7400000000000004,1
6,129,30,120,800,stranger,1.137627075432488,3.181595437396549,0.7220000000000004,1
6,130,30,120,800,stranger,1.0814562274875374,3.181595437396549,0.6440000000000003,1
6,1,30,120,800,self,1.3575564281739803,3.181595437396549,0.7590000000000003,1
6,2,30,120,800,self,3.0148635979202876,3.181595437396549,0.4560000000000002,1
6,3,30,120,800,self,3.47357569123481,3.181595437396549,0.4600000000000002,1
6,4,30,120,800,self,3.4831403729304937,3.181595437396549,0.5970000000000003,1
6,5,30,120,800,self,4.564602553566303,3.181595437396549,0.6750000000000004,1
6,6,30,120,800,self,2.981413986989335,3.181595437396549,0.8070000000000004,1
6,7,30,120,800,self,3.094970490366472,3.181595437396549,0.40500000000000014,1
6,8,30,120,800,self,3.4774275001517765,3.181595437396549,0.3420000000000001,1
6,9,30,120,800,self,2.385339966782657,3.181595437396549,0.5280000000000002,1
6,10,30,120,800,self,2.7212649508830666,3.181595437396549,0.5840000000000003,1
6,11,30,120,800,self,1.3913056374080044,3.181595437396549,0.5620000000000003,1
6,12,30,120,800,self,4.220801889156679,3.181595437396549,0.4880000000000002,1
6,13,30,120,800,self,3.637110506038119,3.181595437396549,0.4750000000000002,1
6,14,30,120,800,self,2.0975296626289075,3.181595437396549,0.7200000000000004,1
6,15,30,120,800,self,2.568994900430513,3.181595437396549,0.4740000000000002,1
6,16,30,120,800,self,2.839339257205698,3.181595437396549,0.42300000000000015,1
6,17,30,120,800,self,4.889217316611045,3.181595437396549,0.5820000000000003,1
6,18,30,120,800,self,1.759566879957271,3.181595437396549,0.7110000000000003,1
6,19,30,120,800,self,3.9169349561986486,3.181595437396549,0.5370000000000003,1
6,20,30,120,800,self,2.7329573050686706,3.181595437396549,0.8290000000000004,1
6,21,30,120,800,self,2.715937660205844,3.181595437396549,0.7490000000000003,1
6,22,30,120,800,self,3.541213895918747,3.181595437396549,0.4440000000000002,1
6,23,30,120,800,self,1.8275265176294737,3.181595437396549,0.7110000000000003,1
6,24,30,120,800,self,3.164392211961286,3.181595437396549,0.5490000000000003,1
6,25,30,120,800,self,3.81419183617113,3.181595437396549,0.40000000000000013,1
6,26,30,120,800,self,3.88383876897187,3.181595437396549,0.4520000000000002,1
6,27,30,120,800,self,3.460802824317923,3.181595437396549,0.5830000000000003,1
6,28,30,120,800,self,2.1545707513598247,3.181595437396549,0.7210000000000003,1
6,29,30,120,800,self,3.744970499138647,3.181595437396549,0.6370000000000003,1
6,30,30,120,800,self,3.272081956471674,3.181595437396549,0.4440000000000002,1
6,31,30,120,800,self,1.8468214818516706,3.181595437396549,0.5520000000000003,1
6,32,30,120,800,self,2.502705843547983,3.181595437396549,0.6340000000000003,1
6,33,30,120,800,self,2.9788501866244683,3.181595437396549,0.6100000000000003,1
6,34,30,120,800,self,3.0400934653439826,3.181595437396549,0.5030000000000002,1
6,35,30,120,800,self,3.4593458212498707,3.181595437396549,0.7590000000000003,1
6,36,30,120,800,self,2.8772975462944173,3.181595437396549,0.3910000000000001,1
6,37,30,120,800,self,2.8754195973877357,3.181595437396549,0.43900000000000017,1
6,38,30,120,800,self,2.7819797577320817,3.181595437396549,0.3720000000000001,1
6,39,30,120,800,self,2.580315076668426,3.181595437396549,0.6510000000000004,1
6,40,30,120,800,self,3.1755491013213595,3.181595437396549,0.7680000000000005,1
6,41,30,120,800,self,2.0755225765989413,3.181595437396549,0.5890000000000003,1
6,42,30,120,800,self,3.6301187973798354,3.181595437396549,0.39800000000000013,1
6,43,30,120,800,self,2.0154808844453846,3.181595437396549,0.7020000000000004,1
6,44,30,120,800,self,1.576663957022176,3.181595437396549,0.7630000000000003,1
6,45,30,120,800,self,2.711891017347728,3.181595437396549,0.6460000000000004,1
6,46,30,120,800,self,3.9931043408172475,3.181595437396549,0.6330000000000003,1
6,47,30,120,800,self,2.832960553971608,3.181595437396549,0.6250000000000003,1
6,48,30,120,800,self,3.533386119538136,3.181595437396549,0.6370000000000003,1
6,49,30,120,800,self,4.441056870975916,3.181595437396549,0.3870000000000001,1
6,50,30,120,800,self,3.612681246487182,3.181595437396549,0.41300000000000014,1
6,51,30,120,800,self,4.191549960310114,3.181595437396549,0.43200000000000016,1
6,52,30,120,800,self,3.0234286212607095,3.181595437396549,0.6880000000000004,1
6,53,30,120,800,self,3.2750955612388166,3.181595437396549,0.6060000000000003,1
6,54,30,120,800,self,0.793805784850329,3.181595437396549,0.5450000000000003,1
6,55,30,120,800,self,1.2779969489221887,3.181595437396549,0.6140000000000003,1
6,56,30,120,800,self,0.9866131684323936,3.181595437396549,0.7980000000000005,1
6,57,30,120,800,self,2.9028798278846986,3.181595437396549,0.7020000000000004,1
6,58,30,120,800,self,3.5197147735871708,3.181595437396549,0.5870000000000003,1
6,59,30,120,800,self,2.066879554815379,3.181595437396549,0.41700000000000015,1
6,60,30,120,800,self,3.278044124754996,3.181595437396549,0.4880000000000002,1
6,61,30,120,800,self,2.5308816785025137,3.181595437396549,0.6360000000000003,1
6,62,30,120,800,self,3.181065186166877,3.181595437396549,0.7910000000000004,1
6,63,30,120,800,self,2.6921942452086918,3.181595437396549,0.6520000000000004,1
6,64,30,120,800,self,1.590043855901842,3.181595437396549,0.7010000000000003,1
6,65,30,120,800,self,4.340492971802414,3.181595437396549,0.5070000000000002,1
6,66,30,120,800,self,3.669267460825699,3.181595437396549,0.5160000000000002,1
6,67,30,120,800,self,1.2479086993737902,3.181595437396549,0.8240000000000005,1
6,68,30,120,800,self,3.7600395974488743,3.181595437396549,0.5540000000000003,1
6,69,30,120,800,self,0.7907731510715215,3.181595437396549,0.5760000000000003,1
6,70,30,120,800,self,2.296612903128931,3.181595437396549,0.43100000000000016,1
6,71,30,120,800,self,3.754966893394612,3.181595437396549,0.4680000000000002,1
6,72,30,120,800,self,3.1618580246957313,3.181595437396549,0.6160000000000003,1
6,73,30,120,800,self,2.851311181489086,3.181595437396549,0.5620000000000003,1
6,74,30,120,800,self,3.4705988462497452,3.181595437396549,0.6990000000000004,1
6,75,30,120,800,self,1.2724000558449329,3.181595437396549,0.6870000000000004,1
6,76,30,120,800,self,2.9373370090483855,3.181595437396549,0.4680000000000002,1
6,77,30,120,800,self,1.4376379922253493,3.181595437396549,0.6790000000000004,1
6,78,30,120,800,self,4.740265157555295,3.181595437396549,0.7020000000000004,1
6,79,30,120,800,self,3.996720520730241,3.181595437396549,0.6250000000000003,1
6,80,30,120,800,self,3.653639277388006,3.181595437396549,0.4820000000000002,1
6,81,30,120,800,self,2.993723570768346,3.181595437396549,0.5910000000000003,1
6,82,30,120,800,self,3.073606288141386,3.181595437396549,0.5730000000000003,1
6,83,30,120,800,self,3.2795760271776118,3.181595437396549,0.5530000000000003,1
6,84,30,120,800,self,2.214582420422725,3.181595437396549,0.7960000000000005,1
6,85,30,120,800,self,2.7130562028651766,3.181595437396549,0.6840000000000004,1
6,86,30,120,800,self,3.8116365661258644,3.181595437396549,0.5660000000000003,1
6,87,30,120,800,self,2.7686601053031894,3.181595437396549,0.6670000000000004,1
6,88,30,120,800,self,4.611006455453209,3.181595437396549,0.4900000000000002,1
6,89,30,120,800,self,2.028217846453278,3.181595437396549,0.8100000000000005,1
6,90,30,120,800,self,2.011909886952465,3.181595437396549,0.8030000000000004,1
6,91,30,120,800,self,3.4917997908523803,3.181595437396549,0.6780000000000004,1
6,92,30,120,800,self,2.2338936593716094,3.181595437396549,0.42700000000000016,1
6,93,30,120,800,self,2.8805697012137133,3.181595437396549,0.5470000000000003,1
6,94,30,120,800,self,3.746679325339942,3.181595437396549,0.6410000000000003,1
6,95,30,120,800,self,1.2987705666920952,3.181595437396549,0.5370000000000003,1
6,96,30,120,800,self,1.4559220533052568,3.181595437396549,0.7380000000000004,1
6,97,30,120,800,self,4.405526046402486,3.181595437396549,0.5270000000000002,1
6,98,30,120,800,self,3.5769519281866202,3.181595437396549,0.6090000000000003,1
6,99,30,120,800,self,1.584756698061497,3.181595437396549,0.7700000000000005,1
6,100,30,120,800,self,1.4314427510413326,3.181595437396549,0.8220000000000005,2
6,101,30,120,800,self,4.027777984688833,3.181595437396549,0.5070000000000002,1
6,102,30,120,800,self,3.3781238871228045,3.181595437396549,0.5960000000000003,1
6,103,30,120,800,self,3.140744922357238,3.181595437396549,0.6440000000000003,1
6,104,30,120,800,self,3.1452788508996514,3.181595437396549,0.4520000000000002,1
6,105,30,120,800,self,3.261953397000682,3.181595437396549,0.6150000000000003,1
6,106,30,120,800,self,3.0283586364040733,3.181595437396549,0.6070000000000003,1
6,107,30,120,800,self,3.3392514443879464,3.181595437396549,0.7850000000000004,1
6,108,30,120,800,self,1.4793638645264262,3.181595437396549,0.7850000000000004,1
6,109,30,120,800,self,3.1621105869697415,3.181595437396549,0.6170000000000003,1
6,110,30,120,800,self,3.6357083488388433,3.181595437396549,0.5180000000000002,1
6,111,30,120,800,self,3.6619719223334153,3.181595437396549,0.7840000000000005,1
6,112,30,120,800,self,3.1857068462744813,3.181595437396549,0.7430000000000003,1
6,113,30,120,800,self,1.9092473493463646,3.181595437396549,0.6620000000000004,1
6,114,30,120,800,self,2.605248539736242,3.181595437396549,0.5580000000000003,1
6,115,30,120,800,self,3.486355976524436,3.181595437396549,0.6240000000000003,1
6,116,30,120,800,self,1.700162166546638,3.181595437396549,0.6580000000000004,1
6,117,30,120,800,self,4.5871767514138835,3.181595437396549,0.5960000000000003,1
6,118,30,120,800,self,4.11480712852704,3.181595437396549,0.5460000000000003,1
6,119,30,120,800,self,2.723401664205503,3.181595437396549,0.6000000000000003,1
6,120,30,120,800,self,2.1312356438481324,3.181595437396549,0.4490000000000002,1
6,121,30,120,800,self,2.7986204422703973,3.181595437396549,0.6040000000000003,1
6,122,30,120,800,self,3.11145215049071,3.181595437396549,0.5870000000000003,1
6,123,30,120,800,self,2.7281225104048237,3.181595437396549,0.5480000000000003,1
6,124,30,120,800,self,3.4959731183952627,3.181595437396549,0.6550000000000004,1
6,125,30,120,800,self,1.8859794594197419,3.181595437396549,0.7390000000000003,1
6,126,30,120,800,self,3.5896357729791104,3.181595437396549,0.7190000000000003,1
6,127,30,120,800,self,2.271980306595521,3.181595437396549,0.5940000000000003,1
6,128,30,120,800,self,1.0819029205856419,3.181595437396549,0.7500000000000004,1
6,129,30,120,800,self,2.618380074407731,3.181595437396549,0.4890000000000002,1
6,130,30,120,800,self,0.8476337148547806,3.181595437396549,0.7470000000000003,1
7,1,30,120,800,stranger,0.081834238409212,3.835950477790205,0.7940000000000005,1
7,2,30,120,800,stranger,1.5898815443788354,3.835950477790205,0.7750000000000004,1
7,3,30,120,800,stranger,2.5852669902730887,3.835950477790205,0.6050000000000003,1
7,4,30,120,800,stranger,0.5220677167723865,3.835950477790205,0.8090000000000004,1
7,5,30,120,800,stranger,0.22803862321116158,3.835950477790205,0.7980000000000005,1
7,6,30,120,800,stranger,2.04691331660638,3.835950477790205,0.5700000000000003,1
7,7,30,120,800,stranger,1.41605920929986,3.835950477790205,0.6810000000000004,1
7,8,30,120,800,stranger,1.2653966181990945,3.835950477790205,0.7880000000000005,1
7,9,30,120,800,stranger,1.5553959935848674,3.835950477790205,0.7380000000000004,1
7,10,30,120,800,stranger,1.0874060394758207,3.835950477790205,0.7000000000000004,1
7,11,30,120,800,stranger,2.1302229630982223,3.835950477790205,0.7140000000000004,1
7,12,30,120,800,stranger,-1.256302736128986,3.835950477790205,0.8090000000000004,2
7,13,30,120,800,stranger,1.7634942378980822,3.835950477790205,0.6210000000000003,1
7,14,30,120,800,stranger,1.8240636632577534,3.835950477790205,0.5740000000000003,1
7,15,30,120,800,stranger,-1.2615610169692704,3.835950477790205,0.6280000000000003,2
7,16,30,120,800,stranger,1.8954119451833478,3.835950477790205,0.7840000000000005,1
7,17,30,120,800,stranger,0.8736600830095806,3.835950477790205,0.5600000000000003,1
7,18,30,120,800,stranger,1.3969788915856567,3.835950477790205,0.7500000000000004,1
7,19,30,120,800,stranger,-0.5342226128169777,3.835950477790205,0.6010000000000003,2
7,20,30,120,800,stranger,-1.897045467423855,3.835950477790205,0.5230000000000002,2
7,21,30,120,800,stranger,1.0201904910958577,3.835950477790205,0.7040000000000004,2
7,22,30,120,800,stranger,0.7458831047880843,3.835950477790205,0.7470000000000003,1
7,23,30,120,800,stranger,4.02880473704579,3.835950477790205,0.4440000000000002,1
7,24,30,120,800,stranger,0.6013907862078578,3.835950477790205,0.5890000000000003,1
7,25,30,120,800,stranger,1.3410034282674974,3.835950477790205,0.7770000000000004,1
7,26,30,120,800,stranger,1.1710753655629051,3.835950477790205,0.6600000000000004,1
7,27,30,120,800,stranger,1.0885250319016406,3.835950477790205,0.7200000000000004,1
7,28,30,120,800,stranger,1.9731726168537036,3.835950477790205,0.7420000000000004,1
7,29,30,120,800,stranger,2.690073703134736,3.835950477790205,0.7870000000000004,1
7,30,30,120,800,stranger,2.1363986081301127,3.835950477790205,0.7600000000000005,1
7,31,30,120,800,stranger,1.6361191058035267,3.835950477790205,0.7980000000000005,1
7,32,30,120,800,stranger,-0.014402648576230415,3.835950477790205,0.7260000000000004,2
7,33,30,120,800,stranger,1.8759052689521925,3.835950477790205,0.8050000000000004,1
7,34,30,120,800,stranger,1.3942257219434193,3.835950477790205,0.8120000000000005,1
7,35,30,120,800,stranger,4.100974092362506,3.835950477790205,0.5480000000000003,1
7,36,30,120,800,stranger,2.883167124419314,3.835950477790205,0.6250000000000003,1
7,37,30,120,800,stranger,1.7913386997715435,3.835950477790205,0.8250000000000004,1
7,38,30,120,800,stranger,-1.4558237168059804,3.835950477790205,0.8150000000000004,2
7,39,30,120,800,stranger,2.1395734662694843,3.835950477790205,0.6770000000000004,1
7,40,30,120,800,stranger,2.3299016448778564,3.835950477790205,0.5730000000000003,1
7,41,30,120,800,stranger,0.8734168295978357,3.835950477790205,0.7370000000000003,1
7,42,30,120,800,stranger,2.258591279605415,3.835950477790205,0.6950000000000004,1
7,43,30,120,800,stranger,1.1403363211577693,3.835950477790205,0.6400000000000003,2
7,44,30,120,800,stranger,-1.6684469988345954,3.835950477790205,0.6670000000000004,2
7,45,30,120,800,stranger,1.640411959236285,3.835950477790205,0.6230000000000003,1
7,46,30,120,800,stranger,1.0947190533203144,3.835950477790205,0.6960000000000004,1
7,47,30,120,800,stranger,-1.2354698110294242,3.835950477790205,0.7480000000000004,2
7,48,30,120,800,stranger,1.1952094463193264,3.835950477790205,0.7690000000000003,1
7,49,30,120,800,stranger,1.3625070001557755,3.835950477790205,0.6260000000000003,1
7,50,30,120,800,stranger,2.3445950435725416,3.835950477790205,0.7420000000000004,1
7,51,30,120,800,stranger,2.5632751476636884,3.835950477790205,0.5650000000000003,1
7,52,30,120,800,stranger,1.2756125165940175,3.835950477790205,0.7460000000000004,1
7,53,30,120,800,stranger,-2.0806685228098067,3.835950477790205,0.6320000000000003,2
7,54,30,120,800,stranger,1.4529673486397545,3.835950477790205,0.6050000000000003,1
7,55,30,120,800,stranger,1.092144007346615,3.835950477790205,0.7580000000000005,1
7,56,30,120,800,stranger,1.8233445721537795,3.835950477790205,0.5500000000000003,1
7,57,30,120,800,stranger,2.47323209782623,3.835950477790205,0.6630000000000004,1
7,58,30,120,800,stranger,1.3207345654727338,3.835950477790205,0.8270000000000004,1
7,59,30,120,800,stranger,1.297494474054126,3.835950477790205,0.7660000000000005,1
7,60,30,120,800,stranger,1.183209656478029,3.835950477790205,0.7700000000000005,1
7,61,30,120,800,stranger,1.5123308450905881,3.835950477790205,0.8260000000000005,1
7,62,30,120,800,stranger,0.8896652753798989,3.835950477790205,0.8020000000000005,1
7,63,30,120,800,stranger,1.998613164803909,3.835950477790205,0.4450000000000002,1
7,64,30,120,800,stranger,1.3230371102424427,3.835950477790205,0.6280000000000003,1
7,65,30,120,800,stranger,0.8557448385469864,3.835950477790205,0.5060000000000002,1
7,66,30,120,800,stranger,2.131607454639985,3.835950477790205,0.8030000000000004,1
7,67,30,120,800,stranger,3.0733528563886954,3.835950477790205,0.5510000000000003,1
7,68,30,120,800,stranger,2.744955657684652,3.835950477790205,0.6960000000000004,1
7,69,30,120,800,stranger,1.426390962376018,3.835950477790205,0.5750000000000003,1
7,70,30,120,800,stranger,0.9733309609682905,3.835950477790205,0.7220000000000004,1
7,71,30,120,800,stranger,2.026230387136209,3.835950477790205,0.4660000000000002,1
7,72,30,120,800,stranger,1.327567864728537,3.835950477790205,0.5630000000000003,1
7,73,30,120,800,stranger,-0.4794182921797595,3.835950477790205,0.8230000000000004,2
7,74,30,120,800,stranger,0.946408754793695,3.835950477790205,0.6800000000000004,1
7,75,30,120,800,stranger,0.22599405229681174,3.835950477790205,0.6870000000000004,1
7,76,30,120,800,stranger,0.201844712062984,3.835950477790205,0.7930000000000004,2
7,77,30,120,800,stranger,1.3022753896316341,3.835950477790205,0.5800000000000003,1
7,78,30,120,800,stranger,0.8993524255414118,3.835950477790205,0.5360000000000003,1
7,79,30,120,800,stranger,-0.676747689464901,3.835950477790205,0.7210000000000003,2
7,80,30,120,800,stranger,1.6252404229170647,3.835950477790205,0.6510000000000004,1
7,81,30,120,800,stranger,0.6459098659373099,3.835950477790205,0.6700000000000004,1
7,82,30,120,800,stranger,2.050833182411517,3.835950477790205,0.4570000000000002,1
7,83,30,120,800,stranger,0.920456565665223,3.835950477790205,0.8260000000000005,1
7,84,30,120,800,stranger,0.7945396864462981,3.835950477790205,0.5130000000000002,1
7,85,30,120,800,stranger,-0.17829464985899934,3.835950477790205,0.7130000000000003,1
7,86,30,120,800,stranger,1.7779636776396175,3.835950477790205,0.6780000000000004,1
7,87,30,120,800,stranger,2.363795075193201,3.835950477790205,0.6930000000000004,1
7,88,30,120,800,stranger,1.7024964417215056,3.835950477790205,0.5370000000000003,1
7,89,30,120,800,stranger,1.9587093965591156,3.835950477790205,0.5000000000000002,1
7,90,30,120,800,stranger,2.8207876318100356,3.835950477790205,0.7500000000000004,1
7,91,30,120,800,stranger,2.458596272351597,3.835950477790205,0.7920000000000005,1
7,92,30,120,800,stranger,0.026645410889342136,3.835950477790205,0.6650000000000004,2
7,93,30,120,800,stranger,1.3401203756173663,3.835950477790205,0.8170000000000004,1
7,94,30,120,800,stranger,1.0596476508026775,3.835950477790205,0.7060000000000004,1
7,95,30,120,800,stranger,0.14955579199562669,3.835950477790205,0.6440000000000003,1
7,96,30,120,800,stranger,-2.154165420298173,3.835950477790205,0.8300000000000005,2
7,97,30,120,800,stranger,-0.4220033108381428,3.835950477790205,0.7280000000000004,1
7,98,30,120,800,stranger,2.463511082550382,3.835950477790205,0.6010000000000003,1
7,99,30,120,800,stranger,-1.3290066918839782,3.835950477790205,0.5520000000000003,2
7,100,30,120,800,stranger,2.151503112383365,3.835950477790205,0.5640000000000003,1
7,101,30,120,800,stranger,2.974038829772344,3.835950477790205,0.7090000000000003,1
7,102,30,120,800,stranger,1.631253283704703,3.835950477790205,0.5740000000000003,1
7,103,30,120,800,stranger,0.8756248613417226,3.835950477790205,0.6840000000000004,1
7,104,30,120,800,stranger,2.5545734010933288,3.835950477790205,0.7560000000000004,1
7,105,30,120,800,stranger,0.33059856586142833,3.835950477790205,0.6210000000000003,1
7,106,30,120,800,stranger,0.834781916369345,3.835950477790205,0.6120000000000003,2
7,107,30,120,800,stranger,0.604505659393361,3.835950477790205,0.5410000000000003,1
7,108,30,120,800,stranger,-2.017578873077531,3.835950477790205,0.6980000000000004,2
7,109,30,120,800,stranger,1.4797690294993997,3.835950477790205,0.7590000000000003,1
7,110,30,120,800,stranger,2.378540731742647,3.835950477790205,0.7970000000000004,1
7,111,30,120,800,stranger,1.9238610743258713,3.835950477790205,0.7620000000000005,1
7,112,30,120,800,stranger,1.942568348538709,3.835950477790205,0.6020000000000003,1
7,113,30,120,800,stranger,1.4307268584528807,3.835950477790205,0.5760000000000003,1
7,114,30,120,800,stranger,0.4228283299665183,3.835950477790205,0.8200000000000005,1
7,115,30,120,800,stranger,3.870269829569215,3.835950477790205,0.7490000000000003,1
7,116,30,120,800,stranger,2.44785776132616,3.835950477790205,0.7320000000000004,1
7,117,30,120,800,stranger,-0.7135320072252395,3.835950477790205,0.6550000000000004,2
7,118,30,120,800,stranger,2.8585331493868544,3.835950477790205,0.6420000000000003,1
7,119,30,120,800,stranger,1.7110210391732648,3.835950477790205,0.7330000000000003,1
7,120,30,120,800,stranger,-1.7929876272314815,3.835950477790205,0.5910000000000003,2
7,121,30,120,800,stranger,0.05969360652261346,3.835950477790205,0.7730000000000004,1
7,122,30,120,800,stranger,1.694953448573144,3.835950477790205,0.6780000000000004,1
7,123,30,120,800,stranger,0.9715601019129733,3.835950477790205,0.7640000000000005,1
7,124,30,120,800,stranger,1.1731366514317751,3.835950477790205,0.43800000000000017,1
7,125,30,120,800,stranger,0.3278034714859043,3.835950477790205,0.5530000000000003,2
7,126,30,120,800,stranger,1.4805824000534495,3.835950477790205,0.7220000000000004,1
7,127,30,120,800,stranger,2.1700376099585252,3.835950477790205,0.6420000000000003,1
7,128,30,120,800,stranger,3.384926003262571,3.835950477790205,0.7690000000000003,1
7,129,30,120,800,stranger,2.3898853522632564,3.835950477790205,0.6280000000000003,1
7,130,30,120,800,stranger,1.4170612046768696,3.835950477790205,0.7690000000000003,1
7,1,30,120,800,self,4.344156272802355,3.835950477790205,0.7420000000000004,1
7,2,30,120,800,self,3.899805516781068,3.835950477790205,0.5680000000000003,1
7,3,30,120,800,self,4.978019551898024,3.835950477790205,0.4570000000000002,1
7,4,30,120,800,self,3.3307409043734815,3.835950477790205,0.6730000000000004,1
7,5,30,120,800,self,1.517761330568183,3.835950477790205,0.7750000000000004,1
7,6,30,120,800,self,3.536487969439275,3.835950477790205,0.6990000000000004,1
7,7,30,120,800,self,2.7370863165991755,3.835950477790205,0.6730000000000004,1
7,8,30,120,800,self,3.0026910204651682,3.835950477790205,0.6990000000000004,1
7,9,30,120,800,self,2.3697993813311173,3.835950477790205,0.5420000000000003,1
7,10,30,120,800,self,2.935603949990557,3.835950477790205,0.5110000000000002,1
7,11,30,120,800,self,3.306374986470843,3.835950477790205,0.5870000000000003,1
7,12,30,120,800,self,3.3214465847267447,3.835950477790205,0.5200000000000002,1
7,13,30,120,800,self,2.4545298267858655,3.835950477790205,0.6230000000000003,1
7,14,30,120,800,self,1.736614556871933,3.835950477790205,0.4970000000000002,1
7,15,30,120,800,self,2.716183569560626,3.835950477790205,0.7850000000000004,1
7,16,30,120,800,self,4.1269268722824854,3.835950477790205,0.6550000000000004,1
7,17,30,120,800,self,2.0271890151105936,3.835950477790205,0.6730000000000004,1
7,18,30,120,800,self,3.3408552707891626,3.835950477790205,0.5080000000000002,1
7,19,30,120,800,self,3.5513529574324414,3.835950477790205,0.6320000000000003,1
7,20,30,120,800,self,2.4326088938322337,3.835950477790205,0.5710000000000003,1
7,21,30,120,800,self,3.6411673145900263,3.835950477790205,0.6830000000000004,1
7,22,30,120,800,self,2.7741506891315857,3.835950477790205,0.7230000000000003,1
7,23,30,120,800,self,1.3234700554461005,3.835950477790205,0.41300000000000014,1
7,24,30,120,800,self,3.2892479755770347,3.835950477790205,0.7760000000000005,1
7,25,30,120,800,self,2.5719940400165675,3.835950477790205,0.4890000000000002,1
7,26,30,120,800,self,3.767885833472879,3.835950477790205,0.5480000000000003,1
7,27,30,120,800,self,4.181969201995584,3.835950477790205,0.5010000000000002,1
7,28,30,120,800,self,2.057485417949352,3.835950477790205,0.7420000000000004,1
7,29,30,120,800,self,3.883827368638247,3.835950477790205,0.5690000000000003,1
7,30,30,120,800,self,1.859965710070964,3.835950477790205,0.4720000000000002,1
7,31,30,120,800,self,3.2871621121936565,3.835950477790205,0.6480000000000004,1
7,32,30,120,800,self,2.546269983208132,3.835950477790205,0.7400000000000004,1
7,33,30,120,800,self,3.4325681678598294,3.835950477790205,0.7760000000000005,1
7,34,30,120,800,self,2.7828492596357415,3.835950477790205,0.6140000000000003,1
7,35,30,120,800,self,2.61501651667923,3.835950477790205,0.7300000000000004,1
7,36,30,120,800,self,1.5569733625999491,3.835950477790205,0.7340000000000004,1
7,37,30,120,800,self,5.125329921251146,3.835950477790205,0.6030000000000003,1
7,38,30,120,800,self,2.6265785495838743,3.835950477790205,0.5750000000000003,1
7,39,30,120,800,self,1.4551105444032284,3.835950477790205,0.4960000000000002,1
7,40,30,120,800,self,4.009392594596564,3.835950477790205,0.4910000000000002,1
7,41,30,120,800,self,3.4743569317880656,3.835950477790205,0.5040000000000002,1
7,42,30,120,800,self,3.4332769292270973,3.835950477790205,0.5960000000000003,1
7,43,30,120,800,self,3.9678051290537693,3.835950477790205,0.43100000000000016,1
7,44,30,120,800,self,2.044367814135229,3.835950477790205,0.6130000000000003,1
7,45,30,120,800,self,4.694484797507615,3.835950477790205,0.6230000000000003,1
7,46,30,120,800,self,4.482250020735611,3.835950477790205,0.6630000000000004,1
7,47,30,120,800,self,4.649972338603251,3.835950477790205,0.5320000000000003,1
7,48,30,120,800,self,3.8958332678735914,3.835950477790205,0.6350000000000003,1
7,49,30,120,800,self,2.0051364369822364,3.835950477790205,0.5800000000000003,1
7,50,30,120,800,self,3.016458833115339,3.835950477790205,0.5350000000000003,1
7,51,30,120,800,self,2.792644051253231,3.835950477790205,0.8100000000000005,1
7,52,30,120,800,self,4.659315696257496,3.835950477790205,0.6010000000000003,1
7,53,30,120,800,self,2.4410963937884658,3.835950477790205,0.6170000000000003,1
7,54,30,120,800,self,3.0326945616556515,3.835950477790205,0.8010000000000004,1
7,55,30,120,800,self,3.174112677110119,3.835950477790205,0.7460000000000004,1
7,56,30,120,800,self,2.711925421409352,3.835950477790205,0.7310000000000003,1
7,57,30,120,800,self,1.6614574753719706,3.835950477790205,0.7220000000000004,1
7,58,30,120,800,self,5.031664773624252,3.835950477790205,0.5150000000000002,1
7,59,30,120,800,self,2.6952383842459753,3.835950477790205,0.7240000000000004,1
7,60,30,120,800,self,3.283367457446031,3.835950477790205,0.5760000000000003,1
7,61,30,120,800,self,2.4102430386100537,3.835950477790205,0.7300000000000004,1
7,62,30,120,800,self,2.621925424435593,3.835950477790205,0.43300000000000016,1
7,63,30,120,800,self,1.6419967612516038,3.835950477790205,0.7500000000000004,1
7,64,30,120,800,self,3.284589187874041,3.835950477790205,0.6880000000000004,1
7,65,30,120,800,self,4.207603294249082,3.835950477790205,0.5610000000000003,1
7,66,30,120,800,self,3.3408482515903795,3.835950477790205,0.6570000000000004,1
7,67,30,120,800,self,3.481084236194717,3.835950477790205,0.6920000000000004,1
7,68,30,120,800,self,5.217888298128176,3.835950477790205,0.4480000000000002,1
7,69,30,120,800,self,2.6581901676036486,3.835950477790205,0.7210000000000003,1
7,70,30,120,800,self,2.9817559148384194,3.835950477790205,0.6010000000000003,1
7,71,30,120,800,self,3.0628533536501066,3.835950477790205,0.5260000000000002,1
7,72,30,120,800,self,2.4856422053377134,3.835950477790205,0.6220000000000003,1
7,73,30,120,800,self,3.3089707804335378,3.835950477790205,0.7320000000000004,1
7,74,30,120,800,self,1.5231795143288496,3.835950477790205,0.8140000000000005,1
7,75,30,120,800,self,2.9341494556703016,3.835950477790205,0.8190000000000004,1
7,76,30,120,800,self,3.6147273072984176,3.835950477790205,0.7370000000000003,1
7,77,30,120,800,self,4.568601030731552,3.835950477790205,0.6280000000000003,1
7,78,30,120,800,self,2.9351596631881147,3.835950477790205,0.41200000000000014,1
7,79,30,120,800,self,2.9889275592196523,3.835950477790205,0.7850000000000004,1
7,80,30,120,800,self,1.9552127290082768,3.835950477790205,0.6020000000000003,1
7,81,30,120,800,self,2.932013367323518,3.835950477790205,0.5650000000000003,1
7,82,30,120,800,self,3.3590208503311487,3.835950477790205,0.7420000000000004,1
7,83,30,120,800,self,4.404847876330473,3.835950477790205,0.6600000000000004,1
7,84,30,120,800,self,2.2050634968860843,3.835950477790205,0.6380000000000003,1
7,85,30,120,800,self,2.639101810592862,3.835950477790205,0.5000000000000002,1
7,86,30,120,800,self,2.8557777856800546,3.835950477790205,0.6350000000000003,1
7,87,30,120,800,self,1.2832605486719324,3.835950477790205,0.4810000000000002,1
7,88,30,120,800,self,1.9025408908817285,3.835950477790205,0.6320000000000003,1
7,89,30,120,800,self,3.4643861036287484,3.835950477790205,0.7930000000000004,1
7,90,30,120,800,self,1.7989842876400832,3.835950477790205,0.7880000000000005,1
7,91,30,120,800,self,3.5006803892243994,3.835950477790205,0.7260000000000004,1
7,92,30,120,800,self,3.4349085427681816,3.835950477790205,0.5350000000000003,1
7,93,30,120,800,self,3.632513312432488,3.835950477790205,0.7100000000000004,1
7,94,30,120,800,self,3.4789622228124397,3.835950477790205,0.5030000000000002,1
7,95,30,120,800,self,3.060840483365406,3.835950477790205,0.8050000000000004,1
7,96,30,120,800,self,3.0933097819989666,3.835950477790205,0.7500000000000004,1
7,97,30,120,800,self,3.6224509794735464,3.835950477790205,0.7170000000000003,1
7,98,30,120,800,self,1.4281491745647146,3.835950477790205,0.6710000000000004,1
7,99,30,120,800,self,3.3682476766196388,3.835950477790205,0.5900000000000003,1
7,100,30,120,800,self,2.621228424635308,3.835950477790205,0.7830000000000004,1
7,101,30,120,800,self,3.3698490182833654,3.835950477790205,0.4960000000000002,1
7,102,30,120,800,self,3.9822448394375436,3.835950477790205,0.4700000000000002,1
7,103,30,120,800,self,2.471684859776,3.835950477790205,0.7000000000000004,1
7,104,30,120,800,self,2.834521778422555,3.835950477790205,0.6580000000000004,1
7,105,30,120,800,self,3.791999201682179,3.835950477790205,0.5160000000000002,1
7,106,30,120,800,self,4.376222547288965,3.835950477790205,0.4520000000000002,1
7,107,30,120,800,self,2.8240451672706093,3.835950477790205,0.7780000000000005,1
7,108,30,120,800,self,3.1897479457051676,3.835950477790205,0.7150000000000003,1
7,109,30,120,800,self,4.668221028274283,3.835950477790205,0.4640000000000002,1
7,110,30,120,800,self,3.5074586972159665,3.835950477790205,0.5200000000000002,1
7,111,30,120,800,self,2.7980262404418843,3.835950477790205,0.7910000000000004,1
7,112,30,120,800,self,3.854845745125112,3.835950477790205,0.6180000000000003,1
7,113,30,120,800,self,2.3338200932059965,3.835950477790205,0.7560000000000004,1
7,114,30,120,800,self,3.315272472092057,3.835950477790205,0.8160000000000005,1
7,115,30,120,800,self,2.448227897373624,3.835950477790205,0.6200000000000003,1
7,116,30,120,800,self,3.6757410929104863,3.835950477790205,0.7470000000000003,1
7,117,30,120,800,self,2.4674250538714095,3.835950477790205,0.7760000000000005,1
7,118,30,120,800,self,3.3839330017570077,3.835950477790205,0.6750000000000004,1
7,119,30,120,800,self,3.2930665290811953,3.835950477790205,0.5660000000000003,1
7,120,30,120,800,self,2.5222809369984587,3.835950477790205,0.7070000000000003,1
7,121,30,120,800,self,2.029474217423377,3.835950477790205,0.7370000000000003,1
7,122,30,120,800,self,3.375150638419148,3.835950477790205,0.7460000000000004,1
7,123,30,120,800,self,3.830196772471382,3.835950477790205,0.43100000000000016,1
7,124,30,120,800,self,3.0995573984326246,3.835950477790205,0.44300000000000017,1
7,125,30,120,800,self,3.427669515325604,3.835950477790205,0.5940000000000003,1
7,126,30,120,800,self,2.946603488071053,3.835950477790205,0.6640000000000004,1
7,127,30,120,800,self,2.731601199056276,3.835950477790205,0.5890000000000003,1
7,128,30,120,800,self,5.024219425231526,3.835950477790205,0.5410000000000003,1
7,129,30,120,800,self,4.285175062968641,3.835950477790205,0.7070000000000003,1
7,130,30,120,800,self,3.959513024390339,3.835950477790205,0.6910000000000004,1
8,1,30,120,800,stranger,-1.764412503499436,3.7178686220430386,0.7920000000000005,2
8,2,30,120,800,stranger,-2.1474369086035665,3.7178686220430386,0.8010000000000004,2
8,3,30,120,800,stranger,-1.312932279048264,3.7178686220430386,0.7020000000000004,2
8,4,30,120,800,stranger,1.0574709209567859,3.7178686220430386,0.6780000000000004,1
8,5,30,120,800,stranger,2.515119813809395,3.7178686220430386,0.7070000000000003,1
8,6,30,120,800,stranger,1.7680450507542642,3.7178686220430386,0.5980000000000003,1
8,7,30,120,800,stranger,0.8514309467321557,3.7178686220430386,0.5550000000000003,1
8,8,30,120,800,stranger,2.0395204099903226,3.7178686220430386,0.6490000000000004,1
8,9,30,120,800,stranger,1.6611932676913028,3.7178686220430386,0.6530000000000004,1
8,10,30,120,800,stranger,1.8074521901491623,3.7178686220430386,0.6700000000000004,1
8,11,30,120,800,stranger,-1.0586265723111703,3.7178686220430386,0.7420000000000004,2
8,12,30,120,800,stranger,0.429976244204405,3.7178686220430386,0.4530000000000002,1
8,13,30,120,800,stranger,1.4614867752860332,3.7178686220430386,0.6680000000000004,1
8,14,30,120,800,stranger,0.1329718434952219,3.7178686220430386,0.5670000000000003,1
8,15,30,120,800,stranger,0.4214836942191838,3.7178686220430386,0.7170000000000003,1
8,16,30,120,800,stranger,0.6524085253807311,3.7178686220430386,0.5420000000000003,1
8,17,30,120,800,stranger,2.1819145621156504,3.7178686220430386,0.7720000000000005,1
8,18,30,120,800,stranger,1.4318506813676029,3.7178686220430386,0.5910000000000003,1
8,19,30,120,800,stranger,-1.3332131682769317,3.7178686220430386,0.6000000000000003,2
8,20,30,120,800,stranger,2.1287178044468598,3.7178686220430386,0.6120000000000003,1
8,21,30,120,800,stranger,2.0041583025614513,3.7178686220430386,0.6280000000000003,1
8,22,30,120,800,stranger,2.043662435931624,3.7178686220430386,0.7620000000000005,1
8,23,30,120,800,stranger,-0.9767246009641698,3.7178686220430386,0.8160000000000005,2
8,24,30,120,800,stranger,1.3431410166132518,3.7178686220430386,0.7310000000000003,1
8,25,30,120,800,stranger,0.7400201856086981,3.7178686220430386,0.8220000000000005,1
8,26,30,120,800,stranger,1.9418014003332176,3.7178686220430386,0.7550000000000003,1
8,27,30,120,800,stranger,3.4525998032018355,3.7178686220430386,0.6980000000000004,1
8,28,30,120,800,stranger,2.671930458768393,3.7178686220430386,0.6910000000000004,1
8,29,30,120,800,stranger,1.6249330773287314,3.7178686220430386,0.6810000000000004,1
8,30,30,120,800,stranger,2.418453886840105,3.7178686220430386,0.6950000000000004,1
8,31,30,120,800,stranger,0.35164469195321746,3.7178686220430386,0.5020000000000002,1
8,32,30,120,800,stranger,-2.212390962811035,3.7178686220430386,0.7340000000000004,2
8,33,30,120,800,stranger,1.174085211402459,3.7178686220430386,0.6970000000000004,2
8,34,30,120,800,stranger,-0.4956652256470596,3.7178686220430386,0.7880000000000005,2
8,35,30,120,800,stranger,1.3622138317121264,3.7178686220430386,0.7660000000000005,1
8,36,30,120,800,stranger,2.3280955355326296,3.7178686220430386,0.8180000000000005,1
8,37,30,120,800,stranger,1.7987924731676102,3.7178686220430386,0.4810000000000002,1
8,38,30,120,800,stranger,1.5298511398902042,3.7178686220430386,0.7060000000000004,1
8,39,30,120,800,stranger,-1.1722724558927045,3.7178686220430386,0.7900000000000005,2
8,40,30,120,800,stranger,2.3960664311246767,3.7178686220430386,0.5980000000000003,1
8,41,30,120,800,stranger,2.4616173075342105,3.7178686220430386,0.5300000000000002,1
8,42,30,120,800,stranger,0.34005356429875006,3.7178686220430386,0.7790000000000004,1
8,43,30,120,800,stranger,0.4605657234051141,3.7178686220430386,0.6150000000000003,1
8,44,30,120,800,stranger,-1.3455788252629954,3.7178686220430386,0.5930000000000003,2
8,45,30,120,800,stranger,1.2581351314589995,3.7178686220430386,0.8130000000000004,1
8,46,30,120,800,stranger,-0.06578761058903826,3.7178686220430386,0.7290000000000003,1
8,47,30,120,800,stranger,3.167101294438297,3.7178686220430386,0.5070000000000002,1
8,48,30,120,800,stranger,-0.2752955411631818,3.7178686220430386,0.8190000000000004,1
8,49,30,120,800,stranger,2.118476460291118,3.7178686220430386,0.6660000000000004,1
8,50,30,120,800,stranger,0.5611701287842448,3.7178686220430386,0.6670000000000004,1
8,51,30,120,800,stranger,0.9625648940932505,3.7178686220430386,0.7710000000000004,2
8,52,30,120,800,stranger,-1.5156171933308693,3.7178686220430386,0.7720000000000005,2
8,53,30,120,800,stranger,2.406327081919008,3.7178686220430386,0.7140000000000004,1
8,54,30,120,800,stranger,-0.4548774464111335,3.7178686220430386,0.8290000000000004,2
8,55,30,120,800,stranger,0.24599799701974412,3.7178686220430386,0.7760000000000005,1
8,56,30,120,800,stranger,2.004663630105434,3.7178686220430386,0.7460000000000004,1
8,57,30,120,800,stranger,1.1142687895086874,3.7178686220430386,0.7760000000000005,1
8,58,30,120,800,stranger,-2.0104094124708243,3.7178686220430386,0.6640000000000004,2
8,59,30,120,800,stranger,-0.5452847316046591,3.7178686220430386,0.7710000000000004,1
8,60,30,120,800,stranger,-1.7341559966311846,3.7178686220430386,0.8270000000000004,2
8,61,30,120,800,stranger,2.185927220864726,3.7178686220430386,0.7970000000000004,1
8,62,30,120,800,stranger,-1.3604147250072542,3.7178686220430386,0.6680000000000004,2
8,63,30,120,800,stranger,1.403022177774118,3.7178686220430386,0.7690000000000003,1
8,64,30,120,800,stranger,1.9670594241679122,3.7178686220430386,0.7730000000000004,1
8,65,30,120,800,stranger,0.4224094449193405,3.7178686220430386,0.7610000000000003,1
8,66,30,120,800,stranger,2.451798554622215,3.7178686220430386,0.5820000000000003,1
8,67,30,120,800,stranger,2.3643167287081384,3.7178686220430386,0.7550000000000003,1
8,68,30,120,800,stranger,1.4395849114687658,3.7178686220430386,0.4840000000000002,1
8,69,30,120,800,stranger,0.9551192565005031,3.7178686220430386,0.6610000000000004,1
8,70,30,120,800,stranger,0.7787466919398914,3.7178686220430386,0.5750000000000003,1
8,71,30,120,800,stranger,2.1036868414995213,3.7178686220430386,0.4840000000000002,1
8,72,30,120,800,stranger,2.323092247073655,3.7178686220430386,0.8190000000000004,1
8,73,30,120,800,stranger,2.944711543229109,3.7178686220430386,0.5800000000000003,1
8,74,30,120,800,stranger,2.9193786212999284,3.7178686220430386,0.7640000000000005,1
8,75,30,120,800,stranger,2.6827492961080015,3.7178686220430386,0.5120000000000002,1
8,76,30,120,800,stranger,0.5400050609948531,3.7178686220430386,0.6870000000000004,1
8,77,30,120,800,stranger,1.8734665712770742,3.7178686220430386,0.5210000000000002,1
8,78,30,120,800,stranger,1.0987740251121705,3.7178686220430386,0.7140000000000004,1
8,79,30,120,800,stranger,1.2297285008141206,3.7178686220430386,0.44200000000000017,1
8,80,30,120,800,stranger,2.8104632079619862,3.7178686220430386,0.6560000000000004,1
8,81,30,120,800,stranger,0.3217960304514642,3.7178686220430386,0.6420000000000003,2
8,82,30,120,800,stranger,2.159135500336292,3.7178686220430386,0.7480000000000004,1
8,83,30,120,800,stranger,2.59823098607767,3.7178686220430386,0.6940000000000004,1
8,84,30,120,800,stranger,-2.035481538749523,3.7178686220430386,0.7130000000000003,1
8,85,30,120,800,stranger,0.9114166380779234,3.7178686220430386,0.7580000000000005,1
8,86,30,120,800,stranger,1.4430454456597783,3.7178686220430386,0.7470000000000003,1
8,87,30,120,800,stranger,1.5731026762397264,3.7178686220430386,0.7270000000000003,1
8,88,30,120,800,stranger,0.45314887351094435,3.7178686220430386,0.7850000000000004,1
8,89,30,120,800,stranger,2.002485597135184,3.7178686220430386,0.5860000000000003,1
8,90,30,120,800,stranger,-1.428095924056465,3.7178686220430386,0.6750000000000004,2
8,91,30,120,800,stranger,-0.9131419778418034,3.7178686220430386,0.7260000000000004,2
8,92,30,120,800,stranger,-1.238447240246864,3.7178686220430386,0.8240000000000005,2
8,93,30,120,800,stranger,1.199252787296214,3.7178686220430386,0.6950000000000004,1
8,94,30,120,800,stranger,-1.1398619401774779,3.7178686220430386,0.6020000000000003,2
8,95,30,120,800,stranger,1.548363682698277,3.7178686220430386,0.6650000000000004,1
8,96,30,120,800,stranger,2.133590106878213,3.7178686220430386,0.6810000000000004,1
8,97,30,120,800,stranger,2.0985364095776253,3.7178686220430386,0.7410000000000003,1
8,98,30,120,800,stranger,0.7409557480170794,3.7178686220430386,0.6530000000000004,1
8,99,30,120,800,stranger,-0.1484995726489743,3.7178686220430386,0.5710000000000003,1
8,100,30,120,800,stranger,2.818009745660423,3.7178686220430386,0.5340000000000003,1
8,101,30,120,800,stranger,3.594881291630998,3.7178686220430386,0.5130000000000002,1
8,102,30,120,800,stranger,1.0612553758797243,3.7178686220430386,0.7050000000000003,1
8,103,30,120,800,stranger,1.4866963906703226,3.7178686220430386,0.8050000000000004,1
8,104,30,120,800,stranger,0.8719227479943504,3.7178686220430386,0.4940000000000002,1
8,105,30,120,800,stranger,2.2703316410334393,3.7178686220430386,0.6310000000000003,1
8,106,30,120,800,stranger,0.9244045278181618,3.7178686220430386,0.8250000000000004,1
8,107,30,120,800,stranger,-1.194738183152165,3.7178686220430386,0.7110000000000003,2
8,108,30,120,800,stranger,2.1176040237359235,3.7178686220430386,0.6710000000000004,1
8,109,30,120,800,stranger,2.1605619713415005,3.7178686220430386,0.6110000000000003,1
8,110,30,120,800,stranger,2.5245325430631436,3.7178686220430386,0.5850000000000003,1
8,111,30,120,800,stranger,-1.5048974480933865,3.7178686220430386,0.7520000000000004,2
8,112,30,120,800,stranger,-2.039108081906818,3.7178686220430386,0.5800000000000003,2
8,113,30,120,800,stranger,2.355562046137957,3.7178686220430386,0.7400000000000004,1
8,114,30,120,800,stranger,1.520241475205727,3.7178686220430386,0.43600000000000017,1
8,115,30,120,800,stranger,0.8543185450205124,3.7178686220430386,0.7290000000000003,1
8,116,30,120,800,stranger,1.0878758643899018,3.7178686220430386,0.7560000000000004,1
8,117,30,120,800,stranger,-1.2016478604598584,3.7178686220430386,0.6070000000000003,2
8,118,30,120,800,stranger,0.45520005968003774,3.7178686220430386,0.8220000000000005,1
8,119,30,120,800,stranger,-3.327909188144987,3.7178686220430386,0.7830000000000004,2
8,120,30,120,800,stranger,-0.9328840978130751,3.7178686220430386,0.7400000000000004,2
8,121,30,120,800,stranger,2.666346318523918,3.7178686220430386,0.5400000000000003,1
8,122,30,120,800,stranger,1.578834521383533,3.7178686220430386,0.5340000000000003,1
8,123,30,120,800,stranger,1.5076740389369003,3.7178686220430386,0.7030000000000003,1
8,124,30,120,800,stranger,2.0629648600879826,3.7178686220430386,0.5490000000000003,1
8,125,30,120,800,stranger,1.9928416281322674,3.7178686220430386,0.5730000000000003,1
8,126,30,120,800,stranger,2.3538679162421072,3.7178686220430386,0.6960000000000004,1
8,127,30,120,800,stranger,3.1158510128493755,3.7178686220430386,0.5530000000000003,1
8,128,30,120,800,stranger,2.3060891975253153,3.7178686220430386,0.7880000000000005,1
8,129,30,120,800,stranger,2.072170426884034,3.7178686220430386,0.7190000000000003,1
8,130,30,120,800,stranger,-1.4776502732664403,3.7178686220430386,0.7110000000000003,2
8,1,30,120,800,self,2.453323493059654,3.7178686220430386,0.4840000000000002,1
8,2,30,120,800,self,3.2807062795961537,3.7178686220430386,0.5920000000000003,1
8,3,30,120,800,self,1.7022783878772532,3.7178686220430386,0.6920000000000004,1
8,4,30,120,800,self,3.1684120744975335,3.7178686220430386,0.5570000000000003,1
8,5,30,120,800,self,3.521438944833916,3.7178686220430386,0.6130000000000003,1
8,6,30,120,800,self,2.6779484179782393,3.7178686220430386,0.7860000000000005,1
8,7,30,120,800,self,1.560598979143459,3.7178686220430386,0.7760000000000005,1
8,8,30,120,800,self,3.6757189480706534,3.7178686220430386,0.8080000000000005,1
8,9,30,120,800,self,2.1610359800064582,3.7178686220430386,0.6860000000000004,1
8,10,30,120,800,self,2.1298033018285816,3.7178686220430386,0.6230000000000003,1
8,11,30,120,800,self,3.0728903801106027,3.7178686220430386,0.6450000000000004,1
8,12,30,120,800,self,2.246937145776457,3.7178686220430386,0.7920000000000005,1
8,13,30,120,800,self,1.4841589873026384,3.7178686220430386,0.7390000000000003,1
8,14,30,120,800,self,3.7025178412901356,3.7178686220430386,0.5840000000000003,1
8,15,30,120,800,self,4.183114328794613,3.7178686220430386,0.5530000000000003,1
8,16,30,120,800,self,2.7949624815735925,3.7178686220430386,0.6220000000000003,1
8,17,30,120,800,self,3.4086685282793128,3.7178686220430386,0.7600000000000005,1
8,18,30,120,800,self,2.1163252890191515,3.7178686220430386,0.6900000000000004,1
8,19,30,120,800,self,2.817313472041412,3.7178686220430386,0.7360000000000004,1
8,20,30,120,800,self,4.100291261161545,3.7178686220430386,0.5480000000000003,1
8,21,30,120,800,self,4.439125730497437,3.7178686220430386,0.6980000000000004,1
8,22,30,120,800,self,1.8041616419647193,3.7178686220430386,0.7790000000000004,1
8,23,30,120,800,self,2.710407081613834,3.7178686220430386,0.7730000000000004,1
8,24,30,120,800,self,2.561661776234854,3.7178686220430386,0.7110000000000003,1
8,25,30,120,800,self,3.954149152296467,3.7178686220430386,0.6190000000000003,1
8,26,30,120,800,self,2.6084223915222453,3.7178686220430386,0.8140000000000005,1
8,27,30,120,800,self,2.499276858530444,3.7178686220430386,0.7950000000000004,1
8,28,30,120,800,self,4.038887930249011,3.7178686220430386,0.6770000000000004,1
8,29,30,120,800,self,2.861054799981377,3.7178686220430386,0.5940000000000003,1
8,30,30,120,800,self,1.8168923054097519,3.7178686220430386,0.6350000000000003,1
8,31,30,120,800,self,3.0783564071060394,3.7178686220430386,0.6810000000000004,1
8,32,30,120,800,self,2.0747465090083352,3.7178686220430386,0.5850000000000003,1
8,33,30,120,800,self,2.62261399384669,3.7178686220430386,0.4990000000000002,1
8,34,30,120,800,self,2.1223769345803865,3.7178686220430386,0.8210000000000004,1
8,35,30,120,800,self,3.1738759175012308,3.7178686220430386,0.6250000000000003,1
8,36,30,120,800,self,3.1771281561808085,3.7178686220430386,0.5520000000000003,1
8,37,30,120,800,self,1.563068932477366,3.7178686220430386,0.5090000000000002,1
8,38,30,120,800,self,3.7241446385712846,3.7178686220430386,0.5770000000000003,1
8,39,30,120,800,self,3.480263483477532,3.7178686220430386,0.5580000000000003,1
8,40,30,120,800,self,4.574769087808157,3.7178686220430386,0.4570000000000002,1
8,41,30,120,800,self,2.649815838048908,3.7178686220430386,0.7470000000000003,1
8,42,30,120,800,self,2.2994404807892628,3.7178686220430386,0.5110000000000002,1
8,43,30,120,800,self,3.6614735640086664,3.7178686220430386,0.6380000000000003,1
8,44,30,120,800,self,3.278191573258644,3.7178686220430386,0.8110000000000004,1
8,45,30,120,800,self,2.758350488892887,3.7178686220430386,0.6320000000000003,1
8,46,30,120,800,self,3.7477418520386494,3.7178686220430386,0.7100000000000004,1
8,47,30,120,800,self,2.074529536774099,3.7178686220430386,0.6890000000000004,1
8,48,30,120,800,self,3.5980643265726746,3.7178686220430386,0.5740000000000003,1
8,49,30,120,800,self,3.523048831393412,3.7178686220430386,0.7380000000000004,1
8,50,30,120,800,self,1.7815831284309733,3.7178686220430386,0.8040000000000005,1
8,51,30,120,800,self,1.6088713287751593,3.7178686220430386,0.8230000000000004,1
8,52,30,120,800,self,1.3453553631204787,3.7178686220430386,0.7950000000000004,1
8,53,30,120,800,self,3.542787326361735,3.7178686220430386,0.39500000000000013,1
8,54,30,120,800,self,3.258738229770787,3.7178686220430386,0.6510000000000004,1
8,55,30,120,800,self,3.3660505992570835,3.7178686220430386,0.6660000000000004,1
8,56,30,120,800,self,3.397433540083884,3.7178686220430386,0.7480000000000004,1
8,57,30,120,800,self,3.336785592842777,3.7178686220430386,0.6660000000000004,1
8,58,30,120,800,self,2.3570852453249,3.7178686220430386,0.7230000000000003,1
8,59,30,120,800,self,2.286442218457644,3.7178686220430386,0.6740000000000004,1
8,60,30,120,800,self,1.1759361349276707,3.7178686220430386,0.6570000000000004,1
8,61,30,120,800,self,1.8700047363187058,3.7178686220430386,0.6300000000000003,1
8,62,30,120,800,self,2.126585529251166,3.7178686220430386,0.7400000000000004,1
8,63,30,120,800,self,2.5939346004764223,3.7178686220430386,0.4940000000000002,1
8,64,30,120,800,self,1.7842614420049339,3.7178686220430386,0.5830000000000003,1
8,65,30,120,800,self,2.2078491511704867,3.7178686220430386,0.7470000000000003,1
8,66,30,120,800,self,2.766836996727884,3.7178686220430386,0.6590000000000004,1
8,67,30,120,800,self,2.106487442052876,3.7178686220430386,0.6700000000000004,1
8,68,30,120,800,self,3.2626196952308035,3.7178686220430386,0.7590000000000003,1
8,69,30,120,800,self,3.2283727390117067,3.7178686220430386,0.6460000000000004,1
8,70,30,120,800,self,2.6011960850001907,3.7178686220430386,0.6620000000000004,1
8,71,30,120,800,self,3.317964441585204,3.7178686220430386,0.7750000000000004,1
8,72,30,120,800,self,2.348492492781993,3.7178686220430386,0.7840000000000005,1
8,73,30,120,800,self,2.6630033403724482,3.7178686220430386,0.6080000000000003,1
8,74,30,120,800,self,1.9874806822838262,3.7178686220430386,0.7840000000000005,1
8,75,30,120,800,self,2.4123011135171737,3.7178686220430386,0.7360000000000004,1
8,76,30,120,800,self,3.222234114152566,3.7178686220430386,0.6790000000000004,1
8,77,30,120,800,self,4.106696197890172,3.7178686220430386,0.4670000000000002,1
8,78,30,120,800,self,2.018301876410099,3.7178686220430386,0.5460000000000003,1
8,79,30,120,800,self,3.4528387137729206,3.7178686220430386,0.7630000000000003,1
8,80,30,120,800,self,2.1742398381564207,3.7178686220430386,0.7620000000000005,1
8,81,30,120,800,self,2.228112927524025,3.7178686220430386,0.7870000000000004,1
8,82,30,120,800,self,2.3528806045606445,3.7178686220430386,0.7120000000000004,1
8,83,30,120,800,self,1.4847422642151562,3.7178686220430386,0.5260000000000002,1
8,84,30,120,800,self,1.6917287323403072,3.7178686220430386,0.8040000000000005,1
8,85,30,120,800,self,2.2303565021749048,3.7178686220430386,0.5800000000000003,1
8,86,30,120,800,self,2.951118896377677,3.7178686220430386,0.4950000000000002,1
8,87,30,120,800,self,2.5067307527795277,3.7178686220430386,0.7980000000000005,1
8,88,30,120,800,self,3.3013371406672745,3.7178686220430386,0.6160000000000003,1
8,89,30,120,800,self,3.2756134639475247,3.7178686220430386,0.5610000000000003,1
8,90,30,120,800,self,2.672926358114963,3.7178686220430386,0.7290000000000003,1
8,91,30,120,800,self,2.3552421494155253,3.7178686220430386,0.8040000000000005,1
8,92,30,120,800,self,2.0781043797101475,3.7178686220430386,0.4440000000000002,1
8,93,30,120,800,self,4.555166392037043,3.7178686220430386,0.6210000000000003,1
8,94,30,120,800,self,2.209847270984873,3.7178686220430386,0.5900000000000003,1
8,95,30,120,800,self,3.339474358016349,3.7178686220430386,0.6260000000000003,1
8,96,30,120,800,self,3.7637494554335116,3.7178686220430386,0.5290000000000002,1
8,97,30,120,800,self,3.6577278980933863,3.7178686220430386,0.5120000000000002,1
8,98,30,120,800,self,1.8883678593450806,3.7178686220430386,0.7300000000000004,1
8,99,30,120,800,self,1.1869532794215616,3.7178686220430386,0.7080000000000004,2
8,100,30,120,800,self,2.919133354867645,3.7178686220430386,0.5910000000000003,1
8,101,30,120,800,self,1.8596230345064124,3.7178686220430386,0.4890000000000002,1
8,102,30,120,800,self,2.6761397647646676,3.7178686220430386,0.6830000000000004,1
8,103,30,120,800,self,2.663438344690306,3.7178686220430386,0.7680000000000005,1
8,104,30,120,800,self,3.8386781035445265,3.7178686220430386,0.7230000000000003,1
8,105,30,120,800,self,3.0853291057503887,3.7178686220430386,0.6900000000000004,1
8,106,30,120,800,self,3.119799350640873,3.7178686220430386,0.7460000000000004,1
8,107,30,120,800,self,3.7456419586165137,3.7178686220430386,0.5860000000000003,1
8,108,30,120,800,self,1.8315699702988626,3.7178686220430386,0.7900000000000005,1
8,109,30,120,800,self,1.9162186396321876,3.7178686220430386,0.4950000000000002,1
8,110,30,120,800,self,3.8560246248341947,3.7178686220430386,0.7460000000000004,1
8,111,30,120,800,self,2.5005579775048425,3.7178686220430386,0.8300000000000005,1
8,112,30,120,800,self,2.9341231023710423,3.7178686220430386,0.7500000000000004,1
8,113,30,120,800,self,3.026291032563469,3.7178686220430386,0.6830000000000004,1
8,114,30,120,800,self,2.6460972611032854,3.7178686220430386,0.7390000000000003,1
8,115,30,120,800,self,2.957391621705862,3.7178686220430386,0.6420000000000003,1
8,116,30,120,800,self,3.6185464996304813,3.7178686220430386,0.7180000000000004,1
8,117,30,120,800,self,2.228923332498741,3.7178686220430386,0.7530000000000003,1
8,118,30,120,800,self,3.2480518068600426,3.7178686220430386,0.5260000000000002,1
8,119,30,120,800,self,4.253439065191315,3.7178686220430386,0.5960000000000003,1
8,120,30,120,800,self,3.6173177554079694,3.7178686220430386,0.5150000000000002,1
8,121,30,120,800,self,3.656772188020271,3.7178686220430386,0.5610000000000003,1
8,122,30,120,800,self,2.8150391373776333,3.7178686220430386,0.5520000000000003,1
8,123,30,120,800,self,2.006050876630596,3.7178686220430386,0.6340000000000003,1
8,124,30,120,800,self,2.9609649347082123,3.7178686220430386,0.7580000000000005,1
8,125,30,120,800,self,1.9653283714475493,3.7178686220430386,0.6230000000000003,1
8,126,30,120,800,self,2.3129175687643984,3.7178686220430386,0.5970000000000003,1
8,127,30,120,800,self,2.7370855584338045,3.7178686220430386,0.7570000000000003,1
8,128,30,120,800,self,1.1959362802030877,3.7178686220430386,0.6310000000000003,1
8,129,30,120,800,self,3.9857830430028764,3.7178686220430386,0.4980000000000002,1
8,130,30,120,800,self,0.7123831384608852,3.7178686220430386,0.6100000000000003,1
