subjectID,trialID,T,P,W,Label,v,a,RT,response
1,1,30,0,300,stranger,-0.5742358255018398,0.8913398511819368,0.25400000000000006,1
1,2,30,0,300,stranger,-1.1570283438164006,0.8913398511819368,0.26400000000000007,2
1,3,30,0,300,stranger,0.3546804389067225,0.8913398511819368,0.3070000000000001,1
1,4,30,0,300,stranger,-0.21405597490270611,0.8913398511819368,0.23900000000000005,1
1,5,30,0,300,stranger,0.9713158321710518,0.8913398511819368,0.2810000000000001,2
1,6,30,0,300,stranger,-0.13925822000831395,0.8913398511819368,0.3130000000000001,1
1,7,30,0,300,stranger,0.30927749817192574,0.8913398511819368,0.24200000000000005,1
1,8,30,0,300,stranger,0.9217071652539527,0.8913398511819368,0.23700000000000004,2
1,9,30,0,300,stranger,2.039707075928149,0.8913398511819368,0.23800000000000004,1
1,10,30,0,300,stranger,-0.21931668919575042,0.8913398511819368,0.2790000000000001,2
1,11,30,0,300,stranger,-0.19741882472564037,0.8913398511819368,0.26500000000000007,1
1,12,30,0,300,stranger,-0.7559168027768782,0.8913398511819368,0.2910000000000001,1
1,13,30,0,300,stranger,0.7793528341461036,0.8913398511819368,0.2870000000000001,1
1,14,30,0,300,stranger,1.3482221870485982,0.8913398511819368,0.2990000000000001,1
1,15,30,0,300,stranger,2.3661383309507356,0.8913398511819368,0.25000000000000006,1
1,16,30,0,300,stranger,2.5176103321868117,0.8913398511819368,0.26400000000000007,1
1,17,30,0,300,stranger,-0.506448438349124,0.8913398511819368,0.2720000000000001,1
1,18,30,0,300,stranger,1.9102566995078378,0.8913398511819368,0.2820000000000001,1
1,19,30,0,300,stranger,0.5406424770338022,0.8913398511819368,0.2990000000000001,1
1,20,30,0,300,stranger,-1.4972323610585594,0.8913398511819368,0.3110000000000001,2
1,21,30,0,300,stranger,-1.5953202907957413,0.8913398511819368,0.3120000000000001,2
1,22,30,0,300,stranger,0.8017487018396809,0.8913398511819368,0.2710000000000001,1
1,23,30,0,300,stranger,-0.5623482434367073,0.8913398511819368,0.25000000000000006,1
1,24,30,0,300,stranger,1.140208837291302,0.8913398511819368,0.26200000000000007,2
1,25,30,0,300,stranger,0.6172388099634462,0.8913398511819368,0.2810000000000001,2
1,26,30,0,300,stranger,1.2103044668068357,0.8913398511819368,0.25000000000000006,1
1,27,30,0,300,stranger,-0.6344909573707456,0.8913398511819368,0.3100000000000001,2
1,28,30,0,300,stranger,-0.6460538577435467,0.8913398511819368,0.2900000000000001,1
1,29,30,0,300,stranger,-0.7696032086969776,0.8913398511819368,0.24800000000000005,1
1,30,30,0,300,stranger,0.15805201317445694,0.8913398511819368,0.2780000000000001,2
1,31,30,0,300,stranger,0.45012927842590444,0.8913398511819368,0.32800000000000007,2
1,32,30,0,300,stranger,-1.3774835021785248,0.8913398511819368,0.3180000000000001,2
1,33,30,0,300,stranger,0.608940920744907,0.8913398511819368,0.26700000000000007,2
1,34,30,0,300,stranger,1.5445267628594128,0.8913398511819368,0.2890000000000001,1
1,35,30,0,300,stranger,0.2799377756412467,0.8913398511819368,0.2910000000000001,2
1,36,30,0,300,stranger,0.38723292002706605,0.8913398511819368,0.26600000000000007,2
1,37,30,0,300,stranger,-1.5714960940238316,0.8913398511819368,0.3160000000000001,2
1,38,30,0,300,stranger,0.9729369854556433,0.8913398511819368,0.25900000000000006,2
1,39,30,0,300,stranger,-0.5402181580563558,0.8913398511819368,0.2980000000000001,1
1,40,30,0,300,stranger,0.7441171042051,0.8913398511819368,0.3210000000000001,1
1,41,30,0,300,stranger,-1.074386191471215,0.8913398511819368,0.3110000000000001,2
1,42,30,0,300,stranger,2.6288065912961924,0.8913398511819368,0.3060000000000001,1
1,43,30,0,300,stranger,-1.0800416695594763,0.8913398511819368,0.2990000000000001,2
1,44,30,0,300,stranger,2.7445553466072576,0.8913398511819368,0.26100000000000007,1
1,45,30,0,300,stranger,0.018925993897613652,0.8913398511819368,0.32900000000000007,2
1,46,30,0,300,stranger,-0.20701465456925305,0.8913398511819368,0.25600000000000006,2
1,47,30,0,300,stranger,0.2875449883773226,0.8913398511819368,0.26600000000000007,2
1,48,30,0,300,stranger,0.5808085632147799,0.8913398511819368,0.22800000000000004,1
1,49,30,0,300,stranger,-1.2389682782283056,0.8913398511819368,0.3180000000000001,2
1,50,30,0,300,stranger,0.4970098251620065,0.8913398511819368,0.2730000000000001,2
1,51,30,0,300,stranger,0.9903509729806217,0.8913398511819368,0.2980000000000001,1
1,52,30,0,300,stranger,1.9677605528926745,0.8913398511819368,0.25300000000000006,1
1,53,30,0,300,stranger,-1.0579414681301547,0.8913398511819368,0.3170000000000001,2
1,54,30,0,300,stranger,0.15458184307135225,0.8913398511819368,0.2950000000000001,2
1,55,30,0,300,stranger,0.8592835845861104,0.8913398511819368,0.3200000000000001,1
1,56,30,0,300,stranger,0.31291538117746936,0.8913398511819368,0.3130000000000001,1
1,57,30,0,300,stranger,-0.2903169485442898,0.8913398511819368,0.3100000000000001,1
1,58,30,0,300,stranger,-1.9406947624915145,0.8913398511819368,0.2740000000000001,1
1,59,30,0,300,stranger,0.19720246036503647,0.8913398511819368,0.26100000000000007,2
1,60,30,0,300,stranger,-0.8261542368026379,0.8913398511819368,0.3130000000000001,2
1,61,30,0,300,stranger,-0.2619778426620174,0.8913398511819368,0.2740000000000001,2
1,62,30,0,300,stranger,1.3516015107705406,0.8913398511819368,0.3060000000000001,1
1,63,30,0,300,stranger,1.5343334460664666,0.8913398511819368,0.3110000000000001,1
1,64,30,0,300,stranger,0.28415813813169305,0.8913398511819368,0.24800000000000005,2
1,65,30,0,300,stranger,-1.3372966122104541,0.8913398511819368,0.3160000000000001,1
1,66,30,0,300,stranger,0.4722356567949289,0.8913398511819368,0.3030000000000001,1
1,67,30,0,300,stranger,0.5784200807322651,0.8913398511819368,0.2920000000000001,2
1,68,30,0,300,stranger,-0.2456256638806456,0.8913398511819368,0.25400000000000006,2
1,69,30,0,300,stranger,-1.1135578733920197,0.8913398511819368,0.26100000000000007,2
1,70,30,0,300,stranger,0.5629817040179492,0.8913398511819368,0.2960000000000001,1
1,71,30,0,300,stranger,0.9764691102344042,0.8913398511819368,0.3040000000000001,2
1,72,30,0,300,stranger,1.2686705406122711,0.8913398511819368,0.2940000000000001,1
1,73,30,0,300,stranger,2.3150125869823097,0.8913398511819368,0.22800000000000004,1
1,74,30,0,300,stranger,2.5543181467761844,0.8913398511819368,0.2780000000000001,1
1,75,30,0,300,stranger,1.3181412173802838,0.8913398511819368,0.26800000000000007,1
1,76,30,0,300,stranger,-0.2145945412618494,0.8913398511819368,0.22700000000000004,1
1,77,30,0,300,stranger,-0.03370042531713696,0.8913398511819368,0.32900000000000007,1
1,78,30,0,300,stranger,-0.8857247638593561,0.8913398511819368,0.2980000000000001,2
1,79,30,0,300,stranger,0.09262503763393487,0.8913398511819368,0.3210000000000001,2
1,80,30,0,300,stranger,1.3466575965759944,0.8913398511819368,0.2800000000000001,1
1,81,30,0,300,stranger,0.5154765780571764,0.8913398511819368,0.2910000000000001,1
1,82,30,0,300,stranger,1.0725170107367021,0.8913398511819368,0.26100000000000007,2
1,83,30,0,300,stranger,0.9054657905479572,0.8913398511819368,0.2850000000000001,1
1,84,30,0,300,stranger,-0.6952329823211966,0.8913398511819368,0.2980000000000001,1
1,85,30,0,300,stranger,0.30971274810064886,0.8913398511819368,0.3210000000000001,2
1,86,30,0,300,stranger,0.2656613457975572,0.8913398511819368,0.2940000000000001,1
1,87,30,0,300,stranger,0.0844619192907487,0.8913398511819368,0.25100000000000006,1
1,88,30,0,300,stranger,0.5847269057294261,0.8913398511819368,0.24300000000000005,1
1,89,30,0,300,stranger,0.8764210183141039,0.8913398511819368,0.2930000000000001,1
1,90,30,0,300,stranger,-1.3935926431330068,0.8913398511819368,0.25800000000000006,1
1,91,30,0,300,stranger,0.057905306550823044,0.8913398511819368,0.2760000000000001,1
1,92,30,0,300,stranger,-1.0101852092410821,0.8913398511819368,0.3170000000000001,2
1,93,30,0,300,stranger,0.5722742528731994,0.8913398511819368,0.25000000000000006,1
1,94,30,0,300,stranger,0.2699650983197363,0.8913398511819368,0.2810000000000001,2
1,95,30,0,300,stranger,1.5461247266757718,0.8913398511819368,0.3120000000000001,1
1,96,30,0,300,stranger,-0.5216017362906209,0.8913398511819368,0.26200000000000007,2
1,97,30,0,300,stranger,0.683342968890967,0.8913398511819368,0.2770000000000001,2
1,98,30,0,300,stranger,2.3948786925526027,0.8913398511819368,0.2800000000000001,1
1,99,30,0,300,stranger,-1.0822321375894233,0.8913398511819368,0.3200000000000001,2
1,100,30,0,300,stranger,1.2800434899094162,0.8913398511819368,0.26400000000000007,1
1,101,30,0,300,stranger,-0.3389703537128701,0.8913398511819368,0.3190000000000001,1
1,102,30,0,300,stranger,0.8978583713708531,0.8913398511819368,0.24700000000000005,1
1,103,30,0,300,stranger,-0.5999503693810019,0.8913398511819368,0.3200000000000001,2
1,104,30,0,300,stranger,0.06312867718850579,0.8913398511819368,0.25300000000000006,2
1,105,30,0,300,stranger,-1.8987965168191412,0.8913398511819368,0.24000000000000005,2
1,106,30,0,300,stranger,1.345096552593735,0.8913398511819368,0.22600000000000003,1
1,107,30,0,300,stranger,1.0369066401639904,0.8913398511819368,0.2860000000000001,1
1,108,30,0,300,stranger,0.695351647316897,0.8913398511819368,0.2790000000000001,2
1,109,30,0,300,stranger,-1.8722213687408384,0.8913398511819368,0.26800000000000007,2
1,110,30,0,300,stranger,0.9580010702439041,0.8913398511819368,0.2730000000000001,1
1,111,30,0,300,stranger,-0.9634433336070548,0.8913398511819368,0.24300000000000005,1
1,112,30,0,300,stranger,1.1374335994194351,0.8913398511819368,0.32700000000000007,2
1,113,30,0,300,stranger,-0.5571410076411336,0.8913398511819368,0.26800000000000007,2
1,114,30,0,300,stranger,2.229206635473373,0.8913398511819368,0.23000000000000004,1
1,115,30,0,300,stranger,-0.273677666024139,0.8913398511819368,0.3220000000000001,1
1,116,30,0,300,stranger,-0.25953164653315935,0.8913398511819368,0.24100000000000005,2
1,117,30,0,300,stranger,-0.16015482317136087,0.8913398511819368,0.25700000000000006,2
1,118,30,0,300,stranger,1.6122198826791978,0.8913398511819368,0.26400000000000007,1
1,119,30,0,300,stranger,0.6105964855120558,0.8913398511819368,0.24800000000000005,1
1,120,30,0,300,stranger,-0.17010986580116394,0.8913398511819368,0.24800000000000005,1
1,121,30,0,300,stranger,0.24983757011658406,0.8913398511819368,0.22700000000000004,1
1,122,30,0,300,stranger,2.103095078186868,0.8913398511819368,0.23200000000000004,1
1,123,30,0,300,stranger,1.4032701650903832,0.8913398511819368,0.32700000000000007,1
1,124,30,0,300,stranger,0.45950259224391155,0.8913398511819368,0.25900000000000006,1
1,125,30,0,300,stranger,-0.07225074207973392,0.8913398511819368,0.2730000000000001,2
1,126,30,0,300,stranger,-0.6559467033512428,0.8913398511819368,0.3090000000000001,1
1,127,30,0,300,stranger,-0.3223226258969948,0.8913398511819368,0.3180000000000001,1
1,128,30,0,300,stranger,0.6784683460535123,0.8913398511819368,0.2920000000000001,1
1,129,30,0,300,stranger,0.6275822470146608,0.8913398511819368,0.24100000000000005,1
1,130,30,0,300,stranger,-0.4756506326527422,0.8913398511819368,0.26000000000000006,1
1,1,30,0,300,self,0.9669574115756102,0.8913398511819368,0.26600000000000007,1
1,2,30,0,300,self,0.1476626360794021,0.8913398511819368,0.3160000000000001,1
1,3,30,0,300,self,1.907016276359055,0.8913398511819368,0.26800000000000007,1
1,4,30,0,300,self,0.6468094820556816,0.8913398511819368,0.2780000000000001,1
1,5,30,0,300,self,0.025059249046872956,0.8913398511819368,0.24600000000000005,2
1,6,30,0,300,self,-0.1982249233432679,0.8913398511819368,0.3050000000000001,1
1,7,30,0,300,self,1.9102338791456281,0.8913398511819368,0.24500000000000005,1
1,8,30,0,300,self,2.4508447910364355,0.8913398511819368,0.2890000000000001,1
1,9,30,0,300,self,0.9895021909787962,0.8913398511819368,0.3000000000000001,2
1,10,30,0,300,self,1.2673676075094849,0.8913398511819368,0.26400000000000007,1
1,11,30,0,300,self,-0.8752892683834984,0.8913398511819368,0.25900000000000006,1
1,12,30,0,300,self,0.9365348828196695,0.8913398511819368,0.24300000000000005,2
1,13,30,0,300,self,1.9061863679858932,0.8913398511819368,0.2750000000000001,2
1,14,30,0,300,self,-0.15350902702097968,0.8913398511819368,0.2770000000000001,2
1,15,30,0,300,self,-0.24872330855253988,0.8913398511819368,0.2760000000000001,1
1,16,30,0,300,self,1.1728571568369166,0.8913398511819368,0.23400000000000004,2
1,17,30,0,300,self,1.1111888234384404,0.8913398511819368,0.2890000000000001,1
1,18,30,0,300,self,-0.08152775268645385,0.8913398511819368,0.2790000000000001,2
1,19,30,0,300,self,2.078292196772394,0.8913398511819368,0.2970000000000001,1
1,20,30,0,300,self,-0.46126910321295556,0.8913398511819368,0.2750000000000001,1
1,21,30,0,300,self,0.4197260399630357,0.8913398511819368,0.3190000000000001,1
1,22,30,0,300,self,1.7635543967067802,0.8913398511819368,0.2890000000000001,1
1,23,30,0,300,self,1.8263955493830026,0.8913398511819368,0.2970000000000001,1
1,24,30,0,300,self,1.7249312460669448,0.8913398511819368,0.25700000000000006,1
1,25,30,0,300,self,1.2317922167720339,0.8913398511819368,0.2820000000000001,2
1,26,30,0,300,self,1.5863630359738354,0.8913398511819368,0.32800000000000007,1
1,27,30,0,300,self,0.6469001099455605,0.8913398511819368,0.2950000000000001,1
1,28,30,0,300,self,1.0007531693609522,0.8913398511819368,0.3020000000000001,1
1,29,30,0,300,self,-1.1557515079215053,0.8913398511819368,0.2780000000000001,2
1,30,30,0,300,self,-0.18795858864782777,0.8913398511819368,0.2740000000000001,1
1,31,30,0,300,self,0.23413537570073972,0.8913398511819368,0.3140000000000001,1
1,32,30,0,300,self,0.795013106725438,0.8913398511819368,0.3190000000000001,1
1,33,30,0,300,self,0.5599379076597188,0.8913398511819368,0.2990000000000001,2
1,34,30,0,300,self,0.6467674442169105,0.8913398511819368,0.3220000000000001,2
1,35,30,0,300,self,-0.5238326118379298,0.8913398511819368,0.2890000000000001,2
1,36,30,0,300,self,1.4636400278720532,0.8913398511819368,0.2960000000000001,1
1,37,30,0,300,self,-0.22605989066361787,0.8913398511819368,0.24800000000000005,2
1,38,30,0,300,self,0.17097179398009232,0.8913398511819368,0.25400000000000006,1
1,39,30,0,300,self,-0.5276668305068674,0.8913398511819368,0.3130000000000001,1
1,40,30,0,300,self,-1.396962723081204,0.8913398511819368,0.3200000000000001,2
1,41,30,0,300,self,1.0790620703511653,0.8913398511819368,0.25000000000000006,1
1,42,30,0,300,self,1.1635558520375802,0.8913398511819368,0.26600000000000007,1
1,43,30,0,300,self,0.6734442689845572,0.8913398511819368,0.26700000000000007,1
1,44,30,0,300,self,2.062182586619146,0.8913398511819368,0.2760000000000001,2
1,45,30,0,300,self,1.733567684875858,0.8913398511819368,0.32600000000000007,1
1,46,30,0,300,self,1.5945756252444516,0.8913398511819368,0.2960000000000001,1
1,47,30,0,300,self,0.7407604480380037,0.8913398511819368,0.3060000000000001,1
1,48,30,0,300,self,0.7263632954664228,0.8913398511819368,0.2700000000000001,1
1,49,30,0,300,self,2.160682742424861,0.8913398511819368,0.2760000000000001,1
1,50,30,0,300,self,1.4515971586493865,0.8913398511819368,0.24900000000000005,1
1,51,30,0,300,self,0.5015706045697019,0.8913398511819368,0.2910000000000001,2
1,52,30,0,300,self,0.10695994253300689,0.8913398511819368,0.2820000000000001,1
1,53,30,0,300,self,0.9654093122131829,0.8913398511819368,0.3040000000000001,1
1,54,30,0,300,self,-1.1941043231096895,0.8913398511819368,0.2870000000000001,2
1,55,30,0,300,self,2.0741966958234697,0.8913398511819368,0.2780000000000001,1
1,56,30,0,300,self,2.0438592300373664,0.8913398511819368,0.23300000000000004,1
1,57,30,0,300,self,-0.12991422744588454,0.8913398511819368,0.26400000000000007,1
1,58,30,0,300,self,3.015882304562267,0.8913398511819368,0.25500000000000006,1
1,59,30,0,300,self,0.1873995029616169,0.8913398511819368,0.26100000000000007,1
1,60,30,0,300,self,0.46884505054461734,0.8913398511819368,0.2940000000000001,1
1,61,30,0,300,self,-0.19794795808552335,0.8913398511819368,0.26700000000000007,1
1,62,30,0,300,self,1.1551643362565664,0.8913398511819368,0.26300000000000007,1
1,63,30,0,300,self,0.5138656981613481,0.8913398511819368,0.2820000000000001,2
1,64,30,0,300,self,1.827509342629269,0.8913398511819368,0.2710000000000001,1
1,65,30,0,300,self,1.9940190716068447,0.8913398511819368,0.2880000000000001,1
1,66,30,0,300,self,0.8374481173134967,0.8913398511819368,0.2920000000000001,1
1,67,30,0,300,self,2.71060307017076,0.8913398511819368,0.2960000000000001,1
1,68,30,0,300,self,-0.06389288919717273,0.8913398511819368,0.23200000000000004,2
1,69,30,0,300,self,0.544358950549028,0.8913398511819368,0.23000000000000004,2
1,70,30,0,300,self,-0.8226535504209523,0.8913398511819368,0.32900000000000007,2
1,71,30,0,300,self,0.2319664586962723,0.8913398511819368,0.25400000000000006,1
1,72,30,0,300,self,2.432865787605296,0.8913398511819368,0.2760000000000001,1
1,73,30,0,300,self,0.7791370146338947,0.8913398511819368,0.32700000000000007,1
1,74,30,0,300,self,1.9857167780493996,0.8913398511819368,0.26000000000000006,1
1,75,30,0,300,self,2.2775075753953753,0.8913398511819368,0.2830000000000001,1
1,76,30,0,300,self,2.2952611619941745,0.8913398511819368,0.24700000000000005,1
1,77,30,0,300,self,0.49688308594683195,0.8913398511819368,0.2920000000000001,1
1,78,30,0,300,self,2.171393306011599,0.8913398511819368,0.2940000000000001,1
1,79,30,0,300,self,1.1507424302390108,0.8913398511819368,0.3180000000000001,2
1,80,30,0,300,self,1.1034243635494045,0.8913398511819368,0.23300000000000004,1
1,81,30,0,300,self,2.3263780454283323,0.8913398511819368,0.24100000000000005,1
1,82,30,0,300,self,0.6124181292476856,0.8913398511819368,0.2850000000000001,2
1,83,30,0,300,self,0.695293097912037,0.8913398511819368,0.26800000000000007,2
1,84,30,0,300,self,0.02728059933607907,0.8913398511819368,0.3010000000000001,2
1,85,30,0,300,self,3.837806859717753,0.8913398511819368,0.26100000000000007,1
1,86,30,0,300,self,0.8590160110867888,0.8913398511819368,0.24100000000000005,2
1,87,30,0,300,self,2.260317450527738,0.8913398511819368,0.24800000000000005,1
1,88,30,0,300,self,2.171592225324375,0.8913398511819368,0.33000000000000007,1
1,89,30,0,300,self,0.2498300218208389,0.8913398511819368,0.26100000000000007,1
1,90,30,0,300,self,2.306713645782593,0.8913398511819368,0.24900000000000005,1
1,91,30,0,300,self,0.18629125342256325,0.8913398511819368,0.2840000000000001,2
1,92,30,0,300,self,1.3848536865213548,0.8913398511819368,0.24300000000000005,1
1,93,30,0,300,self,1.4324642425430443,0.8913398511819368,0.2930000000000001,2
1,94,30,0,300,self,0.9898523265976649,0.8913398511819368,0.2830000000000001,1
1,95,30,0,300,self,1.3013963730640812,0.8913398511819368,0.2780000000000001,1
1,96,30,0,300,self,1.6632415318048925,0.8913398511819368,0.23400000000000004,1
1,97,30,0,300,self,0.42220491518036096,0.8913398511819368,0.3120000000000001,1
1,98,30,0,300,self,1.3977259292557234,0.8913398511819368,0.2860000000000001,2
1,99,30,0,300,self,1.0885216837441047,0.8913398511819368,0.3190000000000001,2
1,100,30,0,300,self,2.3309055453018566,0.8913398511819368,0.3150000000000001,1
1,101,30,0,300,self,-0.04841844981317134,0.8913398511819368,0.2970000000000001,1
1,102,30,0,300,self,0.9376398248567568,0.8913398511819368,0.2790000000000001,1
1,103,30,0,300,self,-0.46511873743863597,0.8913398511819368,0.2990000000000001,1
1,104,30,0,300,self,0.6730462729789203,0.8913398511819368,0.25400000000000006,1
1,105,30,0,300,self,0.16136423147537682,0.8913398511819368,0.3000000000000001,2
1,106,30,0,300,self,1.5023562281965819,0.8913398511819368,0.3090000000000001,1
1,107,30,0,300,self,0.47446840511060684,0.8913398511819368,0.26400000000000007,2
1,108,30,0,300,self,-0.13243060116680605,0.8913398511819368,0.25300000000000006,2
1,109,30,0,300,self,-0.40903837788021347,0.8913398511819368,0.3240000000000001,2
1,110,30,0,300,self,1.712867848410406,0.8913398511819368,0.2740000000000001,2
1,111,30,0,300,self,1.3595957015155902,0.8913398511819368,0.25900000000000006,2
1,112,30,0,300,self,2.0326903360202038,0.8913398511819368,0.2920000000000001,1
1,113,30,0,300,self,1.1896730681899692,0.8913398511819368,0.26700000000000007,1
1,114,30,0,300,self,1.5315095643613899,0.8913398511819368,0.3100000000000001,1
1,115,30,0,300,self,0.6570194813251518,0.8913398511819368,0.2740000000000001,2
1,116,30,0,300,self,1.3046136893754827,0.8913398511819368,0.25700000000000006,1
1,117,30,0,300,self,1.1901413692110558,0.8913398511819368,0.24800000000000005,1
1,118,30,0,300,self,0.8999260064746707,0.8913398511819368,0.26000000000000006,2
1,119,30,0,300,self,1.2099502786750707,0.8913398511819368,0.24400000000000005,1
1,120,30,0,300,self,1.0744883634812281,0.8913398511819368,0.2880000000000001,1
1,121,30,0,300,self,0.4425056215582259,0.8913398511819368,0.26400000000000007,2
1,122,30,0,300,self,1.1482369383969753,0.8913398511819368,0.2790000000000001,2
1,123,30,0,300,self,1.3352377897195402,0.8913398511819368,0.22300000000000003,1
1,124,30,0,300,self,2.066557315652029,0.8913398511819368,0.24900000000000005,1
1,125,30,0,300,self,1.4169130801612855,0.8913398511819368,0.2740000000000001,1
1,126,30,0,300,self,0.5048473516718686,0.8913398511819368,0.2750000000000001,2
1,127,30,0,300,self,1.6197254115445743,0.8913398511819368,0.22900000000000004,1
1,128,30,0,300,self,-0.5051472317093325,0.8913398511819368,0.24100000000000005,1
1,129,30,0,300,self,2.1904182091241466,0.8913398511819368,0.2830000000000001,1
1,130,30,0,300,self,1.9544484672168663,0.8913398511819368,0.26600000000000007,2
2,1,30,0,300,stranger,0.13084007913697382,0.710663375793249,0.2900000000000001,1
2,2,30,0,300,stranger,-0.9983321047827117,0.710663375793249,0.2820000000000001,1
2,3,30,0,300,stranger,1.4723280656121944,0.710663375793249,0.2930000000000001,1
2,4,30,0,300,stranger,1.0826188914912076,0.710663375793249,0.24400000000000005,2
2,5,30,0,300,stranger,-0.47266251158123496,0.710663375793249,0.26700000000000007,1
2,6,30,0,300,stranger,-0.34127983758166425,0.710663375793249,0.2730000000000001,2
2,7,30,0,300,stranger,1.330803373807918,0.710663375793249,0.2770000000000001,1
2,8,30,0,300,stranger,1.3969976568796683,0.710663375793249,0.22100000000000003,1
2,9,30,0,300,stranger,1.4111974208355513,0.710663375793249,0.25400000000000006,1
2,10,30,0,300,stranger,1.02915720787562,0.710663375793249,0.24600000000000005,2
2,11,30,0,300,stranger,0.11195114103840229,0.710663375793249,0.23900000000000005,1
2,12,30,0,300,stranger,-0.8502460821927477,0.710663375793249,0.25800000000000006,2
2,13,30,0,300,stranger,-0.23376620698367034,0.710663375793249,0.24700000000000005,1
2,14,30,0,300,stranger,-0.8070365860887768,0.710663375793249,0.3100000000000001,1
2,15,30,0,300,stranger,0.9707875205939311,0.710663375793249,0.25400000000000006,1
2,16,30,0,300,stranger,0.7909628971928864,0.710663375793249,0.3100000000000001,2
2,17,30,0,300,stranger,1.860535624333667,0.710663375793249,0.21400000000000002,1
2,18,30,0,300,stranger,-0.9007393110760497,0.710663375793249,0.22800000000000004,2
2,19,30,0,300,stranger,2.4014425375920245,0.710663375793249,0.3030000000000001,1
2,20,30,0,300,stranger,-1.5305450999313535,0.710663375793249,0.25900000000000006,1
2,21,30,0,300,stranger,1.078154599067095,0.710663375793249,0.25300000000000006,1
2,22,30,0,300,stranger,0.5109410980855187,0.710663375793249,0.25700000000000006,1
2,23,30,0,300,stranger,-0.6489383859553203,0.710663375793249,0.2770000000000001,1
2,24,30,0,300,stranger,0.3633778638849564,0.710663375793249,0.24200000000000005,1
2,25,30,0,300,stranger,0.2240043582099412,0.710663375793249,0.3090000000000001,2
2,26,30,0,300,stranger,-0.12159630312779118,0.710663375793249,0.2830000000000001,2
2,27,30,0,300,stranger,-0.0006533640825148457,0.710663375793249,0.24500000000000005,2
2,28,30,0,300,stranger,0.29594624580840284,0.710663375793249,0.24800000000000005,2
2,29,30,0,300,stranger,1.2646926431346546,0.710663375793249,0.2750000000000001,2
2,30,30,0,300,stranger,-1.0366894085018745,0.710663375793249,0.25500000000000006,2
2,31,30,0,300,stranger,1.0104044098720624,0.710663375793249,0.32600000000000007,1
2,32,30,0,300,stranger,1.4877656676160966,0.710663375793249,0.25100000000000006,1
2,33,30,0,300,stranger,0.4118268333097771,0.710663375793249,0.25200000000000006,1
2,34,30,0,300,stranger,0.00454377083111332,0.710663375793249,0.2820000000000001,2
2,35,30,0,300,stranger,-0.7775171401210451,0.710663375793249,0.32900000000000007,2
2,36,30,0,300,stranger,2.5559063142603073,0.710663375793249,0.2730000000000001,1
2,37,30,0,300,stranger,1.1103171008410757,0.710663375793249,0.26100000000000007,2
2,38,30,0,300,stranger,0.4545215445096683,0.710663375793249,0.32800000000000007,1
2,39,30,0,300,stranger,-0.6632460805625523,0.710663375793249,0.21600000000000003,2
2,40,30,0,300,stranger,-0.9427310483730477,0.710663375793249,0.3030000000000001,2
2,41,30,0,300,stranger,1.1233280630736162,0.710663375793249,0.2710000000000001,1
2,42,30,0,300,stranger,1.3365206208979235,0.710663375793249,0.24500000000000005,1
2,43,30,0,300,stranger,0.3092438103787033,0.710663375793249,0.2730000000000001,1
2,44,30,0,300,stranger,-0.483655713474781,0.710663375793249,0.2920000000000001,2
2,45,30,0,300,stranger,-1.4683508572857127,0.710663375793249,0.2760000000000001,2
2,46,30,0,300,stranger,1.7464378812298866,0.710663375793249,0.2940000000000001,1
2,47,30,0,300,stranger,-1.3123994221454667,0.710663375793249,0.2990000000000001,2
2,48,30,0,300,stranger,-0.27767812839335915,0.710663375793249,0.23700000000000004,1
2,49,30,0,300,stranger,-0.2456160007021042,0.710663375793249,0.3060000000000001,2
2,50,30,0,300,stranger,0.7501481589097727,0.710663375793249,0.3150000000000001,1
2,51,30,0,300,stranger,1.1408945954454541,0.710663375793249,0.3110000000000001,1
2,52,30,0,300,stranger,-0.19960654107550097,0.710663375793249,0.2860000000000001,1
2,53,30,0,300,stranger,-0.2544298137008659,0.710663375793249,0.24100000000000005,2
2,54,30,0,300,stranger,0.09244542409607417,0.710663375793249,0.24100000000000005,1
2,55,30,0,300,stranger,1.9210054481239003,0.710663375793249,0.3000000000000001,2
2,56,30,0,300,stranger,-0.6255749623839951,0.710663375793249,0.2910000000000001,2
2,57,30,0,300,stranger,-0.08564288474907128,0.710663375793249,0.22100000000000003,1
2,58,30,0,300,stranger,0.7194326245660232,0.710663375793249,0.24100000000000005,1
2,59,30,0,300,stranger,1.1451108892288242,0.710663375793249,0.2760000000000001,1
2,60,30,0,300,stranger,0.9792838054408153,0.710663375793249,0.3160000000000001,1
2,61,30,0,300,stranger,1.8639279475244868,0.710663375793249,0.2850000000000001,1
2,62,30,0,300,stranger,1.5367786843822064,0.710663375793249,0.22200000000000003,2
2,63,30,0,300,stranger,0.7651277658931573,0.710663375793249,0.23700000000000004,1
2,64,30,0,300,stranger,0.1402447419692836,0.710663375793249,0.23900000000000005,1
2,65,30,0,300,stranger,1.478968478837516,0.710663375793249,0.3230000000000001,1
2,66,30,0,300,stranger,0.9024453583071601,0.710663375793249,0.2710000000000001,1
2,67,30,0,300,stranger,1.3982957171045234,0.710663375793249,0.2760000000000001,1
2,68,30,0,300,stranger,1.3663778808612488,0.710663375793249,0.23900000000000005,2
2,69,30,0,300,stranger,-1.158413453594739,0.710663375793249,0.24500000000000005,2
2,70,30,0,300,stranger,1.455551145620225,0.710663375793249,0.2940000000000001,1
2,71,30,0,300,stranger,0.41332544546054767,0.710663375793249,0.3230000000000001,1
2,72,30,0,300,stranger,-0.3971130011902724,0.710663375793249,0.25300000000000006,2
2,73,30,0,300,stranger,-0.3163663900612673,0.710663375793249,0.3170000000000001,1
2,74,30,0,300,stranger,1.2618405400248696,0.710663375793249,0.22900000000000004,1
2,75,30,0,300,stranger,0.9461027249964771,0.710663375793249,0.23100000000000004,1
2,76,30,0,300,stranger,1.8820556289971835,0.710663375793249,0.25400000000000006,1
2,77,30,0,300,stranger,-0.2081891420035773,0.710663375793249,0.26500000000000007,1
2,78,30,0,300,stranger,2.646990547268728,0.710663375793249,0.22200000000000003,1
2,79,30,0,300,stranger,0.010665466892842757,0.710663375793249,0.2850000000000001,2
2,80,30,0,300,stranger,1.1409284888460869,0.710663375793249,0.26200000000000007,1
2,81,30,0,300,stranger,-0.9482317604093985,0.710663375793249,0.2870000000000001,2
2,82,30,0,300,stranger,-0.562032254155993,0.710663375793249,0.25200000000000006,2
2,83,30,0,300,stranger,-0.22876308666928574,0.710663375793249,0.3020000000000001,2
2,84,30,0,300,stranger,-0.26181521004414876,0.710663375793249,0.25100000000000006,1
2,85,30,0,300,stranger,0.004214306168985743,0.710663375793249,0.3090000000000001,1
2,86,30,0,300,stranger,-0.5759084002705942,0.710663375793249,0.3160000000000001,1
2,87,30,0,300,stranger,0.9485941864203062,0.710663375793249,0.2810000000000001,1
2,88,30,0,300,stranger,0.032406820929853364,0.710663375793249,0.2750000000000001,1
2,89,30,0,300,stranger,1.129091224920489,0.710663375793249,0.23300000000000004,1
2,90,30,0,300,stranger,-0.7485859887997789,0.710663375793249,0.23300000000000004,1
2,91,30,0,300,stranger,2.7464339338366446,0.710663375793249,0.25900000000000006,1
2,92,30,0,300,stranger,-0.03664830726460944,0.710663375793249,0.2830000000000001,2
2,93,30,0,300,stranger,0.772255881306376,0.710663375793249,0.2930000000000001,2
2,94,30,0,300,stranger,1.2844189076506263,0.710663375793249,0.25100000000000006,1
2,95,30,0,300,stranger,-0.4352806573086735,0.710663375793249,0.3090000000000001,1
2,96,30,0,300,stranger,1.1771853747794028,0.710663375793249,0.32800000000000007,2
2,97,30,0,300,stranger,-0.5654433574240046,0.710663375793249,0.2690000000000001,1
2,98,30,0,300,stranger,-0.3516640669449044,0.710663375793249,0.24400000000000005,2
2,99,30,0,300,stranger,-0.016504564786336606,0.710663375793249,0.3230000000000001,1
2,100,30,0,300,stranger,0.47958641361969956,0.710663375793249,0.25700000000000006,1
2,101,30,0,300,stranger,2.2209408718281054,0.710663375793249,0.2860000000000001,1
2,102,30,0,300,stranger,-0.21920202864850108,0.710663375793249,0.2690000000000001,1
2,103,30,0,300,stranger,1.272627428443052,0.710663375793249,0.23600000000000004,1
2,104,30,0,300,stranger,0.37959244908619827,0.710663375793249,0.24700000000000005,1
2,105,30,0,300,stranger,0.35128057842134863,0.710663375793249,0.23500000000000004,1
2,106,30,0,300,stranger,-0.7031987448945676,0.710663375793249,0.3160000000000001,1
2,107,30,0,300,stranger,0.7057336959578762,0.710663375793249,0.22600000000000003,2
2,108,30,0,300,stranger,-0.465408186835076,0.710663375793249,0.26100000000000007,1
2,109,30,0,300,stranger,0.3456260297572039,0.710663375793249,0.3110000000000001,1
2,110,30,0,300,stranger,-0.7152747546522037,0.710663375793249,0.26600000000000007,2
2,111,30,0,300,stranger,2.3983470655650776,0.710663375793249,0.25400000000000006,1
2,112,30,0,300,stranger,-1.080834480676438,0.710663375793249,0.25000000000000006,2
2,113,30,0,300,stranger,-0.9135883702790354,0.710663375793249,0.32800000000000007,2
2,114,30,0,300,stranger,-0.45882833660249156,0.710663375793249,0.32500000000000007,2
2,115,30,0,300,stranger,-0.5371215301528094,0.710663375793249,0.3040000000000001,2
2,116,30,0,300,stranger,-2.882637934666361,0.710663375793249,0.23000000000000004,1
2,117,30,0,300,stranger,2.2090476509137296,0.710663375793249,0.23500000000000004,1
2,118,30,0,300,stranger,-1.9993149246169342,0.710663375793249,0.26300000000000007,2
2,119,30,0,300,stranger,0.6015788616064123,0.710663375793249,0.2970000000000001,1
2,120,30,0,300,stranger,1.3048091464294163,0.710663375793249,0.24700000000000005,1
2,121,30,0,300,stranger,-0.951161448676121,0.710663375793249,0.23900000000000005,2
2,122,30,0,300,stranger,0.8288011842949292,0.710663375793249,0.2920000000000001,1
2,123,30,0,300,stranger,1.187823821560343,0.710663375793249,0.24900000000000005,2
2,124,30,0,300,stranger,-0.6836565686770297,0.710663375793249,0.25900000000000006,2
2,125,30,0,300,stranger,0.6548700481966315,0.710663375793249,0.3040000000000001,2
2,126,30,0,300,stranger,-1.1194585063256155,0.710663375793249,0.3070000000000001,1
2,127,30,0,300,stranger,0.02363380045627786,0.710663375793249,0.21300000000000002,2
2,128,30,0,300,stranger,2.6498043754779363,0.710663375793249,0.21500000000000002,1
2,129,30,0,300,stranger,0.3720212347222627,0.710663375793249,0.24300000000000005,2
2,130,30,0,300,stranger,1.076907758140364,0.710663375793249,0.24300000000000005,2
2,1,30,0,300,self,0.7651028835695075,0.710663375793249,0.2710000000000001,1
2,2,30,0,300,self,2.0376201309913062,0.710663375793249,0.24400000000000005,1
2,3,30,0,300,self,1.5046971123002348,0.710663375793249,0.23300000000000004,1
2,4,30,0,300,self,1.9998728660017182,0.710663375793249,0.25900000000000006,1
2,5,30,0,300,self,2.4623084387738268,0.710663375793249,0.23800000000000004,1
2,6,30,0,300,self,0.8004890087688055,0.710663375793249,0.25200000000000006,1
2,7,30,0,300,self,0.012551230148457715,0.710663375793249,0.23500000000000004,2
2,8,30,0,300,self,2.4841527314717515,0.710663375793249,0.2790000000000001,1
2,9,30,0,300,self,1.7075747863409383,0.710663375793249,0.3190000000000001,1
2,10,30,0,300,self,1.5883939705339831,0.710663375793249,0.3180000000000001,1
2,11,30,0,300,self,0.8245885495098048,0.710663375793249,0.24800000000000005,2
2,12,30,0,300,self,0.3833115848656389,0.710663375793249,0.26200000000000007,2
2,13,30,0,300,self,1.5686247021197275,0.710663375793249,0.24500000000000005,2
2,14,30,0,300,self,1.170142219235018,0.710663375793249,0.2750000000000001,2
2,15,30,0,300,self,-0.027761550938783075,0.710663375793249,0.2880000000000001,2
2,16,30,0,300,self,-0.01183163716089275,0.710663375793249,0.25000000000000006,1
2,17,30,0,300,self,0.15187213428092006,0.710663375793249,0.2830000000000001,1
2,18,30,0,300,self,2.012466881620608,0.710663375793249,0.3020000000000001,1
2,19,30,0,300,self,2.8696122523143033,0.710663375793249,0.2870000000000001,1
2,20,30,0,300,self,0.6096141785112502,0.710663375793249,0.2700000000000001,2
2,21,30,0,300,self,1.1109017394225107,0.710663375793249,0.21800000000000003,1
2,22,30,0,300,self,0.10643954354238117,0.710663375793249,0.2950000000000001,2
2,23,30,0,300,self,0.9289886700955859,0.710663375793249,0.24800000000000005,1
2,24,30,0,300,self,1.6657336881779066,0.710663375793249,0.2740000000000001,1
2,25,30,0,300,self,0.5612398875519526,0.710663375793249,0.2780000000000001,1
2,26,30,0,300,self,1.4644852500161845,0.710663375793249,0.25400000000000006,1
2,27,30,0,300,self,1.1932388976751542,0.710663375793249,0.2740000000000001,1
2,28,30,0,300,self,2.2332328666292316,0.710663375793249,0.2850000000000001,1
2,29,30,0,300,self,1.360001550376321,0.710663375793249,0.24300000000000005,2
2,30,30,0,300,self,0.6420596604801097,0.710663375793249,0.2810000000000001,1
2,31,30,0,300,self,2.330807848224765,0.710663375793249,0.22900000000000004,1
2,32,30,0,300,self,1.7251584732081202,0.710663375793249,0.33000000000000007,1
2,33,30,0,300,self,0.35161297983410134,0.710663375793249,0.32700000000000007,1
2,34,30,0,300,self,1.3215252796483803,0.710663375793249,0.2750000000000001,2
2,35,30,0,300,self,0.23287323251847525,0.710663375793249,0.2800000000000001,1
2,36,30,0,300,self,-0.2289960999415671,0.710663375793249,0.2980000000000001,2
2,37,30,0,300,self,2.003344753852113,0.710663375793249,0.2780000000000001,1
2,38,30,0,300,self,2.0469952304230987,0.710663375793249,0.2940000000000001,1
2,39,30,0,300,self,1.0547651263052673,0.710663375793249,0.23400000000000004,1
2,40,30,0,300,self,1.252103942609021,0.710663375793249,0.25900000000000006,1
2,41,30,0,300,self,0.8500365568518969,0.710663375793249,0.2720000000000001,1
2,42,30,0,300,self,0.9415813577421878,0.710663375793249,0.22700000000000004,1
2,43,30,0,300,self,2.284693797606427,0.710663375793249,0.2770000000000001,1
2,44,30,0,300,self,1.6000730108559225,0.710663375793249,0.2710000000000001,1
2,45,30,0,300,self,-0.6698419683723081,0.710663375793249,0.25100000000000006,1
2,46,30,0,300,self,0.4155456664555618,0.710663375793249,0.2920000000000001,1
2,47,30,0,300,self,2.0073551764131903,0.710663375793249,0.21700000000000003,2
2,48,30,0,300,self,1.8537721678244492,0.710663375793249,0.3190000000000001,1
2,49,30,0,300,self,2.299174063148638,0.710663375793249,0.3240000000000001,1
2,50,30,0,300,self,0.7450632949179985,0.710663375793249,0.2820000000000001,2
2,51,30,0,300,self,0.6177244486667879,0.710663375793249,0.3070000000000001,1
2,52,30,0,300,self,3.5904946423508957,0.710663375793249,0.3100000000000001,1
2,53,30,0,300,self,-0.38158691654999444,0.710663375793249,0.2950000000000001,1
2,54,30,0,300,self,-0.5372869472499592,0.710663375793249,0.25700000000000006,2
2,55,30,0,300,self,2.5210483661394485,0.710663375793249,0.2910000000000001,1
2,56,30,0,300,self,1.101086033018395,0.710663375793249,0.2830000000000001,1
2,57,30,0,300,self,1.143943621141482,0.710663375793249,0.26200000000000007,2
2,58,30,0,300,self,1.9359688134836337,0.710663375793249,0.26700000000000007,1
2,59,30,0,300,self,1.370730889382488,0.710663375793249,0.2990000000000001,2
2,60,30,0,300,self,0.25417802473700235,0.710663375793249,0.22000000000000003,2
2,61,30,0,300,self,0.7449193470914384,0.710663375793249,0.22100000000000003,1
2,62,30,0,300,self,0.6054388374658001,0.710663375793249,0.26700000000000007,1
2,63,30,0,300,self,1.8319191620218063,0.710663375793249,0.26000000000000006,1
2,64,30,0,300,self,1.032288042823508,0.710663375793249,0.24300000000000005,1
2,65,30,0,300,self,2.628962103186424,0.710663375793249,0.24400000000000005,1
2,66,30,0,300,self,0.04183050556223311,0.710663375793249,0.22700000000000004,1
2,67,30,0,300,self,0.6142004036129036,0.710663375793249,0.24700000000000005,1
2,68,30,0,300,self,1.206926908222141,0.710663375793249,0.3180000000000001,1
2,69,30,0,300,self,0.7732573458162857,0.710663375793249,0.3040000000000001,1
2,70,30,0,300,self,-0.3204630122382054,0.710663375793249,0.23500000000000004,1
2,71,30,0,300,self,0.5911924921153953,0.710663375793249,0.2910000000000001,1
2,72,30,0,300,self,1.1453455053518995,0.710663375793249,0.22600000000000003,2
2,73,30,0,300,self,0.09998630368005301,0.710663375793249,0.23900000000000005,2
2,74,30,0,300,self,1.3428789998960022,0.710663375793249,0.25800000000000006,1
2,75,30,0,300,self,-0.42930181871959416,0.710663375793249,0.21900000000000003,2
2,76,30,0,300,self,2.0491890762664866,0.710663375793249,0.24400000000000005,1
2,77,30,0,300,self,0.03366494784782148,0.710663375793249,0.24600000000000005,2
2,78,30,0,300,self,0.32286637234838855,0.710663375793249,0.23000000000000004,2
2,79,30,0,300,self,0.9712755135796152,0.710663375793249,0.2790000000000001,2
2,80,30,0,300,self,0.6351368368393898,0.710663375793249,0.23000000000000004,1
2,81,30,0,300,self,-0.8477820542493492,0.710663375793249,0.21900000000000003,2
2,82,30,0,300,self,1.1850100985482053,0.710663375793249,0.24000000000000005,1
2,83,30,0,300,self,1.65043853617704,0.710663375793249,0.22200000000000003,1
2,84,30,0,300,self,0.986734472084916,0.710663375793249,0.26800000000000007,2
2,85,30,0,300,self,2.1750697397366263,0.710663375793249,0.21100000000000002,1
2,86,30,0,300,self,0.09348957674828928,0.710663375793249,0.26800000000000007,1
2,87,30,0,300,self,1.158219567634305,0.710663375793249,0.24100000000000005,2
2,88,30,0,300,self,0.8539292816528585,0.710663375793249,0.3200000000000001,1
2,89,30,0,300,self,-0.2632493903794878,0.710663375793249,0.3180000000000001,1
2,90,30,0,300,self,1.1841032754686867,0.710663375793249,0.2950000000000001,1
2,91,30,0,300,self,0.3311405026923725,0.710663375793249,0.25500000000000006,2
2,92,30,0,300,self,0.184373651965961,0.710663375793249,0.3050000000000001,2
2,93,30,0,300,self,0.9980740900478055,0.710663375793249,0.3040000000000001,2
2,94,30,0,300,self,2.597216984428727,0.710663375793249,0.2990000000000001,2
2,95,30,0,300,self,0.437392624841791,0.710663375793249,0.3210000000000001,1
2,96,30,0,300,self,2.522129939426833,0.710663375793249,0.24400000000000005,1
2,97,30,0,300,self,0.5378554468549017,0.710663375793249,0.26600000000000007,2
2,98,30,0,300,self,1.8220454538294768,0.710663375793249,0.2870000000000001,1
2,99,30,0,300,self,2.2849416453224087,0.710663375793249,0.2910000000000001,1
2,100,30,0,300,self,-0.3019088345263069,0.710663375793249,0.22400000000000003,2
2,101,30,0,300,self,2.589131832364425,0.710663375793249,0.2910000000000001,1
2,102,30,0,300,self,-1.206237490940981,0.710663375793249,0.26700000000000007,2
2,103,30,0,300,self,-1.1834897334558434,0.710663375793249,0.21600000000000003,2
2,104,30,0,300,self,0.2178815327558793,0.710663375793249,0.3020000000000001,2
2,105,30,0,300,self,-0.8404102791856224,0.710663375793249,0.3060000000000001,2
2,106,30,0,300,self,0.8286944910430324,0.710663375793249,0.21300000000000002,1
2,107,30,0,300,self,1.1023574582140456,0.710663375793249,0.24700000000000005,1
2,108,30,0,300,self,2.4543706624254535,0.710663375793249,0.2760000000000001,1
2,109,30,0,300,self,2.0765443992275663,0.710663375793249,0.2730000000000001,1
2,110,30,0,300,self,0.7745245510579066,0.710663375793249,0.32700000000000007,1
2,111,30,0,300,self,1.7220667154960654,0.710663375793249,0.3000000000000001,2
2,112,30,0,300,self,1.0729942669281518,0.710663375793249,0.3190000000000001,2
2,113,30,0,300,self,1.0781851298009448,0.710663375793249,0.21700000000000003,2
2,114,30,0,300,self,-0.8736982024769918,0.710663375793249,0.2810000000000001,2
2,115,30,0,300,self,0.3281235938204964,0.710663375793249,0.23000000000000004,1
2,116,30,0,300,self,1.048360992585411,0.710663375793249,0.3160000000000001,1
2,117,30,0,300,self,2.833066071490353,0.710663375793249,0.23800000000000004,1
2,118,30,0,300,self,0.777224788211865,0.710663375793249,0.24000000000000005,1
2,119,30,0,300,self,1.9570442427235317,0.710663375793249,0.25100000000000006,1
2,120,30,0,300,self,1.673851291703342,0.710663375793249,0.22900000000000004,1
2,121,30,0,300,self,-0.6683128823864947,0.710663375793249,0.25700000000000006,2
2,122,30,0,300,self,0.39037165966065634,0.710663375793249,0.25000000000000006,1
2,123,30,0,300,self,1.7939758543608284,0.710663375793249,0.25200000000000006,1
2,124,30,0,300,self,1.8757739232218396,0.710663375793249,0.23900000000000005,2
2,125,30,0,300,self,0.8582866008578459,0.710663375793249,0.3050000000000001,2
2,126,30,0,300,self,0.9152753462813333,0.710663375793249,0.2810000000000001,2
2,127,30,0,300,self,0.48729108343069105,0.710663375793249,0.3140000000000001,2
2,128,30,0,300,self,3.104391014478437,0.710663375793249,0.2950000000000001,1
2,129,30,0,300,self,1.3765446758460516,0.710663375793249,0.26600000000000007,1
2,130,30,0,300,self,2.2488675323844367,0.710663375793249,0.22800000000000004,1
3,1,30,0,300,stranger,0.6806018084555382,0.08352093408388696,0.20600000000000002,1
3,2,30,0,300,stranger,2.029317800563448,0.08352093408388696,0.201,1
3,3,30,0,300,stranger,-0.7941413326849335,0.08352093408388696,0.20500000000000002,1
3,4,30,0,300,stranger,-0.6804650650050573,0.08352093408388696,0.202,2
3,5,30,0,300,stranger,-0.7643289462500876,0.08352093408388696,0.21100000000000002,2
3,6,30,0,300,stranger,-0.9412047816142523,0.08352093408388696,0.203,1
3,7,30,0,300,stranger,1.549415086384292,0.08352093408388696,0.203,1
3,8,30,0,300,stranger,1.1670119707962674,0.08352093408388696,0.201,1
3,9,30,0,300,stranger,-0.34691277328313774,0.08352093408388696,0.201,1
3,10,30,0,300,stranger,0.10337825746887327,0.08352093408388696,0.203,1
3,11,30,0,300,stranger,0.696168349321527,0.08352093408388696,0.20500000000000002,2
3,12,30,0,300,stranger,-0.5208902813803844,0.08352093408388696,0.203,1
3,13,30,0,300,stranger,0.24333015599128385,0.08352093408388696,0.201,1
3,14,30,0,300,stranger,-0.9293504634636117,0.08352093408388696,0.20500000000000002,2
3,15,30,0,300,stranger,2.661684832014299,0.08352093408388696,0.21100000000000002,1
3,16,30,0,300,stranger,-0.7590177247443112,0.08352093408388696,0.203,1
3,17,30,0,300,stranger,-0.7672068149550576,0.08352093408388696,0.203,2
3,18,30,0,300,stranger,0.5540608558597737,0.08352093408388696,0.20800000000000002,2
3,19,30,0,300,stranger,0.9282545223504541,0.08352093408388696,0.202,1
3,20,30,0,300,stranger,-0.33072633394032824,0.08352093408388696,0.201,1
3,21,30,0,300,stranger,0.5961887725923212,0.08352093408388696,0.203,2
3,22,30,0,300,stranger,-0.274930682525129,0.08352093408388696,0.203,2
3,23,30,0,300,stranger,0.24064154111853414,0.08352093408388696,0.20400000000000001,2
3,24,30,0,300,stranger,-0.7659536291669699,0.08352093408388696,0.20400000000000001,1
3,25,30,0,300,stranger,0.501850762454502,0.08352093408388696,0.202,1
3,26,30,0,300,stranger,0.07395006162030332,0.08352093408388696,0.20500000000000002,1
3,27,30,0,300,stranger,-1.0221333563388906,0.08352093408388696,0.202,1
3,28,30,0,300,stranger,1.1075034530547812,0.08352093408388696,0.20400000000000001,2
3,29,30,0,300,stranger,-0.06404598433124836,0.08352093408388696,0.202,2
3,30,30,0,300,stranger,1.4847725095827462,0.08352093408388696,0.202,1
3,31,30,0,300,stranger,-2.0352639336807994,0.08352093408388696,0.20600000000000002,2
3,32,30,0,300,stranger,-0.9802825213163419,0.08352093408388696,0.201,1
3,33,30,0,300,stranger,0.11415758066037549,0.08352093408388696,0.203,1
3,34,30,0,300,stranger,0.40271936741158376,0.08352093408388696,0.201,2
3,35,30,0,300,stranger,0.3662594364251127,0.08352093408388696,0.203,1
3,36,30,0,300,stranger,-0.2354476848622737,0.08352093408388696,0.20400000000000001,2
3,37,30,0,300,stranger,-0.3835632634144096,0.08352093408388696,0.201,1
3,38,30,0,300,stranger,-0.882024083994949,0.08352093408388696,0.20500000000000002,2
3,39,30,0,300,stranger,0.9599405833540025,0.08352093408388696,0.20900000000000002,1
3,40,30,0,300,stranger,-0.3841966007000408,0.08352093408388696,0.20600000000000002,1
3,41,30,0,300,stranger,0.22165313042381915,0.08352093408388696,0.20800000000000002,2
3,42,30,0,300,stranger,0.8241346110592226,0.08352093408388696,0.202,2
3,43,30,0,300,stranger,0.5440857449402803,0.08352093408388696,0.201,2
3,44,30,0,300,stranger,1.315151208516522,0.08352093408388696,0.20400000000000001,1
3,45,30,0,300,stranger,-0.5605798339377525,0.08352093408388696,0.21100000000000002,2
3,46,30,0,300,stranger,1.8115551729305226,0.08352093408388696,0.202,2
3,47,30,0,300,stranger,0.19866177773372384,0.08352093408388696,0.202,1
3,48,30,0,300,stranger,0.27363993061436614,0.08352093408388696,0.20500000000000002,1
3,49,30,0,300,stranger,-0.13019224851357986,0.08352093408388696,0.202,2
3,50,30,0,300,stranger,0.5145641613586496,0.08352093408388696,0.201,2
3,51,30,0,300,stranger,-1.3381745390193949,0.08352093408388696,0.202,1
3,52,30,0,300,stranger,0.09846529177730609,0.08352093408388696,0.20400000000000001,1
3,53,30,0,300,stranger,-1.4156109606527396,0.08352093408388696,0.203,1
3,54,30,0,300,stranger,0.7864242688980934,0.08352093408388696,0.201,1
3,55,30,0,300,stranger,1.080254270403098,0.08352093408388696,0.20700000000000002,2
3,56,30,0,300,stranger,-0.16689131983264593,0.08352093408388696,0.202,1
3,57,30,0,300,stranger,-1.623338089433255,0.08352093408388696,0.20500000000000002,1
3,58,30,0,300,stranger,0.18068676111380322,0.08352093408388696,0.201,1
3,59,30,0,300,stranger,-0.47287476119860594,0.08352093408388696,0.203,2
3,60,30,0,300,stranger,1.385558382916042,0.08352093408388696,0.20400000000000001,1
3,61,30,0,300,stranger,-1.151727848268436,0.08352093408388696,0.202,1
3,62,30,0,300,stranger,1.6118437690905192,0.08352093408388696,0.202,2
3,63,30,0,300,stranger,-0.7670875602916164,0.08352093408388696,0.21000000000000002,2
3,64,30,0,300,stranger,0.08194950882993654,0.08352093408388696,0.202,1
3,65,30,0,300,stranger,1.5068467396164391,0.08352093408388696,0.202,1
3,66,30,0,300,stranger,-1.1524421001026344,0.08352093408388696,0.203,1
3,67,30,0,300,stranger,-2.1720294544357728,0.08352093408388696,0.20600000000000002,2
3,68,30,0,300,stranger,1.0385434155523614,0.08352093408388696,0.21300000000000002,1
3,69,30,0,300,stranger,-0.4699190731224474,0.08352093408388696,0.201,1
3,70,30,0,300,stranger,-1.568474636428292,0.08352093408388696,0.20600000000000002,2
3,71,30,0,300,stranger,0.4760978898677194,0.08352093408388696,0.203,2
3,72,30,0,300,stranger,1.0648281096968046,0.08352093408388696,0.202,2
3,73,30,0,300,stranger,1.0648847883661743,0.08352093408388696,0.20600000000000002,1
3,74,30,0,300,stranger,-1.1998002664196874,0.08352093408388696,0.20400000000000001,1
3,75,30,0,300,stranger,0.3261493154969425,0.08352093408388696,0.203,2
3,76,30,0,300,stranger,-0.5777953228513444,0.08352093408388696,0.20800000000000002,2
3,77,30,0,300,stranger,-1.161721380059853,0.08352093408388696,0.201,2
3,78,30,0,300,stranger,0.3303823505892578,0.08352093408388696,0.20700000000000002,1
3,79,30,0,300,stranger,0.09671324641409534,0.08352093408388696,0.201,2
3,80,30,0,300,stranger,-0.2335879430645066,0.08352093408388696,0.202,1
3,81,30,0,300,stranger,-0.2845486407613246,0.08352093408388696,0.20500000000000002,2
3,82,30,0,300,stranger,0.47397101264850083,0.08352093408388696,0.20500000000000002,1
3,83,30,0,300,stranger,1.3633616030242512,0.08352093408388696,0.20400000000000001,2
3,84,30,0,300,stranger,-0.7482982095404104,0.08352093408388696,0.201,2
3,85,30,0,300,stranger,-0.12755450474792063,0.08352093408388696,0.20500000000000002,2
3,86,30,0,300,stranger,1.3301395798877742,0.08352093408388696,0.21600000000000003,1
3,87,30,0,300,stranger,0.48818706715445914,0.08352093408388696,0.203,1
3,88,30,0,300,stranger,-0.09157720503220451,0.08352093408388696,0.202,1
3,89,30,0,300,stranger,-0.26212256028556,0.08352093408388696,0.203,1
3,90,30,0,300,stranger,1.2011663115701827,0.08352093408388696,0.202,2
3,91,30,0,300,stranger,-1.3137468455123007,0.08352093408388696,0.201,2
3,92,30,0,300,stranger,1.0632251443020933,0.08352093408388696,0.203,1
3,93,30,0,300,stranger,-0.3067923422492208,0.08352093408388696,0.20400000000000001,2
3,94,30,0,300,stranger,1.0521840338817783,0.08352093408388696,0.201,2
3,95,30,0,300,stranger,0.9871986178036297,0.08352093408388696,0.20700000000000002,2
3,96,30,0,300,stranger,0.746113930631454,0.08352093408388696,0.20500000000000002,1
3,97,30,0,300,stranger,0.6621202417823226,0.08352093408388696,0.201,1
3,98,30,0,300,stranger,-0.3017930180304964,0.08352093408388696,0.202,2
3,99,30,0,300,stranger,-0.9244366284911453,0.08352093408388696,0.201,2
3,100,30,0,300,stranger,0.6874093950075573,0.08352093408388696,0.20600000000000002,2
3,101,30,0,300,stranger,-0.46628223142047476,0.08352093408388696,0.202,2
3,102,30,0,300,stranger,2.1855811693089633,0.08352093408388696,0.20700000000000002,1
3,103,30,0,300,stranger,-1.146803277506089,0.08352093408388696,0.203,1
3,104,30,0,300,stranger,1.3347859527141126,0.08352093408388696,0.20600000000000002,1
3,105,30,0,300,stranger,-1.0156230084536744,0.08352093408388696,0.20700000000000002,2
3,106,30,0,300,stranger,-0.13560515549131869,0.08352093408388696,0.201,2
3,107,30,0,300,stranger,0.269498197143143,0.08352093408388696,0.20600000000000002,2
3,108,30,0,300,stranger,0.5443094788672198,0.08352093408388696,0.20500000000000002,1
3,109,30,0,300,stranger,-0.17395804776034085,0.08352093408388696,0.202,1
3,110,30,0,300,stranger,1.0168278865679876,0.08352093408388696,0.20600000000000002,1
3,111,30,0,300,stranger,-0.44827849397894404,0.08352093408388696,0.20400000000000001,1
3,112,30,0,300,stranger,0.6868420608438695,0.08352093408388696,0.202,2
3,113,30,0,300,stranger,-0.20508544547502017,0.08352093408388696,0.20400000000000001,1
3,114,30,0,300,stranger,-0.7188442398526871,0.08352093408388696,0.203,2
3,115,30,0,300,stranger,0.3698133954022961,0.08352093408388696,0.21200000000000002,1
3,116,30,0,300,stranger,-0.21394799489758637,0.08352093408388696,0.22000000000000003,1
3,117,30,0,300,stranger,-0.006645607350369842,0.08352093408388696,0.202,2
3,118,30,0,300,stranger,-1.026975218056311,0.08352093408388696,0.20500000000000002,2
3,119,30,0,300,stranger,-1.553281804223305,0.08352093408388696,0.20600000000000002,2
3,120,30,0,300,stranger,0.2398769033941167,0.08352093408388696,0.202,1
3,121,30,0,300,stranger,0.5283381616828079,0.08352093408388696,0.202,2
3,122,30,0,300,stranger,0.45243525821317854,0.08352093408388696,0.201,2
3,123,30,0,300,stranger,-0.9649192537537025,0.08352093408388696,0.20700000000000002,2
3,124,30,0,300,stranger,0.44484627025372964,0.08352093408388696,0.20400000000000001,1
3,125,30,0,300,stranger,1.669023628256065,0.08352093408388696,0.21000000000000002,1
3,126,30,0,300,stranger,1.2483485851919118,0.08352093408388696,0.203,1
3,127,30,0,300,stranger,1.0462337366863843,0.08352093408388696,0.202,1
3,128,30,0,300,stranger,-0.9651955223486764,0.08352093408388696,0.203,2
3,129,30,0,300,stranger,0.9622391081276161,0.08352093408388696,0.201,1
3,130,30,0,300,stranger,1.5707823980164695,0.08352093408388696,0.202,1
3,1,30,0,300,self,0.9051562717692611,0.08352093408388696,0.20500000000000002,1
3,2,30,0,300,self,2.432337281411968,0.08352093408388696,0.202,2
3,3,30,0,300,self,1.4565941142256085,0.08352093408388696,0.21300000000000002,1
3,4,30,0,300,self,1.3864297067534885,0.08352093408388696,0.202,2
3,5,30,0,300,self,0.030798628657028426,0.08352093408388696,0.20400000000000001,2
3,6,30,0,300,self,0.7969086711755974,0.08352093408388696,0.203,2
3,7,30,0,300,self,0.32113112586648696,0.08352093408388696,0.21000000000000002,1
3,8,30,0,300,self,1.048041581537511,0.08352093408388696,0.21000000000000002,1
3,9,30,0,300,self,1.0632362344926998,0.08352093408388696,0.202,2
3,10,30,0,300,self,0.8511710087943984,0.08352093408388696,0.202,1
3,11,30,0,300,self,0.9151356362205111,0.08352093408388696,0.201,2
3,12,30,0,300,self,2.27729053433732,0.08352093408388696,0.20600000000000002,2
3,13,30,0,300,self,1.0653996787831417,0.08352093408388696,0.201,2
3,14,30,0,300,self,0.7782307551047749,0.08352093408388696,0.203,1
3,15,30,0,300,self,-1.282002917765812,0.08352093408388696,0.20400000000000001,2
3,16,30,0,300,self,0.21057028793953114,0.08352093408388696,0.20500000000000002,1
3,17,30,0,300,self,0.33784486229349087,0.08352093408388696,0.203,1
3,18,30,0,300,self,-2.933587191749995,0.08352093408388696,0.202,2
3,19,30,0,300,self,0.41207900284439614,0.08352093408388696,0.20600000000000002,2
3,20,30,0,300,self,1.1066455469915037,0.08352093408388696,0.202,2
3,21,30,0,300,self,1.234060918822353,0.08352093408388696,0.21100000000000002,2
3,22,30,0,300,self,-0.09526281228708056,0.08352093408388696,0.20400000000000001,1
3,23,30,0,300,self,2.1852172573664084,0.08352093408388696,0.201,1
3,24,30,0,300,self,1.2835963118840943,0.08352093408388696,0.203,2
3,25,30,0,300,self,0.03571149154055109,0.08352093408388696,0.20700000000000002,1
3,26,30,0,300,self,2.772727279966732,0.08352093408388696,0.20400000000000001,1
3,27,30,0,300,self,1.4164121506626672,0.08352093408388696,0.20400000000000001,1
3,28,30,0,300,self,1.6046193282686916,0.08352093408388696,0.203,2
3,29,30,0,300,self,0.9767225454289199,0.08352093408388696,0.202,1
3,30,30,0,300,self,0.5720718285842687,0.08352093408388696,0.201,1
3,31,30,0,300,self,0.49256503566239607,0.08352093408388696,0.202,2
3,32,30,0,300,self,0.7784721175737027,0.08352093408388696,0.203,1
3,33,30,0,300,self,-0.35142521026015683,0.08352093408388696,0.203,1
3,34,30,0,300,self,1.9547521059107456,0.08352093408388696,0.203,1
3,35,30,0,300,self,1.1011998119903117,0.08352093408388696,0.20400000000000001,1
3,36,30,0,300,self,-0.19614627459415568,0.08352093408388696,0.203,1
3,37,30,0,300,self,0.037626492468981865,0.08352093408388696,0.203,1
3,38,30,0,300,self,1.0179275641362258,0.08352093408388696,0.201,1
3,39,30,0,300,self,-0.7128175872094665,0.08352093408388696,0.20400000000000001,1
3,40,30,0,300,self,1.5485386272817514,0.08352093408388696,0.202,2
3,41,30,0,300,self,1.7634006487221217,0.08352093408388696,0.203,2
3,42,30,0,300,self,-0.36718971599307226,0.08352093408388696,0.20500000000000002,2
3,43,30,0,300,self,1.2606300845137226,0.08352093408388696,0.20500000000000002,1
3,44,30,0,300,self,2.655581318894472,0.08352093408388696,0.20700000000000002,1
3,45,30,0,300,self,1.2637903914247208,0.08352093408388696,0.203,1
3,46,30,0,300,self,1.2726449699689437,0.08352093408388696,0.202,1
3,47,30,0,300,self,0.6365833095407822,0.08352093408388696,0.201,2
3,48,30,0,300,self,0.7328022278778182,0.08352093408388696,0.202,1
3,49,30,0,300,self,2.0769418299539737,0.08352093408388696,0.201,1
3,50,30,0,300,self,0.74461636100557,0.08352093408388696,0.201,1
3,51,30,0,300,self,0.06433474767129976,0.08352093408388696,0.20700000000000002,1
3,52,30,0,300,self,0.6875591587703433,0.08352093408388696,0.203,1
3,53,30,0,300,self,-0.15577351573805942,0.08352093408388696,0.20700000000000002,1
3,54,30,0,300,self,3.840629249970386,0.08352093408388696,0.201,1
3,55,30,0,300,self,0.0697215546929928,0.08352093408388696,0.203,1
3,56,30,0,300,self,-0.3557688930598376,0.08352093408388696,0.203,1
3,57,30,0,300,self,0.6681844317338252,0.08352093408388696,0.202,2
3,58,30,0,300,self,2.7767810949698486,0.08352093408388696,0.201,1
3,59,30,0,300,self,1.8568460804848408,0.08352093408388696,0.21700000000000003,2
3,60,30,0,300,self,0.3713482501439085,0.08352093408388696,0.20600000000000002,2
3,61,30,0,300,self,1.4208842901311187,0.08352093408388696,0.203,1
3,62,30,0,300,self,0.7579702798171886,0.08352093408388696,0.202,1
3,63,30,0,300,self,0.5061889023573654,0.08352093408388696,0.202,1
3,64,30,0,300,self,1.3715366041243955,0.08352093408388696,0.202,2
3,65,30,0,300,self,2.3240035170684363,0.08352093408388696,0.201,1
3,66,30,0,300,self,2.3889340323755013,0.08352093408388696,0.20400000000000001,2
3,67,30,0,300,self,0.8637868512025695,0.08352093408388696,0.203,1
3,68,30,0,300,self,0.015974261500149245,0.08352093408388696,0.201,1
3,69,30,0,300,self,3.0144086803791867,0.08352093408388696,0.201,2
3,70,30,0,300,self,0.815793334810867,0.08352093408388696,0.202,1
3,71,30,0,300,self,0.7872705750666089,0.08352093408388696,0.202,2
3,72,30,0,300,self,0.966647950350699,0.08352093408388696,0.203,1
3,73,30,0,300,self,2.221307501971044,0.08352093408388696,0.202,1
3,74,30,0,300,self,1.3454844635972671,0.08352093408388696,0.21100000000000002,1
3,75,30,0,300,self,1.2967574155760089,0.08352093408388696,0.202,1
3,76,30,0,300,self,1.9291936768740872,0.08352093408388696,0.202,2
3,77,30,0,300,self,0.4539752031973725,0.08352093408388696,0.201,1
3,78,30,0,300,self,-0.05687468932330242,0.08352093408388696,0.20400000000000001,1
3,79,30,0,300,self,-0.7856927441856792,0.08352093408388696,0.20700000000000002,2
3,80,30,0,300,self,-0.44862164077980504,0.08352093408388696,0.202,2
3,81,30,0,300,self,0.375578635989923,0.08352093408388696,0.201,2
3,82,30,0,300,self,-0.06776675678450605,0.08352093408388696,0.21000000000000002,2
3,83,30,0,300,self,0.523348642626966,0.08352093408388696,0.202,2
3,84,30,0,300,self,2.9733086077874984,0.08352093408388696,0.203,2
3,85,30,0,300,self,1.0116662922872453,0.08352093408388696,0.202,1
3,86,30,0,300,self,-1.1769529354714279,0.08352093408388696,0.20700000000000002,2
3,87,30,0,300,self,1.2326703107552561,0.08352093408388696,0.20900000000000002,1
3,88,30,0,300,self,0.24768879662826737,0.08352093408388696,0.20400000000000001,1
3,89,30,0,300,self,1.9143527375872615,0.08352093408388696,0.21100000000000002,2
3,90,30,0,300,self,0.7629103102771612,0.08352093408388696,0.201,2
3,91,30,0,300,self,0.7945052703477365,0.08352093408388696,0.21000000000000002,1
3,92,30,0,300,self,0.9994168426672723,0.08352093408388696,0.203,1
3,93,30,0,300,self,0.8262249291432092,0.08352093408388696,0.20500000000000002,2
3,94,30,0,300,self,0.6757609391005961,0.08352093408388696,0.20700000000000002,2
3,95,30,0,300,self,-0.42328100581756967,0.08352093408388696,0.20500000000000002,2
3,96,30,0,300,self,-0.39289426688796414,0.08352093408388696,0.21100000000000002,1
3,97,30,0,300,self,1.6525802780109387,0.08352093408388696,0.202,2
3,98,30,0,300,self,0.5743573860665578,0.08352093408388696,0.201,1
3,99,30,0,300,self,-0.6933150956998889,0.08352093408388696,0.202,1
3,100,30,0,300,self,0.933449652472422,0.08352093408388696,0.202,2
3,101,30,0,300,self,1.6131556301523764,0.08352093408388696,0.20900000000000002,1
3,102,30,0,300,self,0.755954434675661,0.08352093408388696,0.20500000000000002,1
3,103,30,0,300,self,0.8369037165698437,0.08352093408388696,0.201,2
3,104,30,0,300,self,3.4010942527174874,0.08352093408388696,0.203,1
3,105,30,0,300,self,2.2278605685499637,0.08352093408388696,0.21000000000000002,1
3,106,30,0,300,self,2.8095982354871545,0.08352093408388696,0.20900000000000002,2
3,107,30,0,300,self,1.0751083249690707,0.08352093408388696,0.202,1
3,108,30,0,300,self,3.2902252378050267,0.08352093408388696,0.20600000000000002,1
3,109,30,0,300,self,0.794762356108655,0.08352093408388696,0.202,2
3,110,30,0,300,self,1.0539088175826175,0.08352093408388696,0.203,2
3,111,30,0,300,self,-0.8259372991411832,0.08352093408388696,0.20500000000000002,1
3,112,30,0,300,self,0.4539090956632055,0.08352093408388696,0.20900000000000002,2
3,113,30,0,300,self,1.1280071789912889,0.08352093408388696,0.201,1
3,114,30,0,300,self,1.1867962214235175,0.08352093408388696,0.202,1
3,115,30,0,300,self,1.9144240370523273,0.08352093408388696,0.202,2
3,116,30,0,300,self,1.6682734562617507,0.08352093408388696,0.20500000000000002,1
3,117,30,0,300,self,1.9313901886105684,0.08352093408388696,0.203,1
3,118,30,0,300,self,-0.8477114591165252,0.08352093408388696,0.203,1
3,119,30,0,300,self,0.7866366586743169,0.08352093408388696,0.20700000000000002,2
3,120,30,0,300,self,1.4082341793810416,0.08352093408388696,0.201,1
3,121,30,0,300,self,1.034274711760155,0.08352093408388696,0.201,2
3,122,30,0,300,self,2.4591184209609036,0.08352093408388696,0.20400000000000001,2
3,123,30,0,300,self,-0.4735580458725207,0.08352093408388696,0.20600000000000002,1
3,124,30,0,300,self,0.36070082066478015,0.08352093408388696,0.202,1
3,125,30,0,300,self,-0.29815113142339256,0.08352093408388696,0.203,1
3,126,30,0,300,self,-0.17806831101224974,0.08352093408388696,0.21100000000000002,1
3,127,30,0,300,self,0.6460341012084166,0.08352093408388696,0.203,2
3,128,30,0,300,self,-0.45766502515607843,0.08352093408388696,0.203,2
3,129,30,0,300,self,1.2706985840405531,0.08352093408388696,0.20400000000000001,1
3,130,30,0,300,self,1.1071185983421923,0.08352093408388696,0.203,1
4,1,30,0,300,stranger,-0.176315699443873,0.15059116249485305,0.202,1
4,2,30,0,300,stranger,1.0413836964014287,0.15059116249485305,0.21900000000000003,1
4,3,30,0,300,stranger,-1.3199176840838285,0.15059116249485305,0.20900000000000002,1
4,4,30,0,300,stranger,0.75027298177938,0.15059116249485305,0.21000000000000002,2
4,5,30,0,300,stranger,0.3547135519283604,0.15059116249485305,0.202,1
4,6,30,0,300,stranger,0.5740002392705859,0.15059116249485305,0.20400000000000001,1
4,7,30,0,300,stranger,-1.5979032389360306,0.15059116249485305,0.21100000000000002,2
4,8,30,0,300,stranger,1.1214174612128325,0.15059116249485305,0.21300000000000002,2
4,9,30,0,300,stranger,-0.5861574984212258,0.15059116249485305,0.20700000000000002,2
4,10,30,0,300,stranger,1.1497035696620903,0.15059116249485305,0.20400000000000001,1
4,11,30,0,300,stranger,-0.0856984945576908,0.15059116249485305,0.202,1
4,12,30,0,300,stranger,0.07795721022942753,0.15059116249485305,0.21400000000000002,2
4,13,30,0,300,stranger,-1.097163351820826,0.15059116249485305,0.203,2
4,14,30,0,300,stranger,1.0786615243448523,0.15059116249485305,0.20700000000000002,1
4,15,30,0,300,stranger,1.713583105550116,0.15059116249485305,0.202,2
4,16,30,0,300,stranger,0.35518099630380456,0.15059116249485305,0.21400000000000002,1
4,17,30,0,300,stranger,0.5489603364145088,0.15059116249485305,0.20400000000000001,2
4,18,30,0,300,stranger,-0.1253252194111334,0.15059116249485305,0.202,2
4,19,30,0,300,stranger,0.1730523747257699,0.15059116249485305,0.202,2
4,20,30,0,300,stranger,-0.8408560406186515,0.15059116249485305,0.21400000000000002,2
4,21,30,0,300,stranger,0.031873433416203883,0.15059116249485305,0.20400000000000001,1
4,22,30,0,300,stranger,2.2414193835319995,0.15059116249485305,0.21100000000000002,1
4,23,30,0,300,stranger,0.46664798518721606,0.15059116249485305,0.203,1
4,24,30,0,300,stranger,-0.6218009905009388,0.15059116249485305,0.203,2
4,25,30,0,300,stranger,1.195370514763037,0.15059116249485305,0.20800000000000002,2
4,26,30,0,300,stranger,0.9363802402950039,0.15059116249485305,0.203,1
4,27,30,0,300,stranger,-1.1323156480534027,0.15059116249485305,0.24500000000000005,1
4,28,30,0,300,stranger,0.3816710106215309,0.15059116249485305,0.203,1
4,29,30,0,300,stranger,0.36313052611490904,0.15059116249485305,0.203,1
4,30,30,0,300,stranger,0.29447151762379936,0.15059116249485305,0.20500000000000002,1
4,31,30,0,300,stranger,0.5901366043919491,0.15059116249485305,0.22400000000000003,2
4,32,30,0,300,stranger,0.6394187355369068,0.15059116249485305,0.20400000000000001,1
4,33,30,0,300,stranger,0.42711861397424356,0.15059116249485305,0.21000000000000002,1
4,34,30,0,300,stranger,0.3670195721483237,0.15059116249485305,0.21200000000000002,1
4,35,30,0,300,stranger,0.24051879924414396,0.15059116249485305,0.22300000000000003,1
4,36,30,0,300,stranger,-0.2023621023918672,0.15059116249485305,0.201,1
4,37,30,0,300,stranger,0.40166425751097723,0.15059116249485305,0.203,1
4,38,30,0,300,stranger,1.3579316403580264,0.15059116249485305,0.20400000000000001,1
4,39,30,0,300,stranger,0.5243330083131494,0.15059116249485305,0.20400000000000001,2
4,40,30,0,300,stranger,-0.1387357921277394,0.15059116249485305,0.20900000000000002,1
4,41,30,0,300,stranger,-0.6509493572873498,0.15059116249485305,0.21800000000000003,2
4,42,30,0,300,stranger,-0.4429798380544475,0.15059116249485305,0.20400000000000001,1
4,43,30,0,300,stranger,1.5285761144166279,0.15059116249485305,0.21000000000000002,2
4,44,30,0,300,stranger,-0.24840870295644724,0.15059116249485305,0.21100000000000002,2
4,45,30,0,300,stranger,-0.061521859978670934,0.15059116249485305,0.21300000000000002,1
4,46,30,0,300,stranger,-0.12902194976083808,0.15059116249485305,0.20400000000000001,1
4,47,30,0,300,stranger,0.827260834537593,0.15059116249485305,0.21500000000000002,1
4,48,30,0,300,stranger,1.0937862194286052,0.15059116249485305,0.20600000000000002,1
4,49,30,0,300,stranger,-0.45375939044436153,0.15059116249485305,0.20900000000000002,2
4,50,30,0,300,stranger,-0.2037075753295277,0.15059116249485305,0.203,1
4,51,30,0,300,stranger,0.23454521764123876,0.15059116249485305,0.201,2
4,52,30,0,300,stranger,-1.6978245574229605,0.15059116249485305,0.202,2
4,53,30,0,300,stranger,0.12105963421347718,0.15059116249485305,0.21300000000000002,2
4,54,30,0,300,stranger,-0.6479586665912265,0.15059116249485305,0.22000000000000003,2
4,55,30,0,300,stranger,0.7456396439888624,0.15059116249485305,0.203,1
4,56,30,0,300,stranger,-0.06950805007105654,0.15059116249485305,0.20500000000000002,2
4,57,30,0,300,stranger,1.4613790717785968,0.15059116249485305,0.202,2
4,58,30,0,300,stranger,-0.12117547229433123,0.15059116249485305,0.20700000000000002,1
4,59,30,0,300,stranger,2.0423098556284467,0.15059116249485305,0.20800000000000002,1
4,60,30,0,300,stranger,0.6820183668551353,0.15059116249485305,0.203,2
4,61,30,0,300,stranger,1.1372490951435366,0.15059116249485305,0.20400000000000001,1
4,62,30,0,300,stranger,0.26718816155333935,0.15059116249485305,0.20700000000000002,1
4,63,30,0,300,stranger,-0.4285384506637606,0.15059116249485305,0.20900000000000002,2
4,64,30,0,300,stranger,0.20732185563680566,0.15059116249485305,0.20900000000000002,2
4,65,30,0,300,stranger,2.029347306673598,0.15059116249485305,0.20900000000000002,2
4,66,30,0,300,stranger,-2.330242399321704,0.15059116249485305,0.21400000000000002,1
4,67,30,0,300,stranger,-0.03951178873713179,0.15059116249485305,0.21200000000000002,2
4,68,30,0,300,stranger,1.5281313780183887,0.15059116249485305,0.20700000000000002,1
4,69,30,0,300,stranger,0.2801431946644316,0.15059116249485305,0.20500000000000002,1
4,70,30,0,300,stranger,1.7122436002127484,0.15059116249485305,0.20900000000000002,2
4,71,30,0,300,stranger,0.9623622350444999,0.15059116249485305,0.20500000000000002,1
4,72,30,0,300,stranger,-0.7131416979592258,0.15059116249485305,0.20400000000000001,1
4,73,30,0,300,stranger,-0.8332781710486129,0.15059116249485305,0.21100000000000002,2
4,74,30,0,300,stranger,-0.44826634239799446,0.15059116249485305,0.203,1
4,75,30,0,300,stranger,-0.5971762658896541,0.15059116249485305,0.20500000000000002,2
4,76,30,0,300,stranger,0.9036177825369122,0.15059116249485305,0.20500000000000002,2
4,77,30,0,300,stranger,0.7901531471653135,0.15059116249485305,0.22500000000000003,2
4,78,30,0,300,stranger,-0.5654365201340809,0.15059116249485305,0.20700000000000002,1
4,79,30,0,300,stranger,-0.9837597127847105,0.15059116249485305,0.21200000000000002,2
4,80,30,0,300,stranger,-0.3911755383647012,0.15059116249485305,0.20900000000000002,2
4,81,30,0,300,stranger,-0.32712349940052077,0.15059116249485305,0.202,1
4,82,30,0,300,stranger,0.18046284770440024,0.15059116249485305,0.20400000000000001,2
4,83,30,0,300,stranger,-0.6372226886256128,0.15059116249485305,0.201,1
4,84,30,0,300,stranger,-0.38126310156164644,0.15059116249485305,0.202,1
4,85,30,0,300,stranger,0.3671819731019993,0.15059116249485305,0.203,1
4,86,30,0,300,stranger,-0.5465966707708705,0.15059116249485305,0.21100000000000002,2
4,87,30,0,300,stranger,-0.4612916529020533,0.15059116249485305,0.202,1
4,88,30,0,300,stranger,-0.9062615777827138,0.15059116249485305,0.20400000000000001,1
4,89,30,0,300,stranger,0.047033810346082144,0.15059116249485305,0.20400000000000001,1
4,90,30,0,300,stranger,0.03404275745420368,0.15059116249485305,0.203,2
4,91,30,0,300,stranger,0.0846934627513343,0.15059116249485305,0.20700000000000002,1
4,92,30,0,300,stranger,0.4575356235248043,0.15059116249485305,0.21000000000000002,2
4,93,30,0,300,stranger,-0.551669279020961,0.15059116249485305,0.21100000000000002,1
4,94,30,0,300,stranger,0.15580288957104238,0.15059116249485305,0.21300000000000002,2
4,95,30,0,300,stranger,0.5457679119865982,0.15059116249485305,0.20900000000000002,2
4,96,30,0,300,stranger,-1.1990202601402884,0.15059116249485305,0.203,2
4,97,30,0,300,stranger,-0.25838161321648184,0.15059116249485305,0.20700000000000002,2
4,98,30,0,300,stranger,2.4564741082134987,0.15059116249485305,0.22100000000000003,2
4,99,30,0,300,stranger,0.6483748088343195,0.15059116249485305,0.21200000000000002,2
4,100,30,0,300,stranger,-0.8716002759054621,0.15059116249485305,0.20800000000000002,1
4,101,30,0,300,stranger,2.8966087041961166,0.15059116249485305,0.21000000000000002,1
4,102,30,0,300,stranger,-0.2684686461010476,0.15059116249485305,0.22100000000000003,1
4,103,30,0,300,stranger,0.1736563714273612,0.15059116249485305,0.203,2
4,104,30,0,300,stranger,2.2147107093167406,0.15059116249485305,0.21500000000000002,1
4,105,30,0,300,stranger,1.0037143002371351,0.15059116249485305,0.20600000000000002,1
4,106,30,0,300,stranger,1.192931480481478,0.15059116249485305,0.21900000000000003,2
4,107,30,0,300,stranger,0.3032305972679476,0.15059116249485305,0.20600000000000002,2
4,108,30,0,300,stranger,0.19104967456883976,0.15059116249485305,0.21200000000000002,2
4,109,30,0,300,stranger,-0.042907078301709034,0.15059116249485305,0.202,2
4,110,30,0,300,stranger,1.7850374633029804,0.15059116249485305,0.20400000000000001,1
4,111,30,0,300,stranger,-0.18775263958214283,0.15059116249485305,0.203,1
4,112,30,0,300,stranger,1.2163990843993133,0.15059116249485305,0.21500000000000002,1
4,113,30,0,300,stranger,0.4828324763042835,0.15059116249485305,0.20800000000000002,2
4,114,30,0,300,stranger,0.5739733352477523,0.15059116249485305,0.203,2
4,115,30,0,300,stranger,0.009432313077765875,0.15059116249485305,0.20900000000000002,2
4,116,30,0,300,stranger,0.5074671998165112,0.15059116249485305,0.20700000000000002,2
4,117,30,0,300,stranger,-0.46025208868150547,0.15059116249485305,0.23300000000000004,2
4,118,30,0,300,stranger,-2.0534390515914547,0.15059116249485305,0.21400000000000002,1
4,119,30,0,300,stranger,-0.35418271321000494,0.15059116249485305,0.20800000000000002,1
4,120,30,0,300,stranger,0.7149342232545552,0.15059116249485305,0.203,2
4,121,30,0,300,stranger,1.2578424773389338,0.15059116249485305,0.203,1
4,122,30,0,300,stranger,-0.7132964681010394,0.15059116249485305,0.21400000000000002,1
4,123,30,0,300,stranger,0.47485378375738446,0.15059116249485305,0.22000000000000003,1
4,124,30,0,300,stranger,-1.1698603603890998,0.15059116249485305,0.21100000000000002,2
4,125,30,0,300,stranger,3.0090494891432518,0.15059116249485305,0.21100000000000002,1
4,126,30,0,300,stranger,1.0583797960961117,0.15059116249485305,0.20600000000000002,2
4,127,30,0,300,stranger,-0.13229042417164438,0.15059116249485305,0.21000000000000002,2
4,128,30,0,300,stranger,-0.7644680619493397,0.15059116249485305,0.21500000000000002,1
4,129,30,0,300,stranger,-0.11277792045107393,0.15059116249485305,0.202,1
4,130,30,0,300,stranger,0.22112068032378182,0.15059116249485305,0.20400000000000001,2
4,1,30,0,300,self,0.09039856358200149,0.15059116249485305,0.203,1
4,2,30,0,300,self,1.0224644700683012,0.15059116249485305,0.21300000000000002,1
4,3,30,0,300,self,-0.8659619764958285,0.15059116249485305,0.21000000000000002,1
4,4,30,0,300,self,3.143215598109725,0.15059116249485305,0.21300000000000002,1
4,5,30,0,300,self,-0.09727497331373958,0.15059116249485305,0.20800000000000002,2
4,6,30,0,300,self,-0.5163900111778171,0.15059116249485305,0.20800000000000002,2
4,7,30,0,300,self,3.0683479123981394,0.15059116249485305,0.21400000000000002,1
4,8,30,0,300,self,1.0908853922611068,0.15059116249485305,0.20600000000000002,2
4,9,30,0,300,self,1.1777878056036721,0.15059116249485305,0.20700000000000002,2
4,10,30,0,300,self,0.4881423552760422,0.15059116249485305,0.20900000000000002,1
4,11,30,0,300,self,1.027372111281156,0.15059116249485305,0.20900000000000002,1
4,12,30,0,300,self,2.2635455189388787,0.15059116249485305,0.21000000000000002,2
4,13,30,0,300,self,-0.2419734507310919,0.15059116249485305,0.203,1
4,14,30,0,300,self,-0.4595694346646385,0.15059116249485305,0.21400000000000002,2
4,15,30,0,300,self,0.48587191077285197,0.15059116249485305,0.20600000000000002,2
4,16,30,0,300,self,0.8472778853205052,0.15059116249485305,0.20500000000000002,2
4,17,30,0,300,self,0.3833786760811778,0.15059116249485305,0.20400000000000001,1
4,18,30,0,300,self,1.2934401385744738,0.15059116249485305,0.20700000000000002,2
4,19,30,0,300,self,0.636627068079459,0.15059116249485305,0.20700000000000002,2
4,20,30,0,300,self,1.6550710085317266,0.15059116249485305,0.20400000000000001,1
4,21,30,0,300,self,1.1238113826202072,0.15059116249485305,0.21700000000000003,1
4,22,30,0,300,self,1.8154851538681762,0.15059116249485305,0.203,1
4,23,30,0,300,self,0.4611411887873791,0.15059116249485305,0.20400000000000001,1
4,24,30,0,300,self,1.5285919144625264,0.15059116249485305,0.20400000000000001,2
4,25,30,0,300,self,-0.27211014319277405,0.15059116249485305,0.20900000000000002,2
4,26,30,0,300,self,1.0562839571036082,0.15059116249485305,0.20400000000000001,2
4,27,30,0,300,self,1.1057753502582763,0.15059116249485305,0.20700000000000002,1
4,28,30,0,300,self,0.9087774263246338,0.15059116249485305,0.22100000000000003,1
4,29,30,0,300,self,3.1543878839282145,0.15059116249485305,0.203,2
4,30,30,0,300,self,2.4437962969496003,0.15059116249485305,0.21400000000000002,2
4,31,30,0,300,self,0.9428095176855338,0.15059116249485305,0.21000000000000002,2
4,32,30,0,300,self,-0.1442277785071412,0.15059116249485305,0.21200000000000002,1
4,33,30,0,300,self,0.3822312639727744,0.15059116249485305,0.20900000000000002,2
4,34,30,0,300,self,1.5966342014260562,0.15059116249485305,0.20900000000000002,2
4,35,30,0,300,self,0.8211882928268824,0.15059116249485305,0.20600000000000002,1
4,36,30,0,300,self,1.4833176972185642,0.15059116249485305,0.202,1
4,37,30,0,300,self,1.405924854210695,0.15059116249485305,0.20500000000000002,2
4,38,30,0,300,self,-1.788518144243584,0.15059116249485305,0.203,2
4,39,30,0,300,self,1.7545025915688537,0.15059116249485305,0.203,2
4,40,30,0,300,self,1.0700379672133913,0.15059116249485305,0.20600000000000002,1
4,41,30,0,300,self,1.4565514631798706,0.15059116249485305,0.21200000000000002,2
4,42,30,0,300,self,2.383397414417862,0.15059116249485305,0.20600000000000002,1
4,43,30,0,300,self,0.00421967072031193,0.15059116249485305,0.20600000000000002,1
4,44,30,0,300,self,0.8971074550833532,0.15059116249485305,0.20800000000000002,2
4,45,30,0,300,self,0.15145117909771177,0.15059116249485305,0.20400000000000001,2
4,46,30,0,300,self,0.6469548317499074,0.15059116249485305,0.21000000000000002,1
4,47,30,0,300,self,-0.48696940319067383,0.15059116249485305,0.203,2
4,48,30,0,300,self,0.3336023910699577,0.15059116249485305,0.20900000000000002,2
4,49,30,0,300,self,-2.3246401919936135,0.15059116249485305,0.20600000000000002,2
4,50,30,0,300,self,2.681237991165023,0.15059116249485305,0.202,2
4,51,30,0,300,self,0.9111676238685998,0.15059116249485305,0.20700000000000002,1
4,52,30,0,300,self,1.392877271084247,0.15059116249485305,0.22200000000000003,2
4,53,30,0,300,self,-2.762700604793103,0.15059116249485305,0.203,2
4,54,30,0,300,self,1.531065805877668,0.15059116249485305,0.22200000000000003,2
4,55,30,0,300,self,0.4367902346229221,0.15059116249485305,0.20400000000000001,2
4,56,30,0,300,self,0.11754487275197134,0.15059116249485305,0.21300000000000002,2
4,57,30,0,300,self,1.0277392260830323,0.15059116249485305,0.21100000000000002,2
4,58,30,0,300,self,0.5973823255980084,0.15059116249485305,0.202,1
4,59,30,0,300,self,0.4594393447457388,0.15059116249485305,0.20700000000000002,2
4,60,30,0,300,self,1.5093097314225337,0.15059116249485305,0.22000000000000003,2
4,61,30,0,300,self,1.645024397022696,0.15059116249485305,0.20400000000000001,1
4,62,30,0,300,self,0.2373943359560614,0.15059116249485305,0.203,2
4,63,30,0,300,self,1.2712003331396848,0.15059116249485305,0.201,1
4,64,30,0,300,self,2.660908710063398,0.15059116249485305,0.203,1
4,65,30,0,300,self,1.5761470458110554,0.15059116249485305,0.20400000000000001,2
4,66,30,0,300,self,1.4756693021898657,0.15059116249485305,0.20800000000000002,1
4,67,30,0,300,self,-0.8283938612292184,0.15059116249485305,0.20800000000000002,1
4,68,30,0,300,self,0.5796544976609521,0.15059116249485305,0.203,2
4,69,30,0,300,self,0.7243356689206338,0.15059116249485305,0.21000000000000002,2
4,70,30,0,300,self,1.7654989503777503,0.15059116249485305,0.21600000000000003,1
4,71,30,0,300,self,2.175638146847789,0.15059116249485305,0.20400000000000001,1
4,72,30,0,300,self,3.194692239207348,0.15059116249485305,0.21400000000000002,1
4,73,30,0,300,self,1.8173233665837567,0.15059116249485305,0.21800000000000003,1
4,74,30,0,300,self,0.41972121931214357,0.15059116249485305,0.22700000000000004,2
4,75,30,0,300,self,1.3893462033361061,0.15059116249485305,0.21900000000000003,1
4,76,30,0,300,self,-0.014790732842393406,0.15059116249485305,0.20500000000000002,1
4,77,30,0,300,self,0.4542224380725961,0.15059116249485305,0.20700000000000002,1
4,78,30,0,300,self,0.040856636118394074,0.15059116249485305,0.21800000000000003,1
4,79,30,0,300,self,-0.4959643913110817,0.15059116249485305,0.21200000000000002,1
4,80,30,0,300,self,1.036542081182742,0.15059116249485305,0.20400000000000001,2
4,81,30,0,300,self,1.6282909434981403,0.15059116249485305,0.20600000000000002,2
4,82,30,0,300,self,-0.40893853311378503,0.15059116249485305,0.203,2
4,83,30,0,300,self,-0.8842432329658924,0.15059116249485305,0.21300000000000002,2
4,84,30,0,300,self,0.560016943622136,0.15059116249485305,0.20500000000000002,1
4,85,30,0,300,self,0.7155106933961662,0.15059116249485305,0.21300000000000002,1
4,86,30,0,300,self,1.6601844180449534,0.15059116249485305,0.20800000000000002,2
4,87,30,0,300,self,2.9753031791566626,0.15059116249485305,0.20700000000000002,2
4,88,30,0,300,self,1.2507714721714023,0.15059116249485305,0.20400000000000001,2
4,89,30,0,300,self,2.524891496589666,0.15059116249485305,0.20500000000000002,2
4,90,30,0,300,self,0.23412976530257334,0.15059116249485305,0.20700000000000002,1
4,91,30,0,300,self,1.2750982183312194,0.15059116249485305,0.21000000000000002,1
4,92,30,0,300,self,3.0145195889368663,0.15059116249485305,0.20600000000000002,2
4,93,30,0,300,self,1.743242419545692,0.15059116249485305,0.21000000000000002,2
4,94,30,0,300,self,1.3745992867589498,0.15059116249485305,0.20400000000000001,2
4,95,30,0,300,self,1.2362814398196593,0.15059116249485305,0.21300000000000002,1
4,96,30,0,300,self,0.15833603589032386,0.15059116249485305,0.21200000000000002,2
4,97,30,0,300,self,1.6707901560460092,0.15059116249485305,0.203,1
4,98,30,0,300,self,-0.3260038406479816,0.15059116249485305,0.20500000000000002,1
4,99,30,0,300,self,2.028308079760373,0.15059116249485305,0.21600000000000003,2
4,100,30,0,300,self,0.991816193360795,0.15059116249485305,0.202,1
4,101,30,0,300,self,0.4726789191987397,0.15059116249485305,0.202,2
4,102,30,0,300,self,0.042427331920757094,0.15059116249485305,0.21100000000000002,2
4,103,30,0,300,self,1.9313183051965042,0.15059116249485305,0.20800000000000002,1
4,104,30,0,300,self,3.2986429238506214,0.15059116249485305,0.202,1
4,105,30,0,300,self,0.955601947327522,0.15059116249485305,0.202,1
4,106,30,0,300,self,0.5207172148844903,0.15059116249485305,0.20800000000000002,1
4,107,30,0,300,self,0.7032291166030664,0.15059116249485305,0.20900000000000002,2
4,108,30,0,300,self,0.7963071482738842,0.15059116249485305,0.21300000000000002,1
4,109,30,0,300,self,0.13325195318079563,0.15059116249485305,0.20400000000000001,1
4,110,30,0,300,self,0.8257216457714348,0.15059116249485305,0.20400000000000001,2
4,111,30,0,300,self,0.7835475298509664,0.15059116249485305,0.201,2
4,112,30,0,300,self,0.8101947242613619,0.15059116249485305,0.22700000000000004,1
4,113,30,0,300,self,3.081502611295062,0.15059116249485305,0.203,1
4,114,30,0,300,self,0.7325097586872248,0.15059116249485305,0.20600000000000002,1
4,115,30,0,300,self,-1.188089764588963,0.15059116249485305,0.20500000000000002,1
4,116,30,0,300,self,2.029170345006033,0.15059116249485305,0.22700000000000004,1
4,117,30,0,300,self,0.5290264528944401,0.15059116249485305,0.202,1
4,118,30,0,300,self,0.3280852758003049,0.15059116249485305,0.203,2
4,119,30,0,300,self,1.5325708522875545,0.15059116249485305,0.20500000000000002,2
4,120,30,0,300,self,0.333579725608797,0.15059116249485305,0.22500000000000003,2
4,121,30,0,300,self,2.551486320011111,0.15059116249485305,0.20600000000000002,1
4,122,30,0,300,self,0.8076015529434912,0.15059116249485305,0.203,2
4,123,30,0,300,self,-0.3969114138722384,0.15059116249485305,0.203,2
4,124,30,0,300,self,3.475045804478294,0.15059116249485305,0.20700000000000002,1
4,125,30,0,300,self,1.8864593539693522,0.15059116249485305,0.20600000000000002,2
4,126,30,0,300,self,1.0649271873751112,0.15059116249485305,0.21000000000000002,1
4,127,30,0,300,self,1.7005702561197151,0.15059116249485305,0.21000000000000002,1
4,128,30,0,300,self,-0.07567660183376124,0.15059116249485305,0.21300000000000002,1
4,129,30,0,300,self,2.838736824776611,0.15059116249485305,0.21600000000000003,1
4,130,30,0,300,self,0.7643532305279919,0.15059116249485305,0.20700000000000002,2
5,1,30,0,300,stranger,-0.3874347399055946,0.837359823574197,0.26100000000000007,2
5,2,30,0,300,stranger,1.2468239990398033,0.837359823574197,0.2690000000000001,1
5,3,30,0,300,stranger,1.429924659201823,0.837359823574197,0.26100000000000007,1
5,4,30,0,300,stranger,0.44380460705416447,0.837359823574197,0.3190000000000001,2
5,5,30,0,300,stranger,-0.029678680597931384,0.837359823574197,0.25800000000000006,2
5,6,30,0,300,stranger,0.181419354573249,0.837359823574197,0.23100000000000004,1
5,7,30,0,300,stranger,0.6677925939206875,0.837359823574197,0.3240000000000001,2
5,8,30,0,300,stranger,2.7259641371020766,0.837359823574197,0.25900000000000006,1
5,9,30,0,300,stranger,-0.4578061071493672,0.837359823574197,0.2850000000000001,1
5,10,30,0,300,stranger,0.9777681896896475,0.837359823574197,0.23300000000000004,1
5,11,30,0,300,stranger,-0.33947700500425626,0.837359823574197,0.26300000000000007,2
5,12,30,0,300,stranger,-0.04256173146216613,0.837359823574197,0.23600000000000004,1
5,13,30,0,300,stranger,1.5615177088911119,0.837359823574197,0.2790000000000001,1
5,14,30,0,300,stranger,1.0579225584735448,0.837359823574197,0.24800000000000005,1
5,15,30,0,300,stranger,-1.3605584684520022,0.837359823574197,0.22500000000000003,2
5,16,30,0,300,stranger,1.5167311255464537,0.837359823574197,0.3000000000000001,2
5,17,30,0,300,stranger,0.7819851212686095,0.837359823574197,0.25800000000000006,2
5,18,30,0,300,stranger,0.5553113811473539,0.837359823574197,0.25100000000000006,1
5,19,30,0,300,stranger,0.8083688193386536,0.837359823574197,0.3150000000000001,1
5,20,30,0,300,stranger,-0.35746320462798664,0.837359823574197,0.23100000000000004,1
5,21,30,0,300,stranger,-1.3891277919551452,0.837359823574197,0.2840000000000001,1
5,22,30,0,300,stranger,-1.0087374315819813,0.837359823574197,0.2950000000000001,2
5,23,30,0,300,stranger,0.38423573236079667,0.837359823574197,0.3020000000000001,2
5,24,30,0,300,stranger,-0.6101167340727105,0.837359823574197,0.26800000000000007,1
5,25,30,0,300,stranger,0.8639442719621326,0.837359823574197,0.3050000000000001,2
5,26,30,0,300,stranger,-0.20506425264290407,0.837359823574197,0.25200000000000006,1
5,27,30,0,300,stranger,1.4703489949891564,0.837359823574197,0.3200000000000001,2
5,28,30,0,300,stranger,1.1110775046574983,0.837359823574197,0.2850000000000001,2
5,29,30,0,300,stranger,-0.47971434000045354,0.837359823574197,0.2810000000000001,1
5,30,30,0,300,stranger,0.5714538163483183,0.837359823574197,0.2810000000000001,1
5,31,30,0,300,stranger,-1.3622883919465925,0.837359823574197,0.2810000000000001,2
5,32,30,0,300,stranger,0.5482539785467875,0.837359823574197,0.2770000000000001,2
5,33,30,0,300,stranger,0.5925254398289516,0.837359823574197,0.2710000000000001,1
5,34,30,0,300,stranger,-0.018287405166448112,0.837359823574197,0.3180000000000001,1
5,35,30,0,300,stranger,-1.0698140750099334,0.837359823574197,0.2700000000000001,2
5,36,30,0,300,stranger,0.9889519282526438,0.837359823574197,0.2760000000000001,1
5,37,30,0,300,stranger,-1.3156476244305448,0.837359823574197,0.2720000000000001,2
5,38,30,0,300,stranger,-0.1323701361583079,0.837359823574197,0.3220000000000001,1
5,39,30,0,300,stranger,0.45650940485971425,0.837359823574197,0.3060000000000001,1
5,40,30,0,300,stranger,2.195184777101703,0.837359823574197,0.25500000000000006,1
5,41,30,0,300,stranger,-0.5454931171776765,0.837359823574197,0.2850000000000001,2
5,42,30,0,300,stranger,-0.6395793279314863,0.837359823574197,0.26300000000000007,1
5,43,30,0,300,stranger,0.3036303650531896,0.837359823574197,0.2770000000000001,2
5,44,30,0,300,stranger,-0.4206238770283294,0.837359823574197,0.2690000000000001,1
5,45,30,0,300,stranger,-0.5958899801585316,0.837359823574197,0.3030000000000001,2
5,46,30,0,300,stranger,-0.648784107281938,0.837359823574197,0.24400000000000005,2
5,47,30,0,300,stranger,-0.701645196798756,0.837359823574197,0.25000000000000006,2
5,48,30,0,300,stranger,-1.2425535184129077,0.837359823574197,0.24200000000000005,1
5,49,30,0,300,stranger,1.4968393757240008,0.837359823574197,0.3240000000000001,1
5,50,30,0,300,stranger,-0.43065610590638936,0.837359823574197,0.26600000000000007,1
5,51,30,0,300,stranger,3.191158745782487,0.837359823574197,0.2900000000000001,1
5,52,30,0,300,stranger,2.5171600267667866,0.837359823574197,0.2780000000000001,1
5,53,30,0,300,stranger,0.41713488894041284,0.837359823574197,0.32700000000000007,1
5,54,30,0,300,stranger,2.3902448837902166,0.837359823574197,0.24100000000000005,1
5,55,30,0,300,stranger,-1.2692234709207915,0.837359823574197,0.26500000000000007,1
5,56,30,0,300,stranger,0.6069663973482087,0.837359823574197,0.3010000000000001,2
5,57,30,0,300,stranger,0.3554672496074235,0.837359823574197,0.21500000000000002,1
5,58,30,0,300,stranger,-0.8023247850501104,0.837359823574197,0.26300000000000007,2
5,59,30,0,300,stranger,-1.6152939358648193,0.837359823574197,0.21800000000000003,2
5,60,30,0,300,stranger,-0.46993336956624776,0.837359823574197,0.23500000000000004,2
5,61,30,0,300,stranger,-0.46500824112581784,0.837359823574197,0.3040000000000001,2
5,62,30,0,300,stranger,-2.2621062547466533,0.837359823574197,0.25900000000000006,1
5,63,30,0,300,stranger,-1.5897173568693956,0.837359823574197,0.3080000000000001,2
5,64,30,0,300,stranger,0.7594563185018407,0.837359823574197,0.3130000000000001,2
5,65,30,0,300,stranger,1.7569304333364975,0.837359823574197,0.2930000000000001,1
5,66,30,0,300,stranger,-2.039934716961882,0.837359823574197,0.23400000000000004,2
5,67,30,0,300,stranger,-1.4444908168996418,0.837359823574197,0.25600000000000006,2
5,68,30,0,300,stranger,2.3070851228250913,0.837359823574197,0.25800000000000006,1
5,69,30,0,300,stranger,0.7385827301663102,0.837359823574197,0.2770000000000001,1
5,70,30,0,300,stranger,0.48241545264591557,0.837359823574197,0.24500000000000005,2
5,71,30,0,300,stranger,1.0806654858576752,0.837359823574197,0.23600000000000004,2
5,72,30,0,300,stranger,-0.1584506193139656,0.837359823574197,0.2870000000000001,2
5,73,30,0,300,stranger,2.052613932244827,0.837359823574197,0.3190000000000001,1
5,74,30,0,300,stranger,-0.981311622765637,0.837359823574197,0.25600000000000006,2
5,75,30,0,300,stranger,0.8714446782711113,0.837359823574197,0.2980000000000001,1
5,76,30,0,300,stranger,-1.9598654193225955,0.837359823574197,0.3070000000000001,2
5,77,30,0,300,stranger,0.7673378726515899,0.837359823574197,0.26100000000000007,1
5,78,30,0,300,stranger,-2.519891871572476,0.837359823574197,0.24700000000000005,2
5,79,30,0,300,stranger,0.6515368780022235,0.837359823574197,0.3130000000000001,1
5,80,30,0,300,stranger,2.421334141767257,0.837359823574197,0.2880000000000001,2
5,81,30,0,300,stranger,-0.8772611896730517,0.837359823574197,0.2850000000000001,2
5,82,30,0,300,stranger,4.002433449794482,0.837359823574197,0.3190000000000001,1
5,83,30,0,300,stranger,0.8643784671753101,0.837359823574197,0.2780000000000001,2
5,84,30,0,300,stranger,1.8519105086888668,0.837359823574197,0.25800000000000006,1
5,85,30,0,300,stranger,-0.6919518998040287,0.837359823574197,0.26200000000000007,2
5,86,30,0,300,stranger,0.5007655744931361,0.837359823574197,0.3170000000000001,1
5,87,30,0,300,stranger,-1.2439186416047932,0.837359823574197,0.22700000000000004,2
5,88,30,0,300,stranger,1.6080197137405912,0.837359823574197,0.26000000000000006,2
5,89,30,0,300,stranger,-0.7128872988663084,0.837359823574197,0.2890000000000001,2
5,90,30,0,300,stranger,1.441703073983271,0.837359823574197,0.2870000000000001,2
5,91,30,0,300,stranger,-0.5448744967763423,0.837359823574197,0.25100000000000006,1
5,92,30,0,300,stranger,1.4244311686567843,0.837359823574197,0.2790000000000001,1
5,93,30,0,300,stranger,-0.939135400353469,0.837359823574197,0.2770000000000001,2
5,94,30,0,300,stranger,-0.23585476324477694,0.837359823574197,0.2860000000000001,1
5,95,30,0,300,stranger,0.30833108395542297,0.837359823574197,0.2850000000000001,2
5,96,30,0,300,stranger,0.9633179563573679,0.837359823574197,0.23800000000000004,2
5,97,30,0,300,stranger,-0.5524695249325795,0.837359823574197,0.25100000000000006,1
5,98,30,0,300,stranger,-0.4852690227872658,0.837359823574197,0.2740000000000001,1
5,99,30,0,300,stranger,0.7701385159091096,0.837359823574197,0.3060000000000001,1
5,100,30,0,300,stranger,0.5832550960869103,0.837359823574197,0.26000000000000006,1
5,101,30,0,300,stranger,-0.44822410518333433,0.837359823574197,0.2950000000000001,1
5,102,30,0,300,stranger,0.10533017552950674,0.837359823574197,0.2780000000000001,2
5,103,30,0,300,stranger,-0.019043675976530283,0.837359823574197,0.3070000000000001,1
5,104,30,0,300,stranger,0.9170992360175585,0.837359823574197,0.3160000000000001,1
5,105,30,0,300,stranger,-0.5010596207091764,0.837359823574197,0.2800000000000001,2
5,106,30,0,300,stranger,-0.9719709919420533,0.837359823574197,0.26800000000000007,2
5,107,30,0,300,stranger,-0.5692579793207274,0.837359823574197,0.3000000000000001,2
5,108,30,0,300,stranger,-1.3660485246927743,0.837359823574197,0.2760000000000001,2
5,109,30,0,300,stranger,-0.7818280274469479,0.837359823574197,0.24100000000000005,1
5,110,30,0,300,stranger,0.5721013951477172,0.837359823574197,0.2860000000000001,2
5,111,30,0,300,stranger,0.3894114885226446,0.837359823574197,0.2900000000000001,2
5,112,30,0,300,stranger,1.023552670359936,0.837359823574197,0.3170000000000001,1
5,113,30,0,300,stranger,1.4542863372086776,0.837359823574197,0.2740000000000001,1
5,114,30,0,300,stranger,-0.4279807351658702,0.837359823574197,0.2850000000000001,2
5,115,30,0,300,stranger,-1.2379462735715947,0.837359823574197,0.2920000000000001,2
5,116,30,0,300,stranger,0.9287800657216395,0.837359823574197,0.2980000000000001,2
5,117,30,0,300,stranger,-0.12034680803534065,0.837359823574197,0.2840000000000001,2
5,118,30,0,300,stranger,0.3219045061542428,0.837359823574197,0.26400000000000007,2
5,119,30,0,300,stranger,1.3662469342697903,0.837359823574197,0.25700000000000006,1
5,120,30,0,300,stranger,1.5108562685043418,0.837359823574197,0.2920000000000001,1
5,121,30,0,300,stranger,-1.0646987028370951,0.837359823574197,0.2730000000000001,2
5,122,30,0,300,stranger,1.873850463207543,0.837359823574197,0.2950000000000001,1
5,123,30,0,300,stranger,0.7887464739117225,0.837359823574197,0.2760000000000001,2
5,124,30,0,300,stranger,-1.3644676422746458,0.837359823574197,0.2940000000000001,2
5,125,30,0,300,stranger,1.1868362823587657,0.837359823574197,0.2930000000000001,1
5,126,30,0,300,stranger,-0.21858449670558072,0.837359823574197,0.3150000000000001,2
5,127,30,0,300,stranger,1.1167781175262248,0.837359823574197,0.3130000000000001,1
5,128,30,0,300,stranger,-0.9351061939666795,0.837359823574197,0.2780000000000001,2
5,129,30,0,300,stranger,-0.12479020212982805,0.837359823574197,0.3170000000000001,2
5,130,30,0,300,stranger,2.0678326764327792,0.837359823574197,0.25200000000000006,1
5,1,30,0,300,self,-0.24792685206073484,0.837359823574197,0.3130000000000001,1
5,2,30,0,300,self,2.388134148084423,0.837359823574197,0.2780000000000001,1
5,3,30,0,300,self,0.8216049402278975,0.837359823574197,0.26300000000000007,1
5,4,30,0,300,self,-0.6579274657538551,0.837359823574197,0.3130000000000001,2
5,5,30,0,300,self,0.2650216018548345,0.837359823574197,0.22600000000000003,1
5,6,30,0,300,self,1.8497174440080433,0.837359823574197,0.2690000000000001,2
5,7,30,0,300,self,2.9343052601018567,0.837359823574197,0.23300000000000004,1
5,8,30,0,300,self,2.0712026400448815,0.837359823574197,0.26100000000000007,1
5,9,30,0,300,self,0.7684462611240912,0.837359823574197,0.2710000000000001,2
5,10,30,0,300,self,0.8574792128457263,0.837359823574197,0.2700000000000001,1
5,11,30,0,300,self,1.26270384325086,0.837359823574197,0.3080000000000001,1
5,12,30,0,300,self,1.265532025025227,0.837359823574197,0.32800000000000007,1
5,13,30,0,300,self,1.9480639888637485,0.837359823574197,0.25400000000000006,1
5,14,30,0,300,self,1.1165873398738833,0.837359823574197,0.2810000000000001,1
5,15,30,0,300,self,2.243941971424499,0.837359823574197,0.26200000000000007,1
5,16,30,0,300,self,2.5138074049527943,0.837359823574197,0.2930000000000001,1
5,17,30,0,300,self,2.5021436473151795,0.837359823574197,0.3090000000000001,1
5,18,30,0,300,self,1.3764807901046472,0.837359823574197,0.2960000000000001,2
5,19,30,0,300,self,-0.06532090571047744,0.837359823574197,0.2900000000000001,1
5,20,30,0,300,self,0.23848182027833076,0.837359823574197,0.3170000000000001,2
5,21,30,0,300,self,0.32401240563742495,0.837359823574197,0.3060000000000001,2
5,22,30,0,300,self,1.8352333048508098,0.837359823574197,0.26600000000000007,1
5,23,30,0,300,self,0.7755371827889403,0.837359823574197,0.2820000000000001,2
5,24,30,0,300,self,1.9852227609290942,0.837359823574197,0.3160000000000001,1
5,25,30,0,300,self,0.23724168467226647,0.837359823574197,0.25000000000000006,2
5,26,30,0,300,self,1.1998636666834122,0.837359823574197,0.33000000000000007,1
5,27,30,0,300,self,0.3301501171774809,0.837359823574197,0.2800000000000001,2
5,28,30,0,300,self,2.2326283441539796,0.837359823574197,0.3220000000000001,1
5,29,30,0,300,self,1.023679799380369,0.837359823574197,0.3140000000000001,1
5,30,30,0,300,self,-0.17707353445485985,0.837359823574197,0.2950000000000001,2
5,31,30,0,300,self,-0.9028873061628592,0.837359823574197,0.24300000000000005,2
5,32,30,0,300,self,1.4052867203135389,0.837359823574197,0.2710000000000001,1
5,33,30,0,300,self,1.998156905733908,0.837359823574197,0.25800000000000006,1
5,34,30,0,300,self,1.292130265466145,0.837359823574197,0.3180000000000001,1
5,35,30,0,300,self,2.2651909621069164,0.837359823574197,0.26300000000000007,1
5,36,30,0,300,self,0.8513529344600477,0.837359823574197,0.3220000000000001,1
5,37,30,0,300,self,1.9657781037376432,0.837359823574197,0.3180000000000001,2
5,38,30,0,300,self,0.46465982845160014,0.837359823574197,0.25600000000000006,1
5,39,30,0,300,self,0.7243039973916009,0.837359823574197,0.3160000000000001,1
5,40,30,0,300,self,1.3749623272757574,0.837359823574197,0.26000000000000006,1
5,41,30,0,300,self,1.126521502620148,0.837359823574197,0.3050000000000001,1
5,42,30,0,300,self,2.12984354747687,0.837359823574197,0.23200000000000004,1
5,43,30,0,300,self,-0.9791872049474867,0.837359823574197,0.3050000000000001,2
5,44,30,0,300,self,-0.5846363436039351,0.837359823574197,0.2910000000000001,2
5,45,30,0,300,self,0.2305190078334004,0.837359823574197,0.24400000000000005,1
5,46,30,0,300,self,0.9151028162217469,0.837359823574197,0.3130000000000001,1
5,47,30,0,300,self,1.9846810187088473,0.837359823574197,0.25100000000000006,1
5,48,30,0,300,self,1.47981632958151,0.837359823574197,0.3210000000000001,1
5,49,30,0,300,self,1.7101669267177688,0.837359823574197,0.26000000000000006,1
5,50,30,0,300,self,0.5665539339115915,0.837359823574197,0.25200000000000006,2
5,51,30,0,300,self,2.1595926625313284,0.837359823574197,0.24700000000000005,2
5,52,30,0,300,self,-1.7461526629120625,0.837359823574197,0.22300000000000003,2
5,53,30,0,300,self,0.7540353915471767,0.837359823574197,0.2980000000000001,1
5,54,30,0,300,self,3.054691918438737,0.837359823574197,0.3140000000000001,1
5,55,30,0,300,self,1.2227284603644915,0.837359823574197,0.3000000000000001,1
5,56,30,0,300,self,3.050587546941616,0.837359823574197,0.2880000000000001,1
5,57,30,0,300,self,0.4598129803406903,0.837359823574197,0.26000000000000006,1
5,58,30,0,300,self,0.5121442648771273,0.837359823574197,0.2760000000000001,2
5,59,30,0,300,self,-1.2996431872475807,0.837359823574197,0.32900000000000007,2
5,60,30,0,300,self,1.8040572230047018,0.837359823574197,0.3050000000000001,1
5,61,30,0,300,self,0.8249183664197647,0.837359823574197,0.24900000000000005,1
5,62,30,0,300,self,0.6060481044677601,0.837359823574197,0.2950000000000001,1
5,63,30,0,300,self,0.24874973641236553,0.837359823574197,0.22800000000000004,2
5,64,30,0,300,self,1.1572432698233848,0.837359823574197,0.23900000000000005,1
5,65,30,0,300,self,2.7823668999423132,0.837359823574197,0.2980000000000001,1
5,66,30,0,300,self,0.37550474869547434,0.837359823574197,0.24900000000000005,2
5,67,30,0,300,self,2.0734882536928874,0.837359823574197,0.24700000000000005,1
5,68,30,0,300,self,1.9073697466783124,0.837359823574197,0.3070000000000001,1
5,69,30,0,300,self,2.076625039532011,0.837359823574197,0.3080000000000001,1
5,70,30,0,300,self,2.784246043929794,0.837359823574197,0.3140000000000001,1
5,71,30,0,300,self,3.091678166521895,0.837359823574197,0.22800000000000004,1
5,72,30,0,300,self,0.33466304253598045,0.837359823574197,0.25900000000000006,1
5,73,30,0,300,self,0.14511507085534914,0.837359823574197,0.2800000000000001,1
5,74,30,0,300,self,3.13152158716299,0.837359823574197,0.23100000000000004,1
5,75,30,0,300,self,0.7904565452267471,0.837359823574197,0.23300000000000004,2
5,76,30,0,300,self,4.00960985503483,0.837359823574197,0.3030000000000001,1
5,77,30,0,300,self,1.0686137150156163,0.837359823574197,0.3050000000000001,2
5,78,30,0,300,self,0.2526473569425415,0.837359823574197,0.24600000000000005,2
5,79,30,0,300,self,2.269980901798782,0.837359823574197,0.2850000000000001,2
5,80,30,0,300,self,2.657323156077842,0.837359823574197,0.25500000000000006,1
5,81,30,0,300,self,2.787713404981785,0.837359823574197,0.2790000000000001,1
5,82,30,0,300,self,3.341478977080019,0.837359823574197,0.2750000000000001,1
5,83,30,0,300,self,0.20724021138900262,0.837359823574197,0.24700000000000005,2
5,84,30,0,300,self,0.8814398754833577,0.837359823574197,0.25800000000000006,2
5,85,30,0,300,self,2.6004946251042695,0.837359823574197,0.25700000000000006,1
5,86,30,0,300,self,1.5990536574656886,0.837359823574197,0.2760000000000001,1
5,87,30,0,300,self,2.1690230417475957,0.837359823574197,0.23200000000000004,1
5,88,30,0,300,self,1.6189315371966129,0.837359823574197,0.2920000000000001,1
5,89,30,0,300,self,0.36160889205858726,0.837359823574197,0.25600000000000006,1
5,90,30,0,300,self,0.6447476225231004,0.837359823574197,0.3010000000000001,1
5,91,30,0,300,self,2.8451389124197055,0.837359823574197,0.2750000000000001,1
5,92,30,0,300,self,-0.5183303650348331,0.837359823574197,0.2950000000000001,1
5,93,30,0,300,self,-0.29710987601895555,0.837359823574197,0.2820000000000001,2
5,94,30,0,300,self,0.8582187421858273,0.837359823574197,0.26100000000000007,2
5,95,30,0,300,self,2.784499519898553,0.837359823574197,0.3080000000000001,1
5,96,30,0,300,self,1.4671868592955013,0.837359823574197,0.2710000000000001,1
5,97,30,0,300,self,0.7950277126067362,0.837359823574197,0.26500000000000007,2
5,98,30,0,300,self,0.9976886007629049,0.837359823574197,0.23400000000000004,2
5,99,30,0,300,self,0.052344648906729296,0.837359823574197,0.2990000000000001,2
5,100,30,0,300,self,1.9359060248499391,0.837359823574197,0.24700000000000005,1
5,101,30,0,300,self,0.3249283039773647,0.837359823574197,0.23700000000000004,2
5,102,30,0,300,self,1.555958529944517,0.837359823574197,0.3030000000000001,1
5,103,30,0,300,self,2.786274459036026,0.837359823574197,0.26000000000000006,1
5,104,30,0,300,self,2.3966654948034463,0.837359823574197,0.3000000000000001,1
5,105,30,0,300,self,0.28672297431696325,0.837359823574197,0.2980000000000001,1
5,106,30,0,300,self,0.9246108891442532,0.837359823574197,0.24200000000000005,1
5,107,30,0,300,self,-0.5028707400526901,0.837359823574197,0.3170000000000001,2
5,108,30,0,300,self,1.4698761138972987,0.837359823574197,0.25200000000000006,2
5,109,30,0,300,self,1.3555938994105268,0.837359823574197,0.3160000000000001,1
5,110,30,0,300,self,3.057095909753571,0.837359823574197,0.3210000000000001,1
5,111,30,0,300,self,1.563936890301025,0.837359823574197,0.23800000000000004,1
5,112,30,0,300,self,0.7292720560173159,0.837359823574197,0.2990000000000001,1
5,113,30,0,300,self,2.729532122408262,0.837359823574197,0.22500000000000003,1
5,114,30,0,300,self,0.956828045667742,0.837359823574197,0.25400000000000006,1
5,115,30,0,300,self,0.9802062991944654,0.837359823574197,0.3060000000000001,2
5,116,30,0,300,self,0.20010293793833678,0.837359823574197,0.2860000000000001,2
5,117,30,0,300,self,1.3729764489661485,0.837359823574197,0.2700000000000001,1
5,118,30,0,300,self,0.8391885610325027,0.837359823574197,0.24300000000000005,1
5,119,30,0,300,self,0.18040611111562255,0.837359823574197,0.26100000000000007,2
5,120,30,0,300,self,1.2093899705893596,0.837359823574197,0.25900000000000006,1
5,121,30,0,300,self,2.407570131639937,0.837359823574197,0.24100000000000005,1
5,122,30,0,300,self,2.346390311174782,0.837359823574197,0.2690000000000001,1
5,123,30,0,300,self,1.5538770119129386,0.837359823574197,0.26600000000000007,2
5,124,30,0,300,self,3.1591709207339957,0.837359823574197,0.23000000000000004,1
5,125,30,0,300,self,1.4352891198357183,0.837359823574197,0.2890000000000001,2
5,126,30,0,300,self,2.0432942030447103,0.837359823574197,0.3020000000000001,1
5,127,30,0,300,self,2.338408954049351,0.837359823574197,0.26100000000000007,1
5,128,30,0,300,self,0.38286751454507284,0.837359823574197,0.25000000000000006,2
5,129,30,0,300,self,1.9329868975409141,0.837359823574197,0.26300000000000007,2
5,130,30,0,300,self,2.59686735301648,0.837359823574197,0.2740000000000001,1
6,1,30,0,300,stranger,0.4159457094615433,0.389579650676416,0.22000000000000003,2
6,2,30,0,300,stranger,0.7478292678491761,0.389579650676416,0.26200000000000007,2
6,3,30,0,300,stranger,2.2365607071453746,0.389579650676416,0.23100000000000004,2
6,4,30,0,300,stranger,-0.7959960263498821,0.389579650676416,0.23700000000000004,1
6,5,30,0,300,stranger,-0.7901792274469733,0.389579650676416,0.23200000000000004,2
6,6,30,0,300,stranger,0.6858298891300656,0.389579650676416,0.23500000000000004,1
6,7,30,0,300,stranger,2.484170386139018,0.389579650676416,0.21000000000000002,1
6,8,30,0,300,stranger,1.4219227323878645,0.389579650676416,0.22400000000000003,1
6,9,30,0,300,stranger,-0.6869927666394997,0.389579650676416,0.22200000000000003,1
6,10,30,0,300,stranger,0.3266108488611321,0.389579650676416,0.22700000000000004,1
6,11,30,0,300,stranger,-0.1272477027422596,0.389579650676416,0.21900000000000003,2
6,12,30,0,300,stranger,0.880603541064927,0.389579650676416,0.21500000000000002,1
6,13,30,0,300,stranger,-0.2502647135329435,0.389579650676416,0.26400000000000007,2
6,14,30,0,300,stranger,-1.0470840724033579,0.389579650676416,0.24100000000000005,2
6,15,30,0,300,stranger,0.38365424757371436,0.389579650676416,0.3040000000000001,1
6,16,30,0,300,stranger,-0.12794347305717296,0.389579650676416,0.3110000000000001,2
6,17,30,0,300,stranger,-0.20073888986908295,0.389579650676416,0.25100000000000006,2
6,18,30,0,300,stranger,0.8769120579377291,0.389579650676416,0.2970000000000001,1
6,19,30,0,300,stranger,0.891577091749927,0.389579650676416,0.22200000000000003,2
6,20,30,0,300,stranger,-1.5217726449998432,0.389579650676416,0.22300000000000003,2
6,21,30,0,300,stranger,0.3581478728609995,0.389579650676416,0.21700000000000003,1
6,22,30,0,300,stranger,0.04627839521528651,0.389579650676416,0.23700000000000004,1
6,23,30,0,300,stranger,0.5664644319796598,0.389579650676416,0.24200000000000005,1
6,24,30,0,300,stranger,-0.15827071684953126,0.389579650676416,0.2920000000000001,2
6,25,30,0,300,stranger,-1.0597059852320152,0.389579650676416,0.22400000000000003,1
6,26,30,0,300,stranger,1.6504547151838427,0.389579650676416,0.26100000000000007,1
6,27,30,0,300,stranger,0.9117700174042277,0.389579650676416,0.25000000000000006,1
6,28,30,0,300,stranger,1.114429411511909,0.389579650676416,0.22800000000000004,2
6,29,30,0,300,stranger,0.8267285400289387,0.389579650676416,0.21300000000000002,2
6,30,30,0,300,stranger,0.2962029099650582,0.389579650676416,0.26300000000000007,2
6,31,30,0,300,stranger,0.04149251971517534,0.389579650676416,0.26300000000000007,1
6,32,30,0,300,stranger,0.10075981360766839,0.389579650676416,0.22300000000000003,2
6,33,30,0,300,stranger,1.1033801084131998,0.389579650676416,0.3000000000000001,2
6,34,30,0,300,stranger,-0.25452866941201724,0.389579650676416,0.24500000000000005,1
6,35,30,0,300,stranger,0.7286566448785554,0.389579650676416,0.22700000000000004,2
6,36,30,0,300,stranger,1.3290205497354313,0.389579650676416,0.21700000000000003,2
6,37,30,0,300,stranger,-0.3972997204462767,0.389579650676416,0.22100000000000003,2
6,38,30,0,300,stranger,0.03040365043297491,0.389579650676416,0.24600000000000005,2
6,39,30,0,300,stranger,0.985079832195772,0.389579650676416,0.26100000000000007,1
6,40,30,0,300,stranger,0.5145364304894229,0.389579650676416,0.23400000000000004,2
6,41,30,0,300,stranger,0.05004996799599706,0.389579650676416,0.20600000000000002,1
6,42,30,0,300,stranger,0.23739110368695696,0.389579650676416,0.23900000000000005,2
6,43,30,0,300,stranger,0.4204046769367875,0.389579650676416,0.23800000000000004,2
6,44,30,0,300,stranger,-0.598216452150573,0.389579650676416,0.2820000000000001,1
6,45,30,0,300,stranger,0.07983904765881306,0.389579650676416,0.32900000000000007,2
6,46,30,0,300,stranger,-0.7551633623667701,0.389579650676416,0.23800000000000004,2
6,47,30,0,300,stranger,0.7331386744366463,0.389579650676416,0.24400000000000005,1
6,48,30,0,300,stranger,0.10796495811974233,0.389579650676416,0.2690000000000001,1
6,49,30,0,300,stranger,0.15204930007979328,0.389579650676416,0.22900000000000004,1
6,50,30,0,300,stranger,-0.9716244219970162,0.389579650676416,0.24800000000000005,2
6,51,30,0,300,stranger,0.07206941935036235,0.389579650676416,0.2770000000000001,1
6,52,30,0,300,stranger,-0.5382202905595602,0.389579650676416,0.21400000000000002,1
6,53,30,0,300,stranger,-0.1365016697728999,0.389579650676416,0.26800000000000007,2
6,54,30,0,300,stranger,1.2123748058451542,0.389579650676416,0.23600000000000004,2
6,55,30,0,300,stranger,0.38181235921526835,0.389579650676416,0.2820000000000001,1
6,56,30,0,300,stranger,0.26327789688736103,0.389579650676416,0.22900000000000004,2
6,57,30,0,300,stranger,-2.323452662118585,0.389579650676416,0.21600000000000003,2
6,58,30,0,300,stranger,-0.3659065976029672,0.389579650676416,0.24100000000000005,1
6,59,30,0,300,stranger,0.6374795863337814,0.389579650676416,0.2900000000000001,1
6,60,30,0,300,stranger,2.0790566211759556,0.389579650676416,0.2920000000000001,1
6,61,30,0,300,stranger,-0.39988127565675735,0.389579650676416,0.22900000000000004,1
6,62,30,0,300,stranger,-0.29673830891942177,0.389579650676416,0.21100000000000002,1
6,63,30,0,300,stranger,0.8461992628643734,0.389579650676416,0.21900000000000003,1
6,64,30,0,300,stranger,0.5272114729316375,0.389579650676416,0.24500000000000005,1
6,65,30,0,300,stranger,1.1198168476083707,0.389579650676416,0.20700000000000002,1
6,66,30,0,300,stranger,-0.3697585811124542,0.389579650676416,0.24400000000000005,2
6,67,30,0,300,stranger,0.4269247562482904,0.389579650676416,0.21300000000000002,1
6,68,30,0,300,stranger,-0.7216524426992816,0.389579650676416,0.23600000000000004,2
6,69,30,0,300,stranger,0.17153201956784409,0.389579650676416,0.22300000000000003,2
6,70,30,0,300,stranger,-1.7223540577718102,0.389579650676416,0.26400000000000007,2
6,71,30,0,300,stranger,-0.49162656743599886,0.389579650676416,0.2930000000000001,2
6,72,30,0,300,stranger,0.2677432166912476,0.389579650676416,0.21200000000000002,2
6,73,30,0,300,stranger,-1.6440763089497326,0.389579650676416,0.3210000000000001,2
6,74,30,0,300,stranger,0.318617071165373,0.389579650676416,0.21900000000000003,1
6,75,30,0,300,stranger,-0.2622527405871329,0.389579650676416,0.24900000000000005,1
6,76,30,0,300,stranger,-1.1966078957210993,0.389579650676416,0.23100000000000004,2
6,77,30,0,300,stranger,-1.0823720190398345,0.389579650676416,0.20600000000000002,2
6,78,30,0,300,stranger,0.5936463558271208,0.389579650676416,0.26700000000000007,1
6,79,30,0,300,stranger,-0.5106703335153309,0.389579650676416,0.2740000000000001,2
6,80,30,0,300,stranger,-0.889423287763699,0.389579650676416,0.20700000000000002,2
6,81,30,0,300,stranger,-0.8286048133114251,0.389579650676416,0.21600000000000003,2
6,82,30,0,300,stranger,0.4657773254730602,0.389579650676416,0.21700000000000003,1
6,83,30,0,300,stranger,0.5685909636868467,0.389579650676416,0.24600000000000005,1
6,84,30,0,300,stranger,0.05034635892205608,0.389579650676416,0.26500000000000007,2
6,85,30,0,300,stranger,-0.7605989467351085,0.389579650676416,0.2700000000000001,1
6,86,30,0,300,stranger,-1.6433129599922776,0.389579650676416,0.26700000000000007,2
6,87,30,0,300,stranger,-1.869342171201374,0.389579650676416,0.24300000000000005,1
6,88,30,0,300,stranger,0.3228869667191189,0.389579650676416,0.21900000000000003,1
6,89,30,0,300,stranger,0.8284561784721652,0.389579650676416,0.21500000000000002,2
6,90,30,0,300,stranger,-0.07088163235981021,0.389579650676416,0.21600000000000003,2
6,91,30,0,300,stranger,-1.2491388572378819,0.389579650676416,0.22500000000000003,2
6,92,30,0,300,stranger,1.2987250981492537,0.389579650676416,0.23600000000000004,1
6,93,30,0,300,stranger,-0.31136610306404233,0.389579650676416,0.21600000000000003,2
6,94,30,0,300,stranger,-0.4240004020050644,0.389579650676416,0.3080000000000001,2
6,95,30,0,300,stranger,-1.4944743562357816,0.389579650676416,0.22500000000000003,2
6,96,30,0,300,stranger,-0.6175449884829535,0.389579650676416,0.21200000000000002,2
6,97,30,0,300,stranger,1.5809502429251125,0.389579650676416,0.23700000000000004,1
6,98,30,0,300,stranger,0.440660783972208,0.389579650676416,0.21700000000000003,2
6,99,30,0,300,stranger,0.47678617055729605,0.389579650676416,0.24600000000000005,1
6,100,30,0,300,stranger,1.231307763589988,0.389579650676416,0.2810000000000001,1
6,101,30,0,300,stranger,0.36606682702226134,0.389579650676416,0.24200000000000005,2
6,102,30,0,300,stranger,-0.9621056358023722,0.389579650676416,0.26100000000000007,2
6,103,30,0,300,stranger,0.9881505133818149,0.389579650676416,0.3010000000000001,2
6,104,30,0,300,stranger,0.005885224477274603,0.389579650676416,0.2740000000000001,2
6,105,30,0,300,stranger,1.3173361125745617,0.389579650676416,0.23800000000000004,2
6,106,30,0,300,stranger,-0.5570392689023599,0.389579650676416,0.23300000000000004,1
6,107,30,0,300,stranger,-0.26193737239468795,0.389579650676416,0.21400000000000002,2
6,108,30,0,300,stranger,0.04642756230176462,0.389579650676416,0.23500000000000004,2
6,109,30,0,300,stranger,-0.21955520284794117,0.389579650676416,0.23400000000000004,2
6,110,30,0,300,stranger,0.5520531680499562,0.389579650676416,0.25000000000000006,1
6,111,30,0,300,stranger,1.042439211326013,0.389579650676416,0.23500000000000004,1
6,112,30,0,300,stranger,1.0061830623090415,0.389579650676416,0.22000000000000003,1
6,113,30,0,300,stranger,0.5086757339037105,0.389579650676416,0.22800000000000004,2
6,114,30,0,300,stranger,1.0171068244244994,0.389579650676416,0.2770000000000001,1
6,115,30,0,300,stranger,0.6137168009890156,0.389579650676416,0.23700000000000004,2
6,116,30,0,300,stranger,0.7824167511176862,0.389579650676416,0.22800000000000004,2
6,117,30,0,300,stranger,2.1411086346192554,0.389579650676416,0.22600000000000003,1
6,118,30,0,300,stranger,0.8707689510089841,0.389579650676416,0.25100000000000006,2
6,119,30,0,300,stranger,0.1994900950043013,0.389579650676416,0.22100000000000003,2
6,120,30,0,300,stranger,-0.29310097197712603,0.389579650676416,0.22700000000000004,2
6,121,30,0,300,stranger,-1.0709049860666866,0.389579650676416,0.22100000000000003,1
6,122,30,0,300,stranger,-0.6564118075529662,0.389579650676416,0.22100000000000003,2
6,123,30,0,300,stranger,-0.2874489976546458,0.389579650676416,0.21400000000000002,2
6,124,30,0,300,stranger,0.36034115724844945,0.389579650676416,0.24000000000000005,1
6,125,30,0,300,stranger,-0.5730551717905165,0.389579650676416,0.21200000000000002,1
6,126,30,0,300,stranger,-0.007883197797438596,0.389579650676416,0.24300000000000005,1
6,127,30,0,300,stranger,0.5852625116333053,0.389579650676416,0.2880000000000001,1
6,128,30,0,300,stranger,0.22868380892902723,0.389579650676416,0.22900000000000004,1
6,129,30,0,300,stranger,-0.9190383858745098,0.389579650676416,0.25600000000000006,1
6,130,30,0,300,stranger,0.5905940484818779,0.389579650676416,0.21600000000000003,1
6,1,30,0,300,self,0.9251386885770249,0.389579650676416,0.20900000000000002,1
6,2,30,0,300,self,1.962913498758168,0.389579650676416,0.3140000000000001,2
6,3,30,0,300,self,1.314231429071401,0.389579650676416,0.24300000000000005,2
6,4,30,0,300,self,2.91382573556152,0.389579650676416,0.22900000000000004,1
6,5,30,0,300,self,-0.4048145152082122,0.389579650676416,0.21900000000000003,2
6,6,30,0,300,self,0.9402273220197691,0.389579650676416,0.2930000000000001,1
6,7,30,0,300,self,1.59104975256925,0.389579650676416,0.21500000000000002,2
6,8,30,0,300,self,1.6746012801900347,0.389579650676416,0.22400000000000003,1
6,9,30,0,300,self,0.2519183527945703,0.389579650676416,0.24200000000000005,1
6,10,30,0,300,self,1.2381811562140164,0.389579650676416,0.21900000000000003,2
6,11,30,0,300,self,0.7079023751491075,0.389579650676416,0.24900000000000005,2
6,12,30,0,300,self,0.12510987944994245,0.389579650676416,0.22200000000000003,2
6,13,30,0,300,self,0.725372208176027,0.389579650676416,0.24300000000000005,2
6,14,30,0,300,self,0.6224865184088382,0.389579650676416,0.23400000000000004,1
6,15,30,0,300,self,3.469376694780673,0.389579650676416,0.23400000000000004,1
6,16,30,0,300,self,-0.3686381582346475,0.389579650676416,0.23000000000000004,1
6,17,30,0,300,self,0.5038210964344947,0.389579650676416,0.3190000000000001,1
6,18,30,0,300,self,1.8134818918827826,0.389579650676416,0.2920000000000001,2
6,19,30,0,300,self,-0.30732465898016936,0.389579650676416,0.25900000000000006,2
6,20,30,0,300,self,1.1146460478409248,0.389579650676416,0.23200000000000004,1
6,21,30,0,300,self,-0.004693488591672179,0.389579650676416,0.3130000000000001,2
6,22,30,0,300,self,-0.5106033749391828,0.389579650676416,0.2770000000000001,1
6,23,30,0,300,self,-0.06359942796897988,0.389579650676416,0.24600000000000005,1
6,24,30,0,300,self,-0.49354133240445297,0.389579650676416,0.23100000000000004,1
6,25,30,0,300,self,0.023841576150569255,0.389579650676416,0.24200000000000005,2
6,26,30,0,300,self,0.17857675406151163,0.389579650676416,0.25400000000000006,2
6,27,30,0,300,self,-0.25362750860772587,0.389579650676416,0.23700000000000004,1
6,28,30,0,300,self,1.2403766862069292,0.389579650676416,0.3130000000000001,1
6,29,30,0,300,self,0.6370681825553253,0.389579650676416,0.23800000000000004,1
6,30,30,0,300,self,2.1202244552941525,0.389579650676416,0.2710000000000001,1
6,31,30,0,300,self,1.0567448338218348,0.389579650676416,0.2780000000000001,2
6,32,30,0,300,self,0.621296352779426,0.389579650676416,0.20500000000000002,1
6,33,30,0,300,self,-0.061973130903718254,0.389579650676416,0.24400000000000005,1
6,34,30,0,300,self,1.478675859830831,0.389579650676416,0.32900000000000007,1
6,35,30,0,300,self,0.7947248406662221,0.389579650676416,0.25300000000000006,1
6,36,30,0,300,self,-0.45910312732616154,0.389579650676416,0.20900000000000002,1
6,37,30,0,300,self,0.3950379804533478,0.389579650676416,0.24900000000000005,2
6,38,30,0,300,self,1.2092517765940314,0.389579650676416,0.2870000000000001,2
6,39,30,0,300,self,1.111254027598047,0.389579650676416,0.20800000000000002,1
6,40,30,0,300,self,1.0745108942359716,0.389579650676416,0.21200000000000002,2
6,41,30,0,300,self,0.8683782272600824,0.389579650676416,0.20700000000000002,2
6,42,30,0,300,self,1.341273920690013,0.389579650676416,0.23700000000000004,1
6,43,30,0,300,self,1.925510332185116,0.389579650676416,0.3090000000000001,2
6,44,30,0,300,self,1.889740636858252,0.389579650676416,0.23200000000000004,2
6,45,30,0,300,self,3.279214037968076,0.389579650676416,0.20800000000000002,1
6,46,30,0,300,self,0.49239629791603334,0.389579650676416,0.26600000000000007,1
6,47,30,0,300,self,1.1723010107238736,0.389579650676416,0.20900000000000002,1
6,48,30,0,300,self,1.638592582382691,0.389579650676416,0.2970000000000001,2
6,49,30,0,300,self,0.8273357893492792,0.389579650676416,0.2710000000000001,2
6,50,30,0,300,self,2.2359642454444426,0.389579650676416,0.21800000000000003,1
6,51,30,0,300,self,0.900000682912741,0.389579650676416,0.22200000000000003,2
6,52,30,0,300,self,0.33109722151205,0.389579650676416,0.24900000000000005,1
6,53,30,0,300,self,2.3771001360289703,0.389579650676416,0.20500000000000002,2
6,54,30,0,300,self,1.396611243141806,0.389579650676416,0.26000000000000006,2
6,55,30,0,300,self,-1.2685850444098192,0.389579650676416,0.24400000000000005,2
6,56,30,0,300,self,1.3189806151258883,0.389579650676416,0.22200000000000003,1
6,57,30,0,300,self,0.914452717452838,0.389579650676416,0.26500000000000007,2
6,58,30,0,300,self,2.566399359318521,0.389579650676416,0.21500000000000002,1
6,59,30,0,300,self,1.763334541200635,0.389579650676416,0.23800000000000004,1
6,60,30,0,300,self,0.8768660346628967,0.389579650676416,0.22900000000000004,2
6,61,30,0,300,self,-0.6355212810291396,0.389579650676416,0.2830000000000001,2
6,62,30,0,300,self,1.3446849175741051,0.389579650676416,0.22800000000000004,1
6,63,30,0,300,self,2.342773311807958,0.389579650676416,0.21900000000000003,2
6,64,30,0,300,self,1.5766252586044378,0.389579650676416,0.22500000000000003,2
6,65,30,0,300,self,1.473528206234112,0.389579650676416,0.23200000000000004,2
6,66,30,0,300,self,0.4271493203273411,0.389579650676416,0.20900000000000002,2
6,67,30,0,300,self,1.5812197860039436,0.389579650676416,0.2710000000000001,1
6,68,30,0,300,self,2.43712901467348,0.389579650676416,0.23000000000000004,1
6,69,30,0,300,self,0.9020757120075702,0.389579650676416,0.21500000000000002,1
6,70,30,0,300,self,0.21388965118135228,0.389579650676416,0.21600000000000003,1
6,71,30,0,300,self,1.0692370535014146,0.389579650676416,0.26500000000000007,2
6,72,30,0,300,self,2.512157276788201,0.389579650676416,0.22400000000000003,1
6,73,30,0,300,self,-0.9957773147100958,0.389579650676416,0.22500000000000003,1
6,74,30,0,300,self,0.0958575163917198,0.389579650676416,0.21000000000000002,1
6,75,30,0,300,self,0.5770080468871035,0.389579650676416,0.23800000000000004,1
6,76,30,0,300,self,1.182119011369129,0.389579650676416,0.25200000000000006,2
6,77,30,0,300,self,1.4845087366098701,0.389579650676416,0.22300000000000003,2
6,78,30,0,300,self,1.1049148433069456,0.389579650676416,0.26000000000000006,1
6,79,30,0,300,self,0.1562858255272942,0.389579650676416,0.22500000000000003,1
6,80,30,0,300,self,0.8361478304942089,0.389579650676416,0.26600000000000007,1
6,81,30,0,300,self,1.157716276209128,0.389579650676416,0.22500000000000003,1
6,82,30,0,300,self,1.2026728996542482,0.389579650676416,0.22600000000000003,2
6,83,30,0,300,self,1.0362665885299935,0.389579650676416,0.22200000000000003,1
6,84,30,0,300,self,0.5878051195520582,0.389579650676416,0.23700000000000004,1
6,85,30,0,300,self,1.7259123347193954,0.389579650676416,0.20600000000000002,1
6,86,30,0,300,self,0.7534279019209248,0.389579650676416,0.21500000000000002,2
6,87,30,0,300,self,1.0036195901072664,0.389579650676416,0.24600000000000005,2
6,88,30,0,300,self,0.8928462717147531,0.389579650676416,0.26700000000000007,2
6,89,30,0,300,self,1.4026344488276812,0.389579650676416,0.25700000000000006,2
6,90,30,0,300,self,2.1753569360581584,0.389579650676416,0.23400000000000004,1
6,91,30,0,300,self,-1.6351794345838493,0.389579650676416,0.22900000000000004,2
6,92,30,0,300,self,0.06166285867372989,0.389579650676416,0.2760000000000001,1
6,93,30,0,300,self,1.285739899726277,0.389579650676416,0.21500000000000002,1
6,94,30,0,300,self,1.2626802945021187,0.389579650676416,0.26400000000000007,1
6,95,30,0,300,self,0.9713024206457207,0.389579650676416,0.21000000000000002,1
6,96,30,0,300,self,0.6418633020704559,0.389579650676416,0.3050000000000001,1
6,97,30,0,300,self,-0.03718273735561117,0.389579650676416,0.2850000000000001,2
6,98,30,0,300,self,-0.17774737115812866,0.389579650676416,0.2770000000000001,1
6,99,30,0,300,self,1.8681406344480327,0.389579650676416,0.21500000000000002,2
6,100,30,0,300,self,1.0580964253845402,0.389579650676416,0.21400000000000002,1
6,101,30,0,300,self,-0.6413700546088456,0.389579650676416,0.23000000000000004,2
6,102,30,0,300,self,2.2241409056866464,0.389579650676416,0.21900000000000003,1
6,103,30,0,300,self,1.4434790628870422,0.389579650676416,0.2830000000000001,2
6,104,30,0,300,self,1.3591365685285646,0.389579650676416,0.22800000000000004,2
6,105,30,0,300,self,-0.25008885707776873,0.389579650676416,0.2830000000000001,2
6,106,30,0,300,self,1.7947159802783859,0.389579650676416,0.3060000000000001,1
6,107,30,0,300,self,0.2988740682124025,0.389579650676416,0.22900000000000004,2
6,108,30,0,300,self,1.4971959113916529,0.389579650676416,0.2730000000000001,1
6,109,30,0,300,self,0.26515515645771204,0.389579650676416,0.22400000000000003,2
6,110,30,0,300,self,-1.7201930160596741,0.389579650676416,0.22000000000000003,1
6,111,30,0,300,self,1.0297074963179604,0.389579650676416,0.22900000000000004,1
6,112,30,0,300,self,1.5231361824859455,0.389579650676416,0.24100000000000005,1
6,113,30,0,300,self,0.9308138941856792,0.389579650676416,0.25700000000000006,2
6,114,30,0,300,self,1.0527297536465534,0.389579650676416,0.20700000000000002,1
6,115,30,0,300,self,-0.44518822713751705,0.389579650676416,0.21200000000000002,1
6,116,30,0,300,self,2.7690451694856497,0.389579650676416,0.25400000000000006,1
6,117,30,0,300,self,0.1062254578097177,0.389579650676416,0.23100000000000004,2
6,118,30,0,300,self,2.2567765390215193,0.389579650676416,0.2870000000000001,2
6,119,30,0,300,self,2.4009738659611224,0.389579650676416,0.23800000000000004,1
6,120,30,0,300,self,1.112935593691867,0.389579650676416,0.3070000000000001,2
6,121,30,0,300,self,2.3130392408629836,0.389579650676416,0.24100000000000005,1
6,122,30,0,300,self,1.378829675002791,0.389579650676416,0.2950000000000001,2
6,123,30,0,300,self,0.32049746394475864,0.389579650676416,0.22300000000000003,1
6,124,30,0,300,self,1.0294028728878668,0.389579650676416,0.26400000000000007,2
6,125,30,0,300,self,2.9252839135458206,0.389579650676416,0.22100000000000003,1
6,126,30,0,300,self,0.8479791282971195,0.389579650676416,0.21700000000000003,1
6,127,30,0,300,self,2.458133065236706,0.389579650676416,0.32900000000000007,1
6,128,30,0,300,self,0.2232030940743842,0.389579650676416,0.23100000000000004,1
6,129,30,0,300,self,1.1214266336501788,0.389579650676416,0.23400000000000004,1
6,130,30,0,300,self,2.1071160036662158,0.389579650676416,0.21000000000000002,2
7,1,30,0,300,stranger,0.5139113190828641,0.20772585546102668,0.20800000000000002,2
7,2,30,0,300,stranger,0.07628082142282555,0.20772585546102668,0.22100000000000003,2
7,3,30,0,300,stranger,-1.2937510443257407,0.20772585546102668,0.22800000000000004,1
7,4,30,0,300,stranger,-0.4096674612612723,0.20772585546102668,0.20900000000000002,2
7,5,30,0,300,stranger,-0.6383745231173148,0.20772585546102668,0.21400000000000002,2
7,6,30,0,300,stranger,1.0480335869449124,0.20772585546102668,0.20800000000000002,2
7,7,30,0,300,stranger,1.3027778241600934,0.20772585546102668,0.203,1
7,8,30,0,300,stranger,0.5835072105161241,0.20772585546102668,0.20600000000000002,2
7,9,30,0,300,stranger,1.2001491254779402,0.20772585546102668,0.20600000000000002,1
7,10,30,0,300,stranger,-0.2964751492789923,0.20772585546102668,0.21300000000000002,2
7,11,30,0,300,stranger,-0.8516653726040025,0.20772585546102668,0.22000000000000003,1
7,12,30,0,300,stranger,-0.32329234918232963,0.20772585546102668,0.20600000000000002,1
7,13,30,0,300,stranger,0.7933544992712258,0.20772585546102668,0.22000000000000003,2
7,14,30,0,300,stranger,-0.42477859575201105,0.20772585546102668,0.21100000000000002,2
7,15,30,0,300,stranger,-0.3944953686386956,0.20772585546102668,0.20900000000000002,1
7,16,30,0,300,stranger,-0.290873161340391,0.20772585546102668,0.20400000000000001,1
7,17,30,0,300,stranger,-0.2834239108689125,0.20772585546102668,0.2730000000000001,1
7,18,30,0,300,stranger,-1.1499162798161016,0.20772585546102668,0.21200000000000002,2
7,19,30,0,300,stranger,-0.06314655597010932,0.20772585546102668,0.20900000000000002,1
7,20,30,0,300,stranger,0.724168783303648,0.20772585546102668,0.21500000000000002,1
7,21,30,0,300,stranger,0.38684019265540415,0.20772585546102668,0.22700000000000004,2
7,22,30,0,300,stranger,1.617864074521254,0.20772585546102668,0.20700000000000002,1
7,23,30,0,300,stranger,0.5619886279299198,0.20772585546102668,0.20600000000000002,2
7,24,30,0,300,stranger,1.5231147086391106,0.20772585546102668,0.20600000000000002,2
7,25,30,0,300,stranger,-0.3726240715044694,0.20772585546102668,0.21300000000000002,2
7,26,30,0,300,stranger,-1.1007411206078253,0.20772585546102668,0.21500000000000002,1
7,27,30,0,300,stranger,0.5693183701400568,0.20772585546102668,0.22100000000000003,1
7,28,30,0,300,stranger,1.9117980423152452,0.20772585546102668,0.203,1
7,29,30,0,300,stranger,0.9481137578952384,0.20772585546102668,0.21200000000000002,2
7,30,30,0,300,stranger,-0.4296574401488583,0.20772585546102668,0.20400000000000001,2
7,31,30,0,300,stranger,-1.0734656255897206,0.20772585546102668,0.26600000000000007,1
7,32,30,0,300,stranger,1.5117523093539709,0.20772585546102668,0.22300000000000003,2
7,33,30,0,300,stranger,1.518067448451645,0.20772585546102668,0.20600000000000002,2
7,34,30,0,300,stranger,2.0867210138666072,0.20772585546102668,0.24400000000000005,1
7,35,30,0,300,stranger,-1.0563680167474683,0.20772585546102668,0.22600000000000003,1
7,36,30,0,300,stranger,2.0880437146740722,0.20772585546102668,0.21500000000000002,1
7,37,30,0,300,stranger,1.7518498881379299,0.20772585546102668,0.20500000000000002,1
7,38,30,0,300,stranger,0.7977584354503127,0.20772585546102668,0.20400000000000001,1
7,39,30,0,300,stranger,0.7738662987388784,0.20772585546102668,0.21600000000000003,1
7,40,30,0,300,stranger,1.2825237170942936,0.20772585546102668,0.21800000000000003,1
7,41,30,0,300,stranger,2.1646700393370057,0.20772585546102668,0.21100000000000002,1
7,42,30,0,300,stranger,-0.45340350269823404,0.20772585546102668,0.20500000000000002,2
7,43,30,0,300,stranger,1.358057522722599,0.20772585546102668,0.21900000000000003,1
7,44,30,0,300,stranger,-0.7265551274963395,0.20772585546102668,0.20400000000000001,1
7,45,30,0,300,stranger,0.6895338706955445,0.20772585546102668,0.24300000000000005,1
7,46,30,0,300,stranger,1.960621282551907,0.20772585546102668,0.20400000000000001,1
7,47,30,0,300,stranger,0.009667968396974785,0.20772585546102668,0.20500000000000002,2
7,48,30,0,300,stranger,0.8292880482889256,0.20772585546102668,0.21900000000000003,1
7,49,30,0,300,stranger,1.6326470588632533,0.20772585546102668,0.20600000000000002,2
7,50,30,0,300,stranger,1.515083052990935,0.20772585546102668,0.21900000000000003,2
7,51,30,0,300,stranger,0.06722026834005482,0.20772585546102668,0.20600000000000002,2
7,52,30,0,300,stranger,0.5530519327722777,0.20772585546102668,0.22700000000000004,2
7,53,30,0,300,stranger,-0.8698521116909178,0.20772585546102668,0.203,2
7,54,30,0,300,stranger,-1.1040261748554112,0.20772585546102668,0.21500000000000002,2
7,55,30,0,300,stranger,1.928220569698556,0.20772585546102668,0.20800000000000002,1
7,56,30,0,300,stranger,0.505681571944358,0.20772585546102668,0.20500000000000002,1
7,57,30,0,300,stranger,1.8998784406231612,0.20772585546102668,0.21800000000000003,1
7,58,30,0,300,stranger,1.9439915710291111,0.20772585546102668,0.23300000000000004,1
7,59,30,0,300,stranger,-1.615821473199765,0.20772585546102668,0.21400000000000002,2
7,60,30,0,300,stranger,0.723332784232241,0.20772585546102668,0.21600000000000003,2
7,61,30,0,300,stranger,3.0212188814462637,0.20772585546102668,0.20800000000000002,2
7,62,30,0,300,stranger,0.14451889631280423,0.20772585546102668,0.22500000000000003,2
7,63,30,0,300,stranger,0.4389778863790569,0.20772585546102668,0.20500000000000002,2
7,64,30,0,300,stranger,0.9099381667271677,0.20772585546102668,0.21700000000000003,1
7,65,30,0,300,stranger,-0.1657657980055759,0.20772585546102668,0.21300000000000002,1
7,66,30,0,300,stranger,-1.2144601826053156,0.20772585546102668,0.21800000000000003,1
7,67,30,0,300,stranger,-0.046507596339910307,0.20772585546102668,0.20800000000000002,2
7,68,30,0,300,stranger,0.7376462628225722,0.20772585546102668,0.20500000000000002,1
7,69,30,0,300,stranger,-2.4300278975993783,0.20772585546102668,0.21000000000000002,2
7,70,30,0,300,stranger,-0.37992018921906867,0.20772585546102668,0.23600000000000004,1
7,71,30,0,300,stranger,-0.564768538245401,0.20772585546102668,0.21200000000000002,1
7,72,30,0,300,stranger,0.547318400395246,0.20772585546102668,0.24400000000000005,1
7,73,30,0,300,stranger,-0.16200243718254714,0.20772585546102668,0.21600000000000003,1
7,74,30,0,300,stranger,-1.0829237554644204,0.20772585546102668,0.21500000000000002,2
7,75,30,0,300,stranger,0.8973190112198461,0.20772585546102668,0.21300000000000002,1
7,76,30,0,300,stranger,0.706298583966003,0.20772585546102668,0.21300000000000002,1
7,77,30,0,300,stranger,-0.4533973438686636,0.20772585546102668,0.21300000000000002,2
7,78,30,0,300,stranger,0.7998893545532471,0.20772585546102668,0.20900000000000002,1
7,79,30,0,300,stranger,-1.330758278694899,0.20772585546102668,0.20500000000000002,2
7,80,30,0,300,stranger,0.3897513212216628,0.20772585546102668,0.22500000000000003,2
7,81,30,0,300,stranger,-0.9274312789051297,0.20772585546102668,0.20900000000000002,2
7,82,30,0,300,stranger,1.1876380505663033,0.20772585546102668,0.22600000000000003,1
7,83,30,0,300,stranger,0.4871735111195351,0.20772585546102668,0.21500000000000002,2
7,84,30,0,300,stranger,0.5212811601279628,0.20772585546102668,0.24200000000000005,1
7,85,30,0,300,stranger,-0.6389416870506949,0.20772585546102668,0.21800000000000003,2
7,86,30,0,300,stranger,2.3875011575194014,0.20772585546102668,0.22600000000000003,2
7,87,30,0,300,stranger,1.8828529008335493,0.20772585546102668,0.21200000000000002,1
7,88,30,0,300,stranger,2.19174844846335,0.20772585546102668,0.20700000000000002,1
7,89,30,0,300,stranger,0.6747577408269406,0.20772585546102668,0.20700000000000002,1
7,90,30,0,300,stranger,-0.8827036008322221,0.20772585546102668,0.203,2
7,91,30,0,300,stranger,0.16555735460686755,0.20772585546102668,0.22800000000000004,1
7,92,30,0,300,stranger,0.7982060162458047,0.20772585546102668,0.26600000000000007,1
7,93,30,0,300,stranger,-0.24353166827321715,0.20772585546102668,0.23000000000000004,1
7,94,30,0,300,stranger,-0.21345961423947968,0.20772585546102668,0.21600000000000003,2
7,95,30,0,300,stranger,1.9037889464038158,0.20772585546102668,0.20500000000000002,2
7,96,30,0,300,stranger,-0.1837689696270547,0.20772585546102668,0.22500000000000003,1
7,97,30,0,300,stranger,-0.19405855381678,0.20772585546102668,0.21400000000000002,1
7,98,30,0,300,stranger,-0.5794424925398123,0.20772585546102668,0.21700000000000003,2
7,99,30,0,300,stranger,0.5225332923215509,0.20772585546102668,0.22300000000000003,2
7,100,30,0,300,stranger,0.6618887181252804,0.20772585546102668,0.21600000000000003,1
7,101,30,0,300,stranger,-1.6510637304185516,0.20772585546102668,0.21100000000000002,2
7,102,30,0,300,stranger,-0.9323482436186011,0.20772585546102668,0.22300000000000003,2
7,103,30,0,300,stranger,-0.8785188494324278,0.20772585546102668,0.20800000000000002,2
7,104,30,0,300,stranger,0.2070328452690144,0.20772585546102668,0.20400000000000001,1
7,105,30,0,300,stranger,-0.04542265955028729,0.20772585546102668,0.20800000000000002,2
7,106,30,0,300,stranger,0.22805434837532007,0.20772585546102668,0.21400000000000002,1
7,107,30,0,300,stranger,-0.7193674062707097,0.20772585546102668,0.20800000000000002,1
7,108,30,0,300,stranger,0.08335889617209546,0.20772585546102668,0.22900000000000004,2
7,109,30,0,300,stranger,-0.2938218441247974,0.20772585546102668,0.203,2
7,110,30,0,300,stranger,-0.7688641017561678,0.20772585546102668,0.21700000000000003,1
7,111,30,0,300,stranger,0.6249065739309425,0.20772585546102668,0.22900000000000004,2
7,112,30,0,300,stranger,-0.5160200912716683,0.20772585546102668,0.22100000000000003,2
7,113,30,0,300,stranger,0.12232700707536732,0.20772585546102668,0.23300000000000004,1
7,114,30,0,300,stranger,1.2520293458282246,0.20772585546102668,0.24600000000000005,1
7,115,30,0,300,stranger,0.8111741478961187,0.20772585546102668,0.23500000000000004,1
7,116,30,0,300,stranger,-0.3276037828679268,0.20772585546102668,0.20400000000000001,2
7,117,30,0,300,stranger,-0.34309085145314044,0.20772585546102668,0.21600000000000003,2
7,118,30,0,300,stranger,-0.811057448593184,0.20772585546102668,0.21300000000000002,1
7,119,30,0,300,stranger,0.2809270227348782,0.20772585546102668,0.21300000000000002,1
7,120,30,0,300,stranger,-2.235804990563044,0.20772585546102668,0.21300000000000002,2
7,121,30,0,300,stranger,1.3391264829420146,0.20772585546102668,0.20600000000000002,2
7,122,30,0,300,stranger,0.21937006143726656,0.20772585546102668,0.21300000000000002,2
7,123,30,0,300,stranger,-1.5631745660942533,0.20772585546102668,0.20700000000000002,2
7,124,30,0,300,stranger,0.7944813239869264,0.20772585546102668,0.20700000000000002,2
7,125,30,0,300,stranger,0.7052831692274155,0.20772585546102668,0.20400000000000001,1
7,126,30,0,300,stranger,0.42620376296372275,0.20772585546102668,0.23800000000000004,2
7,127,30,0,300,stranger,0.26032839359910465,0.20772585546102668,0.22800000000000004,1
7,128,30,0,300,stranger,0.7006261616084791,0.20772585546102668,0.20500000000000002,2
7,129,30,0,300,stranger,0.04524061479896088,0.20772585546102668,0.20800000000000002,2
7,130,30,0,300,stranger,-0.805898982657476,0.20772585546102668,0.203,2
7,1,30,0,300,self,1.4104741579157272,0.20772585546102668,0.20400000000000001,1
7,2,30,0,300,self,-1.151141603531023,0.20772585546102668,0.20400000000000001,2
7,3,30,0,300,self,0.5672534671731142,0.20772585546102668,0.22800000000000004,1
7,4,30,0,300,self,0.8833160172351867,0.20772585546102668,0.22700000000000004,2
7,5,30,0,300,self,-0.5989612488153121,0.20772585546102668,0.20900000000000002,1
7,6,30,0,300,self,0.5408631162445056,0.20772585546102668,0.21800000000000003,1
7,7,30,0,300,self,-0.3799239863777589,0.20772585546102668,0.23500000000000004,1
7,8,30,0,300,self,1.8386248789296427,0.20772585546102668,0.23800000000000004,2
7,9,30,0,300,self,0.0748745736874743,0.20772585546102668,0.20800000000000002,2
7,10,30,0,300,self,1.6572017196397613,0.20772585546102668,0.22200000000000003,2
7,11,30,0,300,self,-0.1435038351676171,0.20772585546102668,0.22300000000000003,1
7,12,30,0,300,self,0.7294143971869522,0.20772585546102668,0.20900000000000002,2
7,13,30,0,300,self,1.3240039001457171,0.20772585546102668,0.21500000000000002,1
7,14,30,0,300,self,0.25397915917878333,0.20772585546102668,0.21700000000000003,2
7,15,30,0,300,self,1.18010364312866,0.20772585546102668,0.20400000000000001,2
7,16,30,0,300,self,1.8692078878486913,0.20772585546102668,0.22800000000000004,1
7,17,30,0,300,self,4.019266583238689,0.20772585546102668,0.20700000000000002,1
7,18,30,0,300,self,1.3660714066582647,0.20772585546102668,0.21700000000000003,1
7,19,30,0,300,self,1.0424397606184075,0.20772585546102668,0.21100000000000002,1
7,20,30,0,300,self,1.1795433071759986,0.20772585546102668,0.20500000000000002,1
7,21,30,0,300,self,1.1644580435283496,0.20772585546102668,0.23100000000000004,1
7,22,30,0,300,self,1.6900322765619267,0.20772585546102668,0.203,1
7,23,30,0,300,self,0.8488954439582153,0.20772585546102668,0.20600000000000002,1
7,24,30,0,300,self,1.7204333355844135,0.20772585546102668,0.202,1
7,25,30,0,300,self,1.3861865433115157,0.20772585546102668,0.20600000000000002,1
7,26,30,0,300,self,2.263283157280802,0.20772585546102668,0.21000000000000002,2
7,27,30,0,300,self,1.0756971085514646,0.20772585546102668,0.26100000000000007,1
7,28,30,0,300,self,2.325034246495232,0.20772585546102668,0.21200000000000002,1
7,29,30,0,300,self,2.5422075457344704,0.20772585546102668,0.21000000000000002,1
7,30,30,0,300,self,0.017853803605649254,0.20772585546102668,0.22500000000000003,2
7,31,30,0,300,self,-0.8464395453194923,0.20772585546102668,0.20700000000000002,2
7,32,30,0,300,self,0.38916008540589,0.20772585546102668,0.22400000000000003,2
7,33,30,0,300,self,1.528727958730566,0.20772585546102668,0.22700000000000004,2
7,34,30,0,300,self,1.159219157402932,0.20772585546102668,0.21200000000000002,1
7,35,30,0,300,self,1.7525238149416753,0.20772585546102668,0.20800000000000002,1
7,36,30,0,300,self,1.8579083896656505,0.20772585546102668,0.20500000000000002,1
7,37,30,0,300,self,0.4719607670855255,0.20772585546102668,0.22800000000000004,1
7,38,30,0,300,self,0.13138852347922048,0.20772585546102668,0.24200000000000005,1
7,39,30,0,300,self,-0.6374787196666597,0.20772585546102668,0.22800000000000004,1
7,40,30,0,300,self,1.1128171276973373,0.20772585546102668,0.21400000000000002,2
7,41,30,0,300,self,1.3877950984743292,0.20772585546102668,0.20900000000000002,1
7,42,30,0,300,self,0.2556873153826289,0.20772585546102668,0.20900000000000002,2
7,43,30,0,300,self,1.2131928105127978,0.20772585546102668,0.21500000000000002,2
7,44,30,0,300,self,0.25693803139716165,0.20772585546102668,0.20900000000000002,1
7,45,30,0,300,self,-0.3606643729249116,0.20772585546102668,0.24300000000000005,2
7,46,30,0,300,self,2.7168646942014156,0.20772585546102668,0.20900000000000002,2
7,47,30,0,300,self,2.4396088310558217,0.20772585546102668,0.20700000000000002,1
7,48,30,0,300,self,1.848472461842651,0.20772585546102668,0.20500000000000002,1
7,49,30,0,300,self,1.1474125905373163,0.20772585546102668,0.22700000000000004,1
7,50,30,0,300,self,0.244952174811926,0.20772585546102668,0.21200000000000002,1
7,51,30,0,300,self,1.4906948840279979,0.20772585546102668,0.21100000000000002,2
7,52,30,0,300,self,2.3381115320728476,0.20772585546102668,0.20800000000000002,2
7,53,30,0,300,self,0.2659934560013719,0.20772585546102668,0.22700000000000004,1
7,54,30,0,300,self,0.6891153233775781,0.20772585546102668,0.21000000000000002,1
7,55,30,0,300,self,-0.41931775964845486,0.20772585546102668,0.21700000000000003,1
7,56,30,0,300,self,0.5988556371466893,0.20772585546102668,0.21500000000000002,2
7,57,30,0,300,self,-0.46744979377231044,0.20772585546102668,0.20700000000000002,2
7,58,30,0,300,self,2.140360656376323,0.20772585546102668,0.20400000000000001,2
7,59,30,0,300,self,3.2508015316858168,0.20772585546102668,0.22100000000000003,1
7,60,30,0,300,self,1.7926280829981454,0.20772585546102668,0.23800000000000004,1
7,61,30,0,300,self,0.3561319765648736,0.20772585546102668,0.21800000000000003,1
7,62,30,0,300,self,0.317013652632515,0.20772585546102668,0.21800000000000003,2
7,63,30,0,300,self,-1.2144571054530897,0.20772585546102668,0.20700000000000002,1
7,64,30,0,300,self,-1.608316105689414,0.20772585546102668,0.201,1
7,65,30,0,300,self,1.3233722130573256,0.20772585546102668,0.20800000000000002,2
7,66,30,0,300,self,1.9054402652213391,0.20772585546102668,0.21600000000000003,1
7,67,30,0,300,self,0.11898648774509746,0.20772585546102668,0.23400000000000004,2
7,68,30,0,300,self,1.3309099799275832,0.20772585546102668,0.21700000000000003,1
7,69,30,0,300,self,1.5747729264311179,0.20772585546102668,0.20400000000000001,2
7,70,30,0,300,self,0.7229554278824588,0.20772585546102668,0.23400000000000004,1
7,71,30,0,300,self,0.4184924815208355,0.20772585546102668,0.20800000000000002,2
7,72,30,0,300,self,-0.35436068683478383,0.20772585546102668,0.203,2
7,73,30,0,300,self,-0.5965817920888982,0.20772585546102668,0.21600000000000003,2
7,74,30,0,300,self,1.8252095438979468,0.20772585546102668,0.21300000000000002,1
7,75,30,0,300,self,-0.40641428389471324,0.20772585546102668,0.21100000000000002,1
7,76,30,0,300,self,1.2398644618824435,0.20772585546102668,0.20800000000000002,1
7,77,30,0,300,self,0.8287301801739864,0.20772585546102668,0.21700000000000003,1
7,78,30,0,300,self,0.9124040156453417,0.20772585546102668,0.21600000000000003,2
7,79,30,0,300,self,1.469379992095272,0.20772585546102668,0.21800000000000003,2
7,80,30,0,300,self,0.012136258683946965,0.20772585546102668,0.22700000000000004,2
7,81,30,0,300,self,1.1619390246411017,0.20772585546102668,0.20600000000000002,2
7,82,30,0,300,self,0.7282434512283459,0.20772585546102668,0.22400000000000003,2
7,83,30,0,300,self,0.5740720144854088,0.20772585546102668,0.201,2
7,84,30,0,300,self,0.4971716967454317,0.20772585546102668,0.21800000000000003,2
7,85,30,0,300,self,-0.06010263998232468,0.20772585546102668,0.20800000000000002,2
7,86,30,0,300,self,2.419876464344007,0.20772585546102668,0.22000000000000003,1
7,87,30,0,300,self,-0.8436986218110519,0.20772585546102668,0.20600000000000002,2
7,88,30,0,300,self,1.4544371776007479,0.20772585546102668,0.21900000000000003,2
7,89,30,0,300,self,1.7311345674809648,0.20772585546102668,0.22500000000000003,2
7,90,30,0,300,self,2.210033826291287,0.20772585546102668,0.20700000000000002,1
7,91,30,0,300,self,0.9987876795172889,0.20772585546102668,0.203,1
7,92,30,0,300,self,-0.3782767900927889,0.20772585546102668,0.21600000000000003,1
7,93,30,0,300,self,1.8584561424545827,0.20772585546102668,0.22700000000000004,1
7,94,30,0,300,self,0.020750992737415652,0.20772585546102668,0.21000000000000002,2
7,95,30,0,300,self,1.329943529471094,0.20772585546102668,0.20400000000000001,2
7,96,30,0,300,self,0.9821409258980734,0.20772585546102668,0.2730000000000001,1
7,97,30,0,300,self,1.8325752007318763,0.20772585546102668,0.20900000000000002,1
7,98,30,0,300,self,1.6660297104634778,0.20772585546102668,0.21800000000000003,2
7,99,30,0,300,self,2.205886440925799,0.20772585546102668,0.20700000000000002,1
7,100,30,0,300,self,1.0545943090466194,0.20772585546102668,0.21400000000000002,1
7,101,30,0,300,self,1.3072041134701984,0.20772585546102668,0.20600000000000002,2
7,102,30,0,300,self,1.7701554996592823,0.20772585546102668,0.20400000000000001,1
7,103,30,0,300,self,0.5697699035093107,0.20772585546102668,0.20800000000000002,1
7,104,30,0,300,self,2.3532256590929554,0.20772585546102668,0.20700000000000002,1
7,105,30,0,300,self,-0.14641845727290936,0.20772585546102668,0.23300000000000004,1
7,106,30,0,300,self,2.243633014817902,0.20772585546102668,0.20900000000000002,1
7,107,30,0,300,self,-0.0855147719701318,0.20772585546102668,0.21300000000000002,2
7,108,30,0,300,self,0.20278194036037767,0.20772585546102668,0.20800000000000002,2
7,109,30,0,300,self,-0.2753126783186316,0.20772585546102668,0.20700000000000002,2
7,110,30,0,300,self,0.6892857912747841,0.20772585546102668,0.20600000000000002,1
7,111,30,0,300,self,0.7267642367264724,0.20772585546102668,0.22100000000000003,2
7,112,30,0,300,self,2.178909472554489,0.20772585546102668,0.21200000000000002,2
7,113,30,0,300,self,2.1463770192277645,0.20772585546102668,0.20600000000000002,1
7,114,30,0,300,self,1.3003909573477523,0.20772585546102668,0.22500000000000003,1
7,115,30,0,300,self,-0.041015647531853605,0.20772585546102668,0.203,2
7,116,30,0,300,self,1.7726116334911741,0.20772585546102668,0.20600000000000002,1
7,117,30,0,300,self,0.8482152672030794,0.20772585546102668,0.21200000000000002,1
7,118,30,0,300,self,0.26426658738933784,0.20772585546102668,0.20800000000000002,1
7,119,30,0,300,self,2.0540741998282983,0.20772585546102668,0.21200000000000002,2
7,120,30,0,300,self,0.8474472587112829,0.20772585546102668,0.23000000000000004,1
7,121,30,0,300,self,1.9905249564236236,0.20772585546102668,0.21200000000000002,1
7,122,30,0,300,self,-0.7553272201331852,0.20772585546102668,0.23400000000000004,2
7,123,30,0,300,self,0.20013785819100827,0.20772585546102668,0.20600000000000002,2
7,124,30,0,300,self,0.9395247045886157,0.20772585546102668,0.22200000000000003,2
7,125,30,0,300,self,0.7559891565171135,0.20772585546102668,0.20700000000000002,2
7,126,30,0,300,self,0.6542197216222234,0.20772585546102668,0.21100000000000002,2
7,127,30,0,300,self,0.6229284245290662,0.20772585546102668,0.21200000000000002,1
7,128,30,0,300,self,-0.3849307905842897,0.20772585546102668,0.23300000000000004,1
7,129,30,0,300,self,0.6652921435784239,0.20772585546102668,0.20700000000000002,1
7,130,30,0,300,self,-1.059652513924643,0.20772585546102668,0.20500000000000002,1
8,1,30,0,300,stranger,-1.2856994910912287,0.5680731640770924,0.3040000000000001,1
8,2,30,0,300,stranger,0.1332570836235863,0.5680731640770924,0.3110000000000001,2
8,3,30,0,300,stranger,-0.2955236094830863,0.5680731640770924,0.26100000000000007,2
8,4,30,0,300,stranger,2.7083493025223166,0.5680731640770924,0.24300000000000005,2
8,5,30,0,300,stranger,1.2503056853835117,0.5680731640770924,0.2880000000000001,1
8,6,30,0,300,stranger,0.2811329533492517,0.5680731640770924,0.26400000000000007,1
8,7,30,0,300,stranger,-1.0305619759555564,0.5680731640770924,0.25100000000000006,2
8,8,30,0,300,stranger,-0.3898499973252201,0.5680731640770924,0.2910000000000001,2
8,9,30,0,300,stranger,0.33298233223356133,0.5680731640770924,0.26700000000000007,2
8,10,30,0,300,stranger,-0.08103514511168586,0.5680731640770924,0.2740000000000001,1
8,11,30,0,300,stranger,1.539790952226347,0.5680731640770924,0.23200000000000004,1
8,12,30,0,300,stranger,1.951534711022299,0.5680731640770924,0.24800000000000005,1
8,13,30,0,300,stranger,1.1103227347782505,0.5680731640770924,0.23400000000000004,1
8,14,30,0,300,stranger,0.9404406032961675,0.5680731640770924,0.26300000000000007,1
8,15,30,0,300,stranger,0.4285462457120528,0.5680731640770924,0.2760000000000001,2
8,16,30,0,300,stranger,-0.21007178646627728,0.5680731640770924,0.25900000000000006,1
8,17,30,0,300,stranger,-0.4717627898957699,0.5680731640770924,0.2830000000000001,1
8,18,30,0,300,stranger,1.702122243063069,0.5680731640770924,0.23400000000000004,2
8,19,30,0,300,stranger,1.9333712500180682,0.5680731640770924,0.21900000000000003,1
8,20,30,0,300,stranger,-0.12173388625062226,0.5680731640770924,0.32900000000000007,2
8,21,30,0,300,stranger,-0.15177269813557498,0.5680731640770924,0.3060000000000001,1
8,22,30,0,300,stranger,-0.13157516647981654,0.5680731640770924,0.2710000000000001,2
8,23,30,0,300,stranger,-2.5819721895705428,0.5680731640770924,0.23100000000000004,2
8,24,30,0,300,stranger,0.14860971981842522,0.5680731640770924,0.24800000000000005,2
8,25,30,0,300,stranger,1.2374855650661387,0.5680731640770924,0.22600000000000003,2
8,26,30,0,300,stranger,1.2239308631506796,0.5680731640770924,0.22800000000000004,1
8,27,30,0,300,stranger,1.691757854130977,0.5680731640770924,0.3120000000000001,1
8,28,30,0,300,stranger,0.243129896820594,0.5680731640770924,0.2900000000000001,1
8,29,30,0,300,stranger,0.4016292324997087,0.5680731640770924,0.24800000000000005,2
8,30,30,0,300,stranger,-2.2142860354749545,0.5680731640770924,0.32600000000000007,2
8,31,30,0,300,stranger,0.789833779360777,0.5680731640770924,0.22300000000000003,1
8,32,30,0,300,stranger,-1.3964989897456146,0.5680731640770924,0.26000000000000006,1
8,33,30,0,300,stranger,-0.0322381863958045,0.5680731640770924,0.3240000000000001,2
8,34,30,0,300,stranger,0.14150940396527184,0.5680731640770924,0.21700000000000003,1
8,35,30,0,300,stranger,0.8131721653799093,0.5680731640770924,0.2810000000000001,1
8,36,30,0,300,stranger,-0.0653452470015195,0.5680731640770924,0.3110000000000001,2
8,37,30,0,300,stranger,-0.4426684795585778,0.5680731640770924,0.23000000000000004,1
8,38,30,0,300,stranger,0.5398053368135816,0.5680731640770924,0.23400000000000004,2
8,39,30,0,300,stranger,-0.3927124887534682,0.5680731640770924,0.22700000000000004,1
8,40,30,0,300,stranger,-0.2280549653699001,0.5680731640770924,0.26100000000000007,2
8,41,30,0,300,stranger,-2.159719133531111,0.5680731640770924,0.22000000000000003,2
8,42,30,0,300,stranger,-0.35853478991479004,0.5680731640770924,0.21500000000000002,2
8,43,30,0,300,stranger,-0.4622199064282021,0.5680731640770924,0.24100000000000005,1
8,44,30,0,300,stranger,0.09535067598113087,0.5680731640770924,0.25300000000000006,1
8,45,30,0,300,stranger,1.1438382712338238,0.5680731640770924,0.24000000000000005,1
8,46,30,0,300,stranger,-0.9463723460952366,0.5680731640770924,0.25500000000000006,1
8,47,30,0,300,stranger,0.19829348110361103,0.5680731640770924,0.22000000000000003,1
8,48,30,0,300,stranger,0.6336293473894614,0.5680731640770924,0.2770000000000001,1
8,49,30,0,300,stranger,1.2660307506999016,0.5680731640770924,0.22400000000000003,1
8,50,30,0,300,stranger,-0.959738699551432,0.5680731640770924,0.2690000000000001,1
8,51,30,0,300,stranger,-0.4983174353063001,0.5680731640770924,0.2980000000000001,2
8,52,30,0,300,stranger,-0.5005627376536227,0.5680731640770924,0.3220000000000001,2
8,53,30,0,300,stranger,-2.0012352413729633,0.5680731640770924,0.3220000000000001,2
8,54,30,0,300,stranger,-0.29600960714152025,0.5680731640770924,0.24300000000000005,2
8,55,30,0,300,stranger,0.9688055251215975,0.5680731640770924,0.24200000000000005,2
8,56,30,0,300,stranger,-0.7890663040970688,0.5680731640770924,0.26800000000000007,1
8,57,30,0,300,stranger,0.8440522051397952,0.5680731640770924,0.22700000000000004,2
8,58,30,0,300,stranger,0.8128412670869024,0.5680731640770924,0.21800000000000003,2
8,59,30,0,300,stranger,0.5405920484425355,0.5680731640770924,0.3190000000000001,2
8,60,30,0,300,stranger,-0.3665121107234096,0.5680731640770924,0.24000000000000005,1
8,61,30,0,300,stranger,0.5381638646901449,0.5680731640770924,0.26700000000000007,2
8,62,30,0,300,stranger,-0.5300077871565727,0.5680731640770924,0.22700000000000004,2
8,63,30,0,300,stranger,-1.1809270244569658,0.5680731640770924,0.26000000000000006,2
8,64,30,0,300,stranger,0.1618256706740319,0.5680731640770924,0.26600000000000007,1
8,65,30,0,300,stranger,0.8285963160129275,0.5680731640770924,0.23100000000000004,1
8,66,30,0,300,stranger,0.33401386632611896,0.5680731640770924,0.23200000000000004,1
8,67,30,0,300,stranger,0.48583960455768954,0.5680731640770924,0.2870000000000001,1
8,68,30,0,300,stranger,0.4199032805408133,0.5680731640770924,0.25200000000000006,2
8,69,30,0,300,stranger,-0.6945501034665114,0.5680731640770924,0.2720000000000001,1
8,70,30,0,300,stranger,-0.4196742589579481,0.5680731640770924,0.24200000000000005,1
8,71,30,0,300,stranger,0.48270364319201936,0.5680731640770924,0.2830000000000001,2
8,72,30,0,300,stranger,-0.1596296981912544,0.5680731640770924,0.25600000000000006,1
8,73,30,0,300,stranger,-0.3014655940387245,0.5680731640770924,0.23300000000000004,2
8,74,30,0,300,stranger,-0.9170010496030913,0.5680731640770924,0.25800000000000006,2
8,75,30,0,300,stranger,-0.2238638449755716,0.5680731640770924,0.26700000000000007,1
8,76,30,0,300,stranger,-0.0768715684134425,0.5680731640770924,0.24900000000000005,2
8,77,30,0,300,stranger,1.2545555307263512,0.5680731640770924,0.2990000000000001,1
8,78,30,0,300,stranger,0.5933138249765231,0.5680731640770924,0.22700000000000004,2
8,79,30,0,300,stranger,0.6241320186509098,0.5680731640770924,0.3110000000000001,2
8,80,30,0,300,stranger,0.6911172271233212,0.5680731640770924,0.2950000000000001,2
8,81,30,0,300,stranger,-0.6406526324578848,0.5680731640770924,0.22000000000000003,1
8,82,30,0,300,stranger,0.6056421033862331,0.5680731640770924,0.3040000000000001,1
8,83,30,0,300,stranger,0.1771758457924927,0.5680731640770924,0.3180000000000001,2
8,84,30,0,300,stranger,0.30696047354166195,0.5680731640770924,0.3220000000000001,2
8,85,30,0,300,stranger,2.127500246455641,0.5680731640770924,0.26300000000000007,1
8,86,30,0,300,stranger,0.2053027443323021,0.5680731640770924,0.2780000000000001,2
8,87,30,0,300,stranger,-0.2737075289919534,0.5680731640770924,0.22200000000000003,2
8,88,30,0,300,stranger,0.7335267483872387,0.5680731640770924,0.24100000000000005,1
8,89,30,0,300,stranger,1.1522572481282087,0.5680731640770924,0.26200000000000007,1
8,90,30,0,300,stranger,-0.3069819761625303,0.5680731640770924,0.2850000000000001,2
8,91,30,0,300,stranger,-0.7665462969178597,0.5680731640770924,0.24500000000000005,1
8,92,30,0,300,stranger,-1.0117846427909565,0.5680731640770924,0.3170000000000001,2
8,93,30,0,300,stranger,1.4666513796162879,0.5680731640770924,0.2890000000000001,1
8,94,30,0,300,stranger,1.1892343006540935,0.5680731640770924,0.2720000000000001,2
8,95,30,0,300,stranger,-2.4872960246102256,0.5680731640770924,0.3040000000000001,1
8,96,30,0,300,stranger,-0.7567461949132144,0.5680731640770924,0.22500000000000003,1
8,97,30,0,300,stranger,1.3472688315096395,0.5680731640770924,0.3090000000000001,1
8,98,30,0,300,stranger,-0.3080853467131248,0.5680731640770924,0.26300000000000007,2
8,99,30,0,300,stranger,0.3529729917062956,0.5680731640770924,0.32800000000000007,2
8,100,30,0,300,stranger,2.2020089579391824,0.5680731640770924,0.23400000000000004,1
8,101,30,0,300,stranger,-1.2156515764703375,0.5680731640770924,0.24000000000000005,1
8,102,30,0,300,stranger,-0.48515687292700704,0.5680731640770924,0.23500000000000004,1
8,103,30,0,300,stranger,-2.0404972612098327,0.5680731640770924,0.22100000000000003,1
8,104,30,0,300,stranger,0.6170731748566258,0.5680731640770924,0.3060000000000001,1
8,105,30,0,300,stranger,0.9575266393799877,0.5680731640770924,0.25100000000000006,1
8,106,30,0,300,stranger,-0.024625822084328064,0.5680731640770924,0.22700000000000004,2
8,107,30,0,300,stranger,0.4476043921294768,0.5680731640770924,0.26300000000000007,1
8,108,30,0,300,stranger,-0.3052914422527452,0.5680731640770924,0.22200000000000003,1
8,109,30,0,300,stranger,0.21855849401182903,0.5680731640770924,0.25400000000000006,1
8,110,30,0,300,stranger,-0.4772193317805783,0.5680731640770924,0.32700000000000007,1
8,111,30,0,300,stranger,0.4441810655412073,0.5680731640770924,0.22000000000000003,1
8,112,30,0,300,stranger,0.4488363753196859,0.5680731640770924,0.24500000000000005,1
8,113,30,0,300,stranger,-1.0179460607922972,0.5680731640770924,0.25300000000000006,2
8,114,30,0,300,stranger,-0.6021621018074474,0.5680731640770924,0.26700000000000007,2
8,115,30,0,300,stranger,1.8528675275392619,0.5680731640770924,0.26100000000000007,1
8,116,30,0,300,stranger,0.9254679152892327,0.5680731640770924,0.23000000000000004,1
8,117,30,0,300,stranger,-1.362840039797324,0.5680731640770924,0.23500000000000004,1
8,118,30,0,300,stranger,0.08153472039994183,0.5680731640770924,0.2850000000000001,2
8,119,30,0,300,stranger,0.8726742702595388,0.5680731640770924,0.23800000000000004,1
8,120,30,0,300,stranger,1.7645890576866803,0.5680731640770924,0.24200000000000005,1
8,121,30,0,300,stranger,0.09017928252378513,0.5680731640770924,0.2840000000000001,2
8,122,30,0,300,stranger,-0.4504087140282351,0.5680731640770924,0.24400000000000005,1
8,123,30,0,300,stranger,1.7640523023448496,0.5680731640770924,0.23000000000000004,1
8,124,30,0,300,stranger,-0.0005564996424865798,0.5680731640770924,0.23000000000000004,2
8,125,30,0,300,stranger,0.7781376993513561,0.5680731640770924,0.24300000000000005,2
8,126,30,0,300,stranger,-0.9112519880265958,0.5680731640770924,0.2780000000000001,1
8,127,30,0,300,stranger,0.49284899187219683,0.5680731640770924,0.2790000000000001,1
8,128,30,0,300,stranger,0.20417949167586205,0.5680731640770924,0.26300000000000007,1
8,129,30,0,300,stranger,2.5476646430115637,0.5680731640770924,0.21900000000000003,1
8,130,30,0,300,stranger,1.6132504544836683,0.5680731640770924,0.26300000000000007,1
8,1,30,0,300,self,1.3669906940333687,0.5680731640770924,0.24300000000000005,2
8,2,30,0,300,self,1.625021351909028,0.5680731640770924,0.24100000000000005,2
8,3,30,0,300,self,0.8565109962284395,0.5680731640770924,0.26100000000000007,2
8,4,30,0,300,self,0.5473815946300891,0.5680731640770924,0.2920000000000001,1
8,5,30,0,300,self,0.0751053332993542,0.5680731640770924,0.20700000000000002,2
8,6,30,0,300,self,0.266923573129209,0.5680731640770924,0.24100000000000005,1
8,7,30,0,300,self,0.8076357972830257,0.5680731640770924,0.21200000000000002,1
8,8,30,0,300,self,0.34123872453998827,0.5680731640770924,0.24800000000000005,1
8,9,30,0,300,self,-0.16917324511487408,0.5680731640770924,0.3240000000000001,2
8,10,30,0,300,self,0.5274104550988088,0.5680731640770924,0.24300000000000005,2
8,11,30,0,300,self,2.2354293099615594,0.5680731640770924,0.21900000000000003,1
8,12,30,0,300,self,0.9237853307244915,0.5680731640770924,0.2870000000000001,1
8,13,30,0,300,self,2.459147074252343,0.5680731640770924,0.24300000000000005,2
8,14,30,0,300,self,0.19281019546939349,0.5680731640770924,0.25100000000000006,2
8,15,30,0,300,self,1.0439024148969689,0.5680731640770924,0.24600000000000005,2
8,16,30,0,300,self,2.3761807376221467,0.5680731640770924,0.32800000000000007,1
8,17,30,0,300,self,1.0703745766509278,0.5680731640770924,0.2930000000000001,1
8,18,30,0,300,self,2.8722567485764903,0.5680731640770924,0.24100000000000005,2
8,19,30,0,300,self,2.7889927065129063,0.5680731640770924,0.2970000000000001,2
8,20,30,0,300,self,2.5731746198545844,0.5680731640770924,0.23100000000000004,2
8,21,30,0,300,self,2.1700723433902422,0.5680731640770924,0.24800000000000005,1
8,22,30,0,300,self,1.3567219446764283,0.5680731640770924,0.22000000000000003,1
8,23,30,0,300,self,0.215070583407606,0.5680731640770924,0.2710000000000001,2
8,24,30,0,300,self,1.7308329613046878,0.5680731640770924,0.2760000000000001,1
8,25,30,0,300,self,2.0136692773086975,0.5680731640770924,0.22800000000000004,1
8,26,30,0,300,self,1.162813902497748,0.5680731640770924,0.3050000000000001,1
8,27,30,0,300,self,1.5884536633093154,0.5680731640770924,0.3100000000000001,1
8,28,30,0,300,self,0.5025940484371076,0.5680731640770924,0.22600000000000003,1
8,29,30,0,300,self,0.3333103532859941,0.5680731640770924,0.3040000000000001,2
8,30,30,0,300,self,-0.8807925325280263,0.5680731640770924,0.3140000000000001,2
8,31,30,0,300,self,1.3892373489258047,0.5680731640770924,0.25900000000000006,2
8,32,30,0,300,self,1.4115482562944708,0.5680731640770924,0.2980000000000001,1
8,33,30,0,300,self,0.7023449635158108,0.5680731640770924,0.24700000000000005,2
8,34,30,0,300,self,-0.1118537107681653,0.5680731640770924,0.3020000000000001,1
8,35,30,0,300,self,0.6094085140862809,0.5680731640770924,0.2750000000000001,1
8,36,30,0,300,self,2.4977987697624537,0.5680731640770924,0.26700000000000007,1
8,37,30,0,300,self,1.4705092628705516,0.5680731640770924,0.25800000000000006,1
8,38,30,0,300,self,0.7028637155732401,0.5680731640770924,0.24900000000000005,2
8,39,30,0,300,self,1.2553800890232174,0.5680731640770924,0.23400000000000004,1
8,40,30,0,300,self,0.47470660462497916,0.5680731640770924,0.3210000000000001,2
8,41,30,0,300,self,2.3142887356260147,0.5680731640770924,0.25800000000000006,2
8,42,30,0,300,self,-0.08176069900712124,0.5680731640770924,0.23700000000000004,2
8,43,30,0,300,self,0.8327842775670903,0.5680731640770924,0.2700000000000001,2
8,44,30,0,300,self,3.8483761534931107,0.5680731640770924,0.22200000000000003,1
8,45,30,0,300,self,1.8129105905827767,0.5680731640770924,0.2710000000000001,1
8,46,30,0,300,self,0.045905886854747835,0.5680731640770924,0.21700000000000003,1
8,47,30,0,300,self,1.5390356041825815,0.5680731640770924,0.2970000000000001,1
8,48,30,0,300,self,3.245026502083677,0.5680731640770924,0.23300000000000004,1
8,49,30,0,300,self,0.7666925479726088,0.5680731640770924,0.25200000000000006,2
8,50,30,0,300,self,0.9128982217904253,0.5680731640770924,0.22200000000000003,2
8,51,30,0,300,self,-0.9484430026052629,0.5680731640770924,0.22600000000000003,1
8,52,30,0,300,self,0.8596847096668336,0.5680731640770924,0.21800000000000003,1
8,53,30,0,300,self,1.9426722818033162,0.5680731640770924,0.26100000000000007,1
8,54,30,0,300,self,1.8896814600187368,0.5680731640770924,0.22200000000000003,1
8,55,30,0,300,self,0.135360934646364,0.5680731640770924,0.3180000000000001,2
8,56,30,0,300,self,3.644697588775914,0.5680731640770924,0.22300000000000003,1
8,57,30,0,300,self,1.7158410859787732,0.5680731640770924,0.22800000000000004,1
8,58,30,0,300,self,1.0234983688064165,0.5680731640770924,0.21800000000000003,1
8,59,30,0,300,self,-1.5791288545732698,0.5680731640770924,0.23200000000000004,1
8,60,30,0,300,self,2.2342571906037803,0.5680731640770924,0.2860000000000001,1
8,61,30,0,300,self,0.5676067506294227,0.5680731640770924,0.24900000000000005,2
8,62,30,0,300,self,1.905023440516299,0.5680731640770924,0.23300000000000004,1
8,63,30,0,300,self,-0.3129483522849613,0.5680731640770924,0.2810000000000001,2
8,64,30,0,300,self,0.35788565595833977,0.5680731640770924,0.23300000000000004,1
8,65,30,0,300,self,1.5941784192391208,0.5680731640770924,0.22600000000000003,1
8,66,30,0,300,self,1.1988446074383938,0.5680731640770924,0.3020000000000001,2
8,67,30,0,300,self,0.39179853161255473,0.5680731640770924,0.2910000000000001,1
8,68,30,0,300,self,2.6746592091300863,0.5680731640770924,0.2750000000000001,1
8,69,30,0,300,self,0.052555371806121465,0.5680731640770924,0.26000000000000006,2
8,70,30,0,300,self,1.4887846427558513,0.5680731640770924,0.22300000000000003,2
8,71,30,0,300,self,2.427108768717275,0.5680731640770924,0.21500000000000002,1
8,72,30,0,300,self,0.8667641948702225,0.5680731640770924,0.2910000000000001,2
8,73,30,0,300,self,1.7186244177144294,0.5680731640770924,0.3240000000000001,1
8,74,30,0,300,self,1.5169778755655554,0.5680731640770924,0.24100000000000005,1
8,75,30,0,300,self,1.015129722493624,0.5680731640770924,0.2750000000000001,1
8,76,30,0,300,self,2.4759381280271335,0.5680731640770924,0.23400000000000004,1
8,77,30,0,300,self,2.108458896881076,0.5680731640770924,0.26800000000000007,1
8,78,30,0,300,self,-0.5130731360410729,0.5680731640770924,0.22800000000000004,1
8,79,30,0,300,self,2.7391809174401245,0.5680731640770924,0.22700000000000004,1
8,80,30,0,300,self,1.0571819403958067,0.5680731640770924,0.2730000000000001,2
8,81,30,0,300,self,3.143039912149027,0.5680731640770924,0.2700000000000001,1
8,82,30,0,300,self,1.1897565023482124,0.5680731640770924,0.3010000000000001,2
8,83,30,0,300,self,0.3358605355258347,0.5680731640770924,0.26000000000000006,1
8,84,30,0,300,self,0.8965425335910318,0.5680731640770924,0.22800000000000004,2
8,85,30,0,300,self,0.613139679151038,0.5680731640770924,0.2770000000000001,2
8,86,30,0,300,self,2.2299138497389577,0.5680731640770924,0.26700000000000007,1
8,87,30,0,300,self,-0.4188785106285281,0.5680731640770924,0.26100000000000007,2
8,88,30,0,300,self,0.3758542100810458,0.5680731640770924,0.3130000000000001,1
8,89,30,0,300,self,0.5347237701895494,0.5680731640770924,0.25600000000000006,1
8,90,30,0,300,self,1.4769615559935128,0.5680731640770924,0.24200000000000005,2
8,91,30,0,300,self,1.4426162533379117,0.5680731640770924,0.2890000000000001,1
8,92,30,0,300,self,-0.7019885529078981,0.5680731640770924,0.25400000000000006,1
8,93,30,0,300,self,-0.04180487669502797,0.5680731640770924,0.2730000000000001,2
8,94,30,0,300,self,2.2551021947133063,0.5680731640770924,0.2890000000000001,2
8,95,30,0,300,self,1.0644723157771738,0.5680731640770924,0.23900000000000005,1
8,96,30,0,300,self,-0.5802329162845704,0.5680731640770924,0.23900000000000005,2
8,97,30,0,300,self,2.413536144012107,0.5680731640770924,0.22800000000000004,1
8,98,30,0,300,self,-0.404130342088458,0.5680731640770924,0.2920000000000001,2
8,99,30,0,300,self,-0.29216298230017,0.5680731640770924,0.2710000000000001,1
8,100,30,0,300,self,1.1108974216066994,0.5680731640770924,0.25500000000000006,2
8,101,30,0,300,self,-0.1696288010254018,0.5680731640770924,0.23100000000000004,2
8,102,30,0,300,self,1.5244372852908248,0.5680731640770924,0.23700000000000004,1
8,103,30,0,300,self,-0.10280861122080565,0.5680731640770924,0.25300000000000006,1
8,104,30,0,300,self,1.87674943716765,0.5680731640770924,0.23200000000000004,2
8,105,30,0,300,self,1.1865107450470924,0.5680731640770924,0.25600000000000006,2
8,106,30,0,300,self,1.8742820863936718,0.5680731640770924,0.26500000000000007,1
8,107,30,0,300,self,0.40605572001242807,0.5680731640770924,0.2740000000000001,2
8,108,30,0,300,self,1.2181037893039077,0.5680731640770924,0.21700000000000003,1
8,109,30,0,300,self,2.4028934983432073,0.5680731640770924,0.2910000000000001,1
8,110,30,0,300,self,-1.2341101909750511,0.5680731640770924,0.21100000000000002,2
8,111,30,0,300,self,1.3404892615550816,0.5680731640770924,0.23300000000000004,1
8,112,30,0,300,self,2.1946197372542393,0.5680731640770924,0.25000000000000006,1
8,113,30,0,300,self,-0.9161075529830306,0.5680731640770924,0.22900000000000004,2
8,114,30,0,300,self,0.8364608964228425,0.5680731640770924,0.25700000000000006,2
8,115,30,0,300,self,1.9289924836209473,0.5680731640770924,0.25900000000000006,1
8,116,30,0,300,self,0.8338790476633038,0.5680731640770924,0.25200000000000006,1
8,117,30,0,300,self,1.582523297771524,0.5680731640770924,0.23000000000000004,1
8,118,30,0,300,self,1.8568917703640229,0.5680731640770924,0.24800000000000005,2
8,119,30,0,300,self,1.7025998817845378,0.5680731640770924,0.22300000000000003,1
8,120,30,0,300,self,2.201749411951159,0.5680731640770924,0.2940000000000001,1
8,121,30,0,300,self,1.6780019739318017,0.5680731640770924,0.3030000000000001,1
8,122,30,0,300,self,0.8402960384564746,0.5680731640770924,0.25300000000000006,2
8,123,30,0,300,self,1.5729325877424003,0.5680731640770924,0.3050000000000001,2
8,124,30,0,300,self,1.924872006880603,0.5680731640770924,0.24800000000000005,1
8,125,30,0,300,self,0.36824672172849804,0.5680731640770924,0.2970000000000001,2
8,126,30,0,300,self,1.3707384775154787,0.5680731640770924,0.24000000000000005,1
8,127,30,0,300,self,-1.1523224463517714,0.5680731640770924,0.2780000000000001,2
8,128,30,0,300,self,1.3439127456498603,0.5680731640770924,0.2740000000000001,1
8,129,30,0,300,self,0.8553160698607742,0.5680731640770924,0.22800000000000004,2
8,130,30,0,300,self,1.9481193915327992,0.5680731640770924,0.2710000000000001,1
