subjectID,trialID,T,P,W,Label,v,a,RT,response
1,1,30,0,600,stranger,1.359820319238643,2.77041284353292,0.5980000000000003,1
1,2,30,0,600,stranger,2.1655859380745293,2.77041284353292,0.5880000000000003,1
1,3,30,0,600,stranger,2.6343940609109984,2.77041284353292,0.41800000000000015,1
1,4,30,0,600,stranger,0.5679382451862431,2.77041284353292,0.40300000000000014,2
1,5,30,0,600,stranger,1.2711023679895153,2.77041284353292,0.3420000000000001,1
1,6,30,0,600,stranger,-1.0792161992577682,2.77041284353292,0.5030000000000002,2
1,7,30,0,600,stranger,0.45866023875924045,2.77041284353292,0.4750000000000002,1
1,8,30,0,600,stranger,-1.6749263401517633,2.77041284353292,0.5820000000000003,2
1,9,30,0,600,stranger,0.2287684476897504,2.77041284353292,0.5310000000000002,1
1,10,30,0,600,stranger,-1.0901255088733066,2.77041284353292,0.5220000000000002,2
1,11,30,0,600,stranger,1.4419258778341426,2.77041284353292,0.5310000000000002,1
1,12,30,0,600,stranger,0.7455324045875431,2.77041284353292,0.3850000000000001,1
1,13,30,0,600,stranger,1.9957139225866913,2.77041284353292,0.5490000000000003,1
1,14,30,0,600,stranger,1.177797432468808,2.77041284353292,0.6020000000000003,1
1,15,30,0,600,stranger,1.0787875711381025,2.77041284353292,0.5680000000000003,1
1,16,30,0,600,stranger,1.3183257201684948,2.77041284353292,0.5840000000000003,1
1,17,30,0,600,stranger,2.2334506074542473,2.77041284353292,0.4810000000000002,1
1,18,30,0,600,stranger,3.7371564203161958,2.77041284353292,0.6290000000000003,1
1,19,30,0,600,stranger,1.6469412768262903,2.77041284353292,0.5410000000000003,1
1,20,30,0,600,stranger,2.115572974965517,2.77041284353292,0.5430000000000003,1
1,21,30,0,600,stranger,1.3562713985362085,2.77041284353292,0.5900000000000003,1
1,22,30,0,600,stranger,1.1167458078067525,2.77041284353292,0.5800000000000003,1
1,23,30,0,600,stranger,0.5472633263472522,2.77041284353292,0.5750000000000003,1
1,24,30,0,600,stranger,-1.2944761717020024,2.77041284353292,0.5910000000000003,2
1,25,30,0,600,stranger,1.151258730025641,2.77041284353292,0.4710000000000002,1
1,26,30,0,600,stranger,-0.33730239956592156,2.77041284353292,0.5120000000000002,2
1,27,30,0,600,stranger,-0.7806612159324035,2.77041284353292,0.5170000000000002,2
1,28,30,0,600,stranger,-1.4882933908122502,2.77041284353292,0.5430000000000003,2
1,29,30,0,600,stranger,-0.48773829136120606,2.77041284353292,0.4930000000000002,1
1,30,30,0,600,stranger,-0.6820369580840089,2.77041284353292,0.4700000000000002,2
1,31,30,0,600,stranger,-1.757030117451722,2.77041284353292,0.5160000000000002,2
1,32,30,0,600,stranger,1.0104695076727808,2.77041284353292,0.4700000000000002,1
1,33,30,0,600,stranger,-0.7502384753888481,2.77041284353292,0.5430000000000003,1
1,34,30,0,600,stranger,0.7213639137252994,2.77041284353292,0.5860000000000003,1
1,35,30,0,600,stranger,0.48556594901096006,2.77041284353292,0.5600000000000003,1
1,36,30,0,600,stranger,1.103960102637147,2.77041284353292,0.4750000000000002,1
1,37,30,0,600,stranger,1.6222467549504853,2.77041284353292,0.5360000000000003,1
1,38,30,0,600,stranger,2.2720064826442563,2.77041284353292,0.6290000000000003,1
1,39,30,0,600,stranger,2.308049399891671,2.77041284353292,0.5280000000000002,1
1,40,30,0,600,stranger,-2.7785735287477586,2.77041284353292,0.42200000000000015,2
1,41,30,0,600,stranger,-1.4208522789486313,2.77041284353292,0.5630000000000003,2
1,42,30,0,600,stranger,1.9008861384998905,2.77041284353292,0.6100000000000003,1
1,43,30,0,600,stranger,-1.1222791287836174,2.77041284353292,0.3750000000000001,2
1,44,30,0,600,stranger,-0.7841142742451764,2.77041284353292,0.6150000000000003,1
1,45,30,0,600,stranger,-0.8231785694947961,2.77041284353292,0.5660000000000003,2
1,46,30,0,600,stranger,-1.3222578751336225,2.77041284353292,0.5660000000000003,2
1,47,30,0,600,stranger,-1.0807395756287965,2.77041284353292,0.6080000000000003,2
1,48,30,0,600,stranger,1.5286017899489193,2.77041284353292,0.3440000000000001,1
1,49,30,0,600,stranger,1.5894326340063074,2.77041284353292,0.6020000000000003,1
1,50,30,0,600,stranger,2.1790596021317556,2.77041284353292,0.3810000000000001,1
1,51,30,0,600,stranger,-1.4441373404404625,2.77041284353292,0.40700000000000014,2
1,52,30,0,600,stranger,1.2772550077703748,2.77041284353292,0.3840000000000001,1
1,53,30,0,600,stranger,2.7329959230177283,2.77041284353292,0.5990000000000003,1
1,54,30,0,600,stranger,-0.5564868017648728,2.77041284353292,0.5550000000000003,2
1,55,30,0,600,stranger,0.057881026801635344,2.77041284353292,0.5410000000000003,2
1,56,30,0,600,stranger,-0.9263674627834501,2.77041284353292,0.5160000000000002,2
1,57,30,0,600,stranger,0.35262439704885196,2.77041284353292,0.4490000000000002,2
1,58,30,0,600,stranger,2.104090093150996,2.77041284353292,0.5000000000000002,1
1,59,30,0,600,stranger,-1.9406577350810936,2.77041284353292,0.5630000000000003,2
1,60,30,0,600,stranger,0.22564459509901788,2.77041284353292,0.5720000000000003,1
1,61,30,0,600,stranger,1.3784743130215404,2.77041284353292,0.3560000000000001,1
1,62,30,0,600,stranger,-0.01619577769670494,2.77041284353292,0.5580000000000003,2
1,63,30,0,600,stranger,-0.8030253489872866,2.77041284353292,0.6100000000000003,2
1,64,30,0,600,stranger,-0.9868979563805466,2.77041284353292,0.5750000000000003,2
1,65,30,0,600,stranger,-0.872480753466956,2.77041284353292,0.6020000000000003,2
1,66,30,0,600,stranger,-3.1833952710947604,2.77041284353292,0.5530000000000003,2
1,67,30,0,600,stranger,-1.4321939277453302,2.77041284353292,0.5860000000000003,2
1,68,30,0,600,stranger,-1.2872093484702627,2.77041284353292,0.4510000000000002,2
1,69,30,0,600,stranger,-0.7093706864886951,2.77041284353292,0.5680000000000003,2
1,70,30,0,600,stranger,-1.7563583433283312,2.77041284353292,0.5590000000000003,2
1,71,30,0,600,stranger,1.2138558956458132,2.77041284353292,0.42100000000000015,1
1,72,30,0,600,stranger,1.3673973870260996,2.77041284353292,0.4970000000000002,1
1,73,30,0,600,stranger,1.667088936482933,2.77041284353292,0.5400000000000003,1
1,74,30,0,600,stranger,2.237475100910057,2.77041284353292,0.43500000000000016,1
1,75,30,0,600,stranger,-2.0697754113955624,2.77041284353292,0.5810000000000003,2
1,76,30,0,600,stranger,1.2149769552659708,2.77041284353292,0.4730000000000002,1
1,77,30,0,600,stranger,-1.5040244494362378,2.77041284353292,0.6060000000000003,2
1,78,30,0,600,stranger,2.644435873940619,2.77041284353292,0.5980000000000003,1
1,79,30,0,600,stranger,-1.4893286770371024,2.77041284353292,0.5040000000000002,2
1,80,30,0,600,stranger,1.3314652501697561,2.77041284353292,0.4440000000000002,1
1,81,30,0,600,stranger,1.1457906261680575,2.77041284353292,0.6220000000000003,1
1,82,30,0,600,stranger,-1.4521917319868995,2.77041284353292,0.5420000000000003,2
1,83,30,0,600,stranger,1.0295207137528737,2.77041284353292,0.4900000000000002,1
1,84,30,0,600,stranger,1.1049820196992002,2.77041284353292,0.5480000000000003,1
1,85,30,0,600,stranger,2.1815721432579283,2.77041284353292,0.5760000000000003,1
1,86,30,0,600,stranger,-1.1603171073571459,2.77041284353292,0.5800000000000003,2
1,87,30,0,600,stranger,-0.8638730785741057,2.77041284353292,0.4470000000000002,2
1,88,30,0,600,stranger,1.6786092508842199,2.77041284353292,0.44200000000000017,1
1,89,30,0,600,stranger,-2.1729396173177418,2.77041284353292,0.5580000000000003,2
1,90,30,0,600,stranger,1.3339203779854798,2.77041284353292,0.4530000000000002,1
1,91,30,0,600,stranger,-1.2404953163093553,2.77041284353292,0.4940000000000002,2
1,92,30,0,600,stranger,-0.9571997451105695,2.77041284353292,0.4520000000000002,2
1,93,30,0,600,stranger,1.5403376650841527,2.77041284353292,0.5650000000000003,1
1,94,30,0,600,stranger,1.466425131407627,2.77041284353292,0.5480000000000003,1
1,95,30,0,600,stranger,0.1998949533159337,2.77041284353292,0.42200000000000015,1
1,96,30,0,600,stranger,-1.0785881814238092,2.77041284353292,0.4500000000000002,2
1,97,30,0,600,stranger,1.3865651108290251,2.77041284353292,0.5800000000000003,1
1,98,30,0,600,stranger,0.2537961846725715,2.77041284353292,0.4980000000000002,2
1,99,30,0,600,stranger,-0.017452931549075568,2.77041284353292,0.5950000000000003,2
1,100,30,0,600,stranger,1.6954874177329473,2.77041284353292,0.5380000000000003,1
1,101,30,0,600,stranger,0.02663570380959912,2.77041284353292,0.6180000000000003,1
1,102,30,0,600,stranger,1.9582714863806245,2.77041284353292,0.5210000000000002,1
1,103,30,0,600,stranger,2.4604310032919106,2.77041284353292,0.6050000000000003,1
1,104,30,0,600,stranger,0.579348573034955,2.77041284353292,0.4980000000000002,2
1,105,30,0,600,stranger,2.7004711958057785,2.77041284353292,0.41300000000000014,1
1,106,30,0,600,stranger,0.9873363370070041,2.77041284353292,0.5720000000000003,1
1,107,30,0,600,stranger,0.19100373141400262,2.77041284353292,0.6230000000000003,2
1,108,30,0,600,stranger,-0.5586879839114492,2.77041284353292,0.5310000000000002,2
1,109,30,0,600,stranger,1.562329593779503,2.77041284353292,0.5280000000000002,1
1,110,30,0,600,stranger,2.117829970109692,2.77041284353292,0.6100000000000003,1
1,111,30,0,600,stranger,1.7245959473217578,2.77041284353292,0.5250000000000002,1
1,112,30,0,600,stranger,2.4264927802581377,2.77041284353292,0.4840000000000002,1
1,113,30,0,600,stranger,0.32261383227478513,2.77041284353292,0.4460000000000002,2
1,114,30,0,600,stranger,1.7703557468748357,2.77041284353292,0.5600000000000003,1
1,115,30,0,600,stranger,-1.140729347474466,2.77041284353292,0.5130000000000002,2
1,116,30,0,600,stranger,0.8170851435237834,2.77041284353292,0.5630000000000003,1
1,117,30,0,600,stranger,-0.3996110132389963,2.77041284353292,0.5890000000000003,2
1,118,30,0,600,stranger,2.5235778639706283,2.77041284353292,0.5810000000000003,1
1,119,30,0,600,stranger,1.5665119250277608,2.77041284353292,0.4800000000000002,1
1,120,30,0,600,stranger,-1.56442528176744,2.77041284353292,0.5980000000000003,2
1,121,30,0,600,stranger,0.14906575574257414,2.77041284353292,0.5320000000000003,1
1,122,30,0,600,stranger,-2.475029075207551,2.77041284353292,0.5950000000000003,2
1,123,30,0,600,stranger,0.5213464767101379,2.77041284353292,0.4460000000000002,1
1,124,30,0,600,stranger,-1.2553302850660897,2.77041284353292,0.6240000000000003,2
1,125,30,0,600,stranger,2.344157610455461,2.77041284353292,0.4600000000000002,1
1,126,30,0,600,stranger,0.9892682338530008,2.77041284353292,0.6190000000000003,1
1,127,30,0,600,stranger,0.3064491247604013,2.77041284353292,0.5320000000000003,1
1,128,30,0,600,stranger,1.9290919858892814,2.77041284353292,0.6290000000000003,1
1,129,30,0,600,stranger,-0.45944498986604365,2.77041284353292,0.4450000000000002,2
1,130,30,0,600,stranger,3.01960403136352,2.77041284353292,0.5960000000000003,1
1,1,30,0,600,self,0.7991405471123461,2.77041284353292,0.4640000000000002,1
1,2,30,0,600,self,2.677903123847637,2.77041284353292,0.39400000000000013,1
1,3,30,0,600,self,1.6489046039239978,2.77041284353292,0.5700000000000003,1
1,4,30,0,600,self,0.9549470527534205,2.77041284353292,0.42600000000000016,1
1,5,30,0,600,self,1.236078151368523,2.77041284353292,0.4630000000000002,1
1,6,30,0,600,self,2.4669823152059873,2.77041284353292,0.5300000000000002,1
1,7,30,0,600,self,1.8096979519008727,2.77041284353292,0.4730000000000002,1
1,8,30,0,600,self,2.571257978597381,2.77041284353292,0.5390000000000003,1
1,9,30,0,600,self,3.527105117700161,2.77041284353292,0.42300000000000015,1
1,10,30,0,600,self,2.3630889359485985,2.77041284353292,0.5430000000000003,1
1,11,30,0,600,self,1.2117111995683274,2.77041284353292,0.5540000000000003,1
1,12,30,0,600,self,2.951290307612543,2.77041284353292,0.5470000000000003,1
1,13,30,0,600,self,0.5617700876274887,2.77041284353292,0.4500000000000002,1
1,14,30,0,600,self,2.50218342412522,2.77041284353292,0.40700000000000014,1
1,15,30,0,600,self,2.0234271550267633,2.77041284353292,0.43400000000000016,1
1,16,30,0,600,self,1.82589074863824,2.77041284353292,0.5570000000000003,1
1,17,30,0,600,self,0.4116291831842681,2.77041284353292,0.5840000000000003,2
1,18,30,0,600,self,2.44791989850916,2.77041284353292,0.5510000000000003,1
1,19,30,0,600,self,2.8999645643456105,2.77041284353292,0.43200000000000016,1
1,20,30,0,600,self,1.7149516774942988,2.77041284353292,0.5150000000000002,1
1,21,30,0,600,self,2.0330018697759678,2.77041284353292,0.5970000000000003,1
1,22,30,0,600,self,1.7831546582047593,2.77041284353292,0.42200000000000015,1
1,23,30,0,600,self,2.1967502928892366,2.77041284353292,0.4790000000000002,1
1,24,30,0,600,self,1.131834534495117,2.77041284353292,0.6090000000000003,1
1,25,30,0,600,self,2.7009120844569585,2.77041284353292,0.4520000000000002,1
1,26,30,0,600,self,-0.29584026934340446,2.77041284353292,0.4980000000000002,2
1,27,30,0,600,self,-0.5356732633978819,2.77041284353292,0.5300000000000002,2
1,28,30,0,600,self,2.3421416866581675,2.77041284353292,0.5560000000000003,1
1,29,30,0,600,self,0.5366719987924227,2.77041284353292,0.5620000000000003,2
1,30,30,0,600,self,2.890417916277087,2.77041284353292,0.5650000000000003,1
1,31,30,0,600,self,2.790803936617007,2.77041284353292,0.4990000000000002,1
1,32,30,0,600,self,0.7500069588977014,2.77041284353292,0.5760000000000003,1
1,33,30,0,600,self,-1.5271006142230457,2.77041284353292,0.5690000000000003,2
1,34,30,0,600,self,3.321747815961732,2.77041284353292,0.4950000000000002,1
1,35,30,0,600,self,2.7915056382231223,2.77041284353292,0.4890000000000002,1
1,36,30,0,600,self,2.8989764500799318,2.77041284353292,0.5710000000000003,1
1,37,30,0,600,self,3.241894300277006,2.77041284353292,0.5580000000000003,1
1,38,30,0,600,self,2.646411160645877,2.77041284353292,0.5960000000000003,1
1,39,30,0,600,self,1.847993960187046,2.77041284353292,0.44300000000000017,1
1,40,30,0,600,self,0.18186160443869748,2.77041284353292,0.3710000000000001,1
1,41,30,0,600,self,1.5089367649812016,2.77041284353292,0.5750000000000003,1
1,42,30,0,600,self,1.4228497322299525,2.77041284353292,0.5970000000000003,1
1,43,30,0,600,self,2.924157232757515,2.77041284353292,0.6240000000000003,1
1,44,30,0,600,self,0.2105000035020964,2.77041284353292,0.5020000000000002,2
1,45,30,0,600,self,2.2114872821941587,2.77041284353292,0.5110000000000002,1
1,46,30,0,600,self,2.5170152542261977,2.77041284353292,0.6150000000000003,1
1,47,30,0,600,self,1.5418207001994617,2.77041284353292,0.5420000000000003,1
1,48,30,0,600,self,2.316158945590626,2.77041284353292,0.5180000000000002,1
1,49,30,0,600,self,1.9283657016850286,2.77041284353292,0.5500000000000003,1
1,50,30,0,600,self,0.2956564714097337,2.77041284353292,0.5840000000000003,1
1,51,30,0,600,self,-0.5469230000075161,2.77041284353292,0.5350000000000003,2
1,52,30,0,600,self,2.9529027291771186,2.77041284353292,0.5440000000000003,1
1,53,30,0,600,self,-0.012581622770739043,2.77041284353292,0.6210000000000003,1
1,54,30,0,600,self,1.7810998369531958,2.77041284353292,0.4720000000000002,1
1,55,30,0,600,self,0.43592599668907406,2.77041284353292,0.5060000000000002,1
1,56,30,0,600,self,-0.41849699856676315,2.77041284353292,0.5240000000000002,2
1,57,30,0,600,self,-1.2453264907412351,2.77041284353292,0.5940000000000003,2
1,58,30,0,600,self,3.622226220159924,2.77041284353292,0.5750000000000003,1
1,59,30,0,600,self,2.0024412667537557,2.77041284353292,0.6170000000000003,1
1,60,30,0,600,self,1.0365238138016333,2.77041284353292,0.4610000000000002,1
1,61,30,0,600,self,1.5428744022465746,2.77041284353292,0.5960000000000003,1
1,62,30,0,600,self,2.128167118945933,2.77041284353292,0.5140000000000002,1
1,63,30,0,600,self,-1.3404698639719852,2.77041284353292,0.5540000000000003,2
1,64,30,0,600,self,0.02687083792279965,2.77041284353292,0.5730000000000003,2
1,65,30,0,600,self,2.355506951055775,2.77041284353292,0.4850000000000002,1
1,66,30,0,600,self,1.8687887902139417,2.77041284353292,0.5690000000000003,1
1,67,30,0,600,self,2.898385231746046,2.77041284353292,0.4900000000000002,1
1,68,30,0,600,self,0.20787987460510826,2.77041284353292,0.41700000000000015,1
1,69,30,0,600,self,1.6019797019874664,2.77041284353292,0.3810000000000001,1
1,70,30,0,600,self,1.918933032481645,2.77041284353292,0.6090000000000003,1
1,71,30,0,600,self,1.2204373921208993,2.77041284353292,0.5190000000000002,1
1,72,30,0,600,self,1.5316383259866977,2.77041284353292,0.4980000000000002,1
1,73,30,0,600,self,1.3162057868488333,2.77041284353292,0.6200000000000003,1
1,74,30,0,600,self,3.072962726065308,2.77041284353292,0.5790000000000003,1
1,75,30,0,600,self,1.071362453159417,2.77041284353292,0.41100000000000014,2
1,76,30,0,600,self,3.104458757900226,2.77041284353292,0.3810000000000001,1
1,77,30,0,600,self,1.665861012201554,2.77041284353292,0.5340000000000003,1
1,78,30,0,600,self,1.779047065469018,2.77041284353292,0.6020000000000003,1
1,79,30,0,600,self,1.6649324909200651,2.77041284353292,0.4790000000000002,1
1,80,30,0,600,self,2.5318520691210655,2.77041284353292,0.5230000000000002,1
1,81,30,0,600,self,2.6047664887541435,2.77041284353292,0.6260000000000003,1
1,82,30,0,600,self,1.874225913232479,2.77041284353292,0.5810000000000003,1
1,83,30,0,600,self,0.8479471860095283,2.77041284353292,0.4940000000000002,1
1,84,30,0,600,self,1.3491976467088964,2.77041284353292,0.39600000000000013,1
1,85,30,0,600,self,2.6963942540690797,2.77041284353292,0.5870000000000003,1
1,86,30,0,600,self,-1.293400568624222,2.77041284353292,0.5960000000000003,2
1,87,30,0,600,self,2.086760525624386,2.77041284353292,0.5180000000000002,1
1,88,30,0,600,self,1.4414709042077065,2.77041284353292,0.3860000000000001,1
1,89,30,0,600,self,1.1855504635909908,2.77041284353292,0.5000000000000002,1
1,90,30,0,600,self,0.6252919299020177,2.77041284353292,0.6050000000000003,1
1,91,30,0,600,self,1.6914687082711404,2.77041284353292,0.6170000000000003,1
1,92,30,0,600,self,2.125795901076815,2.77041284353292,0.3870000000000001,1
1,93,30,0,600,self,1.9291496799581498,2.77041284353292,0.5550000000000003,1
1,94,30,0,600,self,-0.3009816724197768,2.77041284353292,0.5270000000000002,2
1,95,30,0,600,self,1.2386723179569712,2.77041284353292,0.5240000000000002,1
1,96,30,0,600,self,1.4855130898965503,2.77041284353292,0.6080000000000003,1
1,97,30,0,600,self,1.986456959260407,2.77041284353292,0.44000000000000017,1
1,98,30,0,600,self,1.1089769854079716,2.77041284353292,0.43500000000000016,1
1,99,30,0,600,self,0.34926350009397333,2.77041284353292,0.6090000000000003,2
1,100,30,0,600,self,0.6786890256832672,2.77041284353292,0.4680000000000002,1
1,101,30,0,600,self,1.2778615362916403,2.77041284353292,0.3720000000000001,1
1,102,30,0,600,self,1.9912532242719156,2.77041284353292,0.5460000000000003,1
1,103,30,0,600,self,1.9168087258512303,2.77041284353292,0.4640000000000002,1
1,104,30,0,600,self,0.919585103958818,2.77041284353292,0.5170000000000002,1
1,105,30,0,600,self,3.7064259368106236,2.77041284353292,0.3580000000000001,1
1,106,30,0,600,self,0.8087546978004392,2.77041284353292,0.5460000000000003,1
1,107,30,0,600,self,0.6533965872962249,2.77041284353292,0.4830000000000002,1
1,108,30,0,600,self,1.6369538776536028,2.77041284353292,0.5750000000000003,1
1,109,30,0,600,self,2.5987497517147,2.77041284353292,0.5310000000000002,1
1,110,30,0,600,self,1.95240013653074,2.77041284353292,0.5640000000000003,1
1,111,30,0,600,self,2.1195288764977027,2.77041284353292,0.4490000000000002,1
1,112,30,0,600,self,1.6266394199223408,2.77041284353292,0.6180000000000003,1
1,113,30,0,600,self,2.164611878101188,2.77041284353292,0.41700000000000015,1
1,114,30,0,600,self,1.584908172651246,2.77041284353292,0.5300000000000002,1
1,115,30,0,600,self,2.2283728901017086,2.77041284353292,0.43700000000000017,1
1,116,30,0,600,self,2.0490793946777597,2.77041284353292,0.5220000000000002,1
1,117,30,0,600,self,1.7924387065565341,2.77041284353292,0.5140000000000002,1
1,118,30,0,600,self,1.5821421159410125,2.77041284353292,0.5280000000000002,1
1,119,30,0,600,self,2.5537608260364597,2.77041284353292,0.3790000000000001,1
1,120,30,0,600,self,3.0660597364418796,2.77041284353292,0.5070000000000002,1
1,121,30,0,600,self,2.436306393085788,2.77041284353292,0.4990000000000002,1
1,122,30,0,600,self,-0.06365445743343467,2.77041284353292,0.6010000000000003,2
1,123,30,0,600,self,0.9995564123132117,2.77041284353292,0.5730000000000003,1
1,124,30,0,600,self,0.12534731244090658,2.77041284353292,0.5790000000000003,1
1,125,30,0,600,self,2.4534951747262377,2.77041284353292,0.3820000000000001,1
1,126,30,0,600,self,2.1592618929809277,2.77041284353292,0.5550000000000003,1
1,127,30,0,600,self,-0.7367438551978406,2.77041284353292,0.3660000000000001,2
1,128,30,0,600,self,1.4840129844258887,2.77041284353292,0.5570000000000003,1
1,129,30,0,600,self,2.205384706394243,2.77041284353292,0.5580000000000003,1
1,130,30,0,600,self,2.497118142693307,2.77041284353292,0.6200000000000003,1
2,1,30,0,600,stranger,0.049100848953473636,2.428341859545037,0.5060000000000002,1
2,2,30,0,600,stranger,1.5692546312147018,2.428341859545037,0.4820000000000002,1
2,3,30,0,600,stranger,0.02939665629647134,2.428341859545037,0.5050000000000002,2
2,4,30,0,600,stranger,0.6918346231426382,2.428341859545037,0.5050000000000002,2
2,5,30,0,600,stranger,0.9296505281593567,2.428341859545037,0.5740000000000003,1
2,6,30,0,600,stranger,-0.06834292244097195,2.428341859545037,0.4890000000000002,1
2,7,30,0,600,stranger,0.8313117111268191,2.428341859545037,0.6010000000000003,1
2,8,30,0,600,stranger,1.5303800341487075,2.428341859545037,0.43600000000000017,1
2,9,30,0,600,stranger,-1.51103848407335,2.428341859545037,0.5330000000000003,2
2,10,30,0,600,stranger,-1.1895416547398168,2.428341859545037,0.41600000000000015,2
2,11,30,0,600,stranger,-0.7771885197382141,2.428341859545037,0.5760000000000003,2
2,12,30,0,600,stranger,1.7477966698301866,2.428341859545037,0.3830000000000001,1
2,13,30,0,600,stranger,-1.3903373323749681,2.428341859545037,0.4660000000000002,2
2,14,30,0,600,stranger,1.5082083307156893,2.428341859545037,0.5580000000000003,1
2,15,30,0,600,stranger,-1.8735289912159154,2.428341859545037,0.5710000000000003,2
2,16,30,0,600,stranger,-1.4058004351147027,2.428341859545037,0.5970000000000003,2
2,17,30,0,600,stranger,-0.12225284219491461,2.428341859545037,0.6160000000000003,2
2,18,30,0,600,stranger,-1.0495351564039455,2.428341859545037,0.4650000000000002,2
2,19,30,0,600,stranger,2.3191249220603747,2.428341859545037,0.4970000000000002,1
2,20,30,0,600,stranger,1.4215683421558598,2.428341859545037,0.5650000000000003,2
2,21,30,0,600,stranger,0.3417998614518609,2.428341859545037,0.5670000000000003,2
2,22,30,0,600,stranger,-0.2622487020880977,2.428341859545037,0.3840000000000001,2
2,23,30,0,600,stranger,1.2717328649715456,2.428341859545037,0.5090000000000002,1
2,24,30,0,600,stranger,0.660831225521993,2.428341859545037,0.5880000000000003,1
2,25,30,0,600,stranger,0.30086313256409886,2.428341859545037,0.41300000000000014,1
2,26,30,0,600,stranger,1.0920375586626268,2.428341859545037,0.40900000000000014,1
2,27,30,0,600,stranger,2.232884654837225,2.428341859545037,0.4940000000000002,1
2,28,30,0,600,stranger,0.2613699977598582,2.428341859545037,0.5900000000000003,2
2,29,30,0,600,stranger,1.0726668820021525,2.428341859545037,0.5680000000000003,1
2,30,30,0,600,stranger,1.7979814593262033,2.428341859545037,0.5410000000000003,1
2,31,30,0,600,stranger,1.6392219410026212,2.428341859545037,0.4710000000000002,1
2,32,30,0,600,stranger,1.511892948761945,2.428341859545037,0.4870000000000002,2
2,33,30,0,600,stranger,-0.6748192259529,2.428341859545037,0.41600000000000015,2
2,34,30,0,600,stranger,0.5098865095944431,2.428341859545037,0.3610000000000001,1
2,35,30,0,600,stranger,1.2356799632214184,2.428341859545037,0.5130000000000002,1
2,36,30,0,600,stranger,-0.7808347357390889,2.428341859545037,0.4820000000000002,1
2,37,30,0,600,stranger,-0.35046429048848926,2.428341859545037,0.5850000000000003,2
2,38,30,0,600,stranger,0.6020383900905006,2.428341859545037,0.5450000000000003,1
2,39,30,0,600,stranger,-1.720653035921063,2.428341859545037,0.43500000000000016,1
2,40,30,0,600,stranger,0.8366053119182861,2.428341859545037,0.5940000000000003,1
2,41,30,0,600,stranger,1.2521874193257094,2.428341859545037,0.41600000000000015,1
2,42,30,0,600,stranger,0.6321148284678599,2.428341859545037,0.6160000000000003,1
2,43,30,0,600,stranger,1.0609511261574203,2.428341859545037,0.5110000000000002,1
2,44,30,0,600,stranger,2.012517370175793,2.428341859545037,0.4770000000000002,1
2,45,30,0,600,stranger,-0.000134481476948195,2.428341859545037,0.4880000000000002,2
2,46,30,0,600,stranger,-0.47673629252168426,2.428341859545037,0.3830000000000001,2
2,47,30,0,600,stranger,0.1627170931734498,2.428341859545037,0.4950000000000002,1
2,48,30,0,600,stranger,-1.072558493897645,2.428341859545037,0.5100000000000002,2
2,49,30,0,600,stranger,-2.0513807122232057,2.428341859545037,0.4560000000000002,2
2,50,30,0,600,stranger,0.6179473924922382,2.428341859545037,0.4460000000000002,1
2,51,30,0,600,stranger,-0.16331924213909937,2.428341859545037,0.4810000000000002,2
2,52,30,0,600,stranger,-1.3059968101074735,2.428341859545037,0.41000000000000014,1
2,53,30,0,600,stranger,-1.6625954278608939,2.428341859545037,0.3420000000000001,2
2,54,30,0,600,stranger,-0.13741525701292628,2.428341859545037,0.6130000000000003,2
2,55,30,0,600,stranger,0.68920683898845,2.428341859545037,0.4790000000000002,1
2,56,30,0,600,stranger,-0.22511095519521113,2.428341859545037,0.4460000000000002,2
2,57,30,0,600,stranger,-0.1684867548742855,2.428341859545037,0.5700000000000003,2
2,58,30,0,600,stranger,-0.5405192552757248,2.428341859545037,0.5840000000000003,2
2,59,30,0,600,stranger,1.6277475334227423,2.428341859545037,0.4790000000000002,1
2,60,30,0,600,stranger,-0.6641355664960618,2.428341859545037,0.5260000000000002,2
2,61,30,0,600,stranger,0.20402296067811246,2.428341859545037,0.41800000000000015,1
2,62,30,0,600,stranger,-2.8049841874897705,2.428341859545037,0.42300000000000015,2
2,63,30,0,600,stranger,-0.6555138938950354,2.428341859545037,0.5920000000000003,2
2,64,30,0,600,stranger,2.20626887348057,2.428341859545037,0.5040000000000002,1
2,65,30,0,600,stranger,-2.1859208644592614,2.428341859545037,0.4710000000000002,2
2,66,30,0,600,stranger,1.4967177668708418,2.428341859545037,0.5460000000000003,1
2,67,30,0,600,stranger,1.7581781886055952,2.428341859545037,0.42200000000000015,1
2,68,30,0,600,stranger,0.15448194240647084,2.428341859545037,0.5960000000000003,2
2,69,30,0,600,stranger,1.4499436304722022,2.428341859545037,0.5490000000000003,1
2,70,30,0,600,stranger,-2.4776167441811148,2.428341859545037,0.43200000000000016,2
2,71,30,0,600,stranger,1.238776568728095,2.428341859545037,0.39500000000000013,1
2,72,30,0,600,stranger,1.7269623852713054,2.428341859545037,0.4470000000000002,1
2,73,30,0,600,stranger,1.127186464741279,2.428341859545037,0.4920000000000002,1
2,74,30,0,600,stranger,1.709571112440369,2.428341859545037,0.5600000000000003,1
2,75,30,0,600,stranger,0.7178788768020886,2.428341859545037,0.4880000000000002,1
2,76,30,0,600,stranger,-0.4200272767735075,2.428341859545037,0.5000000000000002,2
2,77,30,0,600,stranger,-1.3294350746016779,2.428341859545037,0.5270000000000002,2
2,78,30,0,600,stranger,-1.1253213050338933,2.428341859545037,0.5800000000000003,2
2,79,30,0,600,stranger,-2.3598256040587438,2.428341859545037,0.5170000000000002,2
2,80,30,0,600,stranger,0.3194802152240556,2.428341859545037,0.5440000000000003,1
2,81,30,0,600,stranger,-2.2077776939050167,2.428341859545037,0.5010000000000002,2
2,82,30,0,600,stranger,1.2855788404853814,2.428341859545037,0.5160000000000002,1
2,83,30,0,600,stranger,0.7807453899557345,2.428341859545037,0.5390000000000003,1
2,84,30,0,600,stranger,-2.13741289389416,2.428341859545037,0.5480000000000003,2
2,85,30,0,600,stranger,2.5403917761917287,2.428341859545037,0.5660000000000003,1
2,86,30,0,600,stranger,-1.1018185470385005,2.428341859545037,0.4790000000000002,2
2,87,30,0,600,stranger,1.0948991935409422,2.428341859545037,0.3880000000000001,1
2,88,30,0,600,stranger,1.8711120021872092,2.428341859545037,0.40700000000000014,1
2,89,30,0,600,stranger,1.686549099514858,2.428341859545037,0.5740000000000003,1
2,90,30,0,600,stranger,2.468507924460938,2.428341859545037,0.5350000000000003,1
2,91,30,0,600,stranger,-0.8443754685932053,2.428341859545037,0.4850000000000002,2
2,92,30,0,600,stranger,-1.1060123262996178,2.428341859545037,0.5540000000000003,2
2,93,30,0,600,stranger,1.2288876475729027,2.428341859545037,0.5610000000000003,1
2,94,30,0,600,stranger,-0.8262588181157343,2.428341859545037,0.5960000000000003,2
2,95,30,0,600,stranger,-0.24970164283632407,2.428341859545037,0.6220000000000003,2
2,96,30,0,600,stranger,-1.2341489463317816,2.428341859545037,0.6230000000000003,2
2,97,30,0,600,stranger,1.0350082852395581,2.428341859545037,0.6100000000000003,1
2,98,30,0,600,stranger,-0.35931783041854914,2.428341859545037,0.5430000000000003,2
2,99,30,0,600,stranger,-1.676952363644769,2.428341859545037,0.5730000000000003,2
2,100,30,0,600,stranger,0.2410068004663011,2.428341859545037,0.6200000000000003,1
2,101,30,0,600,stranger,-0.7535274699061554,2.428341859545037,0.39800000000000013,1
2,102,30,0,600,stranger,0.8474011266386299,2.428341859545037,0.41500000000000015,1
2,103,30,0,600,stranger,-0.6237303109903777,2.428341859545037,0.5070000000000002,2
2,104,30,0,600,stranger,2.610882785218093,2.428341859545037,0.5700000000000003,1
2,105,30,0,600,stranger,1.7847458822951174,2.428341859545037,0.4890000000000002,1
2,106,30,0,600,stranger,0.8554933793699097,2.428341859545037,0.3560000000000001,1
2,107,30,0,600,stranger,0.09681246425687828,2.428341859545037,0.5650000000000003,2
2,108,30,0,600,stranger,-3.466463266780721,2.428341859545037,0.6200000000000003,2
2,109,30,0,600,stranger,0.46626305519478484,2.428341859545037,0.5780000000000003,1
2,110,30,0,600,stranger,-0.8490729084214591,2.428341859545037,0.4570000000000002,2
2,111,30,0,600,stranger,1.257153712046014,2.428341859545037,0.3850000000000001,1
2,112,30,0,600,stranger,-0.5023886565250093,2.428341859545037,0.4760000000000002,2
2,113,30,0,600,stranger,-1.057382871492937,2.428341859545037,0.5540000000000003,2
2,114,30,0,600,stranger,1.081355633710226,2.428341859545037,0.42600000000000016,1
2,115,30,0,600,stranger,0.2656925602582291,2.428341859545037,0.5560000000000003,1
2,116,30,0,600,stranger,2.3069407608579025,2.428341859545037,0.5320000000000003,1
2,117,30,0,600,stranger,1.105730394891177,2.428341859545037,0.4610000000000002,2
2,118,30,0,600,stranger,-0.8692485475789317,2.428341859545037,0.5660000000000003,2
2,119,30,0,600,stranger,-2.823461971393836,2.428341859545037,0.5920000000000003,2
2,120,30,0,600,stranger,0.022287653340665486,2.428341859545037,0.3420000000000001,1
2,121,30,0,600,stranger,-1.4904696993380693,2.428341859545037,0.6280000000000003,2
2,122,30,0,600,stranger,-0.450421101259309,2.428341859545037,0.6170000000000003,2
2,123,30,0,600,stranger,1.083698162619553,2.428341859545037,0.5690000000000003,2
2,124,30,0,600,stranger,-0.5754242013118741,2.428341859545037,0.6060000000000003,2
2,125,30,0,600,stranger,1.2087813253812676,2.428341859545037,0.6110000000000003,1
2,126,30,0,600,stranger,0.7194033875273369,2.428341859545037,0.5470000000000003,1
2,127,30,0,600,stranger,0.1055318076747809,2.428341859545037,0.5780000000000003,2
2,128,30,0,600,stranger,-1.6995170248246443,2.428341859545037,0.5590000000000003,2
2,129,30,0,600,stranger,-0.6169404588887557,2.428341859545037,0.5820000000000003,2
2,130,30,0,600,stranger,0.2060464365373468,2.428341859545037,0.5870000000000003,2
2,1,30,0,600,self,1.1404544887419796,2.428341859545037,0.6240000000000003,1
2,2,30,0,600,self,2.5113303915440848,2.428341859545037,0.6200000000000003,1
2,3,30,0,600,self,1.8844974593942558,2.428341859545037,0.6130000000000003,1
2,4,30,0,600,self,2.325326483583681,2.428341859545037,0.6140000000000003,1
2,5,30,0,600,self,2.6996704093037915,2.428341859545037,0.5440000000000003,1
2,6,30,0,600,self,1.8999910890156815,2.428341859545037,0.6120000000000003,1
2,7,30,0,600,self,1.924842307318217,2.428341859545037,0.6120000000000003,1
2,8,30,0,600,self,1.264538345792003,2.428341859545037,0.5420000000000003,1
2,9,30,0,600,self,2.537816057921456,2.428341859545037,0.41900000000000015,1
2,10,30,0,600,self,-0.9343697485797261,2.428341859545037,0.41800000000000015,2
2,11,30,0,600,self,1.5654106340237135,2.428341859545037,0.5570000000000003,1
2,12,30,0,600,self,1.5821127697570394,2.428341859545037,0.3430000000000001,1
2,13,30,0,600,self,0.6566050399539849,2.428341859545037,0.5550000000000003,1
2,14,30,0,600,self,1.522072634717873,2.428341859545037,0.39700000000000013,1
2,15,30,0,600,self,2.70682497951688,2.428341859545037,0.4680000000000002,1
2,16,30,0,600,self,2.1767047556985295,2.428341859545037,0.3850000000000001,1
2,17,30,0,600,self,1.7917746980896077,2.428341859545037,0.5040000000000002,1
2,18,30,0,600,self,2.2856831691402997,2.428341859545037,0.5540000000000003,1
2,19,30,0,600,self,3.1705480214262747,2.428341859545037,0.6010000000000003,1
2,20,30,0,600,self,0.38272259762796246,2.428341859545037,0.5450000000000003,1
2,21,30,0,600,self,2.4916052720289317,2.428341859545037,0.5140000000000002,1
2,22,30,0,600,self,1.7195586598668477,2.428341859545037,0.4710000000000002,1
2,23,30,0,600,self,1.9851686367923476,2.428341859545037,0.6240000000000003,1
2,24,30,0,600,self,1.3267298551218292,2.428341859545037,0.40000000000000013,1
2,25,30,0,600,self,1.6220483164602943,2.428341859545037,0.40100000000000013,1
2,26,30,0,600,self,2.7727818261565056,2.428341859545037,0.5320000000000003,1
2,27,30,0,600,self,1.4972284968231429,2.428341859545037,0.4870000000000002,1
2,28,30,0,600,self,1.0978841247888902,2.428341859545037,0.5860000000000003,1
2,29,30,0,600,self,1.5257351641182946,2.428341859545037,0.3730000000000001,1
2,30,30,0,600,self,1.2886291966774523,2.428341859545037,0.41900000000000015,1
2,31,30,0,600,self,3.9370444814747927,2.428341859545037,0.5030000000000002,1
2,32,30,0,600,self,1.8213832357383222,2.428341859545037,0.6110000000000003,1
2,33,30,0,600,self,1.5893997888184894,2.428341859545037,0.4910000000000002,1
2,34,30,0,600,self,0.21696509996466817,2.428341859545037,0.4930000000000002,2
2,35,30,0,600,self,2.6544860580318805,2.428341859545037,0.3720000000000001,1
2,36,30,0,600,self,2.4253067164224937,2.428341859545037,0.4940000000000002,1
2,37,30,0,600,self,1.850542227993633,2.428341859545037,0.5690000000000003,1
2,38,30,0,600,self,1.5647170016398593,2.428341859545037,0.3930000000000001,1
2,39,30,0,600,self,1.4197413450155425,2.428341859545037,0.4560000000000002,1
2,40,30,0,600,self,1.0748123072985973,2.428341859545037,0.5360000000000003,1
2,41,30,0,600,self,2.1524512083285376,2.428341859545037,0.4610000000000002,1
2,42,30,0,600,self,0.084217173870066,2.428341859545037,0.3540000000000001,1
2,43,30,0,600,self,0.33405086872334366,2.428341859545037,0.4880000000000002,1
2,44,30,0,600,self,1.596339191661587,2.428341859545037,0.5930000000000003,1
2,45,30,0,600,self,-0.19484504426068583,2.428341859545037,0.5530000000000003,2
2,46,30,0,600,self,1.9761596341907182,2.428341859545037,0.3520000000000001,1
2,47,30,0,600,self,1.9143641975835621,2.428341859545037,0.5140000000000002,1
2,48,30,0,600,self,1.182554100811487,2.428341859545037,0.4810000000000002,1
2,49,30,0,600,self,1.0968393859020582,2.428341859545037,0.5410000000000003,1
2,50,30,0,600,self,2.33783328812006,2.428341859545037,0.5900000000000003,1
2,51,30,0,600,self,3.33717492406261,2.428341859545037,0.6190000000000003,1
2,52,30,0,600,self,1.110540861757575,2.428341859545037,0.4840000000000002,2
2,53,30,0,600,self,0.9650688592039186,2.428341859545037,0.39600000000000013,1
2,54,30,0,600,self,0.3454110584052683,2.428341859545037,0.42700000000000016,1
2,55,30,0,600,self,0.7245064347217132,2.428341859545037,0.5270000000000002,1
2,56,30,0,600,self,1.1531554017704553,2.428341859545037,0.4910000000000002,1
2,57,30,0,600,self,1.8646020989972931,2.428341859545037,0.4710000000000002,1
2,58,30,0,600,self,1.44410308641824,2.428341859545037,0.4510000000000002,1
2,59,30,0,600,self,2.0609853258819304,2.428341859545037,0.4550000000000002,1
2,60,30,0,600,self,1.0393318249185808,2.428341859545037,0.6060000000000003,1
2,61,30,0,600,self,0.7855050480328676,2.428341859545037,0.6260000000000003,1
2,62,30,0,600,self,0.44239242448819605,2.428341859545037,0.6180000000000003,2
2,63,30,0,600,self,1.699607536727394,2.428341859545037,0.4910000000000002,1
2,64,30,0,600,self,-0.12493337015963213,2.428341859545037,0.5680000000000003,1
2,65,30,0,600,self,0.8614328076433653,2.428341859545037,0.5780000000000003,1
2,66,30,0,600,self,2.1414148724308935,2.428341859545037,0.3850000000000001,1
2,67,30,0,600,self,3.404313709870438,2.428341859545037,0.6200000000000003,1
2,68,30,0,600,self,0.15389109963934933,2.428341859545037,0.6030000000000003,2
2,69,30,0,600,self,0.7835306077902633,2.428341859545037,0.5890000000000003,1
2,70,30,0,600,self,1.071937509389115,2.428341859545037,0.5390000000000003,1
2,71,30,0,600,self,1.0524608782232345,2.428341859545037,0.4630000000000002,1
2,72,30,0,600,self,2.2048516403332954,2.428341859545037,0.5720000000000003,1
2,73,30,0,600,self,-0.8586925800379915,2.428341859545037,0.5960000000000003,2
2,74,30,0,600,self,1.2288247765564888,2.428341859545037,0.3760000000000001,1
2,75,30,0,600,self,-0.7241329671203373,2.428341859545037,0.5740000000000003,2
2,76,30,0,600,self,0.858255789740147,2.428341859545037,0.4480000000000002,1
2,77,30,0,600,self,2.178183657284638,2.428341859545037,0.44100000000000017,1
2,78,30,0,600,self,1.7073362418263587,2.428341859545037,0.5390000000000003,1
2,79,30,0,600,self,2.1013557469209307,2.428341859545037,0.4890000000000002,1
2,80,30,0,600,self,2.152938875614524,2.428341859545037,0.4560000000000002,1
2,81,30,0,600,self,1.1061814835345407,2.428341859545037,0.6020000000000003,1
2,82,30,0,600,self,1.137775095181282,2.428341859545037,0.4610000000000002,1
2,83,30,0,600,self,2.6053141942255125,2.428341859545037,0.4710000000000002,1
2,84,30,0,600,self,1.9327244966113102,2.428341859545037,0.3570000000000001,1
2,85,30,0,600,self,0.5037784802215737,2.428341859545037,0.5130000000000002,1
2,86,30,0,600,self,1.9014171992125322,2.428341859545037,0.4530000000000002,1
2,87,30,0,600,self,0.5835981560399635,2.428341859545037,0.4550000000000002,1
2,88,30,0,600,self,1.2469929577405794,2.428341859545037,0.41500000000000015,1
2,89,30,0,600,self,1.370390008090014,2.428341859545037,0.42700000000000016,1
2,90,30,0,600,self,2.0629845677946417,2.428341859545037,0.39800000000000013,1
2,91,30,0,600,self,1.5777048341504862,2.428341859545037,0.5300000000000002,1
2,92,30,0,600,self,-1.2554952049563894,2.428341859545037,0.6030000000000003,2
2,93,30,0,600,self,2.3112709710790083,2.428341859545037,0.4840000000000002,1
2,94,30,0,600,self,1.9928156516537752,2.428341859545037,0.5710000000000003,1
2,95,30,0,600,self,0.764201412968729,2.428341859545037,0.5800000000000003,1
2,96,30,0,600,self,0.7145847196121264,2.428341859545037,0.6210000000000003,1
2,97,30,0,600,self,0.33639775048113374,2.428341859545037,0.39500000000000013,1
2,98,30,0,600,self,0.8564080567915302,2.428341859545037,0.5210000000000002,1
2,99,30,0,600,self,1.902527696521854,2.428341859545037,0.4780000000000002,1
2,100,30,0,600,self,1.605457621824518,2.428341859545037,0.6180000000000003,1
2,101,30,0,600,self,0.018761554778506828,2.428341859545037,0.5520000000000003,2
2,102,30,0,600,self,2.287497127482883,2.428341859545037,0.5130000000000002,1
2,103,30,0,600,self,2.3579233511394073,2.428341859545037,0.6050000000000003,1
2,104,30,0,600,self,0.9103541842701914,2.428341859545037,0.4910000000000002,1
2,105,30,0,600,self,-0.7635963336260684,2.428341859545037,0.42000000000000015,2
2,106,30,0,600,self,0.3887868226506185,2.428341859545037,0.6080000000000003,1
2,107,30,0,600,self,2.4029105884998794,2.428341859545037,0.2860000000000001,1
2,108,30,0,600,self,1.7148073356409452,2.428341859545037,0.5220000000000002,1
2,109,30,0,600,self,2.8845095532783365,2.428341859545037,0.4650000000000002,1
2,110,30,0,600,self,0.6417570981608138,2.428341859545037,0.3870000000000001,1
2,111,30,0,600,self,3.0352697759435614,2.428341859545037,0.5980000000000003,1
2,112,30,0,600,self,-0.2829148981157735,2.428341859545037,0.4890000000000002,2
2,113,30,0,600,self,-0.11057138901058117,2.428341859545037,0.6030000000000003,2
2,114,30,0,600,self,2.9932553468384087,2.428341859545037,0.4700000000000002,1
2,115,30,0,600,self,-2.2403180931731965,2.428341859545037,0.4690000000000002,2
2,116,30,0,600,self,1.9866638076116316,2.428341859545037,0.5480000000000003,1
2,117,30,0,600,self,0.6691660240472265,2.428341859545037,0.6250000000000003,2
2,118,30,0,600,self,1.2875335221113118,2.428341859545037,0.5970000000000003,1
2,119,30,0,600,self,2.6043072334270283,2.428341859545037,0.44000000000000017,1
2,120,30,0,600,self,-0.11031577183721664,2.428341859545037,0.5580000000000003,1
2,121,30,0,600,self,2.9206454667261212,2.428341859545037,0.3570000000000001,1
2,122,30,0,600,self,1.9986875449853259,2.428341859545037,0.3780000000000001,1
2,123,30,0,600,self,2.174727368015293,2.428341859545037,0.4940000000000002,1
2,124,30,0,600,self,1.1763878373916943,2.428341859545037,0.3430000000000001,1
2,125,30,0,600,self,2.2372069266041357,2.428341859545037,0.5550000000000003,1
2,126,30,0,600,self,1.3769569730784623,2.428341859545037,0.6170000000000003,1
2,127,30,0,600,self,2.603892626456271,2.428341859545037,0.5300000000000002,1
2,128,30,0,600,self,1.2304139208924538,2.428341859545037,0.43100000000000016,1
2,129,30,0,600,self,2.4149621198809186,2.428341859545037,0.3500000000000001,1
2,130,30,0,600,self,1.0940186695682204,2.428341859545037,0.43400000000000016,1
3,1,30,0,600,stranger,0.8633395291268763,2.214237311638447,0.3150000000000001,1
3,2,30,0,600,stranger,2.154492847498772,2.214237311638447,0.3510000000000001,1
3,3,30,0,600,stranger,-0.3279875008724128,2.214237311638447,0.5740000000000003,2
3,4,30,0,600,stranger,0.8092277662074017,2.214237311638447,0.3650000000000001,1
3,5,30,0,600,stranger,-0.30832156761395213,2.214237311638447,0.4500000000000002,1
3,6,30,0,600,stranger,1.7049452042989244,2.214237311638447,0.4540000000000002,1
3,7,30,0,600,stranger,0.9034460450093283,2.214237311638447,0.44300000000000017,1
3,8,30,0,600,stranger,-1.385146952914103,2.214237311638447,0.5570000000000003,2
3,9,30,0,600,stranger,-0.9749731019276339,2.214237311638447,0.5860000000000003,2
3,10,30,0,600,stranger,-0.036470168505563505,2.214237311638447,0.40700000000000014,2
3,11,30,0,600,stranger,0.9486408277501345,2.214237311638447,0.4860000000000002,2
3,12,30,0,600,stranger,2.06827462772922,2.214237311638447,0.4850000000000002,1
3,13,30,0,600,stranger,-1.2345876155783224,2.214237311638447,0.5690000000000003,2
3,14,30,0,600,stranger,0.581841931046984,2.214237311638447,0.5620000000000003,1
3,15,30,0,600,stranger,1.7093331680579418,2.214237311638447,0.5460000000000003,1
3,16,30,0,600,stranger,-0.6483652793607816,2.214237311638447,0.5760000000000003,2
3,17,30,0,600,stranger,1.6326659033719357,2.214237311638447,0.41100000000000014,1
3,18,30,0,600,stranger,1.7050484946665354,2.214237311638447,0.5100000000000002,1
3,19,30,0,600,stranger,-1.8264352285878576,2.214237311638447,0.5730000000000003,2
3,20,30,0,600,stranger,0.7073319279334407,2.214237311638447,0.5800000000000003,1
3,21,30,0,600,stranger,0.9848441569080527,2.214237311638447,0.5070000000000002,1
3,22,30,0,600,stranger,0.15557762132814534,2.214237311638447,0.4800000000000002,1
3,23,30,0,600,stranger,-1.1607547396477433,2.214237311638447,0.6200000000000003,2
3,24,30,0,600,stranger,-0.7786111123909408,2.214237311638447,0.4710000000000002,2
3,25,30,0,600,stranger,-1.7487262147078697,2.214237311638447,0.5160000000000002,2
3,26,30,0,600,stranger,-0.6467771589924426,2.214237311638447,0.41800000000000015,2
3,27,30,0,600,stranger,0.5799595821956482,2.214237311638447,0.6270000000000003,1
3,28,30,0,600,stranger,-0.06645880030552581,2.214237311638447,0.5810000000000003,2
3,29,30,0,600,stranger,1.105420538905818,2.214237311638447,0.6130000000000003,1
3,30,30,0,600,stranger,1.1155897491650184,2.214237311638447,0.3570000000000001,2
3,31,30,0,600,stranger,2.3342833608184472,2.214237311638447,0.5270000000000002,1
3,32,30,0,600,stranger,2.3679937642049382,2.214237311638447,0.4470000000000002,1
3,33,30,0,600,stranger,0.5018100477484868,2.214237311638447,0.6250000000000003,1
3,34,30,0,600,stranger,0.87414773743684,2.214237311638447,0.5330000000000003,1
3,35,30,0,600,stranger,2.854694006522963,2.214237311638447,0.5410000000000003,1
3,36,30,0,600,stranger,-0.018316471079429575,2.214237311638447,0.4810000000000002,1
3,37,30,0,600,stranger,-0.44117674351845537,2.214237311638447,0.5980000000000003,2
3,38,30,0,600,stranger,-2.496190264226416,2.214237311638447,0.4480000000000002,2
3,39,30,0,600,stranger,0.6447737573181973,2.214237311638447,0.5000000000000002,1
3,40,30,0,600,stranger,-0.8777504595389233,2.214237311638447,0.3500000000000001,1
3,41,30,0,600,stranger,-0.2688580227886972,2.214237311638447,0.5210000000000002,2
3,42,30,0,600,stranger,2.6772420590449975,2.214237311638447,0.41900000000000015,1
3,43,30,0,600,stranger,2.614694711244661,2.214237311638447,0.5670000000000003,1
3,44,30,0,600,stranger,-0.137257907319357,2.214237311638447,0.3190000000000001,2
3,45,30,0,600,stranger,2.2661293137752874,2.214237311638447,0.5230000000000002,1
3,46,30,0,600,stranger,0.6243761737653076,2.214237311638447,0.5330000000000003,1
3,47,30,0,600,stranger,0.48079313297873044,2.214237311638447,0.40300000000000014,1
3,48,30,0,600,stranger,1.779015898565509,2.214237311638447,0.3470000000000001,1
3,49,30,0,600,stranger,0.5258418558218192,2.214237311638447,0.3460000000000001,2
3,50,30,0,600,stranger,1.2095571397447746,2.214237311638447,0.4860000000000002,1
3,51,30,0,600,stranger,0.231876304039583,2.214237311638447,0.6240000000000003,2
3,52,30,0,600,stranger,0.35081097313577714,2.214237311638447,0.4620000000000002,1
3,53,30,0,600,stranger,0.6843097475899313,2.214237311638447,0.39500000000000013,1
3,54,30,0,600,stranger,-0.408693776863544,2.214237311638447,0.44200000000000017,2
3,55,30,0,600,stranger,0.9877079057329263,2.214237311638447,0.3590000000000001,2
3,56,30,0,600,stranger,-0.31196525481137904,2.214237311638447,0.5270000000000002,2
3,57,30,0,600,stranger,1.5834735326054203,2.214237311638447,0.6190000000000003,1
3,58,30,0,600,stranger,-2.057691501695365,2.214237311638447,0.40400000000000014,2
3,59,30,0,600,stranger,1.2785969285272327,2.214237311638447,0.4550000000000002,1
3,60,30,0,600,stranger,1.5434118528538017,2.214237311638447,0.41100000000000014,1
3,61,30,0,600,stranger,-0.4794236371041217,2.214237311638447,0.5670000000000003,2
3,62,30,0,600,stranger,0.5381351834713143,2.214237311638447,0.40200000000000014,1
3,63,30,0,600,stranger,-1.9868201945344,2.214237311638447,0.4900000000000002,2
3,64,30,0,600,stranger,-0.1638369286297776,2.214237311638447,0.5700000000000003,2
3,65,30,0,600,stranger,1.4640040421200728,2.214237311638447,0.4990000000000002,1
3,66,30,0,600,stranger,-0.6664953892336408,2.214237311638447,0.5900000000000003,2
3,67,30,0,600,stranger,-1.1529499200896907,2.214237311638447,0.4780000000000002,2
3,68,30,0,600,stranger,2.05007042856868,2.214237311638447,0.5550000000000003,1
3,69,30,0,600,stranger,0.6226562037619054,2.214237311638447,0.6200000000000003,1
3,70,30,0,600,stranger,1.1071857313004272,2.214237311638447,0.4880000000000002,1
3,71,30,0,600,stranger,2.397070679329688,2.214237311638447,0.3480000000000001,1
3,72,30,0,600,stranger,0.10823684793221058,2.214237311638447,0.5790000000000003,1
3,73,30,0,600,stranger,0.47506900350612913,2.214237311638447,0.42400000000000015,1
3,74,30,0,600,stranger,0.5700759901176914,2.214237311638447,0.5790000000000003,1
3,75,30,0,600,stranger,1.5283749114955292,2.214237311638447,0.4690000000000002,1
3,76,30,0,600,stranger,2.0513153492225786,2.214237311638447,0.4960000000000002,1
3,77,30,0,600,stranger,2.3703195669238157,2.214237311638447,0.5770000000000003,1
3,78,30,0,600,stranger,0.06284196178802451,2.214237311638447,0.4970000000000002,1
3,79,30,0,600,stranger,-1.2261920182599106,2.214237311638447,0.3590000000000001,2
3,80,30,0,600,stranger,-1.1168464514920036,2.214237311638447,0.5620000000000003,2
3,81,30,0,600,stranger,0.39506154105490765,2.214237311638447,0.5910000000000003,1
3,82,30,0,600,stranger,0.7930324498666611,2.214237311638447,0.5670000000000003,1
3,83,30,0,600,stranger,1.2479872229486997,2.214237311638447,0.43700000000000017,2
3,84,30,0,600,stranger,0.29615351857616773,2.214237311638447,0.5430000000000003,1
3,85,30,0,600,stranger,-0.17829134299755767,2.214237311638447,0.5380000000000003,1
3,86,30,0,600,stranger,0.5294531657810851,2.214237311638447,0.4980000000000002,1
3,87,30,0,600,stranger,1.8834920933716486,2.214237311638447,0.4470000000000002,1
3,88,30,0,600,stranger,-1.6901502600433291,2.214237311638447,0.5640000000000003,2
3,89,30,0,600,stranger,-1.0443033472722485,2.214237311638447,0.5960000000000003,2
3,90,30,0,600,stranger,1.1644307042761834,2.214237311638447,0.4750000000000002,1
3,91,30,0,600,stranger,2.4182249050123383,2.214237311638447,0.5900000000000003,1
3,92,30,0,600,stranger,1.8847885946412481,2.214237311638447,0.4910000000000002,1
3,93,30,0,600,stranger,-0.7961715894763896,2.214237311638447,0.4920000000000002,2
3,94,30,0,600,stranger,0.8755380724541271,2.214237311638447,0.3860000000000001,1
3,95,30,0,600,stranger,1.4298311674204238,2.214237311638447,0.6220000000000003,1
3,96,30,0,600,stranger,-1.8989758009786164,2.214237311638447,0.5600000000000003,2
3,97,30,0,600,stranger,-0.1066533457465853,2.214237311638447,0.5290000000000002,2
3,98,30,0,600,stranger,0.6652354551124557,2.214237311638447,0.40900000000000014,1
3,99,30,0,600,stranger,-1.4346547387072932,2.214237311638447,0.3760000000000001,2
3,100,30,0,600,stranger,-0.4746799161150378,2.214237311638447,0.5940000000000003,2
3,101,30,0,600,stranger,-0.4773440573954314,2.214237311638447,0.6010000000000003,2
3,102,30,0,600,stranger,0.7794236191636109,2.214237311638447,0.3480000000000001,1
3,103,30,0,600,stranger,0.9506959280699604,2.214237311638447,0.3470000000000001,1
3,104,30,0,600,stranger,1.7343882215996222,2.214237311638447,0.3700000000000001,1
3,105,30,0,600,stranger,-0.2750340856595227,2.214237311638447,0.5980000000000003,2
3,106,30,0,600,stranger,-0.9445269282609786,2.214237311638447,0.5130000000000002,2
3,107,30,0,600,stranger,0.577205763759251,2.214237311638447,0.5800000000000003,1
3,108,30,0,600,stranger,3.0847612840992906,2.214237311638447,0.41700000000000015,1
3,109,30,0,600,stranger,-0.19462153051240788,2.214237311638447,0.6250000000000003,2
3,110,30,0,600,stranger,1.738109714194398,2.214237311638447,0.3550000000000001,1
3,111,30,0,600,stranger,2.8828099613573785,2.214237311638447,0.3100000000000001,1
3,112,30,0,600,stranger,-1.1123474803114788,2.214237311638447,0.6010000000000003,2
3,113,30,0,600,stranger,0.6843104509741376,2.214237311638447,0.3330000000000001,1
3,114,30,0,600,stranger,-1.2219940858771787,2.214237311638447,0.4810000000000002,2
3,115,30,0,600,stranger,-0.4972059857027852,2.214237311638447,0.3550000000000001,1
3,116,30,0,600,stranger,1.3781970981647587,2.214237311638447,0.2900000000000001,1
3,117,30,0,600,stranger,-0.29776929533018326,2.214237311638447,0.3770000000000001,2
3,118,30,0,600,stranger,-0.5298743787033117,2.214237311638447,0.5760000000000003,2
3,119,30,0,600,stranger,-0.6261307572570471,2.214237311638447,0.44100000000000017,2
3,120,30,0,600,stranger,1.9294815084994577,2.214237311638447,0.5430000000000003,1
3,121,30,0,600,stranger,-0.056482889328880403,2.214237311638447,0.3180000000000001,2
3,122,30,0,600,stranger,1.0537333503170148,2.214237311638447,0.5980000000000003,1
3,123,30,0,600,stranger,0.7540609977324935,2.214237311638447,0.39400000000000013,1
3,124,30,0,600,stranger,-0.39012413650296485,2.214237311638447,0.4520000000000002,2
3,125,30,0,600,stranger,1.3175728054304976,2.214237311638447,0.5970000000000003,1
3,126,30,0,600,stranger,0.07852140927988105,2.214237311638447,0.4650000000000002,2
3,127,30,0,600,stranger,0.3714216742829768,2.214237311638447,0.5790000000000003,1
3,128,30,0,600,stranger,-1.3859248380075817,2.214237311638447,0.3730000000000001,2
3,129,30,0,600,stranger,1.1438293682682878,2.214237311638447,0.5880000000000003,1
3,130,30,0,600,stranger,-0.533240818055039,2.214237311638447,0.4590000000000002,1
3,1,30,0,600,self,1.9650394706861962,2.214237311638447,0.40200000000000014,1
3,2,30,0,600,self,1.395947721974939,2.214237311638447,0.3390000000000001,1
3,3,30,0,600,self,0.8317101242139306,2.214237311638447,0.3670000000000001,2
3,4,30,0,600,self,1.7833608511906656,2.214237311638447,0.5250000000000002,1
3,5,30,0,600,self,2.245563561548996,2.214237311638447,0.5670000000000003,1
3,6,30,0,600,self,1.7522772239244007,2.214237311638447,0.6190000000000003,1
3,7,30,0,600,self,1.300355090108182,2.214237311638447,0.5150000000000002,1
3,8,30,0,600,self,-0.013030674236671147,2.214237311638447,0.5380000000000003,1
3,9,30,0,600,self,2.535963793122116,2.214237311638447,0.3730000000000001,1
3,10,30,0,600,self,3.2950793090705384,2.214237311638447,0.5200000000000002,1
3,11,30,0,600,self,1.1067923049009227,2.214237311638447,0.6080000000000003,1
3,12,30,0,600,self,1.18121368685167,2.214237311638447,0.4730000000000002,1
3,13,30,0,600,self,1.5401644925803486,2.214237311638447,0.3220000000000001,1
3,14,30,0,600,self,-0.6833978170938325,2.214237311638447,0.6020000000000003,2
3,15,30,0,600,self,1.6397665571365883,2.214237311638447,0.5250000000000002,1
3,16,30,0,600,self,-2.4466906273935978,2.214237311638447,0.6040000000000003,2
3,17,30,0,600,self,0.4202219803614017,2.214237311638447,0.6030000000000003,1
3,18,30,0,600,self,1.4265566518626651,2.214237311638447,0.5460000000000003,1
3,19,30,0,600,self,1.2029018388577215,2.214237311638447,0.6250000000000003,1
3,20,30,0,600,self,1.3876056998671062,2.214237311638447,0.5570000000000003,1
3,21,30,0,600,self,2.0769456316196058,2.214237311638447,0.3750000000000001,1
3,22,30,0,600,self,1.6452644478848968,2.214237311638447,0.4460000000000002,1
3,23,30,0,600,self,0.23709677366020754,2.214237311638447,0.43200000000000016,2
3,24,30,0,600,self,2.057847564796522,2.214237311638447,0.5890000000000003,2
3,25,30,0,600,self,1.5000410020238628,2.214237311638447,0.6140000000000003,1
3,26,30,0,600,self,1.7259740982231389,2.214237311638447,0.5950000000000003,1
3,27,30,0,600,self,1.0189007695745436,2.214237311638447,0.41200000000000014,1
3,28,30,0,600,self,1.6762126925439715,2.214237311638447,0.5460000000000003,2
3,29,30,0,600,self,1.7841152993717622,2.214237311638447,0.43700000000000017,1
3,30,30,0,600,self,2.249975283633057,2.214237311638447,0.5700000000000003,1
3,31,30,0,600,self,0.6469539230034456,2.214237311638447,0.5760000000000003,1
3,32,30,0,600,self,0.3123884255678856,2.214237311638447,0.5130000000000002,2
3,33,30,0,600,self,1.3685342078586298,2.214237311638447,0.6130000000000003,1
3,34,30,0,600,self,-0.056106595580632024,2.214237311638447,0.6000000000000003,1
3,35,30,0,600,self,2.20495345426808,2.214237311638447,0.5860000000000003,1
3,36,30,0,600,self,2.6331386602642484,2.214237311638447,0.3650000000000001,1
3,37,30,0,600,self,1.6556891176540134,2.214237311638447,0.6180000000000003,1
3,38,30,0,600,self,2.5236309208661574,2.214237311638447,0.3550000000000001,1
3,39,30,0,600,self,1.6784922687938688,2.214237311638447,0.5970000000000003,1
3,40,30,0,600,self,0.27719490501407773,2.214237311638447,0.6250000000000003,1
3,41,30,0,600,self,-0.3298214810163794,2.214237311638447,0.5930000000000003,1
3,42,30,0,600,self,0.7760991570898367,2.214237311638447,0.4750000000000002,1
3,43,30,0,600,self,2.525015163494802,2.214237311638447,0.4900000000000002,1
3,44,30,0,600,self,2.5784843338426873,2.214237311638447,0.5270000000000002,1
3,45,30,0,600,self,0.6225228210589565,2.214237311638447,0.6220000000000003,1
3,46,30,0,600,self,0.8605026272260852,2.214237311638447,0.3490000000000001,1
3,47,30,0,600,self,-0.3743651894436032,2.214237311638447,0.3170000000000001,2
3,48,30,0,600,self,3.3317021018476893,2.214237311638447,0.5170000000000002,1
3,49,30,0,600,self,-0.04936791306638899,2.214237311638447,0.4470000000000002,2
3,50,30,0,600,self,2.4037065596166083,2.214237311638447,0.5880000000000003,1
3,51,30,0,600,self,1.0421792312207458,2.214237311638447,0.6020000000000003,1
3,52,30,0,600,self,1.0787751323137682,2.214237311638447,0.5840000000000003,1
3,53,30,0,600,self,1.558674051852177,2.214237311638447,0.3630000000000001,1
3,54,30,0,600,self,-0.9493045826210521,2.214237311638447,0.4790000000000002,1
3,55,30,0,600,self,-0.4146701727027958,2.214237311638447,0.5900000000000003,2
3,56,30,0,600,self,1.2587074790780837,2.214237311638447,0.3800000000000001,1
3,57,30,0,600,self,1.360926669252306,2.214237311638447,0.32900000000000007,1
3,58,30,0,600,self,1.290327399862282,2.214237311638447,0.5850000000000003,1
3,59,30,0,600,self,1.8026599587814858,2.214237311638447,0.3350000000000001,1
3,60,30,0,600,self,1.7779524192960274,2.214237311638447,0.4960000000000002,1
3,61,30,0,600,self,0.8901915963795322,2.214237311638447,0.6260000000000003,1
3,62,30,0,600,self,2.0974625032750303,2.214237311638447,0.42700000000000016,1
3,63,30,0,600,self,1.914481437045802,2.214237311638447,0.3020000000000001,1
3,64,30,0,600,self,0.3293659981938314,2.214237311638447,0.5400000000000003,2
3,65,30,0,600,self,1.428602348848582,2.214237311638447,0.6180000000000003,1
3,66,30,0,600,self,2.351468641816835,2.214237311638447,0.5220000000000002,1
3,67,30,0,600,self,-0.22900081694642405,2.214237311638447,0.5640000000000003,1
3,68,30,0,600,self,2.6195793084697425,2.214237311638447,0.3590000000000001,1
3,69,30,0,600,self,0.9787615371744283,2.214237311638447,0.5780000000000003,2
3,70,30,0,600,self,1.2898344523748735,2.214237311638447,0.3640000000000001,1
3,71,30,0,600,self,1.1004177674172533,2.214237311638447,0.5110000000000002,1
3,72,30,0,600,self,1.7720800204282414,2.214237311638447,0.3400000000000001,1
3,73,30,0,600,self,0.8942296460145167,2.214237311638447,0.6180000000000003,1
3,74,30,0,600,self,2.027897208162347,2.214237311638447,0.4730000000000002,1
3,75,30,0,600,self,2.4259757173972525,2.214237311638447,0.44000000000000017,1
3,76,30,0,600,self,0.9263967646482129,2.214237311638447,0.40900000000000014,1
3,77,30,0,600,self,-0.4634476514869671,2.214237311638447,0.5110000000000002,1
3,78,30,0,600,self,1.9131561816061224,2.214237311638447,0.5280000000000002,1
3,79,30,0,600,self,2.328722317780292,2.214237311638447,0.41800000000000015,1
3,80,30,0,600,self,0.8562225813284137,2.214237311638447,0.3600000000000001,1
3,81,30,0,600,self,-0.47902598549182407,2.214237311638447,0.5970000000000003,2
3,82,30,0,600,self,1.5327412848234054,2.214237311638447,0.5460000000000003,1
3,83,30,0,600,self,1.9233825544037677,2.214237311638447,0.5050000000000002,1
3,84,30,0,600,self,1.39422596625888,2.214237311638447,0.5970000000000003,1
3,85,30,0,600,self,2.7982559961270166,2.214237311638447,0.5500000000000003,1
3,86,30,0,600,self,2.3832681424734803,2.214237311638447,0.4460000000000002,1
3,87,30,0,600,self,0.31661004820711625,2.214237311638447,0.5750000000000003,2
3,88,30,0,600,self,2.4462976296827277,2.214237311638447,0.5880000000000003,1
3,89,30,0,600,self,2.0433820396928457,2.214237311638447,0.43300000000000016,1
3,90,30,0,600,self,1.7025591876149608,2.214237311638447,0.6220000000000003,1
3,91,30,0,600,self,2.3172446507343802,2.214237311638447,0.3150000000000001,1
3,92,30,0,600,self,-1.384382110370678,2.214237311638447,0.43900000000000017,2
3,93,30,0,600,self,1.6243539533675793,2.214237311638447,0.4680000000000002,1
3,94,30,0,600,self,0.792563576360304,2.214237311638447,0.5680000000000003,1
3,95,30,0,600,self,1.969080895812343,2.214237311638447,0.41100000000000014,1
3,96,30,0,600,self,2.5946079871358645,2.214237311638447,0.42100000000000015,1
3,97,30,0,600,self,1.4319887340358655,2.214237311638447,0.42400000000000015,1
3,98,30,0,600,self,0.9277332530220158,2.214237311638447,0.4810000000000002,1
3,99,30,0,600,self,-1.8981586324664836,2.214237311638447,0.5100000000000002,2
3,100,30,0,600,self,0.39748727833507336,2.214237311638447,0.41300000000000014,1
3,101,30,0,600,self,1.741388574636312,2.214237311638447,0.5810000000000003,1
3,102,30,0,600,self,1.2584618418671532,2.214237311638447,0.42500000000000016,2
3,103,30,0,600,self,0.974643541384017,2.214237311638447,0.6080000000000003,1
3,104,30,0,600,self,1.2220259951871317,2.214237311638447,0.43700000000000017,1
3,105,30,0,600,self,1.533470471261091,2.214237311638447,0.5340000000000003,1
3,106,30,0,600,self,1.676162521672396,2.214237311638447,0.5530000000000003,1
3,107,30,0,600,self,1.9011610432702333,2.214237311638447,0.3870000000000001,1
3,108,30,0,600,self,2.418612456109849,2.214237311638447,0.6000000000000003,1
3,109,30,0,600,self,2.722921056871314,2.214237311638447,0.5300000000000002,1
3,110,30,0,600,self,1.6149044780795752,2.214237311638447,0.3920000000000001,1
3,111,30,0,600,self,0.7569790082590436,2.214237311638447,0.5370000000000003,1
3,112,30,0,600,self,2.0512963252888095,2.214237311638447,0.4790000000000002,1
3,113,30,0,600,self,1.6663442840560352,2.214237311638447,0.43000000000000016,1
3,114,30,0,600,self,0.31103855948772774,2.214237311638447,0.5740000000000003,1
3,115,30,0,600,self,2.290152534576874,2.214237311638447,0.43900000000000017,1
3,116,30,0,600,self,-0.45788321619481,2.214237311638447,0.5590000000000003,2
3,117,30,0,600,self,-0.07005433083521007,2.214237311638447,0.42400000000000015,1
3,118,30,0,600,self,1.4121302202674137,2.214237311638447,0.6070000000000003,1
3,119,30,0,600,self,3.241361875852519,2.214237311638447,0.43100000000000016,1
3,120,30,0,600,self,1.7876997620044648,2.214237311638447,0.5330000000000003,1
3,121,30,0,600,self,1.6434089307519129,2.214237311638447,0.4520000000000002,1
3,122,30,0,600,self,1.8043838380463728,2.214237311638447,0.32700000000000007,1
3,123,30,0,600,self,2.292455226956484,2.214237311638447,0.5460000000000003,1
3,124,30,0,600,self,1.5866895733992128,2.214237311638447,0.4900000000000002,1
3,125,30,0,600,self,2.5785139945280755,2.214237311638447,0.4870000000000002,1
3,126,30,0,600,self,2.7682831816881546,2.214237311638447,0.5030000000000002,1
3,127,30,0,600,self,-0.11205952767110816,2.214237311638447,0.6100000000000003,1
3,128,30,0,600,self,2.715614412276788,2.214237311638447,0.42700000000000016,1
3,129,30,0,600,self,1.2215014054204627,2.214237311638447,0.3710000000000001,1
3,130,30,0,600,self,-1.0346324536154978,2.214237311638447,0.5640000000000003,2
4,1,30,0,600,stranger,-0.27001937070863846,1.4530263447772767,0.3910000000000001,2
4,2,30,0,600,stranger,-0.6622382658587044,1.4530263447772767,0.3810000000000001,1
4,3,30,0,600,stranger,0.8392152389074495,1.4530263447772767,0.3890000000000001,1
4,4,30,0,600,stranger,-1.8832161696918113,1.4530263447772767,0.4940000000000002,2
4,5,30,0,600,stranger,-0.10559231140324477,1.4530263447772767,0.3730000000000001,2
4,6,30,0,600,stranger,0.5230797972926645,1.4530263447772767,0.32500000000000007,1
4,7,30,0,600,stranger,2.0911245461808643,1.4530263447772767,0.5950000000000003,1
4,8,30,0,600,stranger,-0.32427874530441136,1.4530263447772767,0.3610000000000001,2
4,9,30,0,600,stranger,1.254127166820266,1.4530263447772767,0.5080000000000002,1
4,10,30,0,600,stranger,0.08509288594035844,1.4530263447772767,0.5750000000000003,2
4,11,30,0,600,stranger,-0.18308544000642912,1.4530263447772767,0.3440000000000001,1
4,12,30,0,600,stranger,1.3965191523159004,1.4530263447772767,0.3470000000000001,1
4,13,30,0,600,stranger,2.6070098867944087,1.4530263447772767,0.5250000000000002,1
4,14,30,0,600,stranger,0.8936305870859426,1.4530263447772767,0.3800000000000001,1
4,15,30,0,600,stranger,-0.10830106308477022,1.4530263447772767,0.5970000000000003,1
4,16,30,0,600,stranger,0.4523905099301341,1.4530263447772767,0.5410000000000003,1
4,17,30,0,600,stranger,1.9694588895032923,1.4530263447772767,0.5670000000000003,1
4,18,30,0,600,stranger,0.6395493698129555,1.4530263447772767,0.5790000000000003,1
4,19,30,0,600,stranger,-0.11109744863708554,1.4530263447772767,0.6130000000000003,2
4,20,30,0,600,stranger,1.4965664643995549,1.4530263447772767,0.5490000000000003,1
4,21,30,0,600,stranger,0.16969521180954308,1.4530263447772767,0.42400000000000015,2
4,22,30,0,600,stranger,0.031063346970727962,1.4530263447772767,0.5720000000000003,2
4,23,30,0,600,stranger,2.118728215957605,1.4530263447772767,0.3820000000000001,1
4,24,30,0,600,stranger,0.4757713294923108,1.4530263447772767,0.3030000000000001,2
4,25,30,0,600,stranger,2.83482591729085,1.4530263447772767,0.5820000000000003,1
4,26,30,0,600,stranger,0.7131014376718496,1.4530263447772767,0.6250000000000003,1
4,27,30,0,600,stranger,-0.6999926284953665,1.4530263447772767,0.2730000000000001,2
4,28,30,0,600,stranger,0.10025139342657094,1.4530263447772767,0.6290000000000003,1
4,29,30,0,600,stranger,2.075437571639637,1.4530263447772767,0.6160000000000003,1
4,30,30,0,600,stranger,0.3033331806390468,1.4530263447772767,0.5410000000000003,1
4,31,30,0,600,stranger,0.40724626990511303,1.4530263447772767,0.3800000000000001,2
4,32,30,0,600,stranger,2.1629931475636806,1.4530263447772767,0.5660000000000003,1
4,33,30,0,600,stranger,0.5929054720165896,1.4530263447772767,0.40900000000000014,1
4,34,30,0,600,stranger,-0.06128811502907888,1.4530263447772767,0.3450000000000001,1
4,35,30,0,600,stranger,-0.3367680425643329,1.4530263447772767,0.5860000000000003,2
4,36,30,0,600,stranger,0.4411021795360893,1.4530263447772767,0.3620000000000001,1
4,37,30,0,600,stranger,2.3617211731394994,1.4530263447772767,0.2970000000000001,1
4,38,30,0,600,stranger,-2.1701832753078203,1.4530263447772767,0.3640000000000001,2
4,39,30,0,600,stranger,2.103503558619561,1.4530263447772767,0.42200000000000015,1
4,40,30,0,600,stranger,0.3766332008132186,1.4530263447772767,0.5660000000000003,1
4,41,30,0,600,stranger,1.3759048011174109,1.4530263447772767,0.2730000000000001,2
4,42,30,0,600,stranger,-0.3366085762363177,1.4530263447772767,0.2710000000000001,2
4,43,30,0,600,stranger,0.002344556498568212,1.4530263447772767,0.3060000000000001,2
4,44,30,0,600,stranger,0.0859328010964572,1.4530263447772767,0.5030000000000002,1
4,45,30,0,600,stranger,0.45895055901440707,1.4530263447772767,0.5160000000000002,1
4,46,30,0,600,stranger,1.3794016794896113,1.4530263447772767,0.40800000000000014,1
4,47,30,0,600,stranger,0.16368417375397143,1.4530263447772767,0.5570000000000003,1
4,48,30,0,600,stranger,0.5908557521352586,1.4530263447772767,0.2850000000000001,1
4,49,30,0,600,stranger,1.8393189937332077,1.4530263447772767,0.3680000000000001,1
4,50,30,0,600,stranger,0.4556437393967825,1.4530263447772767,0.4910000000000002,1
4,51,30,0,600,stranger,0.47387134990260765,1.4530263447772767,0.3090000000000001,1
4,52,30,0,600,stranger,0.24290441428922335,1.4530263447772767,0.5620000000000003,1
4,53,30,0,600,stranger,0.6563182851560312,1.4530263447772767,0.42400000000000015,1
4,54,30,0,600,stranger,-2.614548152389575,1.4530263447772767,0.3060000000000001,2
4,55,30,0,600,stranger,0.7740956449619375,1.4530263447772767,0.39500000000000013,1
4,56,30,0,600,stranger,1.884560142944086,1.4530263447772767,0.4550000000000002,1
4,57,30,0,600,stranger,2.0934675777855754,1.4530263447772767,0.6080000000000003,1
4,58,30,0,600,stranger,0.9276639236175662,1.4530263447772767,0.6100000000000003,1
4,59,30,0,600,stranger,0.3501707410127214,1.4530263447772767,0.5070000000000002,1
4,60,30,0,600,stranger,-0.6555665018781842,1.4530263447772767,0.6290000000000003,2
4,61,30,0,600,stranger,1.5825427788595534,1.4530263447772767,0.26700000000000007,1
4,62,30,0,600,stranger,0.9789962313648297,1.4530263447772767,0.44300000000000017,1
4,63,30,0,600,stranger,0.3145986270057971,1.4530263447772767,0.4860000000000002,1
4,64,30,0,600,stranger,0.27689683875019033,1.4530263447772767,0.6000000000000003,1
4,65,30,0,600,stranger,0.9923090843548357,1.4530263447772767,0.5020000000000002,1
4,66,30,0,600,stranger,-0.2790990980519684,1.4530263447772767,0.4610000000000002,2
4,67,30,0,600,stranger,0.9328110849286916,1.4530263447772767,0.4440000000000002,2
4,68,30,0,600,stranger,-0.0951014419219543,1.4530263447772767,0.5550000000000003,1
4,69,30,0,600,stranger,2.876358211361621,1.4530263447772767,0.5900000000000003,1
4,70,30,0,600,stranger,1.1418298682191013,1.4530263447772767,0.3820000000000001,1
4,71,30,0,600,stranger,1.469063679609277,1.4530263447772767,0.3910000000000001,1
4,72,30,0,600,stranger,-0.09636711102854556,1.4530263447772767,0.5730000000000003,2
4,73,30,0,600,stranger,-0.24886908997179075,1.4530263447772767,0.4720000000000002,2
4,74,30,0,600,stranger,0.9026589872665602,1.4530263447772767,0.4770000000000002,1
4,75,30,0,600,stranger,1.0836318746776976,1.4530263447772767,0.6190000000000003,1
4,76,30,0,600,stranger,0.7552965917087496,1.4530263447772767,0.3890000000000001,1
4,77,30,0,600,stranger,0.3515292314084319,1.4530263447772767,0.5770000000000003,2
4,78,30,0,600,stranger,0.03178750213850229,1.4530263447772767,0.5430000000000003,2
4,79,30,0,600,stranger,0.1956893668916768,1.4530263447772767,0.43500000000000016,2
4,80,30,0,600,stranger,1.2483168892516536,1.4530263447772767,0.4970000000000002,2
4,81,30,0,600,stranger,2.1652182216105875,1.4530263447772767,0.5660000000000003,2
4,82,30,0,600,stranger,-1.7254814695044276,1.4530263447772767,0.6230000000000003,2
4,83,30,0,600,stranger,0.5394849851504411,1.4530263447772767,0.2910000000000001,2
4,84,30,0,600,stranger,-0.09286249470380842,1.4530263447772767,0.4730000000000002,2
4,85,30,0,600,stranger,-2.1847445391989475,1.4530263447772767,0.3540000000000001,2
4,86,30,0,600,stranger,2.067065173827463,1.4530263447772767,0.4720000000000002,1
4,87,30,0,600,stranger,0.44109145751644774,1.4530263447772767,0.4830000000000002,2
4,88,30,0,600,stranger,-0.1494109151001396,1.4530263447772767,0.4740000000000002,2
4,89,30,0,600,stranger,-2.0015403751904675,1.4530263447772767,0.43600000000000017,2
4,90,30,0,600,stranger,-0.19040614157611468,1.4530263447772767,0.40600000000000014,2
4,91,30,0,600,stranger,-0.6814441785664459,1.4530263447772767,0.4930000000000002,1
4,92,30,0,600,stranger,-0.6442898085341465,1.4530263447772767,0.5360000000000003,2
4,93,30,0,600,stranger,-0.6280763860898751,1.4530263447772767,0.4570000000000002,2
4,94,30,0,600,stranger,-1.1080140184753775,1.4530263447772767,0.3110000000000001,1
4,95,30,0,600,stranger,-0.5550234395592366,1.4530263447772767,0.41600000000000015,2
4,96,30,0,600,stranger,-0.07979529957535225,1.4530263447772767,0.42800000000000016,1
4,97,30,0,600,stranger,0.6207826135221162,1.4530263447772767,0.5360000000000003,1
4,98,30,0,600,stranger,0.8337218701065349,1.4530263447772767,0.42700000000000016,1
4,99,30,0,600,stranger,-0.11534749967059249,1.4530263447772767,0.3000000000000001,2
4,100,30,0,600,stranger,0.7118688802948023,1.4530263447772767,0.3580000000000001,1
4,101,30,0,600,stranger,-0.971563272897977,1.4530263447772767,0.5780000000000003,2
4,102,30,0,600,stranger,0.4593738590959804,1.4530263447772767,0.6090000000000003,1
4,103,30,0,600,stranger,0.2290144088769362,1.4530263447772767,0.5110000000000002,1
4,104,30,0,600,stranger,-0.147844271072065,1.4530263447772767,0.4810000000000002,2
4,105,30,0,600,stranger,-1.5008494269247046,1.4530263447772767,0.3750000000000001,2
4,106,30,0,600,stranger,0.7327124071126283,1.4530263447772767,0.39900000000000013,1
4,107,30,0,600,stranger,-0.6364005125625858,1.4530263447772767,0.43800000000000017,1
4,108,30,0,600,stranger,0.38668113171322205,1.4530263447772767,0.5950000000000003,1
4,109,30,0,600,stranger,2.4005986119108655,1.4530263447772767,0.3590000000000001,1
4,110,30,0,600,stranger,2.045476341026289,1.4530263447772767,0.41600000000000015,1
4,111,30,0,600,stranger,0.9644831548117997,1.4530263447772767,0.2690000000000001,1
4,112,30,0,600,stranger,-1.0578227721128517,1.4530263447772767,0.40800000000000014,2
4,113,30,0,600,stranger,1.5257521502270688,1.4530263447772767,0.2780000000000001,1
4,114,30,0,600,stranger,0.07293903266769927,1.4530263447772767,0.5340000000000003,1
4,115,30,0,600,stranger,0.7163131949007504,1.4530263447772767,0.43300000000000016,1
4,116,30,0,600,stranger,1.0366709852040035,1.4530263447772767,0.43000000000000016,1
4,117,30,0,600,stranger,0.46473986528541533,1.4530263447772767,0.4580000000000002,1
4,118,30,0,600,stranger,1.121598347513019,1.4530263447772767,0.4470000000000002,1
4,119,30,0,600,stranger,1.0256020928104892,1.4530263447772767,0.4730000000000002,1
4,120,30,0,600,stranger,-1.17726708183649,1.4530263447772767,0.5040000000000002,2
4,121,30,0,600,stranger,0.19387568172059627,1.4530263447772767,0.40100000000000013,1
4,122,30,0,600,stranger,-2.1655309101584352,1.4530263447772767,0.5690000000000003,2
4,123,30,0,600,stranger,1.6861408992541809,1.4530263447772767,0.3640000000000001,1
4,124,30,0,600,stranger,0.7232193931314597,1.4530263447772767,0.40500000000000014,1
4,125,30,0,600,stranger,-0.32059411581054165,1.4530263447772767,0.4720000000000002,1
4,126,30,0,600,stranger,1.9250869514725575,1.4530263447772767,0.5120000000000002,1
4,127,30,0,600,stranger,1.4074566510364335,1.4530263447772767,0.5850000000000003,1
4,128,30,0,600,stranger,0.9321820424396056,1.4530263447772767,0.5570000000000003,1
4,129,30,0,600,stranger,-1.142276032303665,1.4530263447772767,0.5150000000000002,1
4,130,30,0,600,stranger,-1.2448074494133121,1.4530263447772767,0.4480000000000002,2
4,1,30,0,600,self,1.2607673766011405,1.4530263447772767,0.3640000000000001,1
4,2,30,0,600,self,1.9898012870277868,1.4530263447772767,0.44100000000000017,1
4,3,30,0,600,self,1.815545681649939,1.4530263447772767,0.3690000000000001,1
4,4,30,0,600,self,-0.2281048445919619,1.4530263447772767,0.4480000000000002,1
4,5,30,0,600,self,1.253207963645824,1.4530263447772767,0.2870000000000001,1
4,6,30,0,600,self,1.3631084016254222,1.4530263447772767,0.4610000000000002,1
4,7,30,0,600,self,0.5635368759140114,1.4530263447772767,0.5130000000000002,1
4,8,30,0,600,self,2.238527303390524,1.4530263447772767,0.3790000000000001,1
4,9,30,0,600,self,1.2749306581932907,1.4530263447772767,0.3110000000000001,1
4,10,30,0,600,self,1.7253940470437086,1.4530263447772767,0.5760000000000003,2
4,11,30,0,600,self,1.6941993438194984,1.4530263447772767,0.42600000000000016,1
4,12,30,0,600,self,1.6828391204626705,1.4530263447772767,0.43200000000000016,1
4,13,30,0,600,self,1.1043023659032782,1.4530263447772767,0.40600000000000014,1
4,14,30,0,600,self,1.014428103267087,1.4530263447772767,0.5040000000000002,1
4,15,30,0,600,self,1.6697278518305474,1.4530263447772767,0.32600000000000007,1
4,16,30,0,600,self,1.5001823548004105,1.4530263447772767,0.40100000000000013,1
4,17,30,0,600,self,-0.44063040162858746,1.4530263447772767,0.33000000000000007,1
4,18,30,0,600,self,2.2133061215769754,1.4530263447772767,0.3720000000000001,1
4,19,30,0,600,self,2.0621082302775346,1.4530263447772767,0.41200000000000014,1
4,20,30,0,600,self,-0.1558399412156467,1.4530263447772767,0.39600000000000013,1
4,21,30,0,600,self,-0.6490171911578156,1.4530263447772767,0.5500000000000003,2
4,22,30,0,600,self,1.056589148246206,1.4530263447772767,0.5900000000000003,1
4,23,30,0,600,self,0.8687923872584349,1.4530263447772767,0.5730000000000003,2
4,24,30,0,600,self,0.8693816920312208,1.4530263447772767,0.5320000000000003,1
4,25,30,0,600,self,1.5425831788920232,1.4530263447772767,0.33000000000000007,1
4,26,30,0,600,self,0.802110850085862,1.4530263447772767,0.3910000000000001,1
4,27,30,0,600,self,0.8705725546797085,1.4530263447772767,0.2900000000000001,2
4,28,30,0,600,self,1.1897255851128208,1.4530263447772767,0.5890000000000003,1
4,29,30,0,600,self,-0.9223533391810811,1.4530263447772767,0.3930000000000001,2
4,30,30,0,600,self,-0.21139847270342071,1.4530263447772767,0.5440000000000003,2
4,31,30,0,600,self,1.2740382553484757,1.4530263447772767,0.4620000000000002,1
4,32,30,0,600,self,0.7994415661617883,1.4530263447772767,0.5270000000000002,1
4,33,30,0,600,self,-0.30140524301843785,1.4530263447772767,0.40100000000000013,2
4,34,30,0,600,self,1.4224387517065384,1.4530263447772767,0.43800000000000017,1
4,35,30,0,600,self,2.345012033769938,1.4530263447772767,0.3470000000000001,1
4,36,30,0,600,self,1.6431278596533183,1.4530263447772767,0.5520000000000003,2
4,37,30,0,600,self,-0.1286043772819797,1.4530263447772767,0.6180000000000003,2
4,38,30,0,600,self,1.407366210241716,1.4530263447772767,0.42800000000000016,1
4,39,30,0,600,self,0.4881455762785617,1.4530263447772767,0.5350000000000003,1
4,40,30,0,600,self,0.05898535617407907,1.4530263447772767,0.5030000000000002,2
4,41,30,0,600,self,1.5247525183515096,1.4530263447772767,0.4630000000000002,1
4,42,30,0,600,self,0.8883201389954772,1.4530263447772767,0.5520000000000003,1
4,43,30,0,600,self,0.7823964154160259,1.4530263447772767,0.5200000000000002,1
4,44,30,0,600,self,0.20896988176709808,1.4530263447772767,0.5160000000000002,2
4,45,30,0,600,self,-0.23929451605575236,1.4530263447772767,0.5660000000000003,2
4,46,30,0,600,self,3.461941321058393,1.4530263447772767,0.3430000000000001,1
4,47,30,0,600,self,1.4716167852260393,1.4530263447772767,0.5990000000000003,1
4,48,30,0,600,self,0.48104127338400826,1.4530263447772767,0.6030000000000003,1
4,49,30,0,600,self,1.802032004036302,1.4530263447772767,0.4810000000000002,1
4,50,30,0,600,self,1.622019978404302,1.4530263447772767,0.5160000000000002,1
4,51,30,0,600,self,0.5939361463545854,1.4530263447772767,0.4850000000000002,1
4,52,30,0,600,self,1.7579103146203483,1.4530263447772767,0.41100000000000014,1
4,53,30,0,600,self,1.7367720866241847,1.4530263447772767,0.3530000000000001,1
4,54,30,0,600,self,0.8427666734997485,1.4530263447772767,0.2750000000000001,2
4,55,30,0,600,self,0.9875886024977151,1.4530263447772767,0.4880000000000002,1
4,56,30,0,600,self,0.19900609907852773,1.4530263447772767,0.41500000000000015,1
4,57,30,0,600,self,0.8397828165828197,1.4530263447772767,0.3770000000000001,1
4,58,30,0,600,self,2.2417560306315525,1.4530263447772767,0.4500000000000002,1
4,59,30,0,600,self,2.7593212242611207,1.4530263447772767,0.3780000000000001,1
4,60,30,0,600,self,2.283188445147846,1.4530263447772767,0.3170000000000001,1
4,61,30,0,600,self,0.04518565824961274,1.4530263447772767,0.40300000000000014,2
4,62,30,0,600,self,3.015556309541361,1.4530263447772767,0.3390000000000001,1
4,63,30,0,600,self,0.8021840420229666,1.4530263447772767,0.3690000000000001,1
4,64,30,0,600,self,1.9804477817388801,1.4530263447772767,0.6040000000000003,1
4,65,30,0,600,self,-1.3369195018065807,1.4530263447772767,0.32500000000000007,1
4,66,30,0,600,self,2.0696955279062093,1.4530263447772767,0.3920000000000001,1
4,67,30,0,600,self,-0.7767252837812982,1.4530263447772767,0.5520000000000003,2
4,68,30,0,600,self,1.3301430199067852,1.4530263447772767,0.40000000000000013,2
4,69,30,0,600,self,-0.8027149257356055,1.4530263447772767,0.4530000000000002,2
4,70,30,0,600,self,0.22253925527568863,1.4530263447772767,0.3190000000000001,2
4,71,30,0,600,self,2.926996185701179,1.4530263447772767,0.2970000000000001,1
4,72,30,0,600,self,-1.1870150745234884,1.4530263447772767,0.4720000000000002,2
4,73,30,0,600,self,1.0337435724130521,1.4530263447772767,0.5380000000000003,1
4,74,30,0,600,self,-0.46619882061349116,1.4530263447772767,0.3500000000000001,2
4,75,30,0,600,self,1.4908966006592772,1.4530263447772767,0.5830000000000003,1
4,76,30,0,600,self,3.161689007805112,1.4530263447772767,0.2790000000000001,1
4,77,30,0,600,self,0.37416388612241225,1.4530263447772767,0.3400000000000001,2
4,78,30,0,600,self,2.66835849725992,1.4530263447772767,0.39400000000000013,1
4,79,30,0,600,self,0.8293362073628393,1.4530263447772767,0.43400000000000016,1
4,80,30,0,600,self,1.9351421654650907,1.4530263447772767,0.5000000000000002,1
4,81,30,0,600,self,0.7811300687538743,1.4530263447772767,0.5320000000000003,1
4,82,30,0,600,self,0.5255023923063573,1.4530263447772767,0.42300000000000015,1
4,83,30,0,600,self,2.117269871320035,1.4530263447772767,0.3370000000000001,1
4,84,30,0,600,self,0.8945196641812088,1.4530263447772767,0.5840000000000003,1
4,85,30,0,600,self,1.6451814303482122,1.4530263447772767,0.5700000000000003,2
4,86,30,0,600,self,-0.8233554950345982,1.4530263447772767,0.3190000000000001,1
4,87,30,0,600,self,2.4024280572223584,1.4530263447772767,0.41000000000000014,1
4,88,30,0,600,self,0.41086653997365397,1.4530263447772767,0.5210000000000002,1
4,89,30,0,600,self,0.5781198339561302,1.4530263447772767,0.3820000000000001,2
4,90,30,0,600,self,2.0722468977800497,1.4530263447772767,0.3910000000000001,1
4,91,30,0,600,self,0.30890842806653374,1.4530263447772767,0.4440000000000002,2
4,92,30,0,600,self,1.6047504058667288,1.4530263447772767,0.6030000000000003,2
4,93,30,0,600,self,0.8714487924036792,1.4530263447772767,0.5690000000000003,1
4,94,30,0,600,self,1.4562311948433406,1.4530263447772767,0.3480000000000001,1
4,95,30,0,600,self,2.001531254973916,1.4530263447772767,0.3530000000000001,1
4,96,30,0,600,self,1.3913305786187329,1.4530263447772767,0.3770000000000001,1
4,97,30,0,600,self,2.853077020754722,1.4530263447772767,0.3650000000000001,1
4,98,30,0,600,self,0.9819932828592589,1.4530263447772767,0.4740000000000002,1
4,99,30,0,600,self,1.9139573442511146,1.4530263447772767,0.5190000000000002,1
4,100,30,0,600,self,2.4096819017446243,1.4530263447772767,0.42800000000000016,1
4,101,30,0,600,self,2.3250948427841136,1.4530263447772767,0.43500000000000016,1
4,102,30,0,600,self,1.623505144962261,1.4530263447772767,0.5560000000000003,1
4,103,30,0,600,self,2.0654803729436586,1.4530263447772767,0.4500000000000002,1
4,104,30,0,600,self,-0.7178470129419453,1.4530263447772767,0.4990000000000002,2
4,105,30,0,600,self,1.6634005886363434,1.4530263447772767,0.3510000000000001,1
4,106,30,0,600,self,-0.9729025668902337,1.4530263447772767,0.42400000000000015,2
4,107,30,0,600,self,-0.4699970580420433,1.4530263447772767,0.4730000000000002,2
4,108,30,0,600,self,1.0687525854897295,1.4530263447772767,0.3610000000000001,2
4,109,30,0,600,self,2.749193545114442,1.4530263447772767,0.3720000000000001,1
4,110,30,0,600,self,0.16552599620906738,1.4530263447772767,0.4790000000000002,1
4,111,30,0,600,self,1.0942240961871852,1.4530263447772767,0.5500000000000003,1
4,112,30,0,600,self,2.003082043302621,1.4530263447772767,0.4650000000000002,1
4,113,30,0,600,self,-0.25898204647646705,1.4530263447772767,0.25000000000000006,2
4,114,30,0,600,self,-0.19199304900484548,1.4530263447772767,0.5870000000000003,1
4,115,30,0,600,self,-0.9788388192696732,1.4530263447772767,0.4540000000000002,1
4,116,30,0,600,self,1.3888912670360636,1.4530263447772767,0.6170000000000003,1
4,117,30,0,600,self,1.6338046491658749,1.4530263447772767,0.39900000000000013,1
4,118,30,0,600,self,0.0359073060566798,1.4530263447772767,0.42500000000000016,2
4,119,30,0,600,self,0.4473835410204434,1.4530263447772767,0.4500000000000002,1
4,120,30,0,600,self,0.9289674232602199,1.4530263447772767,0.44300000000000017,1
4,121,30,0,600,self,0.05578725954602237,1.4530263447772767,0.4840000000000002,2
4,122,30,0,600,self,0.2582916185421472,1.4530263447772767,0.2990000000000001,1
4,123,30,0,600,self,2.4220196116223978,1.4530263447772767,0.3390000000000001,1
4,124,30,0,600,self,0.7857519278463377,1.4530263447772767,0.42300000000000015,1
4,125,30,0,600,self,2.76173884023929,1.4530263447772767,0.3050000000000001,1
4,126,30,0,600,self,1.7316949352767579,1.4530263447772767,0.5900000000000003,1
4,127,30,0,600,self,-0.2084849491485702,1.4530263447772767,0.41700000000000015,2
4,128,30,0,600,self,0.20792254730149928,1.4530263447772767,0.3480000000000001,2
4,129,30,0,600,self,0.914345439681449,1.4530263447772767,0.3770000000000001,1
4,130,30,0,600,self,0.5608187206663435,1.4530263447772767,0.3860000000000001,1
5,1,30,0,600,stranger,1.1733702865214353,1.44078444206662,0.3460000000000001,2
5,2,30,0,600,stranger,-0.5486729006903962,1.44078444206662,0.5660000000000003,2
5,3,30,0,600,stranger,-0.910249378134046,1.44078444206662,0.3780000000000001,2
5,4,30,0,600,stranger,0.5663565580931251,1.44078444206662,0.5600000000000003,1
5,5,30,0,600,stranger,-2.3779751506712303,1.44078444206662,0.4920000000000002,2
5,6,30,0,600,stranger,-0.38907504173036955,1.44078444206662,0.3500000000000001,2
5,7,30,0,600,stranger,0.41185063021398904,1.44078444206662,0.6140000000000003,1
5,8,30,0,600,stranger,1.775387751029914,1.44078444206662,0.4530000000000002,1
5,9,30,0,600,stranger,0.22182310313797904,1.44078444206662,0.3850000000000001,2
5,10,30,0,600,stranger,1.7520796406341046,1.44078444206662,0.5100000000000002,1
5,11,30,0,600,stranger,1.1713275329621171,1.44078444206662,0.3580000000000001,2
5,12,30,0,600,stranger,0.3790037198925542,1.44078444206662,0.5850000000000003,1
5,13,30,0,600,stranger,-2.668006529169272,1.44078444206662,0.42600000000000016,2
5,14,30,0,600,stranger,-0.7149613858524718,1.44078444206662,0.3540000000000001,2
5,15,30,0,600,stranger,-0.17459937487795796,1.44078444206662,0.43300000000000016,2
5,16,30,0,600,stranger,1.123736785794853,1.44078444206662,0.41300000000000014,2
5,17,30,0,600,stranger,1.6789030334387647,1.44078444206662,0.4980000000000002,1
5,18,30,0,600,stranger,-0.3688487370120801,1.44078444206662,0.43900000000000017,2
5,19,30,0,600,stranger,-0.45755993314190857,1.44078444206662,0.5830000000000003,1
5,20,30,0,600,stranger,1.5014343012309546,1.44078444206662,0.5280000000000002,1
5,21,30,0,600,stranger,-0.5430011466157737,1.44078444206662,0.41500000000000015,2
5,22,30,0,600,stranger,2.791047174229329,1.44078444206662,0.26800000000000007,1
5,23,30,0,600,stranger,-1.7344023605596273,1.44078444206662,0.2910000000000001,2
5,24,30,0,600,stranger,0.3357738952148074,1.44078444206662,0.4830000000000002,2
5,25,30,0,600,stranger,0.7586001882018839,1.44078444206662,0.3750000000000001,1
5,26,30,0,600,stranger,-0.9098310823425643,1.44078444206662,0.2800000000000001,2
5,27,30,0,600,stranger,0.9335664717415897,1.44078444206662,0.5870000000000003,1
5,28,30,0,600,stranger,1.1558906688952002,1.44078444206662,0.5720000000000003,1
5,29,30,0,600,stranger,1.6382260196485894,1.44078444206662,0.40500000000000014,1
5,30,30,0,600,stranger,0.17648854401391822,1.44078444206662,0.3760000000000001,1
5,31,30,0,600,stranger,0.10235357827346162,1.44078444206662,0.5450000000000003,1
5,32,30,0,600,stranger,-0.7132243463061786,1.44078444206662,0.42400000000000015,2
5,33,30,0,600,stranger,-0.9032799395491603,1.44078444206662,0.5370000000000003,1
5,34,30,0,600,stranger,0.20660313576161335,1.44078444206662,0.42700000000000016,2
5,35,30,0,600,stranger,2.293805349277899,1.44078444206662,0.41200000000000014,1
5,36,30,0,600,stranger,0.8617883306091584,1.44078444206662,0.42300000000000015,1
5,37,30,0,600,stranger,0.92744074482405,1.44078444206662,0.5670000000000003,2
5,38,30,0,600,stranger,1.5794453933036903,1.44078444206662,0.42800000000000016,1
5,39,30,0,600,stranger,-0.6646459166163329,1.44078444206662,0.39900000000000013,2
5,40,30,0,600,stranger,1.7838417148578487,1.44078444206662,0.5850000000000003,1
5,41,30,0,600,stranger,1.2509370711847896,1.44078444206662,0.5030000000000002,1
5,42,30,0,600,stranger,0.9167649526755746,1.44078444206662,0.3130000000000001,1
5,43,30,0,600,stranger,0.7936266424319033,1.44078444206662,0.3810000000000001,2
5,44,30,0,600,stranger,1.0080860009731643,1.44078444206662,0.3510000000000001,1
5,45,30,0,600,stranger,0.4365811595570209,1.44078444206662,0.5420000000000003,2
5,46,30,0,600,stranger,-0.7834336618285033,1.44078444206662,0.3390000000000001,2
5,47,30,0,600,stranger,2.0739253001840714,1.44078444206662,0.3750000000000001,1
5,48,30,0,600,stranger,0.7319143027622781,1.44078444206662,0.5940000000000003,1
5,49,30,0,600,stranger,0.1861013233942633,1.44078444206662,0.4490000000000002,1
5,50,30,0,600,stranger,-0.21619236646932982,1.44078444206662,0.3830000000000001,2
5,51,30,0,600,stranger,0.6195668692756897,1.44078444206662,0.5540000000000003,2
5,52,30,0,600,stranger,0.5957979277583544,1.44078444206662,0.2970000000000001,1
5,53,30,0,600,stranger,0.49881387880018574,1.44078444206662,0.5210000000000002,2
5,54,30,0,600,stranger,-2.013922502597195,1.44078444206662,0.4590000000000002,2
5,55,30,0,600,stranger,2.3437922281344203,1.44078444206662,0.6190000000000003,1
5,56,30,0,600,stranger,0.03132100655818626,1.44078444206662,0.3520000000000001,2
5,57,30,0,600,stranger,0.9567676986105311,1.44078444206662,0.3790000000000001,1
5,58,30,0,600,stranger,1.859593818781462,1.44078444206662,0.2950000000000001,1
5,59,30,0,600,stranger,0.3321904418404851,1.44078444206662,0.3850000000000001,1
5,60,30,0,600,stranger,0.7177870331570801,1.44078444206662,0.3840000000000001,1
5,61,30,0,600,stranger,0.2862933778626855,1.44078444206662,0.3640000000000001,1
5,62,30,0,600,stranger,0.09865826608667425,1.44078444206662,0.2970000000000001,1
5,63,30,0,600,stranger,-0.5357233237427319,1.44078444206662,0.3080000000000001,2
5,64,30,0,600,stranger,-1.3412573342016474,1.44078444206662,0.4450000000000002,1
5,65,30,0,600,stranger,-0.7382870616192998,1.44078444206662,0.3190000000000001,1
5,66,30,0,600,stranger,0.45459786990149936,1.44078444206662,0.5870000000000003,1
5,67,30,0,600,stranger,-0.24398108902682247,1.44078444206662,0.5300000000000002,2
5,68,30,0,600,stranger,-0.00978315656335016,1.44078444206662,0.43900000000000017,2
5,69,30,0,600,stranger,-0.9368496714156921,1.44078444206662,0.4930000000000002,2
5,70,30,0,600,stranger,1.5746183401114089,1.44078444206662,0.3200000000000001,1
5,71,30,0,600,stranger,-0.4052685559872079,1.44078444206662,0.5500000000000003,2
5,72,30,0,600,stranger,-0.3558005864682261,1.44078444206662,0.3640000000000001,1
5,73,30,0,600,stranger,-0.2945849128193686,1.44078444206662,0.3390000000000001,1
5,74,30,0,600,stranger,0.2088791645084516,1.44078444206662,0.4750000000000002,2
5,75,30,0,600,stranger,0.4417053796512601,1.44078444206662,0.5280000000000002,2
5,76,30,0,600,stranger,-0.7012131399502496,1.44078444206662,0.3680000000000001,2
5,77,30,0,600,stranger,-0.8587610341794251,1.44078444206662,0.39800000000000013,2
5,78,30,0,600,stranger,-1.6866221331127074,1.44078444206662,0.5880000000000003,2
5,79,30,0,600,stranger,-2.4637688520406016,1.44078444206662,0.4670000000000002,2
5,80,30,0,600,stranger,0.38339533394474207,1.44078444206662,0.3420000000000001,1
5,81,30,0,600,stranger,-1.7555335594683603,1.44078444206662,0.3210000000000001,2
5,82,30,0,600,stranger,0.9483420642957754,1.44078444206662,0.3890000000000001,1
5,83,30,0,600,stranger,0.9926190790457633,1.44078444206662,0.42300000000000015,1
5,84,30,0,600,stranger,-0.3096537872968983,1.44078444206662,0.4630000000000002,2
5,85,30,0,600,stranger,-1.5283011560476103,1.44078444206662,0.4950000000000002,2
5,86,30,0,600,stranger,2.112740466507679,1.44078444206662,0.5650000000000003,1
5,87,30,0,600,stranger,-0.634172029251432,1.44078444206662,0.2780000000000001,2
5,88,30,0,600,stranger,1.1498045694675283,1.44078444206662,0.41200000000000014,1
5,89,30,0,600,stranger,1.0216237780172646,1.44078444206662,0.5180000000000002,1
5,90,30,0,600,stranger,0.3408278818574919,1.44078444206662,0.3050000000000001,2
5,91,30,0,600,stranger,0.8710418775867591,1.44078444206662,0.4750000000000002,1
5,92,30,0,600,stranger,-1.951529810689451,1.44078444206662,0.5590000000000003,2
5,93,30,0,600,stranger,-0.5618870637904245,1.44078444206662,0.3890000000000001,2
5,94,30,0,600,stranger,0.27757544001432705,1.44078444206662,0.32600000000000007,1
5,95,30,0,600,stranger,-0.5055258655238799,1.44078444206662,0.2810000000000001,1
5,96,30,0,600,stranger,-0.04967786498239379,1.44078444206662,0.3210000000000001,2
5,97,30,0,600,stranger,-1.048331579517955,1.44078444206662,0.41100000000000014,2
5,98,30,0,600,stranger,1.5107568604777137,1.44078444206662,0.5030000000000002,1
5,99,30,0,600,stranger,1.5028287071063446,1.44078444206662,0.5100000000000002,1
5,100,30,0,600,stranger,-0.33167724145582855,1.44078444206662,0.4600000000000002,2
5,101,30,0,600,stranger,1.041978737747173,1.44078444206662,0.42300000000000015,1
5,102,30,0,600,stranger,0.29697959027262943,1.44078444206662,0.5380000000000003,1
5,103,30,0,600,stranger,0.6092920572253934,1.44078444206662,0.42600000000000016,2
5,104,30,0,600,stranger,0.5635608234992038,1.44078444206662,0.5460000000000003,2
5,105,30,0,600,stranger,1.718042201011571,1.44078444206662,0.41800000000000015,1
5,106,30,0,600,stranger,1.192570052210745,1.44078444206662,0.3110000000000001,1
5,107,30,0,600,stranger,0.5625061682358639,1.44078444206662,0.3140000000000001,2
5,108,30,0,600,stranger,-0.41184603054323776,1.44078444206662,0.41100000000000014,1
5,109,30,0,600,stranger,0.717251716031456,1.44078444206662,0.4500000000000002,2
5,110,30,0,600,stranger,-0.32071766629839904,1.44078444206662,0.6070000000000003,2
5,111,30,0,600,stranger,1.376592091062696,1.44078444206662,0.42000000000000015,1
5,112,30,0,600,stranger,1.20949356037571,1.44078444206662,0.4860000000000002,1
5,113,30,0,600,stranger,1.251072325858451,1.44078444206662,0.2830000000000001,1
5,114,30,0,600,stranger,0.4447296680153192,1.44078444206662,0.3850000000000001,1
5,115,30,0,600,stranger,0.8043879420120007,1.44078444206662,0.3010000000000001,1
5,116,30,0,600,stranger,-0.831216988699179,1.44078444206662,0.6130000000000003,2
5,117,30,0,600,stranger,1.0702683727388775,1.44078444206662,0.3640000000000001,1
5,118,30,0,600,stranger,-0.2565303181748863,1.44078444206662,0.26800000000000007,2
5,119,30,0,600,stranger,1.5022395786210248,1.44078444206662,0.2990000000000001,1
5,120,30,0,600,stranger,0.8853589614455616,1.44078444206662,0.3650000000000001,1
5,121,30,0,600,stranger,1.4896363160289203,1.44078444206662,0.5370000000000003,1
5,122,30,0,600,stranger,0.09787745351912483,1.44078444206662,0.4560000000000002,2
5,123,30,0,600,stranger,-0.7006633463005156,1.44078444206662,0.25600000000000006,2
5,124,30,0,600,stranger,0.04076029675395215,1.44078444206662,0.5280000000000002,2
5,125,30,0,600,stranger,0.6996465063123911,1.44078444206662,0.5140000000000002,1
5,126,30,0,600,stranger,-0.6442098175164583,1.44078444206662,0.3870000000000001,1
5,127,30,0,600,stranger,0.3964828896024432,1.44078444206662,0.3710000000000001,1
5,128,30,0,600,stranger,-0.08213760426279865,1.44078444206662,0.3140000000000001,1
5,129,30,0,600,stranger,1.3155260730912115,1.44078444206662,0.6070000000000003,1
5,130,30,0,600,stranger,-0.3199720146691548,1.44078444206662,0.4470000000000002,2
5,1,30,0,600,self,-1.0896234249735746,1.44078444206662,0.3750000000000001,2
5,2,30,0,600,self,3.494874271205439,1.44078444206662,0.3220000000000001,1
5,3,30,0,600,self,-0.1912977176754752,1.44078444206662,0.6180000000000003,2
5,4,30,0,600,self,-0.2763763829588105,1.44078444206662,0.6280000000000003,2
5,5,30,0,600,self,0.08088021806135604,1.44078444206662,0.5270000000000002,2
5,6,30,0,600,self,1.8346691907662107,1.44078444206662,0.5620000000000003,1
5,7,30,0,600,self,1.2388440958738665,1.44078444206662,0.4790000000000002,1
5,8,30,0,600,self,1.1758082103859782,1.44078444206662,0.42600000000000016,1
5,9,30,0,600,self,1.0092290127193142,1.44078444206662,0.39700000000000013,1
5,10,30,0,600,self,0.5356272233123414,1.44078444206662,0.42900000000000016,1
5,11,30,0,600,self,1.6541176800329294,1.44078444206662,0.4610000000000002,1
5,12,30,0,600,self,0.15062216507150605,1.44078444206662,0.4870000000000002,1
5,13,30,0,600,self,1.406868969954193,1.44078444206662,0.4850000000000002,1
5,14,30,0,600,self,2.228657105166074,1.44078444206662,0.42700000000000016,1
5,15,30,0,600,self,1.097349130669648,1.44078444206662,0.43700000000000017,1
5,16,30,0,600,self,2.5203601632814463,1.44078444206662,0.5190000000000002,1
5,17,30,0,600,self,-0.9573377409452294,1.44078444206662,0.6180000000000003,2
5,18,30,0,600,self,-1.5234628974288227,1.44078444206662,0.5780000000000003,2
5,19,30,0,600,self,2.6468878795603215,1.44078444206662,0.3390000000000001,1
5,20,30,0,600,self,0.5727819850186804,1.44078444206662,0.6150000000000003,1
5,21,30,0,600,self,1.7288953192269407,1.44078444206662,0.3750000000000001,2
5,22,30,0,600,self,2.5050307794660633,1.44078444206662,0.5080000000000002,1
5,23,30,0,600,self,1.0181519559150072,1.44078444206662,0.3160000000000001,1
5,24,30,0,600,self,1.0382834079218886,1.44078444206662,0.3490000000000001,2
5,25,30,0,600,self,1.3164381598676216,1.44078444206662,0.4790000000000002,1
5,26,30,0,600,self,1.9076880315928602,1.44078444206662,0.2720000000000001,1
5,27,30,0,600,self,0.6015510486813509,1.44078444206662,0.33100000000000007,1
5,28,30,0,600,self,0.33073843670041336,1.44078444206662,0.3320000000000001,1
5,29,30,0,600,self,1.2684317792619142,1.44078444206662,0.4460000000000002,1
5,30,30,0,600,self,-0.8845514140764482,1.44078444206662,0.43000000000000016,2
5,31,30,0,600,self,-0.1794088467283853,1.44078444206662,0.5580000000000003,2
5,32,30,0,600,self,2.195742968830516,1.44078444206662,0.5430000000000003,1
5,33,30,0,600,self,0.03361722897302366,1.44078444206662,0.4770000000000002,1
5,34,30,0,600,self,-0.859403562088643,1.44078444206662,0.32900000000000007,2
5,35,30,0,600,self,1.709120285652656,1.44078444206662,0.4580000000000002,1
5,36,30,0,600,self,0.15581063287877706,1.44078444206662,0.5000000000000002,2
5,37,30,0,600,self,1.2060986504811615,1.44078444206662,0.5310000000000002,1
5,38,30,0,600,self,2.5477832057499423,1.44078444206662,0.3740000000000001,1
5,39,30,0,600,self,2.306319775625012,1.44078444206662,0.32600000000000007,1
5,40,30,0,600,self,3.600336001622219,1.44078444206662,0.3360000000000001,1
5,41,30,0,600,self,1.1501587161696025,1.44078444206662,0.40200000000000014,1
5,42,30,0,600,self,1.684646827719689,1.44078444206662,0.42600000000000016,1
5,43,30,0,600,self,1.502044246158025,1.44078444206662,0.43100000000000016,1
5,44,30,0,600,self,1.4529641042409578,1.44078444206662,0.2990000000000001,1
5,45,30,0,600,self,0.2979701978734385,1.44078444206662,0.41100000000000014,1
5,46,30,0,600,self,-0.32714126953855305,1.44078444206662,0.3110000000000001,2
5,47,30,0,600,self,1.631669861453814,1.44078444206662,0.3450000000000001,1
5,48,30,0,600,self,1.6603050603680565,1.44078444206662,0.40200000000000014,1
5,49,30,0,600,self,1.4714202793562556,1.44078444206662,0.3170000000000001,1
5,50,30,0,600,self,2.1655098939577235,1.44078444206662,0.3630000000000001,1
5,51,30,0,600,self,0.8339513464626325,1.44078444206662,0.5990000000000003,1
5,52,30,0,600,self,0.14746681404391593,1.44078444206662,0.40600000000000014,2
5,53,30,0,600,self,1.4280826577738406,1.44078444206662,0.3850000000000001,1
5,54,30,0,600,self,0.9127763592556581,1.44078444206662,0.6010000000000003,1
5,55,30,0,600,self,2.4254462831140553,1.44078444206662,0.4750000000000002,1
5,56,30,0,600,self,-0.4445245012422988,1.44078444206662,0.3020000000000001,2
5,57,30,0,600,self,0.8088285980835852,1.44078444206662,0.3760000000000001,1
5,58,30,0,600,self,1.0212198923508287,1.44078444206662,0.3910000000000001,2
5,59,30,0,600,self,1.7694396605482676,1.44078444206662,0.2890000000000001,1
5,60,30,0,600,self,1.242379369831353,1.44078444206662,0.41400000000000015,1
5,61,30,0,600,self,1.8385706932517798,1.44078444206662,0.6080000000000003,1
5,62,30,0,600,self,1.7023996410973554,1.44078444206662,0.4720000000000002,1
5,63,30,0,600,self,0.006598650716826415,1.44078444206662,0.25300000000000006,1
5,64,30,0,600,self,1.438761886768174,1.44078444206662,0.5680000000000003,1
5,65,30,0,600,self,2.6391366144211372,1.44078444206662,0.2950000000000001,1
5,66,30,0,600,self,0.7669242992393492,1.44078444206662,0.3210000000000001,2
5,67,30,0,600,self,3.051456310367935,1.44078444206662,0.5310000000000002,1
5,68,30,0,600,self,1.5040366677521955,1.44078444206662,0.6190000000000003,1
5,69,30,0,600,self,0.8016618854563039,1.44078444206662,0.5530000000000003,1
5,70,30,0,600,self,1.2335618769884493,1.44078444206662,0.5710000000000003,1
5,71,30,0,600,self,1.1309662855790061,1.44078444206662,0.3610000000000001,1
5,72,30,0,600,self,1.7702013271051227,1.44078444206662,0.3090000000000001,1
5,73,30,0,600,self,3.123933679324808,1.44078444206662,0.3240000000000001,1
5,74,30,0,600,self,0.6355665171840528,1.44078444206662,0.3800000000000001,1
5,75,30,0,600,self,-0.20504575285137816,1.44078444206662,0.39600000000000013,2
5,76,30,0,600,self,0.9143027702463545,1.44078444206662,0.5630000000000003,2
5,77,30,0,600,self,0.33932426313148234,1.44078444206662,0.6120000000000003,2
5,78,30,0,600,self,1.4612376323689995,1.44078444206662,0.3720000000000001,1
5,79,30,0,600,self,2.5074803489877575,1.44078444206662,0.5650000000000003,1
5,80,30,0,600,self,0.1578595555513168,1.44078444206662,0.3410000000000001,1
5,81,30,0,600,self,1.6615492503747689,1.44078444206662,0.2780000000000001,1
5,82,30,0,600,self,0.019664648603741397,1.44078444206662,0.41800000000000015,2
5,83,30,0,600,self,2.0051654558031644,1.44078444206662,0.4800000000000002,1
5,84,30,0,600,self,1.7630538910348452,1.44078444206662,0.5450000000000003,1
5,85,30,0,600,self,0.4907181145753996,1.44078444206662,0.43400000000000016,2
5,86,30,0,600,self,2.1036581536360996,1.44078444206662,0.3660000000000001,1
5,87,30,0,600,self,1.1130660390043305,1.44078444206662,0.42600000000000016,2
5,88,30,0,600,self,0.34630001122410803,1.44078444206662,0.4530000000000002,1
5,89,30,0,600,self,0.7424261767460425,1.44078444206662,0.3070000000000001,1
5,90,30,0,600,self,-0.28424702725998807,1.44078444206662,0.3620000000000001,2
5,91,30,0,600,self,2.7522704463750385,1.44078444206662,0.40700000000000014,1
5,92,30,0,600,self,2.378825472276738,1.44078444206662,0.32800000000000007,1
5,93,30,0,600,self,1.3608288263452188,1.44078444206662,0.3670000000000001,1
5,94,30,0,600,self,1.8815462211383442,1.44078444206662,0.42000000000000015,1
5,95,30,0,600,self,2.076878070919401,1.44078444206662,0.2870000000000001,1
5,96,30,0,600,self,-0.02222767551095972,1.44078444206662,0.43100000000000016,2
5,97,30,0,600,self,0.08321203611407879,1.44078444206662,0.5190000000000002,1
5,98,30,0,600,self,1.1185876701349258,1.44078444206662,0.5850000000000003,1
5,99,30,0,600,self,2.1704089999975,1.44078444206662,0.4540000000000002,1
5,100,30,0,600,self,-0.40027042738656593,1.44078444206662,0.3410000000000001,1
5,101,30,0,600,self,2.246023047451173,1.44078444206662,0.24800000000000005,1
5,102,30,0,600,self,0.6112201594544278,1.44078444206662,0.5580000000000003,1
5,103,30,0,600,self,0.91227658232472,1.44078444206662,0.5450000000000003,1
5,104,30,0,600,self,-0.5603933935811486,1.44078444206662,0.4560000000000002,2
5,105,30,0,600,self,1.2901040088205613,1.44078444206662,0.43500000000000016,1
5,106,30,0,600,self,2.026473071565144,1.44078444206662,0.3180000000000001,1
5,107,30,0,600,self,1.7252841599973623,1.44078444206662,0.3600000000000001,1
5,108,30,0,600,self,2.5746087509079993,1.44078444206662,0.5220000000000002,1
5,109,30,0,600,self,0.16741612214391288,1.44078444206662,0.5790000000000003,2
5,110,30,0,600,self,2.3834834015119064,1.44078444206662,0.4910000000000002,1
5,111,30,0,600,self,3.786378896709386,1.44078444206662,0.2970000000000001,1
5,112,30,0,600,self,1.6494958324860498,1.44078444206662,0.4510000000000002,1
5,113,30,0,600,self,-0.9736323725175454,1.44078444206662,0.3750000000000001,1
5,114,30,0,600,self,1.4746439935459468,1.44078444206662,0.3450000000000001,1
5,115,30,0,600,self,0.9463376088858507,1.44078444206662,0.3620000000000001,1
5,116,30,0,600,self,0.12305964582092821,1.44078444206662,0.3870000000000001,1
5,117,30,0,600,self,0.8965094669882993,1.44078444206662,0.3820000000000001,1
5,118,30,0,600,self,-0.6932643872021002,1.44078444206662,0.5080000000000002,2
5,119,30,0,600,self,1.7275034923420165,1.44078444206662,0.5340000000000003,1
5,120,30,0,600,self,0.32698443510768616,1.44078444206662,0.5290000000000002,1
5,121,30,0,600,self,-1.5751377614033495,1.44078444206662,0.2840000000000001,1
5,122,30,0,600,self,-0.150620755799325,1.44078444206662,0.5790000000000003,1
5,123,30,0,600,self,0.9195655947711903,1.44078444206662,0.43700000000000017,1
5,124,30,0,600,self,2.3288338323333226,1.44078444206662,0.2900000000000001,1
5,125,30,0,600,self,2.0164329100719964,1.44078444206662,0.3740000000000001,1
5,126,30,0,600,self,0.9413848538780221,1.44078444206662,0.4940000000000002,1
5,127,30,0,600,self,1.0803105115499763,1.44078444206662,0.4720000000000002,1
5,128,30,0,600,self,1.0128051748306814,1.44078444206662,0.3760000000000001,1
5,129,30,0,600,self,0.970747863750764,1.44078444206662,0.5340000000000003,1
5,130,30,0,600,self,1.3977561343783989,1.44078444206662,0.5130000000000002,1
6,1,30,0,600,stranger,-0.8264748948296844,2.3595699828813586,0.5740000000000003,2
6,2,30,0,600,stranger,-0.744296014142669,2.3595699828813586,0.40500000000000014,2
6,3,30,0,600,stranger,1.1901079580675495,2.3595699828813586,0.5660000000000003,1
6,4,30,0,600,stranger,3.036705405327435,2.3595699828813586,0.41500000000000015,1
6,5,30,0,600,stranger,-1.0947556432939023,2.3595699828813586,0.5310000000000002,2
6,6,30,0,600,stranger,2.5823799155508014,2.3595699828813586,0.5710000000000003,1
6,7,30,0,600,stranger,2.0732341433691603,2.3595699828813586,0.4920000000000002,1
6,8,30,0,600,stranger,0.25798088026260446,2.3595699828813586,0.3870000000000001,1
6,9,30,0,600,stranger,0.411299264710808,2.3595699828813586,0.4510000000000002,2
6,10,30,0,600,stranger,0.8391105854159137,2.3595699828813586,0.4710000000000002,1
6,11,30,0,600,stranger,0.15219671904257737,2.3595699828813586,0.5620000000000003,1
6,12,30,0,600,stranger,1.1531571993731955,2.3595699828813586,0.3910000000000001,1
6,13,30,0,600,stranger,1.3124123423573244,2.3595699828813586,0.4620000000000002,1
6,14,30,0,600,stranger,-2.0713477385150005,2.3595699828813586,0.5040000000000002,2
6,15,30,0,600,stranger,2.051829179649622,2.3595699828813586,0.4520000000000002,1
6,16,30,0,600,stranger,-1.1183444947885066,2.3595699828813586,0.5960000000000003,2
6,17,30,0,600,stranger,-1.1435176654363413,2.3595699828813586,0.3870000000000001,2
6,18,30,0,600,stranger,0.23929776444259224,2.3595699828813586,0.5040000000000002,1
6,19,30,0,600,stranger,0.6490196995161412,2.3595699828813586,0.2760000000000001,2
6,20,30,0,600,stranger,1.6168118150666029,2.3595699828813586,0.5590000000000003,1
6,21,30,0,600,stranger,0.2626329206832209,2.3595699828813586,0.5660000000000003,1
6,22,30,0,600,stranger,-1.9525635751711565,2.3595699828813586,0.4530000000000002,2
6,23,30,0,600,stranger,-0.3852958171548704,2.3595699828813586,0.6160000000000003,2
6,24,30,0,600,stranger,-1.4279583881159224,2.3595699828813586,0.6300000000000003,2
6,25,30,0,600,stranger,1.0172855372351028,2.3595699828813586,0.4660000000000002,1
6,26,30,0,600,stranger,0.6426638208907387,2.3595699828813586,0.4460000000000002,2
6,27,30,0,600,stranger,-0.5607571653835001,2.3595699828813586,0.3690000000000001,2
6,28,30,0,600,stranger,1.3006091888653035,2.3595699828813586,0.6200000000000003,1
6,29,30,0,600,stranger,1.9554366617079677,2.3595699828813586,0.44300000000000017,1
6,30,30,0,600,stranger,1.2486603679415964,2.3595699828813586,0.32500000000000007,1
6,31,30,0,600,stranger,0.9563795235223344,2.3595699828813586,0.5920000000000003,1
6,32,30,0,600,stranger,1.7036775302063254,2.3595699828813586,0.5850000000000003,1
6,33,30,0,600,stranger,0.8970803313472807,2.3595699828813586,0.5950000000000003,1
6,34,30,0,600,stranger,-1.4880028339580647,2.3595699828813586,0.4790000000000002,2
6,35,30,0,600,stranger,-0.3501795940688962,2.3595699828813586,0.5800000000000003,2
6,36,30,0,600,stranger,3.268462864084312,2.3595699828813586,0.3720000000000001,1
6,37,30,0,600,stranger,2.2652905659623395,2.3595699828813586,0.5770000000000003,1
6,38,30,0,600,stranger,0.4689174243107821,2.3595699828813586,0.4980000000000002,2
6,39,30,0,600,stranger,1.6649652103109531,2.3595699828813586,0.40100000000000013,1
6,40,30,0,600,stranger,0.4476515704094224,2.3595699828813586,0.5170000000000002,2
6,41,30,0,600,stranger,1.1302504957612776,2.3595699828813586,0.4510000000000002,1
6,42,30,0,600,stranger,-1.1530430064794586,2.3595699828813586,0.6270000000000003,2
6,43,30,0,600,stranger,-0.04345964129062335,2.3595699828813586,0.5610000000000003,1
6,44,30,0,600,stranger,1.3326547956046269,2.3595699828813586,0.5950000000000003,1
6,45,30,0,600,stranger,-0.35330190469084843,2.3595699828813586,0.6020000000000003,2
6,46,30,0,600,stranger,0.4132545198856521,2.3595699828813586,0.4530000000000002,2
6,47,30,0,600,stranger,-2.051437618096999,2.3595699828813586,0.5000000000000002,2
6,48,30,0,600,stranger,-0.6358321614578415,2.3595699828813586,0.5370000000000003,2
6,49,30,0,600,stranger,0.2197697471405981,2.3595699828813586,0.5200000000000002,2
6,50,30,0,600,stranger,-0.20092126212695055,2.3595699828813586,0.4590000000000002,2
6,51,30,0,600,stranger,-0.5322197361860139,2.3595699828813586,0.4860000000000002,2
6,52,30,0,600,stranger,0.7825042421556165,2.3595699828813586,0.44000000000000017,1
6,53,30,0,600,stranger,-0.8578870731781688,2.3595699828813586,0.4680000000000002,2
6,54,30,0,600,stranger,1.4057969533471266,2.3595699828813586,0.5610000000000003,1
6,55,30,0,600,stranger,0.7557664099504257,2.3595699828813586,0.5890000000000003,1
6,56,30,0,600,stranger,1.8880714900328717,2.3595699828813586,0.4650000000000002,1
6,57,30,0,600,stranger,-0.5665515608048496,2.3595699828813586,0.4970000000000002,2
6,58,30,0,600,stranger,1.3209453892790055,2.3595699828813586,0.3750000000000001,1
6,59,30,0,600,stranger,1.2791643603995753,2.3595699828813586,0.4820000000000002,1
6,60,30,0,600,stranger,-0.7029302715945867,2.3595699828813586,0.43800000000000017,2
6,61,30,0,600,stranger,-0.3037965337502735,2.3595699828813586,0.5310000000000002,1
6,62,30,0,600,stranger,-0.6443978332529937,2.3595699828813586,0.6260000000000003,2
6,63,30,0,600,stranger,-0.978312296929219,2.3595699828813586,0.5280000000000002,2
6,64,30,0,600,stranger,1.1478441328444187,2.3595699828813586,0.4470000000000002,1
6,65,30,0,600,stranger,0.8814296578793154,2.3595699828813586,0.6150000000000003,1
6,66,30,0,600,stranger,0.5680394343001083,2.3595699828813586,0.6020000000000003,1
6,67,30,0,600,stranger,-0.4787538940913999,2.3595699828813586,0.4970000000000002,1
6,68,30,0,600,stranger,-0.7144263462566992,2.3595699828813586,0.4730000000000002,2
6,69,30,0,600,stranger,0.7328076694019381,2.3595699828813586,0.5170000000000002,1
6,70,30,0,600,stranger,-0.19830720012036562,2.3595699828813586,0.5020000000000002,2
6,71,30,0,600,stranger,0.7277190358467129,2.3595699828813586,0.5760000000000003,1
6,72,30,0,600,stranger,0.93512718717113,2.3595699828813586,0.4590000000000002,1
6,73,30,0,600,stranger,1.075263132344844,2.3595699828813586,0.4780000000000002,1
6,74,30,0,600,stranger,0.06256193168568885,2.3595699828813586,0.40800000000000014,1
6,75,30,0,600,stranger,1.5522151286423078,2.3595699828813586,0.6020000000000003,1
6,76,30,0,600,stranger,-0.6604130291777258,2.3595699828813586,0.4590000000000002,2
6,77,30,0,600,stranger,-1.8084213557817415,2.3595699828813586,0.5520000000000003,2
6,78,30,0,600,stranger,-0.004906286570398433,2.3595699828813586,0.4610000000000002,1
6,79,30,0,600,stranger,0.766440882514014,2.3595699828813586,0.43600000000000017,2
6,80,30,0,600,stranger,-0.7102818237066885,2.3595699828813586,0.5760000000000003,2
6,81,30,0,600,stranger,-0.7027399258614804,2.3595699828813586,0.43500000000000016,1
6,82,30,0,600,stranger,-0.7937407775382962,2.3595699828813586,0.5530000000000003,2
6,83,30,0,600,stranger,2.0636208068670943,2.3595699828813586,0.41100000000000014,1
6,84,30,0,600,stranger,1.195750541796333,2.3595699828813586,0.3800000000000001,1
6,85,30,0,600,stranger,1.4708459795092281,2.3595699828813586,0.3920000000000001,1
6,86,30,0,600,stranger,-0.1896613064109255,2.3595699828813586,0.5310000000000002,2
6,87,30,0,600,stranger,-0.19430121974908965,2.3595699828813586,0.6000000000000003,2
6,88,30,0,600,stranger,2.0624913529127205,2.3595699828813586,0.5240000000000002,1
6,89,30,0,600,stranger,-2.0695715434072333,2.3595699828813586,0.3330000000000001,2
6,90,30,0,600,stranger,-1.1904198444928946,2.3595699828813586,0.5970000000000003,2
6,91,30,0,600,stranger,1.0816693711434135,2.3595699828813586,0.4980000000000002,1
6,92,30,0,600,stranger,0.273141080106798,2.3595699828813586,0.4660000000000002,1
6,93,30,0,600,stranger,1.452832893391237,2.3595699828813586,0.5840000000000003,1
6,94,30,0,600,stranger,1.7645510254043795,2.3595699828813586,0.4740000000000002,1
6,95,30,0,600,stranger,-1.7125255381885185,2.3595699828813586,0.5850000000000003,2
6,96,30,0,600,stranger,-1.5128506019208974,2.3595699828813586,0.5710000000000003,2
6,97,30,0,600,stranger,-0.3375199567554512,2.3595699828813586,0.5800000000000003,2
6,98,30,0,600,stranger,1.1106645368283643,2.3595699828813586,0.5410000000000003,1
6,99,30,0,600,stranger,-1.5494851821623739,2.3595699828813586,0.5680000000000003,2
6,100,30,0,600,stranger,1.2904956629997928,2.3595699828813586,0.6270000000000003,1
6,101,30,0,600,stranger,0.1272613371143169,2.3595699828813586,0.5700000000000003,1
6,102,30,0,600,stranger,1.1219303753012104,2.3595699828813586,0.6290000000000003,1
6,103,30,0,600,stranger,2.237870711443726,2.3595699828813586,0.3810000000000001,1
6,104,30,0,600,stranger,-0.3083167937560666,2.3595699828813586,0.5650000000000003,2
6,105,30,0,600,stranger,-0.9287763770929706,2.3595699828813586,0.6090000000000003,2
6,106,30,0,600,stranger,-0.5868116976710167,2.3595699828813586,0.6230000000000003,1
6,107,30,0,600,stranger,-0.9999751270049545,2.3595699828813586,0.5880000000000003,2
6,108,30,0,600,stranger,1.0604475071836628,2.3595699828813586,0.39900000000000013,1
6,109,30,0,600,stranger,1.0423014510690378,2.3595699828813586,0.4470000000000002,1
6,110,30,0,600,stranger,2.3865548361630884,2.3595699828813586,0.5330000000000003,1
6,111,30,0,600,stranger,2.1841798881704495,2.3595699828813586,0.3210000000000001,1
6,112,30,0,600,stranger,-0.45846997198707096,2.3595699828813586,0.42700000000000016,2
6,113,30,0,600,stranger,-0.11559300659780103,2.3595699828813586,0.5210000000000002,1
6,114,30,0,600,stranger,1.0788973045900478,2.3595699828813586,0.5250000000000002,1
6,115,30,0,600,stranger,-1.047125791176561,2.3595699828813586,0.5100000000000002,2
6,116,30,0,600,stranger,-0.5650769253916416,2.3595699828813586,0.6260000000000003,2
6,117,30,0,600,stranger,-0.6478881192166522,2.3595699828813586,0.44000000000000017,2
6,118,30,0,600,stranger,2.3499964483982443,2.3595699828813586,0.4970000000000002,1
6,119,30,0,600,stranger,-0.8334928603179531,2.3595699828813586,0.5930000000000003,2
6,120,30,0,600,stranger,1.7303986430929155,2.3595699828813586,0.4930000000000002,1
6,121,30,0,600,stranger,1.0643228766773392,2.3595699828813586,0.5680000000000003,1
6,122,30,0,600,stranger,-1.0839341341896458,2.3595699828813586,0.40900000000000014,2
6,123,30,0,600,stranger,-1.0038860005358847,2.3595699828813586,0.5020000000000002,2
6,124,30,0,600,stranger,-0.8848267669956084,2.3595699828813586,0.5320000000000003,2
6,125,30,0,600,stranger,-0.5234500821221586,2.3595699828813586,0.5550000000000003,2
6,126,30,0,600,stranger,0.2363081597796736,2.3595699828813586,0.6090000000000003,1
6,127,30,0,600,stranger,1.1614841486797096,2.3595699828813586,0.5130000000000002,1
6,128,30,0,600,stranger,-1.024351970934072,2.3595699828813586,0.6190000000000003,2
6,129,30,0,600,stranger,0.6685540428982025,2.3595699828813586,0.4880000000000002,2
6,130,30,0,600,stranger,-1.8199048433452956,2.3595699828813586,0.5690000000000003,2
6,1,30,0,600,self,-2.0630485885991465,2.3595699828813586,0.4520000000000002,2
6,2,30,0,600,self,0.023481672716591295,2.3595699828813586,0.5870000000000003,2
6,3,30,0,600,self,0.9403679099531675,2.3595699828813586,0.6100000000000003,1
6,4,30,0,600,self,2.2692175211213255,2.3595699828813586,0.5100000000000002,1
6,5,30,0,600,self,3.6731782910819364,2.3595699828813586,0.42200000000000015,1
6,6,30,0,600,self,1.9295895846101851,2.3595699828813586,0.4510000000000002,1
6,7,30,0,600,self,1.7137797884419415,2.3595699828813586,0.3720000000000001,1
6,8,30,0,600,self,-0.09576852120225665,2.3595699828813586,0.3520000000000001,1
6,9,30,0,600,self,-0.6906138917335097,2.3595699828813586,0.5350000000000003,2
6,10,30,0,600,self,2.5500023576285153,2.3595699828813586,0.4950000000000002,1
6,11,30,0,600,self,2.604793770568116,2.3595699828813586,0.40900000000000014,1
6,12,30,0,600,self,1.5560939460053076,2.3595699828813586,0.4950000000000002,1
6,13,30,0,600,self,0.41332312827259343,2.3595699828813586,0.5890000000000003,2
6,14,30,0,600,self,-0.009157846220462784,2.3595699828813586,0.6230000000000003,1
6,15,30,0,600,self,1.8182531725717836,2.3595699828813586,0.6020000000000003,1
6,16,30,0,600,self,2.1776843953204836,2.3595699828813586,0.6060000000000003,1
6,17,30,0,600,self,1.6532244599569834,2.3595699828813586,0.6040000000000003,1
6,18,30,0,600,self,3.6719643667369857,2.3595699828813586,0.5590000000000003,1
6,19,30,0,600,self,1.9795920157658418,2.3595699828813586,0.5430000000000003,1
6,20,30,0,600,self,1.1901795606771828,2.3595699828813586,0.3810000000000001,1
6,21,30,0,600,self,-0.5629690723243329,2.3595699828813586,0.4950000000000002,2
6,22,30,0,600,self,1.4426887047330883,2.3595699828813586,0.5830000000000003,1
6,23,30,0,600,self,-1.0229009011105985,2.3595699828813586,0.5550000000000003,2
6,24,30,0,600,self,0.7846473256600207,2.3595699828813586,0.4940000000000002,1
6,25,30,0,600,self,0.982625105460977,2.3595699828813586,0.4520000000000002,1
6,26,30,0,600,self,0.9980999431711348,2.3595699828813586,0.5540000000000003,1
6,27,30,0,600,self,1.6960259476823158,2.3595699828813586,0.5890000000000003,1
6,28,30,0,600,self,2.9478685123500057,2.3595699828813586,0.5220000000000002,1
6,29,30,0,600,self,-0.3512695658737185,2.3595699828813586,0.4520000000000002,1
6,30,30,0,600,self,1.3423290372984198,2.3595699828813586,0.44200000000000017,1
6,31,30,0,600,self,0.3429334022343197,2.3595699828813586,0.3640000000000001,2
6,32,30,0,600,self,2.1194408512790095,2.3595699828813586,0.42600000000000016,1
6,33,30,0,600,self,0.03336885403535017,2.3595699828813586,0.42600000000000016,2
6,34,30,0,600,self,1.4597061643157874,2.3595699828813586,0.5890000000000003,1
6,35,30,0,600,self,2.290096604591891,2.3595699828813586,0.4790000000000002,1
6,36,30,0,600,self,1.3169468805140068,2.3595699828813586,0.5000000000000002,1
6,37,30,0,600,self,1.8485098941062592,2.3595699828813586,0.5930000000000003,1
6,38,30,0,600,self,1.4155029751724992,2.3595699828813586,0.3820000000000001,1
6,39,30,0,600,self,1.2576919782980553,2.3595699828813586,0.3850000000000001,1
6,40,30,0,600,self,-1.368377250986101,2.3595699828813586,0.4700000000000002,2
6,41,30,0,600,self,2.172010298713154,2.3595699828813586,0.5450000000000003,1
6,42,30,0,600,self,0.9495021675343936,2.3595699828813586,0.4650000000000002,1
6,43,30,0,600,self,2.403000076123356,2.3595699828813586,0.5440000000000003,1
6,44,30,0,600,self,1.1895382539561974,2.3595699828813586,0.5290000000000002,1
6,45,30,0,600,self,0.7445072893300899,2.3595699828813586,0.41200000000000014,1
6,46,30,0,600,self,0.1468903695286663,2.3595699828813586,0.5110000000000002,1
6,47,30,0,600,self,3.086487799561413,2.3595699828813586,0.3900000000000001,1
6,48,30,0,600,self,1.4345925772723325,2.3595699828813586,0.3850000000000001,1
6,49,30,0,600,self,-0.7963722447871077,2.3595699828813586,0.3860000000000001,2
6,50,30,0,600,self,1.4315298008335693,2.3595699828813586,0.4540000000000002,1
6,51,30,0,600,self,2.5196394153737818,2.3595699828813586,0.3190000000000001,1
6,52,30,0,600,self,-0.5776175712390116,2.3595699828813586,0.5060000000000002,2
6,53,30,0,600,self,2.237794776448316,2.3595699828813586,0.4610000000000002,1
6,54,30,0,600,self,1.33439807127983,2.3595699828813586,0.5890000000000003,1
6,55,30,0,600,self,1.250093268637229,2.3595699828813586,0.5050000000000002,1
6,56,30,0,600,self,1.9950507436405918,2.3595699828813586,0.41400000000000015,1
6,57,30,0,600,self,0.3531104400601528,2.3595699828813586,0.5290000000000002,2
6,58,30,0,600,self,1.0040468698749636,2.3595699828813586,0.5910000000000003,1
6,59,30,0,600,self,3.112680562716914,2.3595699828813586,0.40400000000000014,1
6,60,30,0,600,self,1.0260948809136519,2.3595699828813586,0.5300000000000002,1
6,61,30,0,600,self,1.4811341677312568,2.3595699828813586,0.4770000000000002,1
6,62,30,0,600,self,0.3918468462324475,2.3595699828813586,0.42400000000000015,1
6,63,30,0,600,self,2.2224399265189696,2.3595699828813586,0.4690000000000002,1
6,64,30,0,600,self,2.725793001282362,2.3595699828813586,0.4940000000000002,1
6,65,30,0,600,self,-1.2883500549359996,2.3595699828813586,0.43700000000000017,2
6,66,30,0,600,self,0.41734717574239044,2.3595699828813586,0.6020000000000003,2
6,67,30,0,600,self,0.23905332524467293,2.3595699828813586,0.5050000000000002,2
6,68,30,0,600,self,3.4892867237010363,2.3595699828813586,0.4530000000000002,1
6,69,30,0,600,self,1.914421199315491,2.3595699828813586,0.6240000000000003,1
6,70,30,0,600,self,0.9511930327024298,2.3595699828813586,0.6000000000000003,1
6,71,30,0,600,self,0.9554945953631806,2.3595699828813586,0.4660000000000002,1
6,72,30,0,600,self,-0.07908883144816892,2.3595699828813586,0.5150000000000002,2
6,73,30,0,600,self,1.6971394973145768,2.3595699828813586,0.41000000000000014,1
6,74,30,0,600,self,1.066456428701692,2.3595699828813586,0.5500000000000003,1
6,75,30,0,600,self,1.3659077212491852,2.3595699828813586,0.5510000000000003,1
6,76,30,0,600,self,0.6809966387314916,2.3595699828813586,0.3540000000000001,2
6,77,30,0,600,self,1.8942572637346171,2.3595699828813586,0.4580000000000002,1
6,78,30,0,600,self,0.5052377983817615,2.3595699828813586,0.6120000000000003,1
6,79,30,0,600,self,2.253211268349563,2.3595699828813586,0.4860000000000002,1
6,80,30,0,600,self,-0.31020798453914245,2.3595699828813586,0.3730000000000001,2
6,81,30,0,600,self,1.5026904814122002,2.3595699828813586,0.4600000000000002,1
6,82,30,0,600,self,0.5614864484930174,2.3595699828813586,0.5510000000000003,2
6,83,30,0,600,self,0.5780743975261604,2.3595699828813586,0.5870000000000003,1
6,84,30,0,600,self,1.6231735960196234,2.3595699828813586,0.5390000000000003,1
6,85,30,0,600,self,1.5940863618615355,2.3595699828813586,0.3500000000000001,1
6,86,30,0,600,self,0.9299378557657397,2.3595699828813586,0.3600000000000001,1
6,87,30,0,600,self,2.0493260413593206,2.3595699828813586,0.5100000000000002,1
6,88,30,0,600,self,1.569633763774282,2.3595699828813586,0.3930000000000001,1
6,89,30,0,600,self,1.4907188552333728,2.3595699828813586,0.5410000000000003,1
6,90,30,0,600,self,-0.5764218960578075,2.3595699828813586,0.5490000000000003,2
6,91,30,0,600,self,1.1587657568654195,2.3595699828813586,0.40600000000000014,1
6,92,30,0,600,self,2.803939034641552,2.3595699828813586,0.2890000000000001,1
6,93,30,0,600,self,2.8185717198586926,2.3595699828813586,0.5170000000000002,1
6,94,30,0,600,self,1.5447519629884074,2.3595699828813586,0.4640000000000002,1
6,95,30,0,600,self,2.106482277209951,2.3595699828813586,0.5320000000000003,1
6,96,30,0,600,self,2.1547535155678803,2.3595699828813586,0.3660000000000001,1
6,97,30,0,600,self,1.9054851512513178,2.3595699828813586,0.3140000000000001,1
6,98,30,0,600,self,2.0268881221570125,2.3595699828813586,0.4610000000000002,1
6,99,30,0,600,self,-0.2336212854859231,2.3595699828813586,0.41200000000000014,2
6,100,30,0,600,self,0.18270008010936212,2.3595699828813586,0.4520000000000002,2
6,101,30,0,600,self,0.6191883904823894,2.3595699828813586,0.5160000000000002,2
6,102,30,0,600,self,1.4696764609247448,2.3595699828813586,0.5450000000000003,1
6,103,30,0,600,self,1.9634704454189449,2.3595699828813586,0.5860000000000003,1
6,104,30,0,600,self,1.5477543461058683,2.3595699828813586,0.3860000000000001,1
6,105,30,0,600,self,2.553315024405512,2.3595699828813586,0.5080000000000002,1
6,106,30,0,600,self,1.1293873191960058,2.3595699828813586,0.5410000000000003,1
6,107,30,0,600,self,0.6798640632915095,2.3595699828813586,0.42800000000000016,1
6,108,30,0,600,self,0.8146466742016008,2.3595699828813586,0.42100000000000015,1
6,109,30,0,600,self,2.489812946300771,2.3595699828813586,0.6280000000000003,1
6,110,30,0,600,self,0.24605723620071984,2.3595699828813586,0.6000000000000003,1
6,111,30,0,600,self,0.1184497645851208,2.3595699828813586,0.5340000000000003,1
6,112,30,0,600,self,1.871456166465868,2.3595699828813586,0.3890000000000001,1
6,113,30,0,600,self,0.7214858470194242,2.3595699828813586,0.42700000000000016,1
6,114,30,0,600,self,2.1807175480352834,2.3595699828813586,0.43600000000000017,1
6,115,30,0,600,self,1.773115181245006,2.3595699828813586,0.5880000000000003,1
6,116,30,0,600,self,1.8726470441660323,2.3595699828813586,0.4480000000000002,1
6,117,30,0,600,self,1.4770590063546556,2.3595699828813586,0.40200000000000014,1
6,118,30,0,600,self,1.967677626503864,2.3595699828813586,0.5300000000000002,1
6,119,30,0,600,self,1.760734520920299,2.3595699828813586,0.43000000000000016,1
6,120,30,0,600,self,0.9469950956619319,2.3595699828813586,0.4620000000000002,1
6,121,30,0,600,self,0.8438894079378586,2.3595699828813586,0.6170000000000003,2
6,122,30,0,600,self,0.9892199856728359,2.3595699828813586,0.5660000000000003,1
6,123,30,0,600,self,2.3835448740385656,2.3595699828813586,0.5550000000000003,1
6,124,30,0,600,self,0.38235572556997055,2.3595699828813586,0.41200000000000014,1
6,125,30,0,600,self,1.493383565630249,2.3595699828813586,0.4470000000000002,1
6,126,30,0,600,self,1.73879522416436,2.3595699828813586,0.4500000000000002,1
6,127,30,0,600,self,1.7749142333227947,2.3595699828813586,0.5310000000000002,1
6,128,30,0,600,self,2.3784397013525695,2.3595699828813586,0.4930000000000002,1
6,129,30,0,600,self,1.8499659667674349,2.3595699828813586,0.4530000000000002,1
6,130,30,0,600,self,2.119105759696372,2.3595699828813586,0.5100000000000002,1
7,1,30,0,600,stranger,-0.0715104350041984,2.2661418586109887,0.5870000000000003,1
7,2,30,0,600,stranger,-0.740834682650504,2.2661418586109887,0.4690000000000002,2
7,3,30,0,600,stranger,0.6537941915143408,2.2661418586109887,0.5610000000000003,1
7,4,30,0,600,stranger,0.43156776235681527,2.2661418586109887,0.5090000000000002,1
7,5,30,0,600,stranger,0.03141377853905558,2.2661418586109887,0.5690000000000003,1
7,6,30,0,600,stranger,1.3066484897595867,2.2661418586109887,0.6300000000000003,1
7,7,30,0,600,stranger,-0.9798167964358478,2.2661418586109887,0.5900000000000003,2
7,8,30,0,600,stranger,-0.19172143898668853,2.2661418586109887,0.6270000000000003,2
7,9,30,0,600,stranger,0.9879604988167688,2.2661418586109887,0.3660000000000001,1
7,10,30,0,600,stranger,2.053470862273521,2.2661418586109887,0.5420000000000003,1
7,11,30,0,600,stranger,-0.10902452133721585,2.2661418586109887,0.5130000000000002,1
7,12,30,0,600,stranger,3.3498426565825783,2.2661418586109887,0.42400000000000015,1
7,13,30,0,600,stranger,-0.7846961963151816,2.2661418586109887,0.41300000000000014,2
7,14,30,0,600,stranger,0.9927215078107083,2.2661418586109887,0.5510000000000003,1
7,15,30,0,600,stranger,0.09873009526864229,2.2661418586109887,0.3650000000000001,1
7,16,30,0,600,stranger,-0.13304726059598143,2.2661418586109887,0.5630000000000003,1
7,17,30,0,600,stranger,-0.2763464131052594,2.2661418586109887,0.3350000000000001,2
7,18,30,0,600,stranger,2.7776586241202406,2.2661418586109887,0.5820000000000003,1
7,19,30,0,600,stranger,2.6951383572389687,2.2661418586109887,0.3810000000000001,1
7,20,30,0,600,stranger,0.6153352716287254,2.2661418586109887,0.4840000000000002,1
7,21,30,0,600,stranger,1.4953832232035071,2.2661418586109887,0.44100000000000017,1
7,22,30,0,600,stranger,1.41057698060503,2.2661418586109887,0.4890000000000002,1
7,23,30,0,600,stranger,1.843657938971993,2.2661418586109887,0.4960000000000002,1
7,24,30,0,600,stranger,1.294889621396734,2.2661418586109887,0.4640000000000002,1
7,25,30,0,600,stranger,-0.021578502625654028,2.2661418586109887,0.3600000000000001,2
7,26,30,0,600,stranger,0.18959673017562512,2.2661418586109887,0.43700000000000017,1
7,27,30,0,600,stranger,0.8060527987708461,2.2661418586109887,0.4890000000000002,1
7,28,30,0,600,stranger,-1.4627093420589645,2.2661418586109887,0.4950000000000002,2
7,29,30,0,600,stranger,0.44409588233060265,2.2661418586109887,0.3470000000000001,2
7,30,30,0,600,stranger,-1.1871262408597292,2.2661418586109887,0.6080000000000003,2
7,31,30,0,600,stranger,1.430039080944487,2.2661418586109887,0.6080000000000003,1
7,32,30,0,600,stranger,0.2600542133896398,2.2661418586109887,0.6090000000000003,1
7,33,30,0,600,stranger,0.061301713186175694,2.2661418586109887,0.5870000000000003,1
7,34,30,0,600,stranger,-1.9936119821824172,2.2661418586109887,0.4620000000000002,2
7,35,30,0,600,stranger,0.2543937859554281,2.2661418586109887,0.4920000000000002,1
7,36,30,0,600,stranger,1.6429771845831507,2.2661418586109887,0.4620000000000002,1
7,37,30,0,600,stranger,-1.8264342363254484,2.2661418586109887,0.5020000000000002,2
7,38,30,0,600,stranger,2.438890783244532,2.2661418586109887,0.4800000000000002,1
7,39,30,0,600,stranger,3.3699412450670367,2.2661418586109887,0.32600000000000007,1
7,40,30,0,600,stranger,-0.14199937375426047,2.2661418586109887,0.39400000000000013,1
7,41,30,0,600,stranger,1.8487730701745506,2.2661418586109887,0.43800000000000017,1
7,42,30,0,600,stranger,1.6839580897449733,2.2661418586109887,0.3570000000000001,1
7,43,30,0,600,stranger,-0.5674906147027757,2.2661418586109887,0.3430000000000001,2
7,44,30,0,600,stranger,-1.4569263893910898,2.2661418586109887,0.5810000000000003,2
7,45,30,0,600,stranger,-1.0784982427272851,2.2661418586109887,0.6180000000000003,2
7,46,30,0,600,stranger,-0.5594483302623473,2.2661418586109887,0.5440000000000003,2
7,47,30,0,600,stranger,-2.2079171140903284,2.2661418586109887,0.5290000000000002,2
7,48,30,0,600,stranger,-2.0901823456032376,2.2661418586109887,0.4500000000000002,2
7,49,30,0,600,stranger,0.6830182240523279,2.2661418586109887,0.5460000000000003,1
7,50,30,0,600,stranger,0.7470633109833951,2.2661418586109887,0.5360000000000003,1
7,51,30,0,600,stranger,1.7308882374367145,2.2661418586109887,0.5690000000000003,1
7,52,30,0,600,stranger,0.3968741104058695,2.2661418586109887,0.5790000000000003,1
7,53,30,0,600,stranger,-1.0521267566005492,2.2661418586109887,0.5800000000000003,2
7,54,30,0,600,stranger,-1.449656596152352,2.2661418586109887,0.4960000000000002,2
7,55,30,0,600,stranger,0.7896005484540275,2.2661418586109887,0.5580000000000003,1
7,56,30,0,600,stranger,0.621336034594138,2.2661418586109887,0.40600000000000014,1
7,57,30,0,600,stranger,-1.775540481730335,2.2661418586109887,0.5870000000000003,2
7,58,30,0,600,stranger,2.705989743740532,2.2661418586109887,0.3240000000000001,1
7,59,30,0,600,stranger,-0.48539275118142167,2.2661418586109887,0.4590000000000002,2
7,60,30,0,600,stranger,1.4046115738794116,2.2661418586109887,0.3870000000000001,1
7,61,30,0,600,stranger,1.635362178857363,2.2661418586109887,0.5250000000000002,1
7,62,30,0,600,stranger,-2.3139961739091675,2.2661418586109887,0.5010000000000002,2
7,63,30,0,600,stranger,-1.74753423878562,2.2661418586109887,0.5370000000000003,2
7,64,30,0,600,stranger,1.8476241868982952,2.2661418586109887,0.39600000000000013,1
7,65,30,0,600,stranger,0.12309453327064353,2.2661418586109887,0.40800000000000014,2
7,66,30,0,600,stranger,3.999633469890745,2.2661418586109887,0.3670000000000001,1
7,67,30,0,600,stranger,2.2757716305037556,2.2661418586109887,0.5400000000000003,1
7,68,30,0,600,stranger,-1.1429027527175983,2.2661418586109887,0.5200000000000002,2
7,69,30,0,600,stranger,-1.0643117367489858,2.2661418586109887,0.4940000000000002,2
7,70,30,0,600,stranger,0.6263219010890672,2.2661418586109887,0.5800000000000003,1
7,71,30,0,600,stranger,0.3450712071898834,2.2661418586109887,0.43800000000000017,2
7,72,30,0,600,stranger,-0.3553789397660889,2.2661418586109887,0.6290000000000003,2
7,73,30,0,600,stranger,0.6172734206630448,2.2661418586109887,0.41800000000000015,1
7,74,30,0,600,stranger,0.12274491706944135,2.2661418586109887,0.4630000000000002,1
7,75,30,0,600,stranger,-0.6594043931117515,2.2661418586109887,0.5500000000000003,2
7,76,30,0,600,stranger,1.4367207918010583,2.2661418586109887,0.6190000000000003,1
7,77,30,0,600,stranger,1.3494378746403695,2.2661418586109887,0.5550000000000003,1
7,78,30,0,600,stranger,-1.224335194854945,2.2661418586109887,0.5940000000000003,2
7,79,30,0,600,stranger,2.4178109682174957,2.2661418586109887,0.3230000000000001,1
7,80,30,0,600,stranger,0.26248127088800516,2.2661418586109887,0.5470000000000003,2
7,81,30,0,600,stranger,2.0995489634855034,2.2661418586109887,0.3760000000000001,1
7,82,30,0,600,stranger,-1.2165047482921714,2.2661418586109887,0.4940000000000002,2
7,83,30,0,600,stranger,0.036184885118590526,2.2661418586109887,0.42200000000000015,2
7,84,30,0,600,stranger,0.6986046777886257,2.2661418586109887,0.5610000000000003,1
7,85,30,0,600,stranger,0.7411191806319382,2.2661418586109887,0.5540000000000003,1
7,86,30,0,600,stranger,2.96634407471996,2.2661418586109887,0.5580000000000003,1
7,87,30,0,600,stranger,0.07147567710566746,2.2661418586109887,0.5380000000000003,2
7,88,30,0,600,stranger,0.9229325733952605,2.2661418586109887,0.4530000000000002,1
7,89,30,0,600,stranger,-1.346950009740361,2.2661418586109887,0.4970000000000002,2
7,90,30,0,600,stranger,0.04439864548218428,2.2661418586109887,0.43200000000000016,1
7,91,30,0,600,stranger,-2.9102105823399786,2.2661418586109887,0.44300000000000017,2
7,92,30,0,600,stranger,-0.14949423770342213,2.2661418586109887,0.5490000000000003,1
7,93,30,0,600,stranger,0.8785917566538023,2.2661418586109887,0.5620000000000003,2
7,94,30,0,600,stranger,1.04156378205771,2.2661418586109887,0.5200000000000002,1
7,95,30,0,600,stranger,-0.3392384027178036,2.2661418586109887,0.6300000000000003,2
7,96,30,0,600,stranger,1.9474268099755814,2.2661418586109887,0.3680000000000001,1
7,97,30,0,600,stranger,1.5392093582579758,2.2661418586109887,0.4760000000000002,1
7,98,30,0,600,stranger,0.998037961782575,2.2661418586109887,0.4920000000000002,1
7,99,30,0,600,stranger,0.8195485140627419,2.2661418586109887,0.32500000000000007,1
7,100,30,0,600,stranger,0.3937393611852764,2.2661418586109887,0.5430000000000003,1
7,101,30,0,600,stranger,0.42844500547911457,2.2661418586109887,0.3800000000000001,1
7,102,30,0,600,stranger,-1.6783694442713482,2.2661418586109887,0.4830000000000002,2
7,103,30,0,600,stranger,1.3525395274275502,2.2661418586109887,0.42900000000000016,1
7,104,30,0,600,stranger,-0.7904788269998947,2.2661418586109887,0.5340000000000003,2
7,105,30,0,600,stranger,-0.4869320579828247,2.2661418586109887,0.5990000000000003,2
7,106,30,0,600,stranger,0.3991629235152723,2.2661418586109887,0.4970000000000002,1
7,107,30,0,600,stranger,1.839643498975584,2.2661418586109887,0.6160000000000003,1
7,108,30,0,600,stranger,-0.6650592665165703,2.2661418586109887,0.4780000000000002,2
7,109,30,0,600,stranger,0.6754366369864642,2.2661418586109887,0.5820000000000003,2
7,110,30,0,600,stranger,0.392039869357866,2.2661418586109887,0.5560000000000003,1
7,111,30,0,600,stranger,1.8288908443361414,2.2661418586109887,0.4740000000000002,1
7,112,30,0,600,stranger,0.5002250261632968,2.2661418586109887,0.5640000000000003,2
7,113,30,0,600,stranger,0.5382328986784781,2.2661418586109887,0.5610000000000003,1
7,114,30,0,600,stranger,2.6929313188384763,2.2661418586109887,0.5080000000000002,1
7,115,30,0,600,stranger,-0.0794952534848472,2.2661418586109887,0.5430000000000003,2
7,116,30,0,600,stranger,-0.7361414874348722,2.2661418586109887,0.6160000000000003,2
7,117,30,0,600,stranger,-1.329006398286158,2.2661418586109887,0.5430000000000003,2
7,118,30,0,600,stranger,-0.14158325428392354,2.2661418586109887,0.5100000000000002,1
7,119,30,0,600,stranger,2.2677051388193092,2.2661418586109887,0.4970000000000002,1
7,120,30,0,600,stranger,-2.3693049511703475,2.2661418586109887,0.4760000000000002,2
7,121,30,0,600,stranger,-1.3921782418344626,2.2661418586109887,0.42700000000000016,2
7,122,30,0,600,stranger,-0.18860689451214785,2.2661418586109887,0.4840000000000002,2
7,123,30,0,600,stranger,-1.6892057541434946,2.2661418586109887,0.5690000000000003,2
7,124,30,0,600,stranger,1.8369192074205856,2.2661418586109887,0.5920000000000003,1
7,125,30,0,600,stranger,-1.8329898352970764,2.2661418586109887,0.6110000000000003,2
7,126,30,0,600,stranger,1.417161486583772,2.2661418586109887,0.5800000000000003,1
7,127,30,0,600,stranger,1.0755533295421706,2.2661418586109887,0.4850000000000002,1
7,128,30,0,600,stranger,0.16567040025332214,2.2661418586109887,0.5300000000000002,1
7,129,30,0,600,stranger,-0.36823745675550557,2.2661418586109887,0.4940000000000002,1
7,130,30,0,600,stranger,-2.593817137155232,2.2661418586109887,0.4860000000000002,2
7,1,30,0,600,self,1.187701180950288,2.2661418586109887,0.5920000000000003,1
7,2,30,0,600,self,0.762556064872803,2.2661418586109887,0.4790000000000002,1
7,3,30,0,600,self,0.10893793806808105,2.2661418586109887,0.5680000000000003,2
7,4,30,0,600,self,-0.8162451761834199,2.2661418586109887,0.5860000000000003,2
7,5,30,0,600,self,0.48640312913896533,2.2661418586109887,0.5340000000000003,2
7,6,30,0,600,self,2.651172490101888,2.2661418586109887,0.5930000000000003,1
7,7,30,0,600,self,1.8708187043047237,2.2661418586109887,0.4740000000000002,1
7,8,30,0,600,self,2.3356224763827544,2.2661418586109887,0.5110000000000002,1
7,9,30,0,600,self,0.9143884188578689,2.2661418586109887,0.43600000000000017,1
7,10,30,0,600,self,2.008488237640334,2.2661418586109887,0.5560000000000003,1
7,11,30,0,600,self,0.8592776569718273,2.2661418586109887,0.39900000000000013,2
7,12,30,0,600,self,-0.2790614721231942,2.2661418586109887,0.5250000000000002,2
7,13,30,0,600,self,0.631173835224836,2.2661418586109887,0.4450000000000002,1
7,14,30,0,600,self,0.4034013422732069,2.2661418586109887,0.5870000000000003,1
7,15,30,0,600,self,2.052632035511391,2.2661418586109887,0.4590000000000002,1
7,16,30,0,600,self,3.0904316988779295,2.2661418586109887,0.43600000000000017,1
7,17,30,0,600,self,1.5078049784501726,2.2661418586109887,0.3590000000000001,1
7,18,30,0,600,self,1.066881953589167,2.2661418586109887,0.5330000000000003,1
7,19,30,0,600,self,1.9062020677654399,2.2661418586109887,0.4820000000000002,1
7,20,30,0,600,self,1.9575492255260691,2.2661418586109887,0.5550000000000003,1
7,21,30,0,600,self,1.6047857930996612,2.2661418586109887,0.6070000000000003,1
7,22,30,0,600,self,1.1415399188395716,2.2661418586109887,0.5990000000000003,1
7,23,30,0,600,self,1.102585141648398,2.2661418586109887,0.4980000000000002,1
7,24,30,0,600,self,1.14216239730453,2.2661418586109887,0.5750000000000003,2
7,25,30,0,600,self,2.9563776224378917,2.2661418586109887,0.5620000000000003,1
7,26,30,0,600,self,1.8507046564709804,2.2661418586109887,0.4520000000000002,1
7,27,30,0,600,self,1.6683969620816166,2.2661418586109887,0.5360000000000003,1
7,28,30,0,600,self,-1.5092253143517063,2.2661418586109887,0.4960000000000002,2
7,29,30,0,600,self,1.2759888367029044,2.2661418586109887,0.5870000000000003,1
7,30,30,0,600,self,0.925911303813934,2.2661418586109887,0.6300000000000003,1
7,31,30,0,600,self,-1.8352169458739809,2.2661418586109887,0.4490000000000002,2
7,32,30,0,600,self,0.829858758380432,2.2661418586109887,0.5120000000000002,1
7,33,30,0,600,self,0.8445336764400531,2.2661418586109887,0.5590000000000003,1
7,34,30,0,600,self,0.7941805870420277,2.2661418586109887,0.4750000000000002,1
7,35,30,0,600,self,1.7532502668859855,2.2661418586109887,0.6290000000000003,1
7,36,30,0,600,self,0.8829431525356423,2.2661418586109887,0.3860000000000001,1
7,37,30,0,600,self,1.6613334640411463,2.2661418586109887,0.3900000000000001,1
7,38,30,0,600,self,1.4144954676848362,2.2661418586109887,0.4920000000000002,1
7,39,30,0,600,self,2.9612083104494724,2.2661418586109887,0.4720000000000002,1
7,40,30,0,600,self,0.5122231358587055,2.2661418586109887,0.5550000000000003,1
7,41,30,0,600,self,-0.6922987034183908,2.2661418586109887,0.6050000000000003,2
7,42,30,0,600,self,1.7784171944583886,2.2661418586109887,0.3830000000000001,1
7,43,30,0,600,self,1.0574221339141874,2.2661418586109887,0.3360000000000001,1
7,44,30,0,600,self,0.8703193756884297,2.2661418586109887,0.5500000000000003,2
7,45,30,0,600,self,1.6837139066912754,2.2661418586109887,0.5140000000000002,1
7,46,30,0,600,self,3.0106003077091064,2.2661418586109887,0.3420000000000001,1
7,47,30,0,600,self,2.20326330528644,2.2661418586109887,0.42100000000000015,1
7,48,30,0,600,self,0.6463072663547644,2.2661418586109887,0.5170000000000002,1
7,49,30,0,600,self,2.4181027888309745,2.2661418586109887,0.3790000000000001,1
7,50,30,0,600,self,2.5126871999892844,2.2661418586109887,0.5040000000000002,1
7,51,30,0,600,self,1.5738802186927963,2.2661418586109887,0.4790000000000002,2
7,52,30,0,600,self,1.975760981666662,2.2661418586109887,0.5880000000000003,1
7,53,30,0,600,self,0.6878676233668725,2.2661418586109887,0.5280000000000002,1
7,54,30,0,600,self,2.8887984125583377,2.2661418586109887,0.6080000000000003,1
7,55,30,0,600,self,0.3068404964192556,2.2661418586109887,0.4980000000000002,1
7,56,30,0,600,self,2.9274975743761913,2.2661418586109887,0.5160000000000002,1
7,57,30,0,600,self,1.9513708485995496,2.2661418586109887,0.5430000000000003,1
7,58,30,0,600,self,1.1068577081991584,2.2661418586109887,0.5350000000000003,1
7,59,30,0,600,self,-0.6169300749326397,2.2661418586109887,0.44000000000000017,1
7,60,30,0,600,self,2.0219469986319303,2.2661418586109887,0.42300000000000015,1
7,61,30,0,600,self,0.29760700103800153,2.2661418586109887,0.5610000000000003,1
7,62,30,0,600,self,-2.1585594382776168,2.2661418586109887,0.44100000000000017,2
7,63,30,0,600,self,1.0529241386176957,2.2661418586109887,0.6170000000000003,1
7,64,30,0,600,self,1.3116076762310236,2.2661418586109887,0.5700000000000003,1
7,65,30,0,600,self,3.904504588013351,2.2661418586109887,0.3740000000000001,1
7,66,30,0,600,self,3.3085424769036127,2.2661418586109887,0.3860000000000001,1
7,67,30,0,600,self,2.3376380975873037,2.2661418586109887,0.41300000000000014,1
7,68,30,0,600,self,0.6691183569785946,2.2661418586109887,0.6110000000000003,1
7,69,30,0,600,self,1.829534656839453,2.2661418586109887,0.5740000000000003,1
7,70,30,0,600,self,1.21761361576355,2.2661418586109887,0.43500000000000016,1
7,71,30,0,600,self,0.6263418491409717,2.2661418586109887,0.6160000000000003,2
7,72,30,0,600,self,1.9568685858818813,2.2661418586109887,0.4710000000000002,1
7,73,30,0,600,self,-0.04019863504566812,2.2661418586109887,0.40900000000000014,2
7,74,30,0,600,self,2.0709760678978832,2.2661418586109887,0.5730000000000003,1
7,75,30,0,600,self,1.2398531870189307,2.2661418586109887,0.5530000000000003,1
7,76,30,0,600,self,-0.31749055500621426,2.2661418586109887,0.43500000000000016,2
7,77,30,0,600,self,2.607667547494323,2.2661418586109887,0.40400000000000014,1
7,78,30,0,600,self,1.9649699553045847,2.2661418586109887,0.5780000000000003,1
7,79,30,0,600,self,-0.23922482146869772,2.2661418586109887,0.5450000000000003,2
7,80,30,0,600,self,1.6739431016322603,2.2661418586109887,0.3380000000000001,1
7,81,30,0,600,self,0.40969277761472167,2.2661418586109887,0.3350000000000001,2
7,82,30,0,600,self,1.0239662813307127,2.2661418586109887,0.2990000000000001,1
7,83,30,0,600,self,1.8844272894016423,2.2661418586109887,0.5080000000000002,1
7,84,30,0,600,self,2.348993396001735,2.2661418586109887,0.3460000000000001,1
7,85,30,0,600,self,-0.49313157245014316,2.2661418586109887,0.5300000000000002,2
7,86,30,0,600,self,2.286162016205153,2.2661418586109887,0.4520000000000002,1
7,87,30,0,600,self,2.1502629396033286,2.2661418586109887,0.3350000000000001,1
7,88,30,0,600,self,1.944368657781054,2.2661418586109887,0.4550000000000002,1
7,89,30,0,600,self,1.9185296443240638,2.2661418586109887,0.6300000000000003,1
7,90,30,0,600,self,1.9200687203543707,2.2661418586109887,0.5300000000000002,1
7,91,30,0,600,self,2.5173254866584873,2.2661418586109887,0.3510000000000001,1
7,92,30,0,600,self,3.763139994619293,2.2661418586109887,0.4920000000000002,1
7,93,30,0,600,self,1.717111327677526,2.2661418586109887,0.42900000000000016,1
7,94,30,0,600,self,1.6956085205301212,2.2661418586109887,0.5560000000000003,1
7,95,30,0,600,self,2.7944628441840242,2.2661418586109887,0.3180000000000001,1
7,96,30,0,600,self,2.3118827785853733,2.2661418586109887,0.5100000000000002,1
7,97,30,0,600,self,2.532673871060289,2.2661418586109887,0.3470000000000001,1
7,98,30,0,600,self,2.0299262753996525,2.2661418586109887,0.6120000000000003,1
7,99,30,0,600,self,1.1371342311708432,2.2661418586109887,0.6150000000000003,1
7,100,30,0,600,self,-0.4595167683881606,2.2661418586109887,0.5530000000000003,2
7,101,30,0,600,self,1.0427884683662596,2.2661418586109887,0.6230000000000003,1
7,102,30,0,600,self,0.9629789979301979,2.2661418586109887,0.42700000000000016,1
7,103,30,0,600,self,1.3906044230247463,2.2661418586109887,0.5390000000000003,2
7,104,30,0,600,self,1.789061592934807,2.2661418586109887,0.3220000000000001,1
7,105,30,0,600,self,-0.944355880767077,2.2661418586109887,0.43700000000000017,2
7,106,30,0,600,self,2.3953368563382824,2.2661418586109887,0.5210000000000002,1
7,107,30,0,600,self,2.1908243337590583,2.2661418586109887,0.4960000000000002,1
7,108,30,0,600,self,1.440782120969208,2.2661418586109887,0.44200000000000017,1
7,109,30,0,600,self,2.138476381047533,2.2661418586109887,0.5280000000000002,1
7,110,30,0,600,self,2.3530509106177036,2.2661418586109887,0.4470000000000002,1
7,111,30,0,600,self,1.7810893056282255,2.2661418586109887,0.5850000000000003,1
7,112,30,0,600,self,2.743549427374347,2.2661418586109887,0.5950000000000003,1
7,113,30,0,600,self,1.8350340270139707,2.2661418586109887,0.4660000000000002,1
7,114,30,0,600,self,1.3135362437350704,2.2661418586109887,0.5290000000000002,1
7,115,30,0,600,self,0.19016734217465125,2.2661418586109887,0.4540000000000002,1
7,116,30,0,600,self,2.55215793704811,2.2661418586109887,0.6260000000000003,1
7,117,30,0,600,self,3.817514245560394,2.2661418586109887,0.5750000000000003,1
7,118,30,0,600,self,1.683815369420371,2.2661418586109887,0.5250000000000002,1
7,119,30,0,600,self,2.0396265430920457,2.2661418586109887,0.3410000000000001,1
7,120,30,0,600,self,1.0240252267460985,2.2661418586109887,0.5800000000000003,1
7,121,30,0,600,self,-1.0793155760403326,2.2661418586109887,0.3620000000000001,2
7,122,30,0,600,self,1.4643208786269206,2.2661418586109887,0.3920000000000001,1
7,123,30,0,600,self,2.728013303038513,2.2661418586109887,0.5280000000000002,1
7,124,30,0,600,self,1.2134947965247147,2.2661418586109887,0.3470000000000001,1
7,125,30,0,600,self,1.297963613931814,2.2661418586109887,0.6160000000000003,1
7,126,30,0,600,self,0.04011390761902567,2.2661418586109887,0.4480000000000002,1
7,127,30,0,600,self,1.4174411240173772,2.2661418586109887,0.40600000000000014,1
7,128,30,0,600,self,-0.4460576348729496,2.2661418586109887,0.43300000000000016,2
7,129,30,0,600,self,0.38476292368455933,2.2661418586109887,0.5010000000000002,1
7,130,30,0,600,self,2.0140309977036917,2.2661418586109887,0.3740000000000001,1
8,1,30,0,600,stranger,1.9512641310214498,2.394477155387003,0.6150000000000003,1
8,2,30,0,600,stranger,1.407180906815018,2.394477155387003,0.6130000000000003,1
8,3,30,0,600,stranger,0.7294135725265847,2.394477155387003,0.6230000000000003,1
8,4,30,0,600,stranger,1.8140921535332715,2.394477155387003,0.5100000000000002,1
8,5,30,0,600,stranger,-0.8615063911595279,2.394477155387003,0.5350000000000003,2
8,6,30,0,600,stranger,-0.23469336262996582,2.394477155387003,0.4920000000000002,1
8,7,30,0,600,stranger,1.5115036654866731,2.394477155387003,0.4850000000000002,1
8,8,30,0,600,stranger,0.3344259398443762,2.394477155387003,0.42900000000000016,1
8,9,30,0,600,stranger,0.4432738940267894,2.394477155387003,0.6300000000000003,1
8,10,30,0,600,stranger,0.07137683813454371,2.394477155387003,0.3800000000000001,1
8,11,30,0,600,stranger,2.454841315335772,2.394477155387003,0.3530000000000001,1
8,12,30,0,600,stranger,-1.394659295011047,2.394477155387003,0.6240000000000003,2
8,13,30,0,600,stranger,0.588686251819928,2.394477155387003,0.4940000000000002,1
8,14,30,0,600,stranger,2.4812972762263805,2.394477155387003,0.4970000000000002,1
8,15,30,0,600,stranger,0.1996137977733209,2.394477155387003,0.39800000000000013,1
8,16,30,0,600,stranger,2.274539465842374,2.394477155387003,0.5770000000000003,1
8,17,30,0,600,stranger,2.817564496205757,2.394477155387003,0.5870000000000003,1
8,18,30,0,600,stranger,-1.4965265277980762,2.394477155387003,0.5300000000000002,2
8,19,30,0,600,stranger,0.4627619108338113,2.394477155387003,0.5620000000000003,1
8,20,30,0,600,stranger,1.6243633578778551,2.394477155387003,0.3650000000000001,1
8,21,30,0,600,stranger,0.7004730684958477,2.394477155387003,0.5080000000000002,1
8,22,30,0,600,stranger,0.2993930427661466,2.394477155387003,0.5990000000000003,1
8,23,30,0,600,stranger,-0.8929269694428422,2.394477155387003,0.5340000000000003,2
8,24,30,0,600,stranger,1.9427763880958477,2.394477155387003,0.5000000000000002,1
8,25,30,0,600,stranger,2.9765805976489275,2.394477155387003,0.40900000000000014,1
8,26,30,0,600,stranger,1.2559639221215555,2.394477155387003,0.5860000000000003,1
8,27,30,0,600,stranger,2.4248650410757757,2.394477155387003,0.4940000000000002,1
8,28,30,0,600,stranger,2.295906755621668,2.394477155387003,0.4920000000000002,1
8,29,30,0,600,stranger,0.8218376441097055,2.394477155387003,0.41300000000000014,1
8,30,30,0,600,stranger,-1.6419229870167444,2.394477155387003,0.5990000000000003,2
8,31,30,0,600,stranger,1.9237153641821298,2.394477155387003,0.44000000000000017,1
8,32,30,0,600,stranger,2.0726042353826237,2.394477155387003,0.4680000000000002,1
8,33,30,0,600,stranger,-0.017653578180619578,2.394477155387003,0.5320000000000003,1
8,34,30,0,600,stranger,-1.2274545196379916,2.394477155387003,0.5960000000000003,2
8,35,30,0,600,stranger,-1.7450028986020185,2.394477155387003,0.4470000000000002,2
8,36,30,0,600,stranger,0.7959235227052145,2.394477155387003,0.5230000000000002,1
8,37,30,0,600,stranger,-0.24756101195663333,2.394477155387003,0.4510000000000002,1
8,38,30,0,600,stranger,-1.768005139319838,2.394477155387003,0.5420000000000003,2
8,39,30,0,600,stranger,-0.27851248348873536,2.394477155387003,0.5040000000000002,2
8,40,30,0,600,stranger,-0.1750550733125525,2.394477155387003,0.3630000000000001,1
8,41,30,0,600,stranger,0.8743830055965702,2.394477155387003,0.5910000000000003,1
8,42,30,0,600,stranger,-1.4985507367082924,2.394477155387003,0.5380000000000003,2
8,43,30,0,600,stranger,-0.9624566270321145,2.394477155387003,0.3920000000000001,2
8,44,30,0,600,stranger,-0.2637144469855729,2.394477155387003,0.40700000000000014,1
8,45,30,0,600,stranger,0.6626636810373523,2.394477155387003,0.4800000000000002,1
8,46,30,0,600,stranger,-0.2806447815503328,2.394477155387003,0.5030000000000002,2
8,47,30,0,600,stranger,-0.8266032804255282,2.394477155387003,0.5870000000000003,2
8,48,30,0,600,stranger,-0.0717698880089912,2.394477155387003,0.4570000000000002,1
8,49,30,0,600,stranger,-0.9296071279497894,2.394477155387003,0.5200000000000002,2
8,50,30,0,600,stranger,0.03180483085286992,2.394477155387003,0.32500000000000007,2
8,51,30,0,600,stranger,0.06349208936733902,2.394477155387003,0.6180000000000003,2
8,52,30,0,600,stranger,1.6570365316212547,2.394477155387003,0.43800000000000017,1
8,53,30,0,600,stranger,2.9729694285256145,2.394477155387003,0.6000000000000003,1
8,54,30,0,600,stranger,1.29825405862102,2.394477155387003,0.4650000000000002,1
8,55,30,0,600,stranger,2.646632987946505,2.394477155387003,0.5730000000000003,1
8,56,30,0,600,stranger,-0.7081790202686546,2.394477155387003,0.4490000000000002,2
8,57,30,0,600,stranger,-1.8836665081130937,2.394477155387003,0.4830000000000002,2
8,58,30,0,600,stranger,-0.5642764764652536,2.394477155387003,0.43700000000000017,2
8,59,30,0,600,stranger,1.721135018655485,2.394477155387003,0.3930000000000001,1
8,60,30,0,600,stranger,-1.2366313289573658,2.394477155387003,0.6150000000000003,2
8,61,30,0,600,stranger,1.6286993209341847,2.394477155387003,0.6270000000000003,1
8,62,30,0,600,stranger,-0.24979715887498827,2.394477155387003,0.5330000000000003,2
8,63,30,0,600,stranger,2.199157830055263,2.394477155387003,0.4860000000000002,1
8,64,30,0,600,stranger,0.8743834117325614,2.394477155387003,0.5620000000000003,2
8,65,30,0,600,stranger,1.0691384828640096,2.394477155387003,0.43700000000000017,1
8,66,30,0,600,stranger,0.8625691656883483,2.394477155387003,0.5810000000000003,1
8,67,30,0,600,stranger,1.4594405927241327,2.394477155387003,0.5070000000000002,1
8,68,30,0,600,stranger,-1.1345649196827594,2.394477155387003,0.4940000000000002,2
8,69,30,0,600,stranger,1.8781354238810701,2.394477155387003,0.6170000000000003,1
8,70,30,0,600,stranger,-0.7807427874805001,2.394477155387003,0.6090000000000003,2
8,71,30,0,600,stranger,2.0168025522215625,2.394477155387003,0.5750000000000003,1
8,72,30,0,600,stranger,0.8303630195880778,2.394477155387003,0.41600000000000015,1
8,73,30,0,600,stranger,-0.2000084326930815,2.394477155387003,0.4470000000000002,1
8,74,30,0,600,stranger,-0.6733671159144521,2.394477155387003,0.5410000000000003,2
8,75,30,0,600,stranger,0.13307208398818823,2.394477155387003,0.5660000000000003,1
8,76,30,0,600,stranger,2.9837838687685876,2.394477155387003,0.32800000000000007,1
8,77,30,0,600,stranger,1.1700486905827177,2.394477155387003,0.6150000000000003,1
8,78,30,0,600,stranger,0.8150176873971299,2.394477155387003,0.4970000000000002,1
8,79,30,0,600,stranger,1.7334097501183683,2.394477155387003,0.42800000000000016,1
8,80,30,0,600,stranger,-0.6986409365836042,2.394477155387003,0.4900000000000002,2
8,81,30,0,600,stranger,-0.3160845227066066,2.394477155387003,0.5240000000000002,1
8,82,30,0,600,stranger,-0.14669256054582558,2.394477155387003,0.6230000000000003,1
8,83,30,0,600,stranger,-0.5318548406787446,2.394477155387003,0.5630000000000003,2
8,84,30,0,600,stranger,0.9601797316398305,2.394477155387003,0.5560000000000003,1
8,85,30,0,600,stranger,0.8636157150622509,2.394477155387003,0.6160000000000003,1
8,86,30,0,600,stranger,2.432428504450016,2.394477155387003,0.3100000000000001,1
8,87,30,0,600,stranger,2.148620264436554,2.394477155387003,0.5160000000000002,1
8,88,30,0,600,stranger,2.6246208246220455,2.394477155387003,0.5590000000000003,1
8,89,30,0,600,stranger,-1.5867719007518724,2.394477155387003,0.4450000000000002,2
8,90,30,0,600,stranger,1.4677856348299634,2.394477155387003,0.4940000000000002,1
8,91,30,0,600,stranger,1.1864071728857497,2.394477155387003,0.4740000000000002,1
8,92,30,0,600,stranger,0.900459017401545,2.394477155387003,0.5740000000000003,2
8,93,30,0,600,stranger,-1.4420830251047816,2.394477155387003,0.3840000000000001,2
8,94,30,0,600,stranger,1.2201033184155592,2.394477155387003,0.5390000000000003,1
8,95,30,0,600,stranger,-0.7446317340453182,2.394477155387003,0.5100000000000002,2
8,96,30,0,600,stranger,-0.3334383932197825,2.394477155387003,0.5160000000000002,2
8,97,30,0,600,stranger,-1.0600611530628687,2.394477155387003,0.5320000000000003,2
8,98,30,0,600,stranger,-0.4886726553254619,2.394477155387003,0.42900000000000016,2
8,99,30,0,600,stranger,-1.4821734207933552,2.394477155387003,0.5800000000000003,2
8,100,30,0,600,stranger,2.835306047772934,2.394477155387003,0.3740000000000001,1
8,101,30,0,600,stranger,1.7598093433325528,2.394477155387003,0.5160000000000002,1
8,102,30,0,600,stranger,1.8723692871368747,2.394477155387003,0.40000000000000013,1
8,103,30,0,600,stranger,0.32001710467730127,2.394477155387003,0.6060000000000003,2
8,104,30,0,600,stranger,-0.19668255576385552,2.394477155387003,0.5500000000000003,2
8,105,30,0,600,stranger,0.48312183108093565,2.394477155387003,0.6010000000000003,2
8,106,30,0,600,stranger,0.5297262986701855,2.394477155387003,0.4730000000000002,1
8,107,30,0,600,stranger,-0.051304407768120286,2.394477155387003,0.5160000000000002,1
8,108,30,0,600,stranger,0.3024648955960264,2.394477155387003,0.5950000000000003,1
8,109,30,0,600,stranger,-0.28564865377700477,2.394477155387003,0.5460000000000003,2
8,110,30,0,600,stranger,0.4586159796134607,2.394477155387003,0.40400000000000014,2
8,111,30,0,600,stranger,-0.9204980735600253,2.394477155387003,0.5930000000000003,2
8,112,30,0,600,stranger,-0.748467933146145,2.394477155387003,0.4910000000000002,2
8,113,30,0,600,stranger,0.7928315334593555,2.394477155387003,0.5890000000000003,1
8,114,30,0,600,stranger,2.997733565941908,2.394477155387003,0.4680000000000002,1
8,115,30,0,600,stranger,0.8815831399313085,2.394477155387003,0.5420000000000003,1
8,116,30,0,600,stranger,-0.6888386744582549,2.394477155387003,0.4930000000000002,1
8,117,30,0,600,stranger,1.2086878213707837,2.394477155387003,0.5970000000000003,1
8,118,30,0,600,stranger,-0.35798136328407204,2.394477155387003,0.5740000000000003,1
8,119,30,0,600,stranger,0.13966193937988142,2.394477155387003,0.3790000000000001,2
8,120,30,0,600,stranger,0.7155483519481379,2.394477155387003,0.5320000000000003,1
8,121,30,0,600,stranger,-0.5203922611271753,2.394477155387003,0.5610000000000003,2
8,122,30,0,600,stranger,0.31719081711779223,2.394477155387003,0.4950000000000002,1
8,123,30,0,600,stranger,1.5792476620723228,2.394477155387003,0.5210000000000002,1
8,124,30,0,600,stranger,0.26055493675746677,2.394477155387003,0.6120000000000003,1
8,125,30,0,600,stranger,-0.8846355448960638,2.394477155387003,0.5300000000000002,2
8,126,30,0,600,stranger,0.6093188925603348,2.394477155387003,0.6040000000000003,1
8,127,30,0,600,stranger,1.1139557669235156,2.394477155387003,0.4970000000000002,1
8,128,30,0,600,stranger,3.167327864832137,2.394477155387003,0.3890000000000001,1
8,129,30,0,600,stranger,2.0000115611195524,2.394477155387003,0.5620000000000003,1
8,130,30,0,600,stranger,1.5669667047374136,2.394477155387003,0.3580000000000001,1
8,1,30,0,600,self,2.010966340916512,2.394477155387003,0.4950000000000002,1
8,2,30,0,600,self,0.7774996549765865,2.394477155387003,0.6110000000000003,1
8,3,30,0,600,self,1.920957024495261,2.394477155387003,0.5280000000000002,1
8,4,30,0,600,self,0.510813410712309,2.394477155387003,0.5150000000000002,1
8,5,30,0,600,self,1.9972445676175585,2.394477155387003,0.4480000000000002,1
8,6,30,0,600,self,1.0651244650090848,2.394477155387003,0.3620000000000001,1
8,7,30,0,600,self,2.2488815194576737,2.394477155387003,0.4790000000000002,1
8,8,30,0,600,self,2.3238327360357434,2.394477155387003,0.6120000000000003,1
8,9,30,0,600,self,1.5820018295705314,2.394477155387003,0.5600000000000003,1
8,10,30,0,600,self,2.307814273344931,2.394477155387003,0.4830000000000002,1
8,11,30,0,600,self,-0.3939561309707308,2.394477155387003,0.4940000000000002,1
8,12,30,0,600,self,3.8697120451291793,2.394477155387003,0.3240000000000001,1
8,13,30,0,600,self,0.5002798060222565,2.394477155387003,0.42500000000000016,2
8,14,30,0,600,self,3.0432339468747727,2.394477155387003,0.3660000000000001,1
8,15,30,0,600,self,-0.3627492769701949,2.394477155387003,0.4910000000000002,2
8,16,30,0,600,self,-0.6928634159579813,2.394477155387003,0.5460000000000003,2
8,17,30,0,600,self,0.8770049005396955,2.394477155387003,0.5210000000000002,1
8,18,30,0,600,self,2.7373762228625425,2.394477155387003,0.4700000000000002,1
8,19,30,0,600,self,2.1172037737369847,2.394477155387003,0.5130000000000002,1
8,20,30,0,600,self,1.5124254215837647,2.394477155387003,0.4760000000000002,1
8,21,30,0,600,self,2.235304360395489,2.394477155387003,0.6160000000000003,1
8,22,30,0,600,self,1.770374707671427,2.394477155387003,0.5940000000000003,1
8,23,30,0,600,self,-0.43252067396655913,2.394477155387003,0.3340000000000001,1
8,24,30,0,600,self,-0.08572880904065372,2.394477155387003,0.5100000000000002,2
8,25,30,0,600,self,0.9806201707061348,2.394477155387003,0.5740000000000003,1
8,26,30,0,600,self,2.1093227378687716,2.394477155387003,0.6260000000000003,1
8,27,30,0,600,self,0.3943514891621517,2.394477155387003,0.41500000000000015,1
8,28,30,0,600,self,0.07973303114489949,2.394477155387003,0.6180000000000003,2
8,29,30,0,600,self,0.1823859882540051,2.394477155387003,0.5040000000000002,2
8,30,30,0,600,self,2.9232076624083816,2.394477155387003,0.5380000000000003,1
8,31,30,0,600,self,-1.2854340578116177,2.394477155387003,0.5420000000000003,2
8,32,30,0,600,self,0.3092430479044954,2.394477155387003,0.5110000000000002,2
8,33,30,0,600,self,0.9511995382965462,2.394477155387003,0.43300000000000016,2
8,34,30,0,600,self,2.833718465257065,2.394477155387003,0.41000000000000014,1
8,35,30,0,600,self,1.31128817416849,2.394477155387003,0.5260000000000002,1
8,36,30,0,600,self,0.18778654367119352,2.394477155387003,0.6180000000000003,2
8,37,30,0,600,self,3.5914844880648698,2.394477155387003,0.5670000000000003,1
8,38,30,0,600,self,1.5230365198523,2.394477155387003,0.4640000000000002,1
8,39,30,0,600,self,0.5968623524386274,2.394477155387003,0.6040000000000003,2
8,40,30,0,600,self,0.37198444534910413,2.394477155387003,0.5010000000000002,1
8,41,30,0,600,self,1.2314103471767657,2.394477155387003,0.4620000000000002,1
8,42,30,0,600,self,1.6682335655167195,2.394477155387003,0.43700000000000017,2
8,43,30,0,600,self,1.550277557266006,2.394477155387003,0.3700000000000001,1
8,44,30,0,600,self,3.341345795565119,2.394477155387003,0.41900000000000015,1
8,45,30,0,600,self,-0.25996992547216535,2.394477155387003,0.5680000000000003,1
8,46,30,0,600,self,0.8682151926300872,2.394477155387003,0.4760000000000002,1
8,47,30,0,600,self,2.738216077069066,2.394477155387003,0.5720000000000003,1
8,48,30,0,600,self,1.7401664982540495,2.394477155387003,0.5550000000000003,1
8,49,30,0,600,self,1.3151301042621928,2.394477155387003,0.3210000000000001,1
8,50,30,0,600,self,-0.15480592444547725,2.394477155387003,0.5180000000000002,1
8,51,30,0,600,self,-0.38886937341430194,2.394477155387003,0.42900000000000016,1
8,52,30,0,600,self,-0.7816106534696355,2.394477155387003,0.5100000000000002,2
8,53,30,0,600,self,2.18280914556099,2.394477155387003,0.4960000000000002,1
8,54,30,0,600,self,2.5138614485895237,2.394477155387003,0.3620000000000001,1
8,55,30,0,600,self,1.9115318132826469,2.394477155387003,0.4850000000000002,1
8,56,30,0,600,self,2.75987407054686,2.394477155387003,0.5600000000000003,1
8,57,30,0,600,self,-0.03419764614550991,2.394477155387003,0.5700000000000003,2
8,58,30,0,600,self,0.2715401059922613,2.394477155387003,0.4740000000000002,1
8,59,30,0,600,self,2.3540908098758786,2.394477155387003,0.5510000000000003,1
8,60,30,0,600,self,2.6766396268990884,2.394477155387003,0.5850000000000003,1
8,61,30,0,600,self,1.577421849223338,2.394477155387003,0.5570000000000003,1
8,62,30,0,600,self,-0.7800706955002118,2.394477155387003,0.5280000000000002,2
8,63,30,0,600,self,-0.34574226068386194,2.394477155387003,0.5050000000000002,2
8,64,30,0,600,self,0.7951786051517007,2.394477155387003,0.41200000000000014,1
8,65,30,0,600,self,-0.9863193663733655,2.394477155387003,0.5290000000000002,2
8,66,30,0,600,self,1.0834227244569865,2.394477155387003,0.5730000000000003,1
8,67,30,0,600,self,1.7088189909180809,2.394477155387003,0.3510000000000001,1
8,68,30,0,600,self,1.8804183417576184,2.394477155387003,0.6250000000000003,1
8,69,30,0,600,self,3.2792212409456702,2.394477155387003,0.5970000000000003,1
8,70,30,0,600,self,-2.32476001147056,2.394477155387003,0.3920000000000001,2
8,71,30,0,600,self,2.909996474702193,2.394477155387003,0.3760000000000001,1
8,72,30,0,600,self,2.0481276192819826,2.394477155387003,0.5030000000000002,1
8,73,30,0,600,self,1.275985285957725,2.394477155387003,0.4460000000000002,1
8,74,30,0,600,self,1.27288873738387,2.394477155387003,0.41300000000000014,1
8,75,30,0,600,self,2.2170715532515537,2.394477155387003,0.5200000000000002,1
8,76,30,0,600,self,-0.5884707891382223,2.394477155387003,0.4440000000000002,2
8,77,30,0,600,self,0.5919769414390121,2.394477155387003,0.5660000000000003,2
8,78,30,0,600,self,1.9822309625009016,2.394477155387003,0.4570000000000002,1
8,79,30,0,600,self,1.0470966429058808,2.394477155387003,0.4770000000000002,1
8,80,30,0,600,self,2.3821792824755343,2.394477155387003,0.5560000000000003,1
8,81,30,0,600,self,1.9631033376998646,2.394477155387003,0.3430000000000001,1
8,82,30,0,600,self,1.471936957489794,2.394477155387003,0.5370000000000003,1
8,83,30,0,600,self,1.7814920524220224,2.394477155387003,0.5350000000000003,1
8,84,30,0,600,self,1.036817813201382,2.394477155387003,0.6260000000000003,1
8,85,30,0,600,self,-0.54553468148308,2.394477155387003,0.5320000000000003,2
8,86,30,0,600,self,2.729635923169248,2.394477155387003,0.3800000000000001,1
8,87,30,0,600,self,0.266343852071834,2.394477155387003,0.4600000000000002,1
8,88,30,0,600,self,2.120468765831868,2.394477155387003,0.5100000000000002,1
8,89,30,0,600,self,-0.2482167081513268,2.394477155387003,0.5500000000000003,2
8,90,30,0,600,self,2.227880466795541,2.394477155387003,0.4910000000000002,1
8,91,30,0,600,self,1.6584546764376524,2.394477155387003,0.5140000000000002,1
8,92,30,0,600,self,0.8332201332027918,2.394477155387003,0.5930000000000003,1
8,93,30,0,600,self,0.34983123628200696,2.394477155387003,0.5110000000000002,2
8,94,30,0,600,self,2.3085336123443247,2.394477155387003,0.4560000000000002,1
8,95,30,0,600,self,1.746632392124483,2.394477155387003,0.4660000000000002,1
8,96,30,0,600,self,1.8223344869551545,2.394477155387003,0.3770000000000001,1
8,97,30,0,600,self,2.1316871841591762,2.394477155387003,0.43000000000000016,1
8,98,30,0,600,self,2.144081817271718,2.394477155387003,0.5630000000000003,1
8,99,30,0,600,self,1.39700013046934,2.394477155387003,0.41800000000000015,1
8,100,30,0,600,self,0.7424658689462138,2.394477155387003,0.41800000000000015,1
8,101,30,0,600,self,2.416992121329149,2.394477155387003,0.4720000000000002,1
8,102,30,0,600,self,1.4991634590823988,2.394477155387003,0.2860000000000001,1
8,103,30,0,600,self,0.6547106426830298,2.394477155387003,0.2890000000000001,1
8,104,30,0,600,self,2.7703215154599206,2.394477155387003,0.5920000000000003,1
8,105,30,0,600,self,1.0324548240866827,2.394477155387003,0.5090000000000002,1
8,106,30,0,600,self,0.39155052757547404,2.394477155387003,0.5490000000000003,1
8,107,30,0,600,self,0.6457326594032007,2.394477155387003,0.6270000000000003,1
8,108,30,0,600,self,2.8153974992886033,2.394477155387003,0.5030000000000002,1
8,109,30,0,600,self,0.12748623199170772,2.394477155387003,0.5790000000000003,2
8,110,30,0,600,self,-0.041258701875306,2.394477155387003,0.6240000000000003,1
8,111,30,0,600,self,2.52544721943125,2.394477155387003,0.4510000000000002,1
8,112,30,0,600,self,0.6144682245936575,2.394477155387003,0.6120000000000003,1
8,113,30,0,600,self,0.8710317574519256,2.394477155387003,0.41800000000000015,1
8,114,30,0,600,self,2.357972238397413,2.394477155387003,0.5890000000000003,1
8,115,30,0,600,self,1.1362750005470732,2.394477155387003,0.5260000000000002,1
8,116,30,0,600,self,1.96315952555206,2.394477155387003,0.44300000000000017,1
8,117,30,0,600,self,-1.3734373924914687,2.394477155387003,0.6100000000000003,2
8,118,30,0,600,self,4.354200844856546,2.394477155387003,0.3630000000000001,1
8,119,30,0,600,self,-1.261392998831961,2.394477155387003,0.4440000000000002,2
8,120,30,0,600,self,1.8231500548300315,2.394477155387003,0.5070000000000002,1
8,121,30,0,600,self,0.6936961650393794,2.394477155387003,0.6170000000000003,1
8,122,30,0,600,self,1.7900527371670059,2.394477155387003,0.4690000000000002,1
8,123,30,0,600,self,2.106785515650867,2.394477155387003,0.5690000000000003,1
8,124,30,0,600,self,1.8869135278430482,2.394477155387003,0.4770000000000002,1
8,125,30,0,600,self,0.2650927336716361,2.394477155387003,0.40900000000000014,2
8,126,30,0,600,self,2.5213238118971937,2.394477155387003,0.44000000000000017,1
8,127,30,0,600,self,2.7320310473211413,2.394477155387003,0.4810000000000002,1
8,128,30,0,600,self,3.696504006975263,2.394477155387003,0.4710000000000002,1
8,129,30,0,600,self,2.837342779440201,2.394477155387003,0.5620000000000003,1
8,130,30,0,600,self,0.4974346439606989,2.394477155387003,0.39900000000000013,1
