subjectID,trialID,T,P,W,Label,v,a,RT,response
1,1,30,120,600,stranger,1.3402657948211636,2.77041284353292,0.5890000000000003,1
1,2,30,120,600,stranger,0.47234362211851066,2.77041284353292,0.6190000000000003,1
1,3,30,120,600,stranger,1.4918576419030802,2.77041284353292,0.5830000000000003,1
1,4,30,120,600,stranger,1.8710656892393223,2.77041284353292,0.5340000000000003,1
1,5,30,120,600,stranger,2.9901170623555267,2.77041284353292,0.41200000000000014,1
1,6,30,120,600,stranger,0.9341430821767934,2.77041284353292,0.41500000000000015,2
1,7,30,120,600,stranger,3.2075892796278223,2.77041284353292,0.5400000000000003,1
1,8,30,120,600,stranger,0.6809512046703377,2.77041284353292,0.5370000000000003,1
1,9,30,120,600,stranger,2.4129786092491994,2.77041284353292,0.4570000000000002,1
1,10,30,120,600,stranger,1.8439682410757205,2.77041284353292,0.6020000000000003,1
1,11,30,120,600,stranger,0.07144700532442316,2.77041284353292,0.4990000000000002,1
1,12,30,120,600,stranger,2.1848406586659457,2.77041284353292,0.5320000000000003,1
1,13,30,120,600,stranger,3.797068202215508,2.77041284353292,0.4770000000000002,1
1,14,30,120,600,stranger,1.8932023361684114,2.77041284353292,0.4880000000000002,1
1,15,30,120,600,stranger,2.69752212867752,2.77041284353292,0.5160000000000002,1
1,16,30,120,600,stranger,0.41377545236520163,2.77041284353292,0.5470000000000003,1
1,17,30,120,600,stranger,1.817171468393843,2.77041284353292,0.43500000000000016,1
1,18,30,120,600,stranger,0.4595958005003876,2.77041284353292,0.4970000000000002,1
1,19,30,120,600,stranger,2.6385035175824534,2.77041284353292,0.5450000000000003,1
1,20,30,120,600,stranger,1.707011420944852,2.77041284353292,0.5800000000000003,1
1,21,30,120,600,stranger,1.1647966223803539,2.77041284353292,0.6100000000000003,1
1,22,30,120,600,stranger,2.7198352392089995,2.77041284353292,0.5630000000000003,1
1,23,30,120,600,stranger,1.740635324747183,2.77041284353292,0.4470000000000002,1
1,24,30,120,600,stranger,1.9412917027266356,2.77041284353292,0.5410000000000003,1
1,25,30,120,600,stranger,-0.42701960752172263,2.77041284353292,0.3710000000000001,2
1,26,30,120,600,stranger,-0.7219367407172289,2.77041284353292,0.5420000000000003,2
1,27,30,120,600,stranger,0.2068308370581452,2.77041284353292,0.5350000000000003,1
1,28,30,120,600,stranger,1.0823697891216257,2.77041284353292,0.5880000000000003,1
1,29,30,120,600,stranger,0.6210296943931357,2.77041284353292,0.44100000000000017,1
1,30,30,120,600,stranger,-0.36476620145383554,2.77041284353292,0.5760000000000003,2
1,31,30,120,600,stranger,0.40466306683040687,2.77041284353292,0.6270000000000003,2
1,32,30,120,600,stranger,0.7443066730622837,2.77041284353292,0.5830000000000003,1
1,33,30,120,600,stranger,-0.842230244682363,2.77041284353292,0.4640000000000002,2
1,34,30,120,600,stranger,1.7786611065091908,2.77041284353292,0.44000000000000017,1
1,35,30,120,600,stranger,2.284224292828569,2.77041284353292,0.5170000000000002,1
1,36,30,120,600,stranger,0.5622481836783321,2.77041284353292,0.4550000000000002,1
1,37,30,120,600,stranger,-0.40102675249596,2.77041284353292,0.3740000000000001,1
1,38,30,120,600,stranger,-0.2802771144970795,2.77041284353292,0.4870000000000002,1
1,39,30,120,600,stranger,-0.10238841279469035,2.77041284353292,0.6280000000000003,2
1,40,30,120,600,stranger,1.109055236315743,2.77041284353292,0.4670000000000002,1
1,41,30,120,600,stranger,-0.02975791928480298,2.77041284353292,0.5130000000000002,2
1,42,30,120,600,stranger,1.1103251738728752,2.77041284353292,0.5200000000000002,1
1,43,30,120,600,stranger,1.3796821776944819,2.77041284353292,0.5360000000000003,1
1,44,30,120,600,stranger,2.119775303789378,2.77041284353292,0.5570000000000003,1
1,45,30,120,600,stranger,2.08472679734034,2.77041284353292,0.40700000000000014,1
1,46,30,120,600,stranger,0.4219442412202275,2.77041284353292,0.6080000000000003,1
1,47,30,120,600,stranger,1.3813387363012812,2.77041284353292,0.6150000000000003,1
1,48,30,120,600,stranger,1.0526815958778029,2.77041284353292,0.3620000000000001,1
1,49,30,120,600,stranger,0.5905507406431056,2.77041284353292,0.5030000000000002,1
1,50,30,120,600,stranger,0.43822331987161234,2.77041284353292,0.4970000000000002,1
1,51,30,120,600,stranger,1.6867608996895416,2.77041284353292,0.40100000000000013,1
1,52,30,120,600,stranger,2.2587860593864306,2.77041284353292,0.32800000000000007,1
1,53,30,120,600,stranger,-2.711836523805607,2.77041284353292,0.43700000000000017,2
1,54,30,120,600,stranger,2.730066080398016,2.77041284353292,0.5930000000000003,1
1,55,30,120,600,stranger,2.126400977501446,2.77041284353292,0.4750000000000002,1
1,56,30,120,600,stranger,2.3773534366414593,2.77041284353292,0.39800000000000013,1
1,57,30,120,600,stranger,2.13355552978393,2.77041284353292,0.3780000000000001,1
1,58,30,120,600,stranger,0.09011898045008038,2.77041284353292,0.5840000000000003,2
1,59,30,120,600,stranger,2.001654070544431,2.77041284353292,0.4970000000000002,1
1,60,30,120,600,stranger,2.5116201200506962,2.77041284353292,0.5500000000000003,1
1,61,30,120,600,stranger,0.27682872943191134,2.77041284353292,0.6030000000000003,1
1,62,30,120,600,stranger,1.8878778220372685,2.77041284353292,0.5520000000000003,1
1,63,30,120,600,stranger,1.3250331034625211,2.77041284353292,0.42900000000000016,1
1,64,30,120,600,stranger,0.6438178827553812,2.77041284353292,0.41900000000000015,1
1,65,30,120,600,stranger,2.3728213414711075,2.77041284353292,0.4860000000000002,1
1,66,30,120,600,stranger,-1.5882178566589036,2.77041284353292,0.5730000000000003,2
1,67,30,120,600,stranger,1.6491120445631124,2.77041284353292,0.5990000000000003,1
1,68,30,120,600,stranger,0.8756373198896491,2.77041284353292,0.4970000000000002,1
1,69,30,120,600,stranger,2.4774715695564717,2.77041284353292,0.6180000000000003,1
1,70,30,120,600,stranger,1.2931610770389437,2.77041284353292,0.6230000000000003,1
1,71,30,120,600,stranger,-0.12853381181014234,2.77041284353292,0.40300000000000014,2
1,72,30,120,600,stranger,0.08351385828486213,2.77041284353292,0.3900000000000001,1
1,73,30,120,600,stranger,-2.180217433443769,2.77041284353292,0.5400000000000003,2
1,74,30,120,600,stranger,0.5702144515772262,2.77041284353292,0.6150000000000003,1
1,75,30,120,600,stranger,1.7065617844048209,2.77041284353292,0.4510000000000002,1
1,76,30,120,600,stranger,1.7126448536215428,2.77041284353292,0.5190000000000002,1
1,77,30,120,600,stranger,2.285329137648258,2.77041284353292,0.6130000000000003,1
1,78,30,120,600,stranger,-1.314135039001401,2.77041284353292,0.3020000000000001,2
1,79,30,120,600,stranger,1.975761385063846,2.77041284353292,0.5860000000000003,1
1,80,30,120,600,stranger,0.3503227401024567,2.77041284353292,0.6010000000000003,1
1,81,30,120,600,stranger,-0.4597924059090973,2.77041284353292,0.5250000000000002,2
1,82,30,120,600,stranger,2.4349478779561866,2.77041284353292,0.5850000000000003,1
1,83,30,120,600,stranger,0.9580197016192991,2.77041284353292,0.3720000000000001,1
1,84,30,120,600,stranger,2.1871239925784463,2.77041284353292,0.4820000000000002,1
1,85,30,120,600,stranger,1.247517202018039,2.77041284353292,0.43800000000000017,1
1,86,30,120,600,stranger,2.671076723630049,2.77041284353292,0.4800000000000002,1
1,87,30,120,600,stranger,1.6328113105943642,2.77041284353292,0.6290000000000003,1
1,88,30,120,600,stranger,2.7617216313888076,2.77041284353292,0.4940000000000002,1
1,89,30,120,600,stranger,3.670500699105933,2.77041284353292,0.3630000000000001,1
1,90,30,120,600,stranger,0.80611746533011,2.77041284353292,0.5510000000000003,1
1,91,30,120,600,stranger,1.7509871266435542,2.77041284353292,0.4980000000000002,1
1,92,30,120,600,stranger,0.4678614876443842,2.77041284353292,0.5170000000000002,2
1,93,30,120,600,stranger,1.0989955546015417,2.77041284353292,0.5920000000000003,1
1,94,30,120,600,stranger,-2.009574697749126,2.77041284353292,0.4920000000000002,2
1,95,30,120,600,stranger,1.3495023172269054,2.77041284353292,0.5620000000000003,1
1,96,30,120,600,stranger,2.1198347873914183,2.77041284353292,0.5670000000000003,1
1,97,30,120,600,stranger,2.0921135097646495,2.77041284353292,0.5860000000000003,1
1,98,30,120,600,stranger,1.4075533324984741,2.77041284353292,0.3750000000000001,1
1,99,30,120,600,stranger,1.5394123932293464,2.77041284353292,0.43100000000000016,1
1,100,30,120,600,stranger,1.9247733865661871,2.77041284353292,0.5770000000000003,1
1,101,30,120,600,stranger,0.6379781350998265,2.77041284353292,0.39600000000000013,1
1,102,30,120,600,stranger,0.23867853281583296,2.77041284353292,0.5290000000000002,1
1,103,30,120,600,stranger,1.186919656631417,2.77041284353292,0.4990000000000002,1
1,104,30,120,600,stranger,1.937614998785024,2.77041284353292,0.5660000000000003,1
1,105,30,120,600,stranger,1.3850574624995584,2.77041284353292,0.6190000000000003,1
1,106,30,120,600,stranger,2.058439543876508,2.77041284353292,0.5800000000000003,1
1,107,30,120,600,stranger,2.6103919991807825,2.77041284353292,0.4640000000000002,1
1,108,30,120,600,stranger,3.1614449992191735,2.77041284353292,0.6170000000000003,1
1,109,30,120,600,stranger,0.7108758646261931,2.77041284353292,0.6070000000000003,1
1,110,30,120,600,stranger,-0.774485199811007,2.77041284353292,0.44100000000000017,2
1,111,30,120,600,stranger,2.0925420086139455,2.77041284353292,0.4630000000000002,1
1,112,30,120,600,stranger,-1.2866284701667547,2.77041284353292,0.5980000000000003,2
1,113,30,120,600,stranger,1.9264664032734844,2.77041284353292,0.5940000000000003,1
1,114,30,120,600,stranger,2.3290511444301387,2.77041284353292,0.43700000000000017,1
1,115,30,120,600,stranger,1.2896069790358722,2.77041284353292,0.5980000000000003,1
1,116,30,120,600,stranger,1.0499779504598212,2.77041284353292,0.5250000000000002,1
1,117,30,120,600,stranger,1.3328576974491275,2.77041284353292,0.5750000000000003,1
1,118,30,120,600,stranger,2.495024998221353,2.77041284353292,0.42400000000000015,1
1,119,30,120,600,stranger,0.37866175251338074,2.77041284353292,0.5930000000000003,1
1,120,30,120,600,stranger,-2.548553555493618,2.77041284353292,0.6100000000000003,2
1,121,30,120,600,stranger,2.529577784625802,2.77041284353292,0.5590000000000003,1
1,122,30,120,600,stranger,0.9792378588417661,2.77041284353292,0.6130000000000003,1
1,123,30,120,600,stranger,0.8792574945061237,2.77041284353292,0.42500000000000016,1
1,124,30,120,600,stranger,2.3370073916834695,2.77041284353292,0.5040000000000002,1
1,125,30,120,600,stranger,1.1642748391433155,2.77041284353292,0.5290000000000002,1
1,126,30,120,600,stranger,-2.3465437928224833,2.77041284353292,0.4530000000000002,2
1,127,30,120,600,stranger,1.2460396875416104,2.77041284353292,0.5920000000000003,1
1,128,30,120,600,stranger,1.9110743096158318,2.77041284353292,0.40200000000000014,1
1,129,30,120,600,stranger,2.0595236120396034,2.77041284353292,0.6270000000000003,1
1,130,30,120,600,stranger,1.8929436130486805,2.77041284353292,0.4870000000000002,1
1,1,30,120,600,self,2.647932443842686,2.77041284353292,0.44100000000000017,1
1,2,30,120,600,self,2.98918184546297,2.77041284353292,0.6010000000000003,1
1,3,30,120,600,self,2.9355288749317245,2.77041284353292,0.5520000000000003,1
1,4,30,120,600,self,2.382150896666965,2.77041284353292,0.3760000000000001,1
1,5,30,120,600,self,1.9171207982628746,2.77041284353292,0.6020000000000003,1
1,6,30,120,600,self,3.2883799330431884,2.77041284353292,0.4560000000000002,1
1,7,30,120,600,self,3.5543259456602065,2.77041284353292,0.4930000000000002,1
1,8,30,120,600,self,1.7048064864810872,2.77041284353292,0.42000000000000015,1
1,9,30,120,600,self,2.489612120991892,2.77041284353292,0.5210000000000002,1
1,10,30,120,600,self,2.1952244555242935,2.77041284353292,0.4620000000000002,1
1,11,30,120,600,self,2.6085884829459327,2.77041284353292,0.5190000000000002,1
1,12,30,120,600,self,4.072338476609364,2.77041284353292,0.6250000000000003,1
1,13,30,120,600,self,4.0004417345673415,2.77041284353292,0.44200000000000017,1
1,14,30,120,600,self,2.9064746609731498,2.77041284353292,0.5030000000000002,1
1,15,30,120,600,self,3.0323911923720943,2.77041284353292,0.6170000000000003,1
1,16,30,120,600,self,2.4417552320511433,2.77041284353292,0.5870000000000003,1
1,17,30,120,600,self,3.04518335634829,2.77041284353292,0.3880000000000001,1
1,18,30,120,600,self,3.257992309352285,2.77041284353292,0.3660000000000001,1
1,19,30,120,600,self,2.0800539115281715,2.77041284353292,0.6230000000000003,1
1,20,30,120,600,self,3.8720804950955547,2.77041284353292,0.5080000000000002,1
1,21,30,120,600,self,3.0600726125016333,2.77041284353292,0.42900000000000016,1
1,22,30,120,600,self,2.388604514003933,2.77041284353292,0.5220000000000002,1
1,23,30,120,600,self,1.6085742096689457,2.77041284353292,0.3350000000000001,1
1,24,30,120,600,self,3.02421421202777,2.77041284353292,0.5950000000000003,1
1,25,30,120,600,self,3.2942135875403205,2.77041284353292,0.5340000000000003,1
1,26,30,120,600,self,1.0261131977336093,2.77041284353292,0.4610000000000002,1
1,27,30,120,600,self,2.555878467355522,2.77041284353292,0.5620000000000003,1
1,28,30,120,600,self,2.469808411239014,2.77041284353292,0.5910000000000003,1
1,29,30,120,600,self,3.7610866912938694,2.77041284353292,0.43100000000000016,1
1,30,30,120,600,self,2.980491557957107,2.77041284353292,0.3560000000000001,1
1,31,30,120,600,self,3.365867871592761,2.77041284353292,0.4570000000000002,1
1,32,30,120,600,self,2.127035280118435,2.77041284353292,0.4980000000000002,1
1,33,30,120,600,self,3.9449885276680927,2.77041284353292,0.5390000000000003,1
1,34,30,120,600,self,2.9514113848994254,2.77041284353292,0.4820000000000002,1
1,35,30,120,600,self,0.46397807742327624,2.77041284353292,0.5590000000000003,2
1,36,30,120,600,self,2.9570839401489417,2.77041284353292,0.5880000000000003,1
1,37,30,120,600,self,2.788411585857768,2.77041284353292,0.6030000000000003,1
1,38,30,120,600,self,2.8364624906603426,2.77041284353292,0.6210000000000003,1
1,39,30,120,600,self,4.011195152074022,2.77041284353292,0.4780000000000002,1
1,40,30,120,600,self,2.806596290266706,2.77041284353292,0.6190000000000003,1
1,41,30,120,600,self,1.8386687294439992,2.77041284353292,0.5530000000000003,1
1,42,30,120,600,self,2.752617729894164,2.77041284353292,0.5190000000000002,1
1,43,30,120,600,self,2.446938919839911,2.77041284353292,0.4690000000000002,1
1,44,30,120,600,self,1.9862906323505283,2.77041284353292,0.5800000000000003,1
1,45,30,120,600,self,3.8620047258405847,2.77041284353292,0.4980000000000002,1
1,46,30,120,600,self,2.3683680427047467,2.77041284353292,0.4930000000000002,1
1,47,30,120,600,self,2.5484081308302855,2.77041284353292,0.5250000000000002,1
1,48,30,120,600,self,1.746521830023,2.77041284353292,0.6000000000000003,1
1,49,30,120,600,self,2.4081294845188603,2.77041284353292,0.6070000000000003,1
1,50,30,120,600,self,2.6402744483943335,2.77041284353292,0.42300000000000015,1
1,51,30,120,600,self,3.398919563103726,2.77041284353292,0.6020000000000003,1
1,52,30,120,600,self,1.9239915489558301,2.77041284353292,0.5340000000000003,1
1,53,30,120,600,self,2.449082404686507,2.77041284353292,0.5960000000000003,1
1,54,30,120,600,self,4.117450040100287,2.77041284353292,0.39400000000000013,1
1,55,30,120,600,self,1.6960651203021333,2.77041284353292,0.4900000000000002,1
1,56,30,120,600,self,3.8671365333197794,2.77041284353292,0.5190000000000002,1
1,57,30,120,600,self,3.652310050358987,2.77041284353292,0.5970000000000003,1
1,58,30,120,600,self,3.0001792684606414,2.77041284353292,0.5870000000000003,1
1,59,30,120,600,self,3.0169057420108696,2.77041284353292,0.5350000000000003,1
1,60,30,120,600,self,3.7972371251594694,2.77041284353292,0.42900000000000016,1
1,61,30,120,600,self,2.204201762829443,2.77041284353292,0.6020000000000003,1
1,62,30,120,600,self,2.8700228578314357,2.77041284353292,0.5580000000000003,1
1,63,30,120,600,self,2.8070266703268287,2.77041284353292,0.42600000000000016,1
1,64,30,120,600,self,3.237411831890955,2.77041284353292,0.5780000000000003,1
1,65,30,120,600,self,2.5671829063027936,2.77041284353292,0.5750000000000003,1
1,66,30,120,600,self,1.8230150257298101,2.77041284353292,0.5120000000000002,1
1,67,30,120,600,self,4.077717902354919,2.77041284353292,0.41800000000000015,1
1,68,30,120,600,self,2.7527979094298853,2.77041284353292,0.5120000000000002,1
1,69,30,120,600,self,3.9597673089728143,2.77041284353292,0.3360000000000001,1
1,70,30,120,600,self,1.8878175615264374,2.77041284353292,0.5840000000000003,1
1,71,30,120,600,self,4.501264718515792,2.77041284353292,0.43000000000000016,1
1,72,30,120,600,self,2.0652484079608877,2.77041284353292,0.5420000000000003,1
1,73,30,120,600,self,3.2504295217390986,2.77041284353292,0.5650000000000003,1
1,74,30,120,600,self,3.1956364587206387,2.77041284353292,0.5910000000000003,1
1,75,30,120,600,self,2.9083884940558304,2.77041284353292,0.6000000000000003,1
1,76,30,120,600,self,1.8939140918225028,2.77041284353292,0.42500000000000016,1
1,77,30,120,600,self,3.017497664714629,2.77041284353292,0.5940000000000003,1
1,78,30,120,600,self,4.075698652764108,2.77041284353292,0.40900000000000014,1
1,79,30,120,600,self,4.038952582588413,2.77041284353292,0.43700000000000017,1
1,80,30,120,600,self,1.5940160711567903,2.77041284353292,0.3890000000000001,1
1,81,30,120,600,self,2.8216379068397397,2.77041284353292,0.4830000000000002,1
1,82,30,120,600,self,3.169366026177,2.77041284353292,0.5430000000000003,1
1,83,30,120,600,self,3.257991109928673,2.77041284353292,0.5850000000000003,1
1,84,30,120,600,self,3.9881662827241238,2.77041284353292,0.3900000000000001,1
1,85,30,120,600,self,3.66881040837432,2.77041284353292,0.5380000000000003,1
1,86,30,120,600,self,2.543163019218889,2.77041284353292,0.43500000000000016,1
1,87,30,120,600,self,2.8467867012171455,2.77041284353292,0.4460000000000002,1
1,88,30,120,600,self,3.3585707309418393,2.77041284353292,0.5340000000000003,1
1,89,30,120,600,self,4.5326750753993625,2.77041284353292,0.3830000000000001,1
1,90,30,120,600,self,2.6305881022461484,2.77041284353292,0.5390000000000003,1
1,91,30,120,600,self,2.547466611901079,2.77041284353292,0.5130000000000002,1
1,92,30,120,600,self,2.2276361277369916,2.77041284353292,0.4750000000000002,1
1,93,30,120,600,self,4.254329871650038,2.77041284353292,0.3930000000000001,1
1,94,30,120,600,self,2.2536108418772227,2.77041284353292,0.6090000000000003,1
1,95,30,120,600,self,3.1429343061596926,2.77041284353292,0.6080000000000003,1
1,96,30,120,600,self,2.9765642906652725,2.77041284353292,0.4440000000000002,1
1,97,30,120,600,self,1.3962854018937494,2.77041284353292,0.6170000000000003,1
1,98,30,120,600,self,2.605030227724101,2.77041284353292,0.41200000000000014,1
1,99,30,120,600,self,2.452749168619804,2.77041284353292,0.43300000000000016,1
1,100,30,120,600,self,3.275058083607728,2.77041284353292,0.5780000000000003,1
1,101,30,120,600,self,2.2799686064388593,2.77041284353292,0.41400000000000015,1
1,102,30,120,600,self,1.9491786382057343,2.77041284353292,0.5770000000000003,1
1,103,30,120,600,self,3.410803638859756,2.77041284353292,0.43900000000000017,1
1,104,30,120,600,self,3.40293564426414,2.77041284353292,0.3840000000000001,1
1,105,30,120,600,self,3.306151565476004,2.77041284353292,0.6090000000000003,1
1,106,30,120,600,self,3.632049984924047,2.77041284353292,0.4790000000000002,1
1,107,30,120,600,self,3.3559040006000576,2.77041284353292,0.5810000000000003,1
1,108,30,120,600,self,3.0170250641443213,2.77041284353292,0.5960000000000003,1
1,109,30,120,600,self,3.4667810396645637,2.77041284353292,0.43800000000000017,1
1,110,30,120,600,self,2.7437425281182213,2.77041284353292,0.3890000000000001,1
1,111,30,120,600,self,4.088160200797239,2.77041284353292,0.5590000000000003,1
1,112,30,120,600,self,2.123957147149089,2.77041284353292,0.5080000000000002,1
1,113,30,120,600,self,2.3162104099770136,2.77041284353292,0.4540000000000002,1
1,114,30,120,600,self,2.971836583113984,2.77041284353292,0.5480000000000003,1
1,115,30,120,600,self,1.8435818031276727,2.77041284353292,0.5950000000000003,1
1,116,30,120,600,self,2.2768654228844283,2.77041284353292,0.44200000000000017,1
1,117,30,120,600,self,3.7036692184273137,2.77041284353292,0.5360000000000003,1
1,118,30,120,600,self,1.984087347507394,2.77041284353292,0.4950000000000002,1
1,119,30,120,600,self,3.8167976602931937,2.77041284353292,0.5420000000000003,1
1,120,30,120,600,self,0.6895287748014154,2.77041284353292,0.5470000000000003,2
1,121,30,120,600,self,2.2860621797515583,2.77041284353292,0.6180000000000003,1
1,122,30,120,600,self,3.2282369678629284,2.77041284353292,0.3390000000000001,1
1,123,30,120,600,self,3.5315362165987576,2.77041284353292,0.5350000000000003,1
1,124,30,120,600,self,3.519654515469957,2.77041284353292,0.43400000000000016,1
1,125,30,120,600,self,2.9173507661081866,2.77041284353292,0.6280000000000003,1
1,126,30,120,600,self,4.337071598555733,2.77041284353292,0.40300000000000014,1
1,127,30,120,600,self,2.8924578687850784,2.77041284353292,0.44000000000000017,1
1,128,30,120,600,self,1.685696732261206,2.77041284353292,0.4790000000000002,1
1,129,30,120,600,self,2.994636021591587,2.77041284353292,0.4890000000000002,1
1,130,30,120,600,self,3.2506670396402817,2.77041284353292,0.5400000000000003,1
2,1,30,120,600,stranger,-0.3060754007518838,2.8828392696238345,0.5650000000000003,1
2,2,30,120,600,stranger,2.3602287001358206,2.8828392696238345,0.4700000000000002,1
2,3,30,120,600,stranger,2.2848149873338097,2.8828392696238345,0.6100000000000003,1
2,4,30,120,600,stranger,-0.10372198842151537,2.8828392696238345,0.5610000000000003,2
2,5,30,120,600,stranger,2.393764310878368,2.8828392696238345,0.5230000000000002,1
2,6,30,120,600,stranger,0.8499181982293181,2.8828392696238345,0.4580000000000002,1
2,7,30,120,600,stranger,2.6950832514338567,2.8828392696238345,0.5360000000000003,1
2,8,30,120,600,stranger,-1.0328606068232542,2.8828392696238345,0.6190000000000003,2
2,9,30,120,600,stranger,-0.7411645832811654,2.8828392696238345,0.5590000000000003,2
2,10,30,120,600,stranger,2.063540608937824,2.8828392696238345,0.5580000000000003,1
2,11,30,120,600,stranger,0.9920146790564304,2.8828392696238345,0.43800000000000017,1
2,12,30,120,600,stranger,-0.30878928584512455,2.8828392696238345,0.5930000000000003,1
2,13,30,120,600,stranger,-0.8595732803172657,2.8828392696238345,0.5570000000000003,2
2,14,30,120,600,stranger,1.3060420691779036,2.8828392696238345,0.5010000000000002,1
2,15,30,120,600,stranger,1.6395927219555193,2.8828392696238345,0.4740000000000002,1
2,16,30,120,600,stranger,-0.10887937852145413,2.8828392696238345,0.5400000000000003,2
2,17,30,120,600,stranger,0.9118130659886193,2.8828392696238345,0.6020000000000003,1
2,18,30,120,600,stranger,-1.508710525113874,2.8828392696238345,0.5360000000000003,2
2,19,30,120,600,stranger,1.652962764735948,2.8828392696238345,0.6210000000000003,1
2,20,30,120,600,stranger,-0.21032922493456518,2.8828392696238345,0.6000000000000003,2
2,21,30,120,600,stranger,2.9994548439823303,2.8828392696238345,0.5920000000000003,1
2,22,30,120,600,stranger,2.872893341065004,2.8828392696238345,0.5950000000000003,1
2,23,30,120,600,stranger,1.4445522539188826,2.8828392696238345,0.4620000000000002,1
2,24,30,120,600,stranger,0.6572831816159027,2.8828392696238345,0.5780000000000003,1
2,25,30,120,600,stranger,2.881727244289815,2.8828392696238345,0.4890000000000002,1
2,26,30,120,600,stranger,1.5144726021588164,2.8828392696238345,0.5200000000000002,1
2,27,30,120,600,stranger,2.7708098443772076,2.8828392696238345,0.5200000000000002,1
2,28,30,120,600,stranger,2.4887868813064604,2.8828392696238345,0.39700000000000013,1
2,29,30,120,600,stranger,1.6442802484230166,2.8828392696238345,0.6060000000000003,1
2,30,30,120,600,stranger,0.6139010468748898,2.8828392696238345,0.5400000000000003,1
2,31,30,120,600,stranger,1.97156390434753,2.8828392696238345,0.5920000000000003,1
2,32,30,120,600,stranger,0.46519943812604825,2.8828392696238345,0.5100000000000002,2
2,33,30,120,600,stranger,0.7356309622835233,2.8828392696238345,0.5560000000000003,1
2,34,30,120,600,stranger,1.1383738540705488,2.8828392696238345,0.5910000000000003,1
2,35,30,120,600,stranger,1.7087762093049732,2.8828392696238345,0.6200000000000003,1
2,36,30,120,600,stranger,-0.23281815171965237,2.8828392696238345,0.5570000000000003,1
2,37,30,120,600,stranger,0.9056486720611175,2.8828392696238345,0.3820000000000001,1
2,38,30,120,600,stranger,0.5245627263790231,2.8828392696238345,0.4630000000000002,1
2,39,30,120,600,stranger,1.961094135870919,2.8828392696238345,0.6140000000000003,1
2,40,30,120,600,stranger,1.1664415053603974,2.8828392696238345,0.5780000000000003,1
2,41,30,120,600,stranger,1.0755234074400493,2.8828392696238345,0.6220000000000003,1
2,42,30,120,600,stranger,-0.26849863954131825,2.8828392696238345,0.6180000000000003,2
2,43,30,120,600,stranger,2.7144763978126076,2.8828392696238345,0.5300000000000002,1
2,44,30,120,600,stranger,0.42712370409555384,2.8828392696238345,0.5170000000000002,1
2,45,30,120,600,stranger,0.4168261860067462,2.8828392696238345,0.5560000000000003,1
2,46,30,120,600,stranger,2.5399795507811733,2.8828392696238345,0.6000000000000003,1
2,47,30,120,600,stranger,0.011819683239380763,2.8828392696238345,0.5930000000000003,2
2,48,30,120,600,stranger,1.7047747050008413,2.8828392696238345,0.6000000000000003,1
2,49,30,120,600,stranger,1.7245552718746042,2.8828392696238345,0.4870000000000002,1
2,50,30,120,600,stranger,2.589230121582727,2.8828392696238345,0.5700000000000003,1
2,51,30,120,600,stranger,0.43305310028377914,2.8828392696238345,0.6230000000000003,1
2,52,30,120,600,stranger,0.5821917735477753,2.8828392696238345,0.4440000000000002,1
2,53,30,120,600,stranger,3.208342445952069,2.8828392696238345,0.4490000000000002,1
2,54,30,120,600,stranger,2.6127118219586567,2.8828392696238345,0.5120000000000002,1
2,55,30,120,600,stranger,-1.8045313458507093,2.8828392696238345,0.5930000000000003,2
2,56,30,120,600,stranger,0.9864432489042669,2.8828392696238345,0.5740000000000003,1
2,57,30,120,600,stranger,0.17503789410113774,2.8828392696238345,0.40800000000000014,1
2,58,30,120,600,stranger,0.9656123811872555,2.8828392696238345,0.5660000000000003,1
2,59,30,120,600,stranger,1.989971515784621,2.8828392696238345,0.5650000000000003,1
2,60,30,120,600,stranger,1.1029546286283287,2.8828392696238345,0.6090000000000003,1
2,61,30,120,600,stranger,2.1312908165638,2.8828392696238345,0.4550000000000002,1
2,62,30,120,600,stranger,0.2125347194090581,2.8828392696238345,0.5090000000000002,1
2,63,30,120,600,stranger,0.5993022049438388,2.8828392696238345,0.4770000000000002,1
2,64,30,120,600,stranger,0.6878074518668704,2.8828392696238345,0.5530000000000003,1
2,65,30,120,600,stranger,1.218071709870468,2.8828392696238345,0.40200000000000014,1
2,66,30,120,600,stranger,2.1485494364372397,2.8828392696238345,0.43600000000000017,1
2,67,30,120,600,stranger,1.6599065764047447,2.8828392696238345,0.5830000000000003,1
2,68,30,120,600,stranger,-0.32132179827072416,2.8828392696238345,0.4710000000000002,2
2,69,30,120,600,stranger,2.2088425475285174,2.8828392696238345,0.5360000000000003,1
2,70,30,120,600,stranger,0.5961147060450482,2.8828392696238345,0.5880000000000003,1
2,71,30,120,600,stranger,1.7077471600459262,2.8828392696238345,0.5070000000000002,1
2,72,30,120,600,stranger,2.3504045089197163,2.8828392696238345,0.4560000000000002,1
2,73,30,120,600,stranger,0.879054817013355,2.8828392696238345,0.40100000000000013,1
2,74,30,120,600,stranger,2.8003768841886623,2.8828392696238345,0.5120000000000002,1
2,75,30,120,600,stranger,1.618952174128335,2.8828392696238345,0.5920000000000003,1
2,76,30,120,600,stranger,2.4854755527260397,2.8828392696238345,0.6020000000000003,1
2,77,30,120,600,stranger,-0.2204934064529379,2.8828392696238345,0.5430000000000003,1
2,78,30,120,600,stranger,2.423023121726637,2.8828392696238345,0.41400000000000015,1
2,79,30,120,600,stranger,1.6315510849627035,2.8828392696238345,0.5370000000000003,1
2,80,30,120,600,stranger,1.3465330024393602,2.8828392696238345,0.5240000000000002,1
2,81,30,120,600,stranger,-0.06563779922376012,2.8828392696238345,0.41300000000000014,1
2,82,30,120,600,stranger,2.703801071496715,2.8828392696238345,0.6050000000000003,1
2,83,30,120,600,stranger,2.798046327169557,2.8828392696238345,0.6130000000000003,1
2,84,30,120,600,stranger,2.3337798973913135,2.8828392696238345,0.4930000000000002,1
2,85,30,120,600,stranger,-1.7339520162357034,2.8828392696238345,0.5180000000000002,2
2,86,30,120,600,stranger,-0.25694526734911427,2.8828392696238345,0.5420000000000003,2
2,87,30,120,600,stranger,1.8505985050315141,2.8828392696238345,0.6090000000000003,1
2,88,30,120,600,stranger,1.5807408703921717,2.8828392696238345,0.4960000000000002,1
2,89,30,120,600,stranger,-0.3687666592481783,2.8828392696238345,0.5550000000000003,2
2,90,30,120,600,stranger,0.7057300973974386,2.8828392696238345,0.4670000000000002,1
2,91,30,120,600,stranger,0.007142893053517341,2.8828392696238345,0.4470000000000002,1
2,92,30,120,600,stranger,1.6767511437841351,2.8828392696238345,0.5630000000000003,1
2,93,30,120,600,stranger,1.389983675792963,2.8828392696238345,0.5100000000000002,1
2,94,30,120,600,stranger,-2.317165492304841,2.8828392696238345,0.4620000000000002,2
2,95,30,120,600,stranger,-0.049889083744913854,2.8828392696238345,0.5440000000000003,2
2,96,30,120,600,stranger,0.9940893691691515,2.8828392696238345,0.4670000000000002,1
2,97,30,120,600,stranger,2.6827640596918325,2.8828392696238345,0.4910000000000002,1
2,98,30,120,600,stranger,-2.107056637743708,2.8828392696238345,0.5630000000000003,2
2,99,30,120,600,stranger,-0.6508579309886667,2.8828392696238345,0.4980000000000002,2
2,100,30,120,600,stranger,1.4562837622667815,2.8828392696238345,0.5090000000000002,1
2,101,30,120,600,stranger,0.9577613915350289,2.8828392696238345,0.5610000000000003,1
2,102,30,120,600,stranger,-0.15721296362705361,2.8828392696238345,0.42200000000000015,1
2,103,30,120,600,stranger,1.6770678725729993,2.8828392696238345,0.4470000000000002,1
2,104,30,120,600,stranger,2.3290185936624614,2.8828392696238345,0.40900000000000014,1
2,105,30,120,600,stranger,-1.691960356095012,2.8828392696238345,0.4530000000000002,2
2,106,30,120,600,stranger,1.0888349582252876,2.8828392696238345,0.40100000000000013,1
2,107,30,120,600,stranger,0.04301518626212375,2.8828392696238345,0.43200000000000016,2
2,108,30,120,600,stranger,0.6701480823695621,2.8828392696238345,0.5560000000000003,2
2,109,30,120,600,stranger,3.8513973237836785,2.8828392696238345,0.6070000000000003,1
2,110,30,120,600,stranger,2.8452224031747346,2.8828392696238345,0.42100000000000015,1
2,111,30,120,600,stranger,1.0991058253960615,2.8828392696238345,0.5040000000000002,1
2,112,30,120,600,stranger,1.7113809655826473,2.8828392696238345,0.44200000000000017,1
2,113,30,120,600,stranger,2.154356029390683,2.8828392696238345,0.6290000000000003,1
2,114,30,120,600,stranger,1.9497995948049693,2.8828392696238345,0.5720000000000003,1
2,115,30,120,600,stranger,-0.45753390704408525,2.8828392696238345,0.4780000000000002,2
2,116,30,120,600,stranger,1.7095916490907315,2.8828392696238345,0.5900000000000003,1
2,117,30,120,600,stranger,-0.9707231526513705,2.8828392696238345,0.5330000000000003,2
2,118,30,120,600,stranger,0.6262543246051442,2.8828392696238345,0.5940000000000003,1
2,119,30,120,600,stranger,1.8621881499816664,2.8828392696238345,0.5080000000000002,1
2,120,30,120,600,stranger,-0.5420833057677058,2.8828392696238345,0.5990000000000003,2
2,121,30,120,600,stranger,2.0919845347040265,2.8828392696238345,0.5990000000000003,1
2,122,30,120,600,stranger,3.4393385376215115,2.8828392696238345,0.5740000000000003,1
2,123,30,120,600,stranger,1.700074588866113,2.8828392696238345,0.5360000000000003,1
2,124,30,120,600,stranger,2.45572494068037,2.8828392696238345,0.5670000000000003,1
2,125,30,120,600,stranger,-0.7331273376929704,2.8828392696238345,0.5620000000000003,2
2,126,30,120,600,stranger,-0.340956218836849,2.8828392696238345,0.6130000000000003,2
2,127,30,120,600,stranger,1.2182766379290255,2.8828392696238345,0.5720000000000003,1
2,128,30,120,600,stranger,0.9187201989600633,2.8828392696238345,0.5440000000000003,1
2,129,30,120,600,stranger,-1.0390265358258732,2.8828392696238345,0.5440000000000003,2
2,130,30,120,600,stranger,1.821661312418743,2.8828392696238345,0.42200000000000015,1
2,1,30,120,600,self,2.7571545002412097,2.8828392696238345,0.5640000000000003,1
2,2,30,120,600,self,3.026511229532517,2.8828392696238345,0.4910000000000002,1
2,3,30,120,600,self,3.1158257821760658,2.8828392696238345,0.3780000000000001,1
2,4,30,120,600,self,3.279227004602834,2.8828392696238345,0.3170000000000001,1
2,5,30,120,600,self,2.030028016202127,2.8828392696238345,0.4590000000000002,1
2,6,30,120,600,self,2.876330045081392,2.8828392696238345,0.5980000000000003,1
2,7,30,120,600,self,3.9126786446495823,2.8828392696238345,0.5290000000000002,1
2,8,30,120,600,self,4.485050776837982,2.8828392696238345,0.4470000000000002,1
2,9,30,120,600,self,3.2238819531194105,2.8828392696238345,0.5580000000000003,1
2,10,30,120,600,self,0.9836381075607317,2.8828392696238345,0.6250000000000003,1
2,11,30,120,600,self,3.6168414590561815,2.8828392696238345,0.6140000000000003,1
2,12,30,120,600,self,4.0530683068981475,2.8828392696238345,0.4680000000000002,1
2,13,30,120,600,self,3.1508429584186066,2.8828392696238345,0.42500000000000016,1
2,14,30,120,600,self,5.0605585079552355,2.8828392696238345,0.41400000000000015,1
2,15,30,120,600,self,3.4942865174778626,2.8828392696238345,0.5480000000000003,1
2,16,30,120,600,self,4.577203203017525,2.8828392696238345,0.4960000000000002,1
2,17,30,120,600,self,2.735702465087699,2.8828392696238345,0.4650000000000002,1
2,18,30,120,600,self,4.316704912843308,2.8828392696238345,0.6050000000000003,1
2,19,30,120,600,self,4.427760650836718,2.8828392696238345,0.5690000000000003,1
2,20,30,120,600,self,2.9571918308418175,2.8828392696238345,0.42900000000000016,1
2,21,30,120,600,self,3.1693493632726164,2.8828392696238345,0.5920000000000003,1
2,22,30,120,600,self,1.2732120007326968,2.8828392696238345,0.4920000000000002,1
2,23,30,120,600,self,3.4144503780502578,2.8828392696238345,0.44100000000000017,1
2,24,30,120,600,self,2.2894355601881506,2.8828392696238345,0.6230000000000003,1
2,25,30,120,600,self,2.0962512789529733,2.8828392696238345,0.6230000000000003,1
2,26,30,120,600,self,2.811148354800084,2.8828392696238345,0.4920000000000002,1
2,27,30,120,600,self,3.697616094112946,2.8828392696238345,0.44200000000000017,1
2,28,30,120,600,self,2.7936537834730935,2.8828392696238345,0.5810000000000003,1
2,29,30,120,600,self,4.545249701351636,2.8828392696238345,0.4980000000000002,1
2,30,30,120,600,self,2.8740412400683093,2.8828392696238345,0.39700000000000013,1
2,31,30,120,600,self,3.9663649235054796,2.8828392696238345,0.6290000000000003,1
2,32,30,120,600,self,2.2134475009344845,2.8828392696238345,0.5930000000000003,1
2,33,30,120,600,self,2.652737965876146,2.8828392696238345,0.39500000000000013,1
2,34,30,120,600,self,2.348255220942533,2.8828392696238345,0.6200000000000003,1
2,35,30,120,600,self,2.576412583989891,2.8828392696238345,0.5540000000000003,1
2,36,30,120,600,self,1.7265814191932853,2.8828392696238345,0.5010000000000002,1
2,37,30,120,600,self,3.5071555904626965,2.8828392696238345,0.3900000000000001,1
2,38,30,120,600,self,2.5147723571048433,2.8828392696238345,0.4500000000000002,1
2,39,30,120,600,self,1.6076667197701016,2.8828392696238345,0.5440000000000003,1
2,40,30,120,600,self,3.46552480377322,2.8828392696238345,0.4960000000000002,1
2,41,30,120,600,self,2.615860171123299,2.8828392696238345,0.5160000000000002,1
2,42,30,120,600,self,3.0655432292356055,2.8828392696238345,0.4620000000000002,1
2,43,30,120,600,self,1.5059689473476294,2.8828392696238345,0.5020000000000002,1
2,44,30,120,600,self,4.556639864375244,2.8828392696238345,0.4810000000000002,1
2,45,30,120,600,self,3.7206566445104596,2.8828392696238345,0.5320000000000003,1
2,46,30,120,600,self,2.6217322361443216,2.8828392696238345,0.43700000000000017,1
2,47,30,120,600,self,1.8849060527462616,2.8828392696238345,0.42000000000000015,1
2,48,30,120,600,self,3.082411862802417,2.8828392696238345,0.41700000000000015,1
2,49,30,120,600,self,2.6607721472046855,2.8828392696238345,0.5120000000000002,1
2,50,30,120,600,self,3.664454030815466,2.8828392696238345,0.5710000000000003,1
2,51,30,120,600,self,2.2992056067904096,2.8828392696238345,0.6210000000000003,1
2,52,30,120,600,self,3.5379404015479965,2.8828392696238345,0.5970000000000003,1
2,53,30,120,600,self,1.7374752342166389,2.8828392696238345,0.4880000000000002,1
2,54,30,120,600,self,2.444122352237668,2.8828392696238345,0.6290000000000003,1
2,55,30,120,600,self,2.009420515249784,2.8828392696238345,0.5710000000000003,1
2,56,30,120,600,self,2.6016839625756756,2.8828392696238345,0.5210000000000002,1
2,57,30,120,600,self,1.487816410492071,2.8828392696238345,0.3760000000000001,1
2,58,30,120,600,self,3.047562092860878,2.8828392696238345,0.3920000000000001,1
2,59,30,120,600,self,1.369299483309991,2.8828392696238345,0.5940000000000003,1
2,60,30,120,600,self,2.355326588089128,2.8828392696238345,0.6010000000000003,1
2,61,30,120,600,self,2.8911852543304035,2.8828392696238345,0.4960000000000002,1
2,62,30,120,600,self,2.8585004635959588,2.8828392696238345,0.4760000000000002,1
2,63,30,120,600,self,1.6589291335050524,2.8828392696238345,0.5570000000000003,1
2,64,30,120,600,self,2.7493010135123708,2.8828392696238345,0.5050000000000002,1
2,65,30,120,600,self,4.016307488914656,2.8828392696238345,0.4660000000000002,1
2,66,30,120,600,self,4.188854520558548,2.8828392696238345,0.5050000000000002,1
2,67,30,120,600,self,3.360744655949096,2.8828392696238345,0.4970000000000002,1
2,68,30,120,600,self,3.24823749221172,2.8828392696238345,0.6000000000000003,1
2,69,30,120,600,self,3.898204252880492,2.8828392696238345,0.5140000000000002,1
2,70,30,120,600,self,1.8936416837848709,2.8828392696238345,0.5460000000000003,1
2,71,30,120,600,self,3.530083827263957,2.8828392696238345,0.43300000000000016,1
2,72,30,120,600,self,3.203333424949709,2.8828392696238345,0.4490000000000002,1
2,73,30,120,600,self,2.778852540275937,2.8828392696238345,0.5170000000000002,1
2,74,30,120,600,self,3.534499078906026,2.8828392696238345,0.4750000000000002,1
2,75,30,120,600,self,3.411451393990331,2.8828392696238345,0.6150000000000003,1
2,76,30,120,600,self,2.5137956860565334,2.8828392696238345,0.5930000000000003,1
2,77,30,120,600,self,4.056291813043099,2.8828392696238345,0.5910000000000003,1
2,78,30,120,600,self,4.0888717017401905,2.8828392696238345,0.3480000000000001,1
2,79,30,120,600,self,3.932408565492916,2.8828392696238345,0.4440000000000002,1
2,80,30,120,600,self,2.7984245552713305,2.8828392696238345,0.5570000000000003,1
2,81,30,120,600,self,4.030693908906866,2.8828392696238345,0.4720000000000002,1
2,82,30,120,600,self,3.0092676519939143,2.8828392696238345,0.5180000000000002,1
2,83,30,120,600,self,1.7361157229876192,2.8828392696238345,0.5730000000000003,1
2,84,30,120,600,self,2.477018620310374,2.8828392696238345,0.5930000000000003,1
2,85,30,120,600,self,0.9809073690950065,2.8828392696238345,0.5630000000000003,1
2,86,30,120,600,self,2.8416172236451,2.8828392696238345,0.4570000000000002,1
2,87,30,120,600,self,2.593389328633905,2.8828392696238345,0.5890000000000003,1
2,88,30,120,600,self,3.2275786197702026,2.8828392696238345,0.44000000000000017,1
2,89,30,120,600,self,3.1022801122570884,2.8828392696238345,0.5360000000000003,1
2,90,30,120,600,self,2.930268079464105,2.8828392696238345,0.4680000000000002,1
2,91,30,120,600,self,3.5652143207424887,2.8828392696238345,0.5140000000000002,1
2,92,30,120,600,self,1.3361004336333397,2.8828392696238345,0.5010000000000002,1
2,93,30,120,600,self,3.644368561713871,2.8828392696238345,0.5120000000000002,1
2,94,30,120,600,self,2.64382622615473,2.8828392696238345,0.3890000000000001,1
2,95,30,120,600,self,2.835781883094479,2.8828392696238345,0.5450000000000003,1
2,96,30,120,600,self,2.7113382540853634,2.8828392696238345,0.5390000000000003,1
2,97,30,120,600,self,3.5297468852377136,2.8828392696238345,0.5900000000000003,1
2,98,30,120,600,self,5.44957084136005,2.8828392696238345,0.3480000000000001,1
2,99,30,120,600,self,2.277333205887939,2.8828392696238345,0.5490000000000003,1
2,100,30,120,600,self,1.5724461073988243,2.8828392696238345,0.5000000000000002,1
2,101,30,120,600,self,1.817020972931254,2.8828392696238345,0.5150000000000002,1
2,102,30,120,600,self,2.551760194916914,2.8828392696238345,0.6250000000000003,1
2,103,30,120,600,self,2.689812741114542,2.8828392696238345,0.3450000000000001,1
2,104,30,120,600,self,1.4435448821698944,2.8828392696238345,0.5470000000000003,1
2,105,30,120,600,self,2.574130282259349,2.8828392696238345,0.5110000000000002,1
2,106,30,120,600,self,0.9363037217873673,2.8828392696238345,0.5850000000000003,1
2,107,30,120,600,self,3.4572549962075034,2.8828392696238345,0.4730000000000002,1
2,108,30,120,600,self,2.4729894936566845,2.8828392696238345,0.5100000000000002,1
2,109,30,120,600,self,2.9452074639822485,2.8828392696238345,0.4920000000000002,1
2,110,30,120,600,self,2.6567546644101117,2.8828392696238345,0.4680000000000002,1
2,111,30,120,600,self,3.176492406677295,2.8828392696238345,0.5210000000000002,1
2,112,30,120,600,self,3.0364084678577843,2.8828392696238345,0.5790000000000003,1
2,113,30,120,600,self,2.7194136160378712,2.8828392696238345,0.5890000000000003,1
2,114,30,120,600,self,3.227446979689827,2.8828392696238345,0.4840000000000002,1
2,115,30,120,600,self,3.483210770726738,2.8828392696238345,0.5580000000000003,1
2,116,30,120,600,self,4.170239028531882,2.8828392696238345,0.4940000000000002,1
2,117,30,120,600,self,3.902207605722224,2.8828392696238345,0.3510000000000001,1
2,118,30,120,600,self,3.1745490625134782,2.8828392696238345,0.4990000000000002,1
2,119,30,120,600,self,3.8122293200314363,2.8828392696238345,0.41800000000000015,1
2,120,30,120,600,self,2.74229090106068,2.8828392696238345,0.4600000000000002,1
2,121,30,120,600,self,3.3450830564758363,2.8828392696238345,0.5610000000000003,1
2,122,30,120,600,self,4.6430771160309785,2.8828392696238345,0.5270000000000002,1
2,123,30,120,600,self,3.3640861326274663,2.8828392696238345,0.4890000000000002,1
2,124,30,120,600,self,2.0406214768683943,2.8828392696238345,0.3900000000000001,1
2,125,30,120,600,self,3.2008134394105454,2.8828392696238345,0.5510000000000003,1
2,126,30,120,600,self,2.8182121158164324,2.8828392696238345,0.5690000000000003,1
2,127,30,120,600,self,3.0392509822166835,2.8828392696238345,0.3930000000000001,1
2,128,30,120,600,self,3.839832676831785,2.8828392696238345,0.5020000000000002,1
2,129,30,120,600,self,3.4501252057794938,2.8828392696238345,0.4900000000000002,1
2,130,30,120,600,self,2.8210819275744385,2.8828392696238345,0.42200000000000015,1
3,1,30,120,600,stranger,1.4809564905081463,2.5910148844458094,0.4780000000000002,1
3,2,30,120,600,stranger,1.5494334786916646,2.5910148844458094,0.6070000000000003,1
3,3,30,120,600,stranger,1.9255122509995095,2.5910148844458094,0.43400000000000016,1
3,4,30,120,600,stranger,0.47664888220459256,2.5910148844458094,0.5040000000000002,1
3,5,30,120,600,stranger,0.6541483351222821,2.5910148844458094,0.5600000000000003,1
3,6,30,120,600,stranger,0.10327464581771534,2.5910148844458094,0.4920000000000002,1
3,7,30,120,600,stranger,3.3147885596640116,2.5910148844458094,0.4450000000000002,1
3,8,30,120,600,stranger,1.6826746505470083,2.5910148844458094,0.5920000000000003,1
3,9,30,120,600,stranger,-1.480716875731066,2.5910148844458094,0.5630000000000003,2
3,10,30,120,600,stranger,-0.7579821257694505,2.5910148844458094,0.6190000000000003,2
3,11,30,120,600,stranger,3.4705707853080123,2.5910148844458094,0.5340000000000003,1
3,12,30,120,600,stranger,-0.5199831417269895,2.5910148844458094,0.5760000000000003,2
3,13,30,120,600,stranger,0.6050779378657898,2.5910148844458094,0.5470000000000003,2
3,14,30,120,600,stranger,1.8679309420401728,2.5910148844458094,0.5710000000000003,1
3,15,30,120,600,stranger,0.08666784296183627,2.5910148844458094,0.39600000000000013,2
3,16,30,120,600,stranger,-0.5830534137242637,2.5910148844458094,0.5480000000000003,2
3,17,30,120,600,stranger,-1.373977898632258,2.5910148844458094,0.5790000000000003,2
3,18,30,120,600,stranger,2.6049623503116477,2.5910148844458094,0.5860000000000003,1
3,19,30,120,600,stranger,2.131130920517696,2.5910148844458094,0.32500000000000007,1
3,20,30,120,600,stranger,1.7101347733835799,2.5910148844458094,0.4690000000000002,1
3,21,30,120,600,stranger,0.845901020493955,2.5910148844458094,0.5100000000000002,1
3,22,30,120,600,stranger,1.5292277576059843,2.5910148844458094,0.5430000000000003,1
3,23,30,120,600,stranger,0.710699749852997,2.5910148844458094,0.5490000000000003,1
3,24,30,120,600,stranger,1.63721970394411,2.5910148844458094,0.5420000000000003,1
3,25,30,120,600,stranger,-0.1342424647609778,2.5910148844458094,0.5780000000000003,1
3,26,30,120,600,stranger,1.621278998558886,2.5910148844458094,0.42400000000000015,1
3,27,30,120,600,stranger,-0.45080051774778374,2.5910148844458094,0.41700000000000015,2
3,28,30,120,600,stranger,1.6826890963320311,2.5910148844458094,0.5070000000000002,1
3,29,30,120,600,stranger,0.821404050333417,2.5910148844458094,0.5340000000000003,1
3,30,30,120,600,stranger,3.1369548508252043,2.5910148844458094,0.3650000000000001,1
3,31,30,120,600,stranger,-1.6832105987124506,2.5910148844458094,0.43900000000000017,2
3,32,30,120,600,stranger,-2.356780938585257,2.5910148844458094,0.6140000000000003,2
3,33,30,120,600,stranger,1.5651245298493222,2.5910148844458094,0.3820000000000001,1
3,34,30,120,600,stranger,1.8016673295577132,2.5910148844458094,0.40900000000000014,1
3,35,30,120,600,stranger,-0.35850475941863114,2.5910148844458094,0.43600000000000017,2
3,36,30,120,600,stranger,-0.347884653728157,2.5910148844458094,0.5680000000000003,2
3,37,30,120,600,stranger,0.17775628831442025,2.5910148844458094,0.5380000000000003,1
3,38,30,120,600,stranger,0.3271921182164032,2.5910148844458094,0.4640000000000002,1
3,39,30,120,600,stranger,0.5609899441863809,2.5910148844458094,0.5520000000000003,1
3,40,30,120,600,stranger,1.8743339717687904,2.5910148844458094,0.4940000000000002,1
3,41,30,120,600,stranger,0.805047037258616,2.5910148844458094,0.5070000000000002,1
3,42,30,120,600,stranger,1.8071070344576454,2.5910148844458094,0.3410000000000001,1
3,43,30,120,600,stranger,2.7318711632100894,2.5910148844458094,0.5570000000000003,1
3,44,30,120,600,stranger,0.7764372205445296,2.5910148844458094,0.5450000000000003,1
3,45,30,120,600,stranger,1.552037217485119,2.5910148844458094,0.5930000000000003,1
3,46,30,120,600,stranger,1.406234898453182,2.5910148844458094,0.4830000000000002,1
3,47,30,120,600,stranger,0.18305525721740123,2.5910148844458094,0.6170000000000003,1
3,48,30,120,600,stranger,1.0342072682841663,2.5910148844458094,0.5170000000000002,1
3,49,30,120,600,stranger,0.9240787898896239,2.5910148844458094,0.4550000000000002,1
3,50,30,120,600,stranger,-1.3658270210054364,2.5910148844458094,0.4990000000000002,2
3,51,30,120,600,stranger,2.313334946721505,2.5910148844458094,0.4590000000000002,1
3,52,30,120,600,stranger,-0.7661662919109679,2.5910148844458094,0.43900000000000017,2
3,53,30,120,600,stranger,1.3356418880785519,2.5910148844458094,0.5900000000000003,1
3,54,30,120,600,stranger,-0.8254998341783139,2.5910148844458094,0.5350000000000003,2
3,55,30,120,600,stranger,1.9580179700721705,2.5910148844458094,0.5880000000000003,1
3,56,30,120,600,stranger,0.5100690303705678,2.5910148844458094,0.5460000000000003,1
3,57,30,120,600,stranger,2.44869112500741,2.5910148844458094,0.6030000000000003,1
3,58,30,120,600,stranger,-0.1509628998120034,2.5910148844458094,0.5130000000000002,2
3,59,30,120,600,stranger,1.6184656375752837,2.5910148844458094,0.5170000000000002,1
3,60,30,120,600,stranger,1.8856917188680815,2.5910148844458094,0.40900000000000014,1
3,61,30,120,600,stranger,1.6461635678911493,2.5910148844458094,0.5690000000000003,1
3,62,30,120,600,stranger,-0.5400048953547004,2.5910148844458094,0.5500000000000003,2
3,63,30,120,600,stranger,0.03474006086163561,2.5910148844458094,0.6300000000000003,1
3,64,30,120,600,stranger,0.9654776994091931,2.5910148844458094,0.5760000000000003,1
3,65,30,120,600,stranger,1.7574560490126028,2.5910148844458094,0.6060000000000003,1
3,66,30,120,600,stranger,1.825976781737006,2.5910148844458094,0.41200000000000014,1
3,67,30,120,600,stranger,0.9207222673694897,2.5910148844458094,0.6040000000000003,1
3,68,30,120,600,stranger,1.9404058235633346,2.5910148844458094,0.4520000000000002,1
3,69,30,120,600,stranger,-1.6584296052786769,2.5910148844458094,0.4450000000000002,2
3,70,30,120,600,stranger,-0.7648314891137301,2.5910148844458094,0.5560000000000003,2
3,71,30,120,600,stranger,-1.1121005223062284,2.5910148844458094,0.5480000000000003,1
3,72,30,120,600,stranger,1.305720579718561,2.5910148844458094,0.3610000000000001,1
3,73,30,120,600,stranger,2.2533447254543164,2.5910148844458094,0.5790000000000003,1
3,74,30,120,600,stranger,2.2512586146390503,2.5910148844458094,0.4790000000000002,1
3,75,30,120,600,stranger,2.9115786142621745,2.5910148844458094,0.4810000000000002,1
3,76,30,120,600,stranger,2.9768976368702003,2.5910148844458094,0.39900000000000013,1
3,77,30,120,600,stranger,-1.365680216282657,2.5910148844458094,0.5800000000000003,2
3,78,30,120,600,stranger,3.1713119130128167,2.5910148844458094,0.4660000000000002,1
3,79,30,120,600,stranger,-0.12563702744277805,2.5910148844458094,0.5340000000000003,2
3,80,30,120,600,stranger,0.3382883739987636,2.5910148844458094,0.43300000000000016,2
3,81,30,120,600,stranger,1.3549493440678708,2.5910148844458094,0.6100000000000003,1
3,82,30,120,600,stranger,0.9840508134768378,2.5910148844458094,0.5580000000000003,1
3,83,30,120,600,stranger,-0.5585266074006031,2.5910148844458094,0.5870000000000003,2
3,84,30,120,600,stranger,2.7913170546141686,2.5910148844458094,0.6170000000000003,1
3,85,30,120,600,stranger,0.7982290124716995,2.5910148844458094,0.5250000000000002,1
3,86,30,120,600,stranger,-1.2150702870266459,2.5910148844458094,0.39900000000000013,2
3,87,30,120,600,stranger,2.2201841990470386,2.5910148844458094,0.43900000000000017,1
3,88,30,120,600,stranger,-0.763863756370634,2.5910148844458094,0.6180000000000003,2
3,89,30,120,600,stranger,0.9823757214756831,2.5910148844458094,0.43500000000000016,1
3,90,30,120,600,stranger,1.3060235227311712,2.5910148844458094,0.5870000000000003,1
3,91,30,120,600,stranger,2.4976269220220475,2.5910148844458094,0.6110000000000003,1
3,92,30,120,600,stranger,-0.051709141430369754,2.5910148844458094,0.5520000000000003,2
3,93,30,120,600,stranger,0.3374065303650987,2.5910148844458094,0.5350000000000003,1
3,94,30,120,600,stranger,-1.4089484521412379,2.5910148844458094,0.5990000000000003,2
3,95,30,120,600,stranger,2.7372774408875946,2.5910148844458094,0.5400000000000003,1
3,96,30,120,600,stranger,-0.7453440390156824,2.5910148844458094,0.5800000000000003,2
3,97,30,120,600,stranger,2.3877479895985796,2.5910148844458094,0.4600000000000002,1
3,98,30,120,600,stranger,1.560815255986753,2.5910148844458094,0.42400000000000015,1
3,99,30,120,600,stranger,0.3958182919054808,2.5910148844458094,0.5910000000000003,1
3,100,30,120,600,stranger,0.8260254294579242,2.5910148844458094,0.40200000000000014,1
3,101,30,120,600,stranger,2.1037756699726957,2.5910148844458094,0.3890000000000001,1
3,102,30,120,600,stranger,1.0501316440462942,2.5910148844458094,0.4890000000000002,1
3,103,30,120,600,stranger,0.9232987803560251,2.5910148844458094,0.5990000000000003,1
3,104,30,120,600,stranger,1.8774827088369395,2.5910148844458094,0.42700000000000016,1
3,105,30,120,600,stranger,1.7833742833786652,2.5910148844458094,0.3800000000000001,1
3,106,30,120,600,stranger,1.9785984210866538,2.5910148844458094,0.5270000000000002,1
3,107,30,120,600,stranger,0.8616809276480135,2.5910148844458094,0.5280000000000002,1
3,108,30,120,600,stranger,2.9927490933766636,2.5910148844458094,0.41400000000000015,1
3,109,30,120,600,stranger,0.9109696387762534,2.5910148844458094,0.6030000000000003,1
3,110,30,120,600,stranger,0.4227474534564391,2.5910148844458094,0.6140000000000003,1
3,111,30,120,600,stranger,1.3732170559809993,2.5910148844458094,0.5120000000000002,1
3,112,30,120,600,stranger,2.1713274619578864,2.5910148844458094,0.43700000000000017,1
3,113,30,120,600,stranger,-0.9331483510990467,2.5910148844458094,0.5770000000000003,2
3,114,30,120,600,stranger,-0.3671998691656382,2.5910148844458094,0.5570000000000003,1
3,115,30,120,600,stranger,1.5028666136298927,2.5910148844458094,0.5440000000000003,1
3,116,30,120,600,stranger,-0.24456942585287378,2.5910148844458094,0.5870000000000003,2
3,117,30,120,600,stranger,2.040874153291497,2.5910148844458094,0.39400000000000013,1
3,118,30,120,600,stranger,1.6423143408452203,2.5910148844458094,0.5870000000000003,1
3,119,30,120,600,stranger,-0.11544859663946316,2.5910148844458094,0.5230000000000002,2
3,120,30,120,600,stranger,1.1351466206081393,2.5910148844458094,0.5730000000000003,1
3,121,30,120,600,stranger,0.7484533831388216,2.5910148844458094,0.3060000000000001,1
3,122,30,120,600,stranger,-0.7130092022720745,2.5910148844458094,0.42300000000000015,2
3,123,30,120,600,stranger,1.1044845982762435,2.5910148844458094,0.5410000000000003,1
3,124,30,120,600,stranger,1.3979066328061276,2.5910148844458094,0.40600000000000014,1
3,125,30,120,600,stranger,0.5079439981500043,2.5910148844458094,0.5990000000000003,2
3,126,30,120,600,stranger,1.9147842787521214,2.5910148844458094,0.5800000000000003,1
3,127,30,120,600,stranger,2.104281025193487,2.5910148844458094,0.5130000000000002,1
3,128,30,120,600,stranger,1.5303235398895798,2.5910148844458094,0.6300000000000003,1
3,129,30,120,600,stranger,0.037419986563990704,2.5910148844458094,0.5090000000000002,2
3,130,30,120,600,stranger,1.7018328441696817,2.5910148844458094,0.41400000000000015,1
3,1,30,120,600,self,3.4031171642647493,2.5910148844458094,0.5390000000000003,1
3,2,30,120,600,self,3.6571578204861734,2.5910148844458094,0.3720000000000001,1
3,3,30,120,600,self,0.9295102017307557,2.5910148844458094,0.5040000000000002,1
3,4,30,120,600,self,3.99275627035996,2.5910148844458094,0.5140000000000002,1
3,5,30,120,600,self,2.0935116794574684,2.5910148844458094,0.5360000000000003,1
3,6,30,120,600,self,2.9752351009186024,2.5910148844458094,0.44100000000000017,1
3,7,30,120,600,self,3.788821065646313,2.5910148844458094,0.44300000000000017,1
3,8,30,120,600,self,3.4082979144884558,2.5910148844458094,0.3570000000000001,1
3,9,30,120,600,self,4.540195501693976,2.5910148844458094,0.4660000000000002,1
3,10,30,120,600,self,3.4660432043034803,2.5910148844458094,0.5360000000000003,1
3,11,30,120,600,self,3.0963965719827993,2.5910148844458094,0.4920000000000002,1
3,12,30,120,600,self,3.4201102763462905,2.5910148844458094,0.5300000000000002,1
3,13,30,120,600,self,2.4361405724166394,2.5910148844458094,0.5510000000000003,1
3,14,30,120,600,self,2.2384231185989676,2.5910148844458094,0.6180000000000003,1
3,15,30,120,600,self,3.211006433250549,2.5910148844458094,0.5490000000000003,1
3,16,30,120,600,self,4.745153915438594,2.5910148844458094,0.6040000000000003,1
3,17,30,120,600,self,2.7007339360176217,2.5910148844458094,0.5010000000000002,1
3,18,30,120,600,self,3.3083108666508085,2.5910148844458094,0.4470000000000002,1
3,19,30,120,600,self,1.6904438498537337,2.5910148844458094,0.41800000000000015,1
3,20,30,120,600,self,3.407544144234961,2.5910148844458094,0.5700000000000003,1
3,21,30,120,600,self,3.2904568191041346,2.5910148844458094,0.3430000000000001,1
3,22,30,120,600,self,3.062375299028327,2.5910148844458094,0.5490000000000003,1
3,23,30,120,600,self,2.412902489782428,2.5910148844458094,0.5230000000000002,1
3,24,30,120,600,self,4.409562321818679,2.5910148844458094,0.44300000000000017,1
3,25,30,120,600,self,3.149484576380013,2.5910148844458094,0.4560000000000002,1
3,26,30,120,600,self,2.386217281894452,2.5910148844458094,0.5990000000000003,1
3,27,30,120,600,self,3.8728031190402885,2.5910148844458094,0.4840000000000002,1
3,28,30,120,600,self,3.5443481093450777,2.5910148844458094,0.4460000000000002,1
3,29,30,120,600,self,3.3654333571442265,2.5910148844458094,0.4530000000000002,1
3,30,30,120,600,self,4.188457818072437,2.5910148844458094,0.5880000000000003,1
3,31,30,120,600,self,4.85284456992958,2.5910148844458094,0.5380000000000003,1
3,32,30,120,600,self,3.5610016681060808,2.5910148844458094,0.6220000000000003,1
3,33,30,120,600,self,3.832421019946895,2.5910148844458094,0.4460000000000002,1
3,34,30,120,600,self,3.1372663779644117,2.5910148844458094,0.3440000000000001,1
3,35,30,120,600,self,3.3835538949623354,2.5910148844458094,0.4910000000000002,1
3,36,30,120,600,self,1.6312113230709115,2.5910148844458094,0.6270000000000003,1
3,37,30,120,600,self,2.464619652809061,2.5910148844458094,0.4500000000000002,1
3,38,30,120,600,self,1.303498067080559,2.5910148844458094,0.6240000000000003,1
3,39,30,120,600,self,3.220974042287654,2.5910148844458094,0.6250000000000003,1
3,40,30,120,600,self,4.9433344596033475,2.5910148844458094,0.5800000000000003,1
3,41,30,120,600,self,3.238911866652292,2.5910148844458094,0.3640000000000001,1
3,42,30,120,600,self,3.236651560969503,2.5910148844458094,0.5810000000000003,1
3,43,30,120,600,self,4.270880828762921,2.5910148844458094,0.4930000000000002,1
3,44,30,120,600,self,3.6326915188086897,2.5910148844458094,0.4530000000000002,1
3,45,30,120,600,self,2.933542705859104,2.5910148844458094,0.5670000000000003,1
3,46,30,120,600,self,3.1438872394798274,2.5910148844458094,0.5270000000000002,1
3,47,30,120,600,self,2.804250885836224,2.5910148844458094,0.5650000000000003,1
3,48,30,120,600,self,4.746519305634521,2.5910148844458094,0.5270000000000002,1
3,49,30,120,600,self,3.9324682586458732,2.5910148844458094,0.4610000000000002,1
3,50,30,120,600,self,1.0580020146320128,2.5910148844458094,0.4640000000000002,1
3,51,30,120,600,self,2.4967079808831256,2.5910148844458094,0.5290000000000002,1
3,52,30,120,600,self,2.2702990789407145,2.5910148844458094,0.5420000000000003,1
3,53,30,120,600,self,3.446456584370141,2.5910148844458094,0.5080000000000002,1
3,54,30,120,600,self,1.7658759950438525,2.5910148844458094,0.5330000000000003,1
3,55,30,120,600,self,3.0776290811124047,2.5910148844458094,0.40200000000000014,1
3,56,30,120,600,self,3.5822765396938623,2.5910148844458094,0.5750000000000003,1
3,57,30,120,600,self,3.3996421300264323,2.5910148844458094,0.3800000000000001,1
3,58,30,120,600,self,2.5859408293111033,2.5910148844458094,0.41900000000000015,1
3,59,30,120,600,self,3.74115518440611,2.5910148844458094,0.4910000000000002,1
3,60,30,120,600,self,2.3936757375515714,2.5910148844458094,0.5270000000000002,1
3,61,30,120,600,self,2.1403908248964343,2.5910148844458094,0.41700000000000015,1
3,62,30,120,600,self,2.397266637704671,2.5910148844458094,0.6160000000000003,1
3,63,30,120,600,self,1.8015384229185731,2.5910148844458094,0.5950000000000003,1
3,64,30,120,600,self,3.747299840568516,2.5910148844458094,0.4640000000000002,1
3,65,30,120,600,self,3.4494853674137262,2.5910148844458094,0.4680000000000002,1
3,66,30,120,600,self,1.5182393074368572,2.5910148844458094,0.4450000000000002,1
3,67,30,120,600,self,1.5696543968395307,2.5910148844458094,0.5520000000000003,1
3,68,30,120,600,self,2.309377116718789,2.5910148844458094,0.3520000000000001,1
3,69,30,120,600,self,3.496365407218401,2.5910148844458094,0.6200000000000003,1
3,70,30,120,600,self,1.760207491452623,2.5910148844458094,0.5130000000000002,1
3,71,30,120,600,self,3.8794809848884073,2.5910148844458094,0.43800000000000017,1
3,72,30,120,600,self,1.992046180081915,2.5910148844458094,0.5730000000000003,1
3,73,30,120,600,self,3.2295063570938884,2.5910148844458094,0.4900000000000002,1
3,74,30,120,600,self,3.6673423098248943,2.5910148844458094,0.4910000000000002,1
3,75,30,120,600,self,2.810194004590932,2.5910148844458094,0.5760000000000003,1
3,76,30,120,600,self,3.7485778064993336,2.5910148844458094,0.4640000000000002,1
3,77,30,120,600,self,1.9391246419437822,2.5910148844458094,0.4580000000000002,1
3,78,30,120,600,self,2.6399673300615754,2.5910148844458094,0.3760000000000001,1
3,79,30,120,600,self,2.7912388181151764,2.5910148844458094,0.5470000000000003,1
3,80,30,120,600,self,2.136971714101501,2.5910148844458094,0.5850000000000003,1
3,81,30,120,600,self,1.2509123908362196,2.5910148844458094,0.5040000000000002,1
3,82,30,120,600,self,3.6496320407094798,2.5910148844458094,0.5150000000000002,1
3,83,30,120,600,self,3.1940097894269464,2.5910148844458094,0.6030000000000003,1
3,84,30,120,600,self,3.6482425099324898,2.5910148844458094,0.42000000000000015,1
3,85,30,120,600,self,3.3727778874418934,2.5910148844458094,0.6130000000000003,1
3,86,30,120,600,self,1.38969077939453,2.5910148844458094,0.40400000000000014,1
3,87,30,120,600,self,3.5824361054196734,2.5910148844458094,0.5080000000000002,1
3,88,30,120,600,self,1.7601741757664482,2.5910148844458094,0.4620000000000002,1
3,89,30,120,600,self,2.0509691836129913,2.5910148844458094,0.5240000000000002,1
3,90,30,120,600,self,3.5309719461027127,2.5910148844458094,0.5360000000000003,1
3,91,30,120,600,self,1.3402601987433809,2.5910148844458094,0.5880000000000003,1
3,92,30,120,600,self,2.644210039228942,2.5910148844458094,0.3720000000000001,1
3,93,30,120,600,self,0.6956875186792062,2.5910148844458094,0.5010000000000002,1
3,94,30,120,600,self,3.6580376688652034,2.5910148844458094,0.4870000000000002,1
3,95,30,120,600,self,3.946407624338505,2.5910148844458094,0.4670000000000002,1
3,96,30,120,600,self,3.7562518794895885,2.5910148844458094,0.5870000000000003,1
3,97,30,120,600,self,1.7834316984853444,2.5910148844458094,0.3910000000000001,1
3,98,30,120,600,self,2.9886463514352606,2.5910148844458094,0.33000000000000007,1
3,99,30,120,600,self,4.4253310008644675,2.5910148844458094,0.5350000000000003,1
3,100,30,120,600,self,2.3802229535165953,2.5910148844458094,0.41900000000000015,1
3,101,30,120,600,self,3.6367392499662516,2.5910148844458094,0.3180000000000001,1
3,102,30,120,600,self,3.2946976509647987,2.5910148844458094,0.3450000000000001,1
3,103,30,120,600,self,1.2285284626110007,2.5910148844458094,0.4950000000000002,1
3,104,30,120,600,self,2.5342022697000295,2.5910148844458094,0.5560000000000003,1
3,105,30,120,600,self,2.059061690129026,2.5910148844458094,0.5650000000000003,1
3,106,30,120,600,self,2.821346146552154,2.5910148844458094,0.3890000000000001,1
3,107,30,120,600,self,3.644007633754563,2.5910148844458094,0.40300000000000014,1
3,108,30,120,600,self,1.4290799517185862,2.5910148844458094,0.5760000000000003,1
3,109,30,120,600,self,3.910919362827392,2.5910148844458094,0.4710000000000002,1
3,110,30,120,600,self,2.152321518642367,2.5910148844458094,0.5530000000000003,1
3,111,30,120,600,self,3.598115566717459,2.5910148844458094,0.5200000000000002,1
3,112,30,120,600,self,2.6720096362122763,2.5910148844458094,0.3820000000000001,1
3,113,30,120,600,self,3.602391987441468,2.5910148844458094,0.5030000000000002,1
3,114,30,120,600,self,3.6275231385228657,2.5910148844458094,0.5620000000000003,1
3,115,30,120,600,self,3.310072370674543,2.5910148844458094,0.6270000000000003,1
3,116,30,120,600,self,2.249360348178031,2.5910148844458094,0.5520000000000003,1
3,117,30,120,600,self,3.564996458074578,2.5910148844458094,0.4820000000000002,1
3,118,30,120,600,self,4.522639387028164,2.5910148844458094,0.4890000000000002,1
3,119,30,120,600,self,3.1968996027202348,2.5910148844458094,0.5530000000000003,1
3,120,30,120,600,self,2.7194404912525734,2.5910148844458094,0.5480000000000003,1
3,121,30,120,600,self,3.8324375279621306,2.5910148844458094,0.5240000000000002,1
3,122,30,120,600,self,3.637533886530865,2.5910148844458094,0.5140000000000002,1
3,123,30,120,600,self,3.9640792329625354,2.5910148844458094,0.5300000000000002,1
3,124,30,120,600,self,4.052883161812106,2.5910148844458094,0.5670000000000003,1
3,125,30,120,600,self,3.8177049899824818,2.5910148844458094,0.5850000000000003,1
3,126,30,120,600,self,2.6638506369204813,2.5910148844458094,0.42300000000000015,1
3,127,30,120,600,self,2.193025888661925,2.5910148844458094,0.5450000000000003,1
3,128,30,120,600,self,1.8399363476364934,2.5910148844458094,0.5940000000000003,1
3,129,30,120,600,self,2.164693333414265,2.5910148844458094,0.4650000000000002,1
3,130,30,120,600,self,2.977963834003743,2.5910148844458094,0.4660000000000002,1
4,1,30,120,600,stranger,-0.1086913438911854,2.403752928753024,0.6270000000000003,2
4,2,30,120,600,stranger,1.9686735531215995,2.403752928753024,0.3350000000000001,1
4,3,30,120,600,stranger,-0.5305963074669512,2.403752928753024,0.6300000000000003,1
4,4,30,120,600,stranger,-1.899943498422346,2.403752928753024,0.5300000000000002,2
4,5,30,120,600,stranger,0.011683842331309813,2.403752928753024,0.5300000000000002,2
4,6,30,120,600,stranger,-0.4236356620059959,2.403752928753024,0.5140000000000002,1
4,7,30,120,600,stranger,2.13679883732273,2.403752928753024,0.43900000000000017,1
4,8,30,120,600,stranger,-1.8249199085195107,2.403752928753024,0.5440000000000003,2
4,9,30,120,600,stranger,-2.0715162859052527,2.403752928753024,0.4990000000000002,2
4,10,30,120,600,stranger,1.4974961693241333,2.403752928753024,0.39500000000000013,1
4,11,30,120,600,stranger,0.7043443495978233,2.403752928753024,0.32500000000000007,1
4,12,30,120,600,stranger,1.692146633131708,2.403752928753024,0.5020000000000002,1
4,13,30,120,600,stranger,0.15950062817894195,2.403752928753024,0.5250000000000002,2
4,14,30,120,600,stranger,0.6734869148130406,2.403752928753024,0.4530000000000002,1
4,15,30,120,600,stranger,1.8402823334086236,2.403752928753024,0.4840000000000002,1
4,16,30,120,600,stranger,2.9137438508647553,2.403752928753024,0.4770000000000002,1
4,17,30,120,600,stranger,0.33280573524383233,2.403752928753024,0.5480000000000003,1
4,18,30,120,600,stranger,0.18940518180629745,2.403752928753024,0.4660000000000002,1
4,19,30,120,600,stranger,-0.963094258576675,2.403752928753024,0.3820000000000001,2
4,20,30,120,600,stranger,2.737131031449419,2.403752928753024,0.5980000000000003,1
4,21,30,120,600,stranger,1.1791018327138425,2.403752928753024,0.43100000000000016,1
4,22,30,120,600,stranger,0.42518339758676993,2.403752928753024,0.5690000000000003,2
4,23,30,120,600,stranger,2.220271126079678,2.403752928753024,0.5030000000000002,1
4,24,30,120,600,stranger,2.7195410830170834,2.403752928753024,0.5510000000000003,1
4,25,30,120,600,stranger,1.0970327432012827,2.403752928753024,0.5140000000000002,1
4,26,30,120,600,stranger,3.1240581264852767,2.403752928753024,0.41400000000000015,1
4,27,30,120,600,stranger,-0.4062452106197757,2.403752928753024,0.3700000000000001,2
4,28,30,120,600,stranger,3.0510657739703686,2.403752928753024,0.5880000000000003,1
4,29,30,120,600,stranger,0.4647318416440716,2.403752928753024,0.6010000000000003,1
4,30,30,120,600,stranger,0.1583469288786905,2.403752928753024,0.41700000000000015,1
4,31,30,120,600,stranger,0.41326078543975786,2.403752928753024,0.4710000000000002,1
4,32,30,120,600,stranger,1.8778928339424397,2.403752928753024,0.4960000000000002,1
4,33,30,120,600,stranger,0.03939038031973374,2.403752928753024,0.5280000000000002,2
4,34,30,120,600,stranger,2.3614309484405154,2.403752928753024,0.43900000000000017,1
4,35,30,120,600,stranger,-0.17391252091599174,2.403752928753024,0.5000000000000002,2
4,36,30,120,600,stranger,1.3893776083241645,2.403752928753024,0.4830000000000002,1
4,37,30,120,600,stranger,2.2568871358485914,2.403752928753024,0.5120000000000002,1
4,38,30,120,600,stranger,1.320644481970725,2.403752928753024,0.43100000000000016,1
4,39,30,120,600,stranger,2.2957490495541117,2.403752928753024,0.6250000000000003,1
4,40,30,120,600,stranger,1.817235207842331,2.403752928753024,0.3470000000000001,1
4,41,30,120,600,stranger,1.0923475565056215,2.403752928753024,0.5030000000000002,1
4,42,30,120,600,stranger,-1.0606851379560904,2.403752928753024,0.5620000000000003,2
4,43,30,120,600,stranger,1.3733786183591041,2.403752928753024,0.41100000000000014,1
4,44,30,120,600,stranger,-0.18140922566272688,2.403752928753024,0.43400000000000016,1
4,45,30,120,600,stranger,0.833637697722527,2.403752928753024,0.42300000000000015,2
4,46,30,120,600,stranger,1.1971011121525095,2.403752928753024,0.5230000000000002,1
4,47,30,120,600,stranger,2.386623836260243,2.403752928753024,0.6050000000000003,1
4,48,30,120,600,stranger,-0.6733671280680557,2.403752928753024,0.4610000000000002,1
4,49,30,120,600,stranger,1.3075900447620543,2.403752928753024,0.3820000000000001,1
4,50,30,120,600,stranger,2.117929149874061,2.403752928753024,0.3920000000000001,1
4,51,30,120,600,stranger,1.094299459582486,2.403752928753024,0.39400000000000013,1
4,52,30,120,600,stranger,-2.8299222461532456,2.403752928753024,0.4490000000000002,2
4,53,30,120,600,stranger,3.84497264336001,2.403752928753024,0.5680000000000003,1
4,54,30,120,600,stranger,1.8626109357583513,2.403752928753024,0.3710000000000001,1
4,55,30,120,600,stranger,1.2207196866631043,2.403752928753024,0.5580000000000003,1
4,56,30,120,600,stranger,0.4945994430056744,2.403752928753024,0.5970000000000003,2
4,57,30,120,600,stranger,-1.1163950404763145,2.403752928753024,0.5540000000000003,2
4,58,30,120,600,stranger,2.4461436777221497,2.403752928753024,0.4660000000000002,1
4,59,30,120,600,stranger,-1.198378477172012,2.403752928753024,0.5400000000000003,2
4,60,30,120,600,stranger,-1.0336438312291816,2.403752928753024,0.5900000000000003,2
4,61,30,120,600,stranger,-0.14410137123994105,2.403752928753024,0.4940000000000002,2
4,62,30,120,600,stranger,-1.8767318465808205,2.403752928753024,0.43700000000000017,2
4,63,30,120,600,stranger,1.714777766031593,2.403752928753024,0.5630000000000003,1
4,64,30,120,600,stranger,1.7084894613702124,2.403752928753024,0.4540000000000002,1
4,65,30,120,600,stranger,1.2801836651115588,2.403752928753024,0.6090000000000003,1
4,66,30,120,600,stranger,1.444880231307355,2.403752928753024,0.5640000000000003,1
4,67,30,120,600,stranger,4.523547331526363,2.403752928753024,0.5400000000000003,1
4,68,30,120,600,stranger,-0.21220940710112812,2.403752928753024,0.6280000000000003,2
4,69,30,120,600,stranger,1.5384630347281032,2.403752928753024,0.5790000000000003,1
4,70,30,120,600,stranger,-0.921354496216939,2.403752928753024,0.4480000000000002,2
4,71,30,120,600,stranger,-0.10532768127440395,2.403752928753024,0.4960000000000002,2
4,72,30,120,600,stranger,-0.1758000345559102,2.403752928753024,0.6090000000000003,1
4,73,30,120,600,stranger,2.698789303647984,2.403752928753024,0.5640000000000003,1
4,74,30,120,600,stranger,1.4509251035514874,2.403752928753024,0.5120000000000002,2
4,75,30,120,600,stranger,0.2373315539405496,2.403752928753024,0.3660000000000001,2
4,76,30,120,600,stranger,0.9774456184824205,2.403752928753024,0.6070000000000003,1
4,77,30,120,600,stranger,1.2877708666685344,2.403752928753024,0.5510000000000003,1
4,78,30,120,600,stranger,2.437150762195833,2.403752928753024,0.42600000000000016,1
4,79,30,120,600,stranger,0.3845215838321907,2.403752928753024,0.6290000000000003,1
4,80,30,120,600,stranger,1.1521812061132781,2.403752928753024,0.4620000000000002,1
4,81,30,120,600,stranger,2.471506986956579,2.403752928753024,0.5700000000000003,1
4,82,30,120,600,stranger,1.0590033016299785,2.403752928753024,0.6280000000000003,2
4,83,30,120,600,stranger,-0.9238893234073652,2.403752928753024,0.4490000000000002,2
4,84,30,120,600,stranger,-1.0361163597466123,2.403752928753024,0.3360000000000001,2
4,85,30,120,600,stranger,1.4808700953348106,2.403752928753024,0.5610000000000003,1
4,86,30,120,600,stranger,0.8994173715193335,2.403752928753024,0.6100000000000003,1
4,87,30,120,600,stranger,0.5654132979649934,2.403752928753024,0.6140000000000003,1
4,88,30,120,600,stranger,-0.3969131616630923,2.403752928753024,0.6030000000000003,2
4,89,30,120,600,stranger,2.5252845007459674,2.403752928753024,0.5530000000000003,1
4,90,30,120,600,stranger,1.9442237320304576,2.403752928753024,0.5520000000000003,1
4,91,30,120,600,stranger,1.084584724192362,2.403752928753024,0.4810000000000002,1
4,92,30,120,600,stranger,0.16201406602708163,2.403752928753024,0.4470000000000002,1
4,93,30,120,600,stranger,2.2376231250346263,2.403752928753024,0.4700000000000002,1
4,94,30,120,600,stranger,2.156813030406455,2.403752928753024,0.5700000000000003,1
4,95,30,120,600,stranger,1.1626134919822637,2.403752928753024,0.4740000000000002,1
4,96,30,120,600,stranger,0.4622905861885911,2.403752928753024,0.5130000000000002,1
4,97,30,120,600,stranger,1.4320004744510522,2.403752928753024,0.43800000000000017,1
4,98,30,120,600,stranger,0.7896010018863634,2.403752928753024,0.4650000000000002,1
4,99,30,120,600,stranger,1.1335587906791083,2.403752928753024,0.5490000000000003,2
4,100,30,120,600,stranger,1.6063314504120707,2.403752928753024,0.6290000000000003,1
4,101,30,120,600,stranger,0.1194333620935879,2.403752928753024,0.6130000000000003,1
4,102,30,120,600,stranger,1.2294251281419668,2.403752928753024,0.5290000000000002,1
4,103,30,120,600,stranger,2.7975628060784348,2.403752928753024,0.6160000000000003,1
4,104,30,120,600,stranger,-1.3815363018279463,2.403752928753024,0.4750000000000002,2
4,105,30,120,600,stranger,2.128901202736228,2.403752928753024,0.5960000000000003,1
4,106,30,120,600,stranger,1.552191981783582,2.403752928753024,0.4440000000000002,1
4,107,30,120,600,stranger,1.3870315552835892,2.403752928753024,0.5480000000000003,1
4,108,30,120,600,stranger,-1.7723448445397767,2.403752928753024,0.4850000000000002,2
4,109,30,120,600,stranger,2.6866377015442073,2.403752928753024,0.6180000000000003,1
4,110,30,120,600,stranger,-0.7468273658684118,2.403752928753024,0.5890000000000003,2
4,111,30,120,600,stranger,-1.2322918474458269,2.403752928753024,0.5040000000000002,2
4,112,30,120,600,stranger,-0.11242135857563118,2.403752928753024,0.5970000000000003,2
4,113,30,120,600,stranger,0.6480471679079647,2.403752928753024,0.5510000000000003,1
4,114,30,120,600,stranger,-0.4071771856359293,2.403752928753024,0.3500000000000001,2
4,115,30,120,600,stranger,1.34001558472035,2.403752928753024,0.6220000000000003,1
4,116,30,120,600,stranger,-0.8455096496698259,2.403752928753024,0.4730000000000002,2
4,117,30,120,600,stranger,3.2682709592306027,2.403752928753024,0.5580000000000003,1
4,118,30,120,600,stranger,0.4132080215478885,2.403752928753024,0.5610000000000003,2
4,119,30,120,600,stranger,0.694864697461015,2.403752928753024,0.5130000000000002,2
4,120,30,120,600,stranger,-1.6835783687262338,2.403752928753024,0.42600000000000016,2
4,121,30,120,600,stranger,0.4258973058219503,2.403752928753024,0.4570000000000002,1
4,122,30,120,600,stranger,0.36014425266886596,2.403752928753024,0.3350000000000001,1
4,123,30,120,600,stranger,0.8127953004177579,2.403752928753024,0.6080000000000003,1
4,124,30,120,600,stranger,2.04346417494871,2.403752928753024,0.3600000000000001,1
4,125,30,120,600,stranger,1.7746739183492024,2.403752928753024,0.44200000000000017,1
4,126,30,120,600,stranger,1.2866344043437885,2.403752928753024,0.5540000000000003,1
4,127,30,120,600,stranger,2.685474121718339,2.403752928753024,0.5350000000000003,1
4,128,30,120,600,stranger,2.37264570321701,2.403752928753024,0.6140000000000003,1
4,129,30,120,600,stranger,2.553860394055083,2.403752928753024,0.3640000000000001,1
4,130,30,120,600,stranger,1.5845889539365794,2.403752928753024,0.3580000000000001,1
4,1,30,120,600,self,3.2428979733322905,2.403752928753024,0.44300000000000017,1
4,2,30,120,600,self,3.67792214151605,2.403752928753024,0.5420000000000003,1
4,3,30,120,600,self,3.002864834989562,2.403752928753024,0.43600000000000017,1
4,4,30,120,600,self,1.9681641916658228,2.403752928753024,0.4710000000000002,1
4,5,30,120,600,self,3.719316247252854,2.403752928753024,0.43300000000000016,1
4,6,30,120,600,self,2.514557837391542,2.403752928753024,0.5900000000000003,1
4,7,30,120,600,self,4.215479629344928,2.403752928753024,0.41400000000000015,1
4,8,30,120,600,self,3.0488491203563184,2.403752928753024,0.5010000000000002,1
4,9,30,120,600,self,4.545652136259225,2.403752928753024,0.5250000000000002,1
4,10,30,120,600,self,0.7439537531375682,2.403752928753024,0.40800000000000014,1
4,11,30,120,600,self,2.679902271084555,2.403752928753024,0.6060000000000003,1
4,12,30,120,600,self,3.6393069955734125,2.403752928753024,0.5870000000000003,1
4,13,30,120,600,self,2.3876223955929428,2.403752928753024,0.5970000000000003,1
4,14,30,120,600,self,2.273759358512083,2.403752928753024,0.5690000000000003,1
4,15,30,120,600,self,2.2996311206894466,2.403752928753024,0.5380000000000003,1
4,16,30,120,600,self,0.33220078892629523,2.403752928753024,0.5590000000000003,2
4,17,30,120,600,self,3.874261592163638,2.403752928753024,0.5040000000000002,1
4,18,30,120,600,self,3.343701388203357,2.403752928753024,0.6030000000000003,1
4,19,30,120,600,self,2.8962142868445437,2.403752928753024,0.5100000000000002,1
4,20,30,120,600,self,4.547676082755236,2.403752928753024,0.3820000000000001,1
4,21,30,120,600,self,2.9336172709060166,2.403752928753024,0.4970000000000002,1
4,22,30,120,600,self,1.9022942690957028,2.403752928753024,0.4780000000000002,1
4,23,30,120,600,self,2.774371312575104,2.403752928753024,0.5530000000000003,1
4,24,30,120,600,self,1.7404609728247915,2.403752928753024,0.5050000000000002,1
4,25,30,120,600,self,2.122474472588107,2.403752928753024,0.5380000000000003,1
4,26,30,120,600,self,3.266157745410284,2.403752928753024,0.5590000000000003,1
4,27,30,120,600,self,2.3992113100165118,2.403752928753024,0.4950000000000002,1
4,28,30,120,600,self,2.9998094812808294,2.403752928753024,0.44100000000000017,1
4,29,30,120,600,self,1.5663999878928758,2.403752928753024,0.5770000000000003,1
4,30,30,120,600,self,3.32146788515974,2.403752928753024,0.2880000000000001,1
4,31,30,120,600,self,2.3983260241403053,2.403752928753024,0.3540000000000001,1
4,32,30,120,600,self,3.075430872226793,2.403752928753024,0.4880000000000002,1
4,33,30,120,600,self,4.1032577674211055,2.403752928753024,0.5170000000000002,1
4,34,30,120,600,self,3.398456721027801,2.403752928753024,0.5480000000000003,1
4,35,30,120,600,self,2.3045213194110663,2.403752928753024,0.5780000000000003,1
4,36,30,120,600,self,1.2012147772339783,2.403752928753024,0.4670000000000002,1
4,37,30,120,600,self,2.274929195517749,2.403752928753024,0.5100000000000002,1
4,38,30,120,600,self,1.5280552910082383,2.403752928753024,0.3630000000000001,1
4,39,30,120,600,self,2.968011549761593,2.403752928753024,0.4460000000000002,1
4,40,30,120,600,self,2.2159712341131814,2.403752928753024,0.5690000000000003,1
4,41,30,120,600,self,3.43533739022649,2.403752928753024,0.4490000000000002,1
4,42,30,120,600,self,2.4594057979571193,2.403752928753024,0.5810000000000003,1
4,43,30,120,600,self,2.843767568279928,2.403752928753024,0.4750000000000002,1
4,44,30,120,600,self,3.204741958017526,2.403752928753024,0.3700000000000001,1
4,45,30,120,600,self,2.2662379319320105,2.403752928753024,0.3540000000000001,1
4,46,30,120,600,self,3.6159653310159303,2.403752928753024,0.4740000000000002,1
4,47,30,120,600,self,2.744324077189082,2.403752928753024,0.3500000000000001,1
4,48,30,120,600,self,5.157432112972055,2.403752928753024,0.4650000000000002,1
4,49,30,120,600,self,1.8211858651462736,2.403752928753024,0.3100000000000001,1
4,50,30,120,600,self,1.8381083151392574,2.403752928753024,0.4710000000000002,1
4,51,30,120,600,self,2.577584268628724,2.403752928753024,0.43400000000000016,1
4,52,30,120,600,self,3.5793001784286576,2.403752928753024,0.43200000000000016,1
4,53,30,120,600,self,5.390379286537847,2.403752928753024,0.44000000000000017,1
4,54,30,120,600,self,3.872450580596901,2.403752928753024,0.4540000000000002,1
4,55,30,120,600,self,3.131369800961708,2.403752928753024,0.3490000000000001,1
4,56,30,120,600,self,2.2650919400361498,2.403752928753024,0.5520000000000003,1
4,57,30,120,600,self,2.907387164620217,2.403752928753024,0.5670000000000003,1
4,58,30,120,600,self,2.4235640265635565,2.403752928753024,0.4960000000000002,1
4,59,30,120,600,self,1.5248083535451018,2.403752928753024,0.5300000000000002,1
4,60,30,120,600,self,2.4766613318874406,2.403752928753024,0.5410000000000003,1
4,61,30,120,600,self,1.5501170854006516,2.403752928753024,0.6220000000000003,1
4,62,30,120,600,self,4.2563127435094685,2.403752928753024,0.43000000000000016,1
4,63,30,120,600,self,2.2356521192714123,2.403752928753024,0.5500000000000003,1
4,64,30,120,600,self,1.7016405950211522,2.403752928753024,0.5540000000000003,1
4,65,30,120,600,self,1.3728008387946087,2.403752928753024,0.4510000000000002,2
4,66,30,120,600,self,3.675767567263519,2.403752928753024,0.6030000000000003,1
4,67,30,120,600,self,2.3429785769370435,2.403752928753024,0.4810000000000002,1
4,68,30,120,600,self,2.32440598225679,2.403752928753024,0.4470000000000002,1
4,69,30,120,600,self,3.264423295580246,2.403752928753024,0.3820000000000001,1
4,70,30,120,600,self,4.465297352373836,2.403752928753024,0.5820000000000003,1
4,71,30,120,600,self,2.5325188949744595,2.403752928753024,0.3550000000000001,1
4,72,30,120,600,self,2.6889956211749024,2.403752928753024,0.4440000000000002,1
4,73,30,120,600,self,2.0664861941873287,2.403752928753024,0.5860000000000003,1
4,74,30,120,600,self,2.651101525666233,2.403752928753024,0.5740000000000003,1
4,75,30,120,600,self,3.0518658736263586,2.403752928753024,0.5540000000000003,1
4,76,30,120,600,self,2.4909921098553927,2.403752928753024,0.3340000000000001,1
4,77,30,120,600,self,4.975815023696191,2.403752928753024,0.4950000000000002,1
4,78,30,120,600,self,1.8764543371020903,2.403752928753024,0.5910000000000003,1
4,79,30,120,600,self,1.9488436623969276,2.403752928753024,0.5820000000000003,1
4,80,30,120,600,self,3.224777992919744,2.403752928753024,0.5200000000000002,1
4,81,30,120,600,self,4.788377110798377,2.403752928753024,0.4460000000000002,1
4,82,30,120,600,self,2.7542011201319654,2.403752928753024,0.6130000000000003,1
4,83,30,120,600,self,3.074628094294233,2.403752928753024,0.42100000000000015,1
4,84,30,120,600,self,3.7872582222434454,2.403752928753024,0.5290000000000002,1
4,85,30,120,600,self,2.7493253157040742,2.403752928753024,0.5940000000000003,1
4,86,30,120,600,self,1.9144807260073167,2.403752928753024,0.6270000000000003,1
4,87,30,120,600,self,2.590346740558538,2.403752928753024,0.3630000000000001,1
4,88,30,120,600,self,1.6912048517263323,2.403752928753024,0.5560000000000003,1
4,89,30,120,600,self,1.874525677575866,2.403752928753024,0.41400000000000015,1
4,90,30,120,600,self,1.651331530378434,2.403752928753024,0.5990000000000003,1
4,91,30,120,600,self,4.159637008008724,2.403752928753024,0.41600000000000015,1
4,92,30,120,600,self,2.733736101897472,2.403752928753024,0.40700000000000014,1
4,93,30,120,600,self,4.4362612681106395,2.403752928753024,0.40100000000000013,1
4,94,30,120,600,self,3.154249442498781,2.403752928753024,0.3810000000000001,1
4,95,30,120,600,self,2.9202573825581,2.403752928753024,0.5340000000000003,1
4,96,30,120,600,self,1.9115773071484803,2.403752928753024,0.39700000000000013,1
4,97,30,120,600,self,2.8463543025881344,2.403752928753024,0.5100000000000002,1
4,98,30,120,600,self,2.9985918631073245,2.403752928753024,0.41000000000000014,1
4,99,30,120,600,self,4.4703484411764585,2.403752928753024,0.4830000000000002,1
4,100,30,120,600,self,3.8197223089032626,2.403752928753024,0.40900000000000014,1
4,101,30,120,600,self,4.003718898469986,2.403752928753024,0.44300000000000017,1
4,102,30,120,600,self,2.6867483789213753,2.403752928753024,0.41300000000000014,1
4,103,30,120,600,self,1.8795801520945847,2.403752928753024,0.5690000000000003,1
4,104,30,120,600,self,2.5251248700021423,2.403752928753024,0.5370000000000003,1
4,105,30,120,600,self,3.3688532890940146,2.403752928753024,0.5210000000000002,1
4,106,30,120,600,self,3.5425852725497244,2.403752928753024,0.3670000000000001,1
4,107,30,120,600,self,3.7332635515906105,2.403752928753024,0.5860000000000003,1
4,108,30,120,600,self,2.3201143343464294,2.403752928753024,0.5910000000000003,1
4,109,30,120,600,self,1.9579632316108473,2.403752928753024,0.5740000000000003,1
4,110,30,120,600,self,2.4941331004834506,2.403752928753024,0.5870000000000003,1
4,111,30,120,600,self,3.592411369069789,2.403752928753024,0.3620000000000001,1
4,112,30,120,600,self,2.0161232666056708,2.403752928753024,0.4950000000000002,1
4,113,30,120,600,self,3.2233321440665024,2.403752928753024,0.41300000000000014,1
4,114,30,120,600,self,2.550801908295635,2.403752928753024,0.3630000000000001,1
4,115,30,120,600,self,2.59578638822098,2.403752928753024,0.3420000000000001,1
4,116,30,120,600,self,3.1566361984353266,2.403752928753024,0.5730000000000003,1
4,117,30,120,600,self,3.0203736734184563,2.403752928753024,0.5600000000000003,1
4,118,30,120,600,self,0.754150343535301,2.403752928753024,0.4740000000000002,1
4,119,30,120,600,self,4.211440492854023,2.403752928753024,0.6120000000000003,1
4,120,30,120,600,self,3.7197333995803037,2.403752928753024,0.5350000000000003,1
4,121,30,120,600,self,3.204193858500677,2.403752928753024,0.6100000000000003,1
4,122,30,120,600,self,3.4404477975044196,2.403752928753024,0.6210000000000003,1
4,123,30,120,600,self,0.9279850735591306,2.403752928753024,0.42300000000000015,1
4,124,30,120,600,self,3.5979866747569957,2.403752928753024,0.5910000000000003,1
4,125,30,120,600,self,3.631889094604254,2.403752928753024,0.5480000000000003,1
4,126,30,120,600,self,2.8222744408264453,2.403752928753024,0.5450000000000003,1
4,127,30,120,600,self,3.083004214850109,2.403752928753024,0.3020000000000001,1
4,128,30,120,600,self,5.264936548349866,2.403752928753024,0.5650000000000003,1
4,129,30,120,600,self,1.5255925334828115,2.403752928753024,0.6250000000000003,1
4,130,30,120,600,self,3.1063887289021,2.403752928753024,0.3620000000000001,1
5,1,30,120,600,stranger,0.04762290621463017,2.5491539010377897,0.5980000000000003,1
5,2,30,120,600,stranger,1.1163193805247893,2.5491539010377897,0.41100000000000014,1
5,3,30,120,600,stranger,0.7576120491647875,2.5491539010377897,0.6190000000000003,1
5,4,30,120,600,stranger,1.6963174095591054,2.5491539010377897,0.6240000000000003,1
5,5,30,120,600,stranger,1.5073544508839776,2.5491539010377897,0.5680000000000003,1
5,6,30,120,600,stranger,2.234252512246465,2.5491539010377897,0.4870000000000002,1
5,7,30,120,600,stranger,1.105246605153686,2.5491539010377897,0.4940000000000002,2
5,8,30,120,600,stranger,1.727800976547909,2.5491539010377897,0.5400000000000003,1
5,9,30,120,600,stranger,1.3253562066277076,2.5491539010377897,0.4630000000000002,1
5,10,30,120,600,stranger,2.245619234870012,2.5491539010377897,0.43800000000000017,1
5,11,30,120,600,stranger,2.23586207421917,2.5491539010377897,0.6210000000000003,1
5,12,30,120,600,stranger,1.2012464444740836,2.5491539010377897,0.4800000000000002,1
5,13,30,120,600,stranger,2.902486820895715,2.5491539010377897,0.5050000000000002,1
5,14,30,120,600,stranger,2.4864757705792804,2.5491539010377897,0.4940000000000002,1
5,15,30,120,600,stranger,2.1653209653816203,2.5491539010377897,0.5800000000000003,1
5,16,30,120,600,stranger,0.17735324646335437,2.5491539010377897,0.4620000000000002,2
5,17,30,120,600,stranger,2.216745728465061,2.5491539010377897,0.3160000000000001,1
5,18,30,120,600,stranger,1.6043833693861247,2.5491539010377897,0.32600000000000007,1
5,19,30,120,600,stranger,3.044429574543484,2.5491539010377897,0.4840000000000002,1
5,20,30,120,600,stranger,1.716177460483118,2.5491539010377897,0.5130000000000002,1
5,21,30,120,600,stranger,0.3945274639785567,2.5491539010377897,0.5760000000000003,2
5,22,30,120,600,stranger,-0.8765736143719002,2.5491539010377897,0.4530000000000002,2
5,23,30,120,600,stranger,-1.5437384913993766,2.5491539010377897,0.4940000000000002,2
5,24,30,120,600,stranger,0.9162066543140521,2.5491539010377897,0.5710000000000003,1
5,25,30,120,600,stranger,1.9716934094083225,2.5491539010377897,0.5350000000000003,1
5,26,30,120,600,stranger,-1.449022372234328,2.5491539010377897,0.41800000000000015,2
5,27,30,120,600,stranger,-1.0272417206777376,2.5491539010377897,0.4960000000000002,2
5,28,30,120,600,stranger,-0.48056151390112556,2.5491539010377897,0.5120000000000002,2
5,29,30,120,600,stranger,1.376069219183897,2.5491539010377897,0.3390000000000001,1
5,30,30,120,600,stranger,2.3400157004620423,2.5491539010377897,0.4850000000000002,1
5,31,30,120,600,stranger,2.0548866056372592,2.5491539010377897,0.5920000000000003,1
5,32,30,120,600,stranger,1.6814684916343912,2.5491539010377897,0.5540000000000003,1
5,33,30,120,600,stranger,2.29133548009945,2.5491539010377897,0.4520000000000002,1
5,34,30,120,600,stranger,2.8567489190404,2.5491539010377897,0.6260000000000003,1
5,35,30,120,600,stranger,0.31919977237291525,2.5491539010377897,0.5080000000000002,1
5,36,30,120,600,stranger,-0.7762748359711745,2.5491539010377897,0.4860000000000002,2
5,37,30,120,600,stranger,2.2933343083742552,2.5491539010377897,0.3630000000000001,1
5,38,30,120,600,stranger,1.81978620331052,2.5491539010377897,0.5710000000000003,1
5,39,30,120,600,stranger,1.9379411586713258,2.5491539010377897,0.42200000000000015,1
5,40,30,120,600,stranger,2.604727076142832,2.5491539010377897,0.4930000000000002,1
5,41,30,120,600,stranger,1.8908529434675931,2.5491539010377897,0.41700000000000015,1
5,42,30,120,600,stranger,0.8208989672258123,2.5491539010377897,0.6290000000000003,1
5,43,30,120,600,stranger,2.0239484976977438,2.5491539010377897,0.39800000000000013,1
5,44,30,120,600,stranger,-1.7459352881520438,2.5491539010377897,0.4490000000000002,2
5,45,30,120,600,stranger,1.391630418418426,2.5491539010377897,0.6150000000000003,1
5,46,30,120,600,stranger,2.237583922299093,2.5491539010377897,0.5420000000000003,1
5,47,30,120,600,stranger,1.0321900659984555,2.5491539010377897,0.4610000000000002,1
5,48,30,120,600,stranger,1.1026383166314857,2.5491539010377897,0.5470000000000003,1
5,49,30,120,600,stranger,1.0997445906856522,2.5491539010377897,0.6190000000000003,1
5,50,30,120,600,stranger,2.1163455385588503,2.5491539010377897,0.3830000000000001,1
5,51,30,120,600,stranger,0.3262763428473357,2.5491539010377897,0.5160000000000002,1
5,52,30,120,600,stranger,2.118678769326045,2.5491539010377897,0.3870000000000001,1
5,53,30,120,600,stranger,0.691939233183715,2.5491539010377897,0.4540000000000002,1
5,54,30,120,600,stranger,0.33732842066993957,2.5491539010377897,0.5610000000000003,1
5,55,30,120,600,stranger,0.20546648123848488,2.5491539010377897,0.3740000000000001,1
5,56,30,120,600,stranger,1.5162406513634945,2.5491539010377897,0.40600000000000014,1
5,57,30,120,600,stranger,2.1310196418544334,2.5491539010377897,0.43200000000000016,1
5,58,30,120,600,stranger,2.9427127632531445,2.5491539010377897,0.6040000000000003,1
5,59,30,120,600,stranger,1.5514735432408613,2.5491539010377897,0.3860000000000001,1
5,60,30,120,600,stranger,1.4723470795389986,2.5491539010377897,0.6120000000000003,1
5,61,30,120,600,stranger,-1.7442687509383155,2.5491539010377897,0.3750000000000001,2
5,62,30,120,600,stranger,0.11271438465095901,2.5491539010377897,0.5720000000000003,1
5,63,30,120,600,stranger,3.524774729838019,2.5491539010377897,0.5240000000000002,1
5,64,30,120,600,stranger,-0.8335184315319059,2.5491539010377897,0.43000000000000016,2
5,65,30,120,600,stranger,0.481115200853582,2.5491539010377897,0.6170000000000003,1
5,66,30,120,600,stranger,1.7114736255592162,2.5491539010377897,0.5450000000000003,1
5,67,30,120,600,stranger,1.8450433515381177,2.5491539010377897,0.5990000000000003,1
5,68,30,120,600,stranger,1.15435893226755,2.5491539010377897,0.32900000000000007,1
5,69,30,120,600,stranger,1.611473087311456,2.5491539010377897,0.41000000000000014,1
5,70,30,120,600,stranger,1.874973921506232,2.5491539010377897,0.6100000000000003,1
5,71,30,120,600,stranger,-0.29005081621034245,2.5491539010377897,0.5460000000000003,2
5,72,30,120,600,stranger,2.4774963484729,2.5491539010377897,0.3430000000000001,1
5,73,30,120,600,stranger,2.8359903134533124,2.5491539010377897,0.5580000000000003,1
5,74,30,120,600,stranger,1.125448092331525,2.5491539010377897,0.5410000000000003,1
5,75,30,120,600,stranger,2.2628034469811897,2.5491539010377897,0.6020000000000003,1
5,76,30,120,600,stranger,2.9034060362166763,2.5491539010377897,0.4440000000000002,1
5,77,30,120,600,stranger,0.5714358191309428,2.5491539010377897,0.5960000000000003,2
5,78,30,120,600,stranger,2.7057194498427726,2.5491539010377897,0.4960000000000002,1
5,79,30,120,600,stranger,1.414749506332426,2.5491539010377897,0.4840000000000002,1
5,80,30,120,600,stranger,2.2682701954622764,2.5491539010377897,0.3550000000000001,1
5,81,30,120,600,stranger,0.12124276191252237,2.5491539010377897,0.3850000000000001,2
5,82,30,120,600,stranger,1.4935376106560043,2.5491539010377897,0.5380000000000003,1
5,83,30,120,600,stranger,3.1961162036292015,2.5491539010377897,0.6050000000000003,1
5,84,30,120,600,stranger,1.6940983027207603,2.5491539010377897,0.6180000000000003,1
5,85,30,120,600,stranger,-2.7099234666620102,2.5491539010377897,0.5610000000000003,2
5,86,30,120,600,stranger,2.45438142518952,2.5491539010377897,0.44100000000000017,1
5,87,30,120,600,stranger,-1.435359521962165,2.5491539010377897,0.6230000000000003,2
5,88,30,120,600,stranger,2.183248443115486,2.5491539010377897,0.6120000000000003,1
5,89,30,120,600,stranger,0.48101629354933784,2.5491539010377897,0.5630000000000003,2
5,90,30,120,600,stranger,0.4487603991666236,2.5491539010377897,0.6180000000000003,1
5,91,30,120,600,stranger,-0.4064218081469807,2.5491539010377897,0.42000000000000015,1
5,92,30,120,600,stranger,2.1136874426900136,2.5491539010377897,0.5500000000000003,1
5,93,30,120,600,stranger,1.196573051860939,2.5491539010377897,0.5740000000000003,1
5,94,30,120,600,stranger,1.0077986569276092,2.5491539010377897,0.5070000000000002,1
5,95,30,120,600,stranger,-1.046350679773997,2.5491539010377897,0.4710000000000002,2
5,96,30,120,600,stranger,0.05781220479686722,2.5491539010377897,0.5720000000000003,1
5,97,30,120,600,stranger,1.0320753583916107,2.5491539010377897,0.4660000000000002,2
5,98,30,120,600,stranger,1.2731806919418815,2.5491539010377897,0.6300000000000003,1
5,99,30,120,600,stranger,0.1108544294115108,2.5491539010377897,0.6150000000000003,1
5,100,30,120,600,stranger,0.5127256309023225,2.5491539010377897,0.5510000000000003,2
5,101,30,120,600,stranger,0.7675511936463446,2.5491539010377897,0.39400000000000013,2
5,102,30,120,600,stranger,1.4009445026318397,2.5491539010377897,0.5990000000000003,1
5,103,30,120,600,stranger,0.8527609709089545,2.5491539010377897,0.5450000000000003,1
5,104,30,120,600,stranger,1.0565442242663887,2.5491539010377897,0.5170000000000002,1
5,105,30,120,600,stranger,0.8485426833012927,2.5491539010377897,0.5830000000000003,1
5,106,30,120,600,stranger,-1.3358155725367409,2.5491539010377897,0.41100000000000014,2
5,107,30,120,600,stranger,2.7540917088583172,2.5491539010377897,0.43900000000000017,1
5,108,30,120,600,stranger,0.32653586564697856,2.5491539010377897,0.5440000000000003,2
5,109,30,120,600,stranger,-1.3056296940909329,2.5491539010377897,0.43100000000000016,2
5,110,30,120,600,stranger,-0.29432121191617233,2.5491539010377897,0.5490000000000003,1
5,111,30,120,600,stranger,1.096452548244677,2.5491539010377897,0.4600000000000002,1
5,112,30,120,600,stranger,0.4322421437227134,2.5491539010377897,0.4890000000000002,1
5,113,30,120,600,stranger,1.4809382463477543,2.5491539010377897,0.4740000000000002,1
5,114,30,120,600,stranger,-0.15439890239235077,2.5491539010377897,0.5490000000000003,2
5,115,30,120,600,stranger,0.6268683696500914,2.5491539010377897,0.5030000000000002,1
5,116,30,120,600,stranger,1.5965711301120473,2.5491539010377897,0.3580000000000001,1
5,117,30,120,600,stranger,-2.450489559685171,2.5491539010377897,0.3920000000000001,2
5,118,30,120,600,stranger,0.31201207103586315,2.5491539010377897,0.6220000000000003,1
5,119,30,120,600,stranger,-0.8251972530066966,2.5491539010377897,0.5910000000000003,2
5,120,30,120,600,stranger,0.6448596677241751,2.5491539010377897,0.5440000000000003,1
5,121,30,120,600,stranger,1.3810885682016325,2.5491539010377897,0.6230000000000003,1
5,122,30,120,600,stranger,-0.9849494835801221,2.5491539010377897,0.5250000000000002,1
5,123,30,120,600,stranger,-0.6527663932679669,2.5491539010377897,0.6170000000000003,2
5,124,30,120,600,stranger,-0.039577561365697345,2.5491539010377897,0.5600000000000003,1
5,125,30,120,600,stranger,-0.6721763754879918,2.5491539010377897,0.5210000000000002,2
5,126,30,120,600,stranger,2.0884810280042525,2.5491539010377897,0.4820000000000002,1
5,127,30,120,600,stranger,1.465321550402805,2.5491539010377897,0.42300000000000015,1
5,128,30,120,600,stranger,-0.21320724196315277,2.5491539010377897,0.6290000000000003,1
5,129,30,120,600,stranger,1.5900370088147175,2.5491539010377897,0.5240000000000002,1
5,130,30,120,600,stranger,2.3218987050063347,2.5491539010377897,0.3820000000000001,1
5,1,30,120,600,self,3.126816666694263,2.5491539010377897,0.4580000000000002,1
5,2,30,120,600,self,2.8392257760412,2.5491539010377897,0.4520000000000002,1
5,3,30,120,600,self,2.3168566648987556,2.5491539010377897,0.5890000000000003,1
5,4,30,120,600,self,3.6464542571620164,2.5491539010377897,0.5200000000000002,1
5,5,30,120,600,self,3.2370871465568305,2.5491539010377897,0.4580000000000002,1
5,6,30,120,600,self,4.563818615122799,2.5491539010377897,0.5830000000000003,1
5,7,30,120,600,self,2.8598854733072994,2.5491539010377897,0.4890000000000002,1
5,8,30,120,600,self,3.61444340533229,2.5491539010377897,0.5310000000000002,1
5,9,30,120,600,self,2.2408292539971013,2.5491539010377897,0.5930000000000003,1
5,10,30,120,600,self,2.4054335819486523,2.5491539010377897,0.39500000000000013,1
5,11,30,120,600,self,4.3446276581975285,2.5491539010377897,0.4450000000000002,1
5,12,30,120,600,self,3.0203730693867596,2.5491539010377897,0.6260000000000003,1
5,13,30,120,600,self,2.8299689987210255,2.5491539010377897,0.3240000000000001,1
5,14,30,120,600,self,2.8203637615663517,2.5491539010377897,0.42600000000000016,1
5,15,30,120,600,self,2.7878143977667866,2.5491539010377897,0.5570000000000003,1
5,16,30,120,600,self,3.3494649990950642,2.5491539010377897,0.41200000000000014,1
5,17,30,120,600,self,2.9714678207904295,2.5491539010377897,0.6140000000000003,1
5,18,30,120,600,self,3.8530584593555255,2.5491539010377897,0.4480000000000002,1
5,19,30,120,600,self,4.247153255366917,2.5491539010377897,0.5860000000000003,1
5,20,30,120,600,self,3.879901533947389,2.5491539010377897,0.5670000000000003,1
5,21,30,120,600,self,3.5610791266427997,2.5491539010377897,0.4520000000000002,1
5,22,30,120,600,self,2.3879887792594148,2.5491539010377897,0.5160000000000002,1
5,23,30,120,600,self,2.964244583707661,2.5491539010377897,0.6050000000000003,1
5,24,30,120,600,self,2.7470628439018934,2.5491539010377897,0.5710000000000003,1
5,25,30,120,600,self,2.0795981863924378,2.5491539010377897,0.4910000000000002,1
5,26,30,120,600,self,4.295790976678307,2.5491539010377897,0.3440000000000001,1
5,27,30,120,600,self,3.211768611721886,2.5491539010377897,0.3560000000000001,1
5,28,30,120,600,self,3.008204674045929,2.5491539010377897,0.5920000000000003,1
5,29,30,120,600,self,2.478518550627579,2.5491539010377897,0.5990000000000003,1
5,30,30,120,600,self,4.079250265751339,2.5491539010377897,0.6050000000000003,1
5,31,30,120,600,self,3.403933509216583,2.5491539010377897,0.5120000000000002,1
5,32,30,120,600,self,4.1888741836484105,2.5491539010377897,0.4970000000000002,1
5,33,30,120,600,self,2.9805602485270546,2.5491539010377897,0.4800000000000002,1
5,34,30,120,600,self,4.164137730009628,2.5491539010377897,0.5980000000000003,1
5,35,30,120,600,self,3.226500806047496,2.5491539010377897,0.4600000000000002,1
5,36,30,120,600,self,3.782615364591181,2.5491539010377897,0.40300000000000014,1
5,37,30,120,600,self,2.218808345874221,2.5491539010377897,0.5170000000000002,1
5,38,30,120,600,self,4.114541525020282,2.5491539010377897,0.4790000000000002,1
5,39,30,120,600,self,1.537411442614697,2.5491539010377897,0.6110000000000003,1
5,40,30,120,600,self,3.1705303837628485,2.5491539010377897,0.6180000000000003,1
5,41,30,120,600,self,2.4738523472946885,2.5491539010377897,0.4900000000000002,1
5,42,30,120,600,self,1.455650266065158,2.5491539010377897,0.4830000000000002,1
5,43,30,120,600,self,1.9487253045641855,2.5491539010377897,0.5880000000000003,1
5,44,30,120,600,self,2.3133430623910973,2.5491539010377897,0.5580000000000003,1
5,45,30,120,600,self,2.748444704383123,2.5491539010377897,0.4670000000000002,1
5,46,30,120,600,self,3.985829424172684,2.5491539010377897,0.3510000000000001,1
5,47,30,120,600,self,3.5078717387095963,2.5491539010377897,0.5990000000000003,1
5,48,30,120,600,self,1.711186848685792,2.5491539010377897,0.5030000000000002,1
5,49,30,120,600,self,1.2857306813238543,2.5491539010377897,0.5490000000000003,1
5,50,30,120,600,self,1.658957646608422,2.5491539010377897,0.5660000000000003,1
5,51,30,120,600,self,2.409851142796533,2.5491539010377897,0.5990000000000003,1
5,52,30,120,600,self,3.1498052955833398,2.5491539010377897,0.43500000000000016,1
5,53,30,120,600,self,4.4628883511507205,2.5491539010377897,0.4560000000000002,1
5,54,30,120,600,self,2.35365231481859,2.5491539010377897,0.40000000000000013,1
5,55,30,120,600,self,1.7741723558433244,2.5491539010377897,0.5280000000000002,1
5,56,30,120,600,self,2.2087992241135956,2.5491539010377897,0.5650000000000003,1
5,57,30,120,600,self,1.8688624886586274,2.5491539010377897,0.6060000000000003,1
5,58,30,120,600,self,3.472540448021475,2.5491539010377897,0.41900000000000015,1
5,59,30,120,600,self,2.306614524103442,2.5491539010377897,0.4470000000000002,1
5,60,30,120,600,self,4.26361093632243,2.5491539010377897,0.6300000000000003,1
5,61,30,120,600,self,0.7321704015461479,2.5491539010377897,0.5370000000000003,1
5,62,30,120,600,self,3.128211472416522,2.5491539010377897,0.5820000000000003,1
5,63,30,120,600,self,3.290359202438011,2.5491539010377897,0.6250000000000003,1
5,64,30,120,600,self,4.28790556125752,2.5491539010377897,0.4910000000000002,1
5,65,30,120,600,self,4.3118204884482285,2.5491539010377897,0.40800000000000014,1
5,66,30,120,600,self,1.667757648785452,2.5491539010377897,0.5690000000000003,1
5,67,30,120,600,self,2.631414116119025,2.5491539010377897,0.6000000000000003,1
5,68,30,120,600,self,1.5778926819509045,2.5491539010377897,0.4600000000000002,1
5,69,30,120,600,self,2.1416134038579244,2.5491539010377897,0.6230000000000003,1
5,70,30,120,600,self,2.602579288905327,2.5491539010377897,0.5970000000000003,1
5,71,30,120,600,self,3.9688623066497146,2.5491539010377897,0.4870000000000002,1
5,72,30,120,600,self,3.0282022151949226,2.5491539010377897,0.3110000000000001,1
5,73,30,120,600,self,1.9689367682036691,2.5491539010377897,0.5330000000000003,1
5,74,30,120,600,self,3.068641182127968,2.5491539010377897,0.5300000000000002,1
5,75,30,120,600,self,2.4019946668772616,2.5491539010377897,0.5300000000000002,1
5,76,30,120,600,self,2.937673665482518,2.5491539010377897,0.5030000000000002,1
5,77,30,120,600,self,3.3226441382008147,2.5491539010377897,0.5330000000000003,1
5,78,30,120,600,self,4.407301476686336,2.5491539010377897,0.5500000000000003,1
5,79,30,120,600,self,4.015156374015958,2.5491539010377897,0.3660000000000001,1
5,80,30,120,600,self,4.899345137781481,2.5491539010377897,0.43500000000000016,1
5,81,30,120,600,self,3.4680088277547396,2.5491539010377897,0.5230000000000002,1
5,82,30,120,600,self,4.143385940841858,2.5491539010377897,0.6060000000000003,1
5,83,30,120,600,self,3.7543759769020366,2.5491539010377897,0.43100000000000016,1
5,84,30,120,600,self,4.527960536163052,2.5491539010377897,0.44200000000000017,1
5,85,30,120,600,self,0.5114357102847575,2.5491539010377897,0.4800000000000002,1
5,86,30,120,600,self,2.9911676374465532,2.5491539010377897,0.5670000000000003,1
5,87,30,120,600,self,2.9157515019932374,2.5491539010377897,0.5190000000000002,1
5,88,30,120,600,self,4.322633971672273,2.5491539010377897,0.4790000000000002,1
5,89,30,120,600,self,2.9988748586491316,2.5491539010377897,0.5960000000000003,1
5,90,30,120,600,self,3.197776319973087,2.5491539010377897,0.5810000000000003,1
5,91,30,120,600,self,2.590265072075621,2.5491539010377897,0.5830000000000003,1
5,92,30,120,600,self,1.5893833312343544,2.5491539010377897,0.42600000000000016,1
5,93,30,120,600,self,4.218509924937251,2.5491539010377897,0.6110000000000003,1
5,94,30,120,600,self,1.908088258695193,2.5491539010377897,0.5130000000000002,1
5,95,30,120,600,self,3.3771033767570264,2.5491539010377897,0.5830000000000003,1
5,96,30,120,600,self,3.107293304857418,2.5491539010377897,0.5730000000000003,1
5,97,30,120,600,self,1.8812779097131251,2.5491539010377897,0.4820000000000002,1
5,98,30,120,600,self,3.119312554244952,2.5491539010377897,0.5550000000000003,1
5,99,30,120,600,self,3.623107930195496,2.5491539010377897,0.4520000000000002,1
5,100,30,120,600,self,3.369869254382071,2.5491539010377897,0.5080000000000002,1
5,101,30,120,600,self,0.4555705998591004,2.5491539010377897,0.5890000000000003,1
5,102,30,120,600,self,2.065324127136934,2.5491539010377897,0.3650000000000001,1
5,103,30,120,600,self,3.345035053254758,2.5491539010377897,0.39400000000000013,1
5,104,30,120,600,self,2.929554705684218,2.5491539010377897,0.6260000000000003,1
5,105,30,120,600,self,2.2583949690871714,2.5491539010377897,0.5110000000000002,1
5,106,30,120,600,self,4.369892352387671,2.5491539010377897,0.4870000000000002,1
5,107,30,120,600,self,2.776902656746671,2.5491539010377897,0.5990000000000003,1
5,108,30,120,600,self,3.9210233004377795,2.5491539010377897,0.40100000000000013,1
5,109,30,120,600,self,2.4962468228876094,2.5491539010377897,0.5530000000000003,1
5,110,30,120,600,self,1.1494753765298324,2.5491539010377897,0.41100000000000014,1
5,111,30,120,600,self,1.274103295786037,2.5491539010377897,0.5130000000000002,1
5,112,30,120,600,self,3.0467805773958085,2.5491539010377897,0.3660000000000001,1
5,113,30,120,600,self,1.6079852245061828,2.5491539010377897,0.3680000000000001,1
5,114,30,120,600,self,4.2856108093953775,2.5491539010377897,0.4840000000000002,1
5,115,30,120,600,self,2.8180405455120567,2.5491539010377897,0.43600000000000017,1
5,116,30,120,600,self,1.1918190713688919,2.5491539010377897,0.5050000000000002,1
5,117,30,120,600,self,3.3133948601311367,2.5491539010377897,0.5870000000000003,1
5,118,30,120,600,self,3.420532454175114,2.5491539010377897,0.41000000000000014,1
5,119,30,120,600,self,3.1813480301827917,2.5491539010377897,0.5170000000000002,1
5,120,30,120,600,self,3.0906520437049556,2.5491539010377897,0.3910000000000001,1
5,121,30,120,600,self,2.7222021192530805,2.5491539010377897,0.4820000000000002,1
5,122,30,120,600,self,2.1067712795138958,2.5491539010377897,0.5330000000000003,1
5,123,30,120,600,self,2.6777854844736533,2.5491539010377897,0.42500000000000016,1
5,124,30,120,600,self,3.0795121570317137,2.5491539010377897,0.5970000000000003,1
5,125,30,120,600,self,3.3308685977165915,2.5491539010377897,0.5810000000000003,1
5,126,30,120,600,self,4.036978016737214,2.5491539010377897,0.43900000000000017,1
5,127,30,120,600,self,4.046331841296441,2.5491539010377897,0.6100000000000003,1
5,128,30,120,600,self,2.796854580548579,2.5491539010377897,0.5340000000000003,1
5,129,30,120,600,self,2.545907398280905,2.5491539010377897,0.5700000000000003,1
5,130,30,120,600,self,2.9288503367349477,2.5491539010377897,0.5160000000000002,1
6,1,30,120,600,stranger,1.5167453465005711,1.8487379444901728,0.41600000000000015,1
6,2,30,120,600,stranger,1.652274928598834,1.8487379444901728,0.39500000000000013,1
6,3,30,120,600,stranger,0.5034340661727182,1.8487379444901728,0.3370000000000001,1
6,4,30,120,600,stranger,1.8667386185398036,1.8487379444901728,0.4660000000000002,1
6,5,30,120,600,stranger,3.3406472189464,1.8487379444901728,0.43300000000000016,1
6,6,30,120,600,stranger,1.110193627335367,1.8487379444901728,0.5040000000000002,1
6,7,30,120,600,stranger,0.709481238352806,1.8487379444901728,0.4890000000000002,1
6,8,30,120,600,stranger,0.0094485161494553,1.8487379444901728,0.5220000000000002,2
6,9,30,120,600,stranger,1.440825790760253,1.8487379444901728,0.6260000000000003,1
6,10,30,120,600,stranger,1.6479461210949347,1.8487379444901728,0.4590000000000002,1
6,11,30,120,600,stranger,-0.9702737305395638,1.8487379444901728,0.3240000000000001,2
6,12,30,120,600,stranger,0.7518027861889189,1.8487379444901728,0.3390000000000001,1
6,13,30,120,600,stranger,0.33266608777322293,1.8487379444901728,0.32800000000000007,1
6,14,30,120,600,stranger,0.797216857375387,1.8487379444901728,0.5610000000000003,1
6,15,30,120,600,stranger,-0.15900462250287462,1.8487379444901728,0.3790000000000001,1
6,16,30,120,600,stranger,1.1176584216404346,1.8487379444901728,0.40500000000000014,1
6,17,30,120,600,stranger,0.31707022698473175,1.8487379444901728,0.4600000000000002,1
6,18,30,120,600,stranger,-0.17634404339446164,1.8487379444901728,0.3380000000000001,2
6,19,30,120,600,stranger,0.7674206107532588,1.8487379444901728,0.5640000000000003,1
6,20,30,120,600,stranger,0.47229736970741226,1.8487379444901728,0.3880000000000001,2
6,21,30,120,600,stranger,3.229190247501874,1.8487379444901728,0.5440000000000003,1
6,22,30,120,600,stranger,1.2708358312064427,1.8487379444901728,0.2780000000000001,1
6,23,30,120,600,stranger,0.18258477963578795,1.8487379444901728,0.5980000000000003,2
6,24,30,120,600,stranger,2.240687425062878,1.8487379444901728,0.2840000000000001,1
6,25,30,120,600,stranger,0.8130817255904587,1.8487379444901728,0.4570000000000002,1
6,26,30,120,600,stranger,0.9745786807099734,1.8487379444901728,0.5410000000000003,1
6,27,30,120,600,stranger,1.3139471505260407,1.8487379444901728,0.6150000000000003,1
6,28,30,120,600,stranger,0.07143362076243964,1.8487379444901728,0.4490000000000002,2
6,29,30,120,600,stranger,0.3001581112548012,1.8487379444901728,0.4550000000000002,2
6,30,30,120,600,stranger,2.5397522395560914,1.8487379444901728,0.5440000000000003,1
6,31,30,120,600,stranger,0.9002594479525998,1.8487379444901728,0.6000000000000003,1
6,32,30,120,600,stranger,0.9082035777058186,1.8487379444901728,0.5590000000000003,1
6,33,30,120,600,stranger,1.4478905902966615,1.8487379444901728,0.43500000000000016,1
6,34,30,120,600,stranger,0.48880042242304567,1.8487379444901728,0.4590000000000002,1
6,35,30,120,600,stranger,1.3210913623778993,1.8487379444901728,0.3470000000000001,1
6,36,30,120,600,stranger,2.4569569388509276,1.8487379444901728,0.39500000000000013,1
6,37,30,120,600,stranger,-2.0458986164135355,1.8487379444901728,0.4700000000000002,2
6,38,30,120,600,stranger,0.6902326663119343,1.8487379444901728,0.5960000000000003,1
6,39,30,120,600,stranger,1.971601520815796,1.8487379444901728,0.44300000000000017,1
6,40,30,120,600,stranger,0.4052865462763211,1.8487379444901728,0.5050000000000002,1
6,41,30,120,600,stranger,-0.006350208511792466,1.8487379444901728,0.6070000000000003,1
6,42,30,120,600,stranger,1.252847602982381,1.8487379444901728,0.5650000000000003,2
6,43,30,120,600,stranger,1.4509706315501445,1.8487379444901728,0.5250000000000002,1
6,44,30,120,600,stranger,-0.6914099167148385,1.8487379444901728,0.5590000000000003,2
6,45,30,120,600,stranger,1.799950707668462,1.8487379444901728,0.43200000000000016,1
6,46,30,120,600,stranger,-0.13895499194680871,1.8487379444901728,0.41100000000000014,1
6,47,30,120,600,stranger,0.739094313985838,1.8487379444901728,0.3500000000000001,1
6,48,30,120,600,stranger,-1.7252524423582734,1.8487379444901728,0.4930000000000002,2
6,49,30,120,600,stranger,0.7678642556196014,1.8487379444901728,0.4520000000000002,1
6,50,30,120,600,stranger,2.4405722572215227,1.8487379444901728,0.4480000000000002,1
6,51,30,120,600,stranger,1.6998956134945762,1.8487379444901728,0.5630000000000003,1
6,52,30,120,600,stranger,0.9815254795009358,1.8487379444901728,0.3420000000000001,1
6,53,30,120,600,stranger,0.2624656080908707,1.8487379444901728,0.3050000000000001,1
6,54,30,120,600,stranger,2.0063178587416726,1.8487379444901728,0.4970000000000002,1
6,55,30,120,600,stranger,1.8804200707622112,1.8487379444901728,0.4820000000000002,1
6,56,30,120,600,stranger,-0.029395107915188956,1.8487379444901728,0.4710000000000002,1
6,57,30,120,600,stranger,0.7725973221383017,1.8487379444901728,0.6100000000000003,2
6,58,30,120,600,stranger,-0.0894359028534959,1.8487379444901728,0.4950000000000002,1
6,59,30,120,600,stranger,0.9732994192528275,1.8487379444901728,0.6170000000000003,1
6,60,30,120,600,stranger,0.7884257313212193,1.8487379444901728,0.5440000000000003,1
6,61,30,120,600,stranger,0.9420990267098186,1.8487379444901728,0.5380000000000003,1
6,62,30,120,600,stranger,0.13620401659649256,1.8487379444901728,0.41300000000000014,1
6,63,30,120,600,stranger,3.568098373901838,1.8487379444901728,0.3640000000000001,1
6,64,30,120,600,stranger,-0.2165841445287131,1.8487379444901728,0.3170000000000001,2
6,65,30,120,600,stranger,1.7391504237219002,1.8487379444901728,0.5870000000000003,1
6,66,30,120,600,stranger,0.5468676086289429,1.8487379444901728,0.3490000000000001,1
6,67,30,120,600,stranger,0.35555368811016147,1.8487379444901728,0.39400000000000013,1
6,68,30,120,600,stranger,1.6332883799260873,1.8487379444901728,0.33100000000000007,1
6,69,30,120,600,stranger,1.6545350419416112,1.8487379444901728,0.40500000000000014,1
6,70,30,120,600,stranger,-0.38041284847856616,1.8487379444901728,0.3810000000000001,2
6,71,30,120,600,stranger,1.6931384068847932,1.8487379444901728,0.5970000000000003,1
6,72,30,120,600,stranger,2.2076180393506832,1.8487379444901728,0.42000000000000015,1
6,73,30,120,600,stranger,0.58407120572111,1.8487379444901728,0.5990000000000003,1
6,74,30,120,600,stranger,1.810225948840793,1.8487379444901728,0.3520000000000001,1
6,75,30,120,600,stranger,0.8215074787655438,1.8487379444901728,0.3740000000000001,1
6,76,30,120,600,stranger,-0.9359992621698051,1.8487379444901728,0.3010000000000001,2
6,77,30,120,600,stranger,1.620240299729625,1.8487379444901728,0.5160000000000002,1
6,78,30,120,600,stranger,-1.4043104727841267,1.8487379444901728,0.3500000000000001,2
6,79,30,120,600,stranger,2.576379128536055,1.8487379444901728,0.43600000000000017,1
6,80,30,120,600,stranger,-0.7574027710862913,1.8487379444901728,0.6290000000000003,2
6,81,30,120,600,stranger,2.3141748038070906,1.8487379444901728,0.42200000000000015,1
6,82,30,120,600,stranger,1.490153099108528,1.8487379444901728,0.4830000000000002,1
6,83,30,120,600,stranger,1.6588050454194092,1.8487379444901728,0.41600000000000015,1
6,84,30,120,600,stranger,1.8197316986017773,1.8487379444901728,0.3690000000000001,1
6,85,30,120,600,stranger,-0.6289301125609611,1.8487379444901728,0.5510000000000003,2
6,86,30,120,600,stranger,1.8133964517953145,1.8487379444901728,0.5180000000000002,1
6,87,30,120,600,stranger,0.4293391097838757,1.8487379444901728,0.6150000000000003,1
6,88,30,120,600,stranger,-0.3636869250784871,1.8487379444901728,0.6250000000000003,1
6,89,30,120,600,stranger,-0.41839951608272175,1.8487379444901728,0.6210000000000003,1
6,90,30,120,600,stranger,1.945167415328628,1.8487379444901728,0.3700000000000001,1
6,91,30,120,600,stranger,-0.03163117410546634,1.8487379444901728,0.5220000000000002,1
6,92,30,120,600,stranger,-1.0636244025858916,1.8487379444901728,0.5110000000000002,2
6,93,30,120,600,stranger,2.11581288080824,1.8487379444901728,0.3780000000000001,1
6,94,30,120,600,stranger,0.4118979027817318,1.8487379444901728,0.5530000000000003,1
6,95,30,120,600,stranger,1.2892009358692271,1.8487379444901728,0.3480000000000001,1
6,96,30,120,600,stranger,1.1067878555548116,1.8487379444901728,0.5690000000000003,1
6,97,30,120,600,stranger,0.7039825744814412,1.8487379444901728,0.5710000000000003,2
6,98,30,120,600,stranger,0.19266033057693288,1.8487379444901728,0.5310000000000002,1
6,99,30,120,600,stranger,0.3691272624900475,1.8487379444901728,0.4440000000000002,1
6,100,30,120,600,stranger,1.4022633784173677,1.8487379444901728,0.3660000000000001,1
6,101,30,120,600,stranger,0.5892068362562223,1.8487379444901728,0.3370000000000001,1
6,102,30,120,600,stranger,-0.2995117394683765,1.8487379444901728,0.5220000000000002,1
6,103,30,120,600,stranger,0.11397070133332787,1.8487379444901728,0.6060000000000003,1
6,104,30,120,600,stranger,1.6723294497747179,1.8487379444901728,0.5190000000000002,1
6,105,30,120,600,stranger,2.0945816773168913,1.8487379444901728,0.6100000000000003,1
6,106,30,120,600,stranger,1.1321744066052588,1.8487379444901728,0.39500000000000013,1
6,107,30,120,600,stranger,0.2177977040186766,1.8487379444901728,0.3170000000000001,1
6,108,30,120,600,stranger,1.1405173819305312,1.8487379444901728,0.4870000000000002,1
6,109,30,120,600,stranger,1.4261768025073298,1.8487379444901728,0.6020000000000003,1
6,110,30,120,600,stranger,-0.6493416271471472,1.8487379444901728,0.6090000000000003,2
6,111,30,120,600,stranger,1.5608818024838564,1.8487379444901728,0.5720000000000003,1
6,112,30,120,600,stranger,-1.2849864629144965,1.8487379444901728,0.5180000000000002,2
6,113,30,120,600,stranger,1.4189473319604238,1.8487379444901728,0.3120000000000001,1
6,114,30,120,600,stranger,1.0780318800905557,1.8487379444901728,0.3110000000000001,1
6,115,30,120,600,stranger,0.645091968476057,1.8487379444901728,0.3840000000000001,1
6,116,30,120,600,stranger,-0.7354547450967016,1.8487379444901728,0.4870000000000002,2
6,117,30,120,600,stranger,0.18403490339629636,1.8487379444901728,0.5590000000000003,2
6,118,30,120,600,stranger,1.8069712563491787,1.8487379444901728,0.3380000000000001,1
6,119,30,120,600,stranger,0.8211034523137658,1.8487379444901728,0.5030000000000002,1
6,120,30,120,600,stranger,0.37592239931013594,1.8487379444901728,0.5000000000000002,2
6,121,30,120,600,stranger,0.7542985556952186,1.8487379444901728,0.41400000000000015,1
6,122,30,120,600,stranger,1.0995653808718904,1.8487379444901728,0.5420000000000003,1
6,123,30,120,600,stranger,0.30167955920476874,1.8487379444901728,0.5530000000000003,2
6,124,30,120,600,stranger,2.59761811597616,1.8487379444901728,0.4950000000000002,1
6,125,30,120,600,stranger,1.992162954388876,1.8487379444901728,0.4620000000000002,1
6,126,30,120,600,stranger,1.1017257096238864,1.8487379444901728,0.5790000000000003,1
6,127,30,120,600,stranger,-0.35800941373195616,1.8487379444901728,0.6030000000000003,2
6,128,30,120,600,stranger,-0.7085887353044577,1.8487379444901728,0.4850000000000002,2
6,129,30,120,600,stranger,1.4462749092433413,1.8487379444901728,0.41000000000000014,1
6,130,30,120,600,stranger,1.6359197592470007,1.8487379444901728,0.3910000000000001,1
6,1,30,120,600,self,2.512251473783297,1.8487379444901728,0.4690000000000002,1
6,2,30,120,600,self,1.2789896601189263,1.8487379444901728,0.40200000000000014,1
6,3,30,120,600,self,2.6455063852905747,1.8487379444901728,0.5790000000000003,1
6,4,30,120,600,self,3.372665620197596,1.8487379444901728,0.4470000000000002,1
6,5,30,120,600,self,2.0024813154493937,1.8487379444901728,0.39500000000000013,1
6,6,30,120,600,self,2.7493484283542586,1.8487379444901728,0.2720000000000001,1
6,7,30,120,600,self,2.2814662050356906,1.8487379444901728,0.3160000000000001,1
6,8,30,120,600,self,0.1481259573926912,1.8487379444901728,0.4620000000000002,2
6,9,30,120,600,self,2.7712721168545498,1.8487379444901728,0.3330000000000001,1
6,10,30,120,600,self,2.2262455238360994,1.8487379444901728,0.5430000000000003,1
6,11,30,120,600,self,1.7287707723062198,1.8487379444901728,0.6240000000000003,1
6,12,30,120,600,self,2.6422948733140417,1.8487379444901728,0.4700000000000002,1
6,13,30,120,600,self,3.13086987040488,1.8487379444901728,0.3690000000000001,1
6,14,30,120,600,self,2.1894848481430556,1.8487379444901728,0.5070000000000002,1
6,15,30,120,600,self,1.7048344336970165,1.8487379444901728,0.3480000000000001,1
6,16,30,120,600,self,3.140303966023772,1.8487379444901728,0.3390000000000001,1
6,17,30,120,600,self,2.3026741559294464,1.8487379444901728,0.41300000000000014,1
6,18,30,120,600,self,1.3383859984537496,1.8487379444901728,0.5430000000000003,1
6,19,30,120,600,self,2.8329400424338167,1.8487379444901728,0.25500000000000006,1
6,20,30,120,600,self,4.249315222612188,1.8487379444901728,0.32600000000000007,1
6,21,30,120,600,self,3.3514604361728946,1.8487379444901728,0.5720000000000003,1
6,22,30,120,600,self,2.8000297027055203,1.8487379444901728,0.43000000000000016,1
6,23,30,120,600,self,1.0051590101834649,1.8487379444901728,0.5670000000000003,1
6,24,30,120,600,self,2.649557293803654,1.8487379444901728,0.2740000000000001,2
6,25,30,120,600,self,3.1129830171607447,1.8487379444901728,0.3900000000000001,1
6,26,30,120,600,self,2.8092759772264273,1.8487379444901728,0.3340000000000001,1
6,27,30,120,600,self,3.119221220637564,1.8487379444901728,0.5220000000000002,1
6,28,30,120,600,self,2.6289359565637676,1.8487379444901728,0.5740000000000003,1
6,29,30,120,600,self,3.1427342899331396,1.8487379444901728,0.42300000000000015,1
6,30,30,120,600,self,2.8455098945979023,1.8487379444901728,0.44300000000000017,1
6,31,30,120,600,self,3.3362210223700512,1.8487379444901728,0.3630000000000001,1
6,32,30,120,600,self,2.6606876515444027,1.8487379444901728,0.3450000000000001,1
6,33,30,120,600,self,3.9277037433591326,1.8487379444901728,0.5520000000000003,1
6,34,30,120,600,self,2.549664277987026,1.8487379444901728,0.32800000000000007,1
6,35,30,120,600,self,3.010717616643018,1.8487379444901728,0.40000000000000013,1
6,36,30,120,600,self,1.9820236887777696,1.8487379444901728,0.5910000000000003,1
6,37,30,120,600,self,1.439141074847044,1.8487379444901728,0.3600000000000001,1
6,38,30,120,600,self,3.110131057635559,1.8487379444901728,0.4940000000000002,1
6,39,30,120,600,self,2.2702667923931035,1.8487379444901728,0.3040000000000001,1
6,40,30,120,600,self,1.9326045147676176,1.8487379444901728,0.39500000000000013,1
6,41,30,120,600,self,2.504355804022167,1.8487379444901728,0.40900000000000014,1
6,42,30,120,600,self,3.817486201348779,1.8487379444901728,0.2810000000000001,1
6,43,30,120,600,self,0.5776127025892195,1.8487379444901728,0.3550000000000001,1
6,44,30,120,600,self,1.457422134757145,1.8487379444901728,0.39600000000000013,1
6,45,30,120,600,self,1.7240580169764,1.8487379444901728,0.4800000000000002,1
6,46,30,120,600,self,2.8962944506476944,1.8487379444901728,0.41700000000000015,1
6,47,30,120,600,self,2.2449613644216067,1.8487379444901728,0.3400000000000001,1
6,48,30,120,600,self,4.344055409615495,1.8487379444901728,0.4810000000000002,1
6,49,30,120,600,self,4.31199479564562,1.8487379444901728,0.4460000000000002,1
6,50,30,120,600,self,0.7583445604592796,1.8487379444901728,0.3160000000000001,1
6,51,30,120,600,self,1.735098832580749,1.8487379444901728,0.40400000000000014,1
6,52,30,120,600,self,4.075806792049669,1.8487379444901728,0.3350000000000001,1
6,53,30,120,600,self,-0.806624835165294,1.8487379444901728,0.3430000000000001,2
6,54,30,120,600,self,1.6435502349495015,1.8487379444901728,0.3830000000000001,1
6,55,30,120,600,self,1.6005355396991363,1.8487379444901728,0.39400000000000013,1
6,56,30,120,600,self,2.2629398450876113,1.8487379444901728,0.5120000000000002,1
6,57,30,120,600,self,2.6547077173910427,1.8487379444901728,0.5460000000000003,1
6,58,30,120,600,self,2.9857987203483143,1.8487379444901728,0.4540000000000002,1
6,59,30,120,600,self,1.584408643340895,1.8487379444901728,0.5160000000000002,1
6,60,30,120,600,self,2.337970066844084,1.8487379444901728,0.4480000000000002,1
6,61,30,120,600,self,0.7029555710605317,1.8487379444901728,0.6160000000000003,2
6,62,30,120,600,self,2.1689565416499734,1.8487379444901728,0.3240000000000001,1
6,63,30,120,600,self,1.415173425254043,1.8487379444901728,0.4820000000000002,1
6,64,30,120,600,self,2.643247012169332,1.8487379444901728,0.42000000000000015,1
6,65,30,120,600,self,0.7662573759931541,1.8487379444901728,0.3690000000000001,1
6,66,30,120,600,self,1.4586436390437563,1.8487379444901728,0.5710000000000003,1
6,67,30,120,600,self,2.720332831838132,1.8487379444901728,0.3130000000000001,1
6,68,30,120,600,self,1.2054207793085026,1.8487379444901728,0.2980000000000001,1
6,69,30,120,600,self,1.8964928475230765,1.8487379444901728,0.3690000000000001,1
6,70,30,120,600,self,0.633070784626995,1.8487379444901728,0.4740000000000002,1
6,71,30,120,600,self,4.248721330664695,1.8487379444901728,0.3190000000000001,1
6,72,30,120,600,self,1.9370366929076956,1.8487379444901728,0.41900000000000015,1
6,73,30,120,600,self,1.7124245886032212,1.8487379444901728,0.5220000000000002,1
6,74,30,120,600,self,3.0447665761776688,1.8487379444901728,0.3600000000000001,1
6,75,30,120,600,self,2.6461662299567545,1.8487379444901728,0.3530000000000001,1
6,76,30,120,600,self,3.402027676417606,1.8487379444901728,0.5020000000000002,1
6,77,30,120,600,self,4.2632305511107385,1.8487379444901728,0.2980000000000001,1
6,78,30,120,600,self,3.146882261772317,1.8487379444901728,0.4730000000000002,1
6,79,30,120,600,self,2.1318310691689506,1.8487379444901728,0.5090000000000002,1
6,80,30,120,600,self,1.4274978829937557,1.8487379444901728,0.4790000000000002,1
6,81,30,120,600,self,3.1242268587513986,1.8487379444901728,0.4940000000000002,1
6,82,30,120,600,self,3.11602157402117,1.8487379444901728,0.40300000000000014,1
6,83,30,120,600,self,2.438914491998477,1.8487379444901728,0.3030000000000001,1
6,84,30,120,600,self,4.073851001583178,1.8487379444901728,0.4530000000000002,1
6,85,30,120,600,self,3.9706370518952134,1.8487379444901728,0.4830000000000002,1
6,86,30,120,600,self,2.757898538631858,1.8487379444901728,0.4840000000000002,1
6,87,30,120,600,self,4.078263394816569,1.8487379444901728,0.4880000000000002,1
6,88,30,120,600,self,3.323740180746399,1.8487379444901728,0.6140000000000003,1
6,89,30,120,600,self,1.7976510322424737,1.8487379444901728,0.39900000000000013,1
6,90,30,120,600,self,0.9428193900842539,1.8487379444901728,0.5970000000000003,2
6,91,30,120,600,self,-0.8608222398026921,1.8487379444901728,0.5940000000000003,2
6,92,30,120,600,self,3.4139871258746535,1.8487379444901728,0.3160000000000001,1
6,93,30,120,600,self,2.8973797122352782,1.8487379444901728,0.5910000000000003,1
6,94,30,120,600,self,2.614526490145964,1.8487379444901728,0.42000000000000015,1
6,95,30,120,600,self,1.6862626190021262,1.8487379444901728,0.5180000000000002,1
6,96,30,120,600,self,1.8534124305578266,1.8487379444901728,0.3380000000000001,1
6,97,30,120,600,self,2.9879628573129664,1.8487379444901728,0.5370000000000003,1
6,98,30,120,600,self,2.86827307582148,1.8487379444901728,0.42000000000000015,1
6,99,30,120,600,self,2.107883861257424,1.8487379444901728,0.42300000000000015,1
6,100,30,120,600,self,2.69302175760576,1.8487379444901728,0.5010000000000002,1
6,101,30,120,600,self,1.864759516770965,1.8487379444901728,0.3680000000000001,1
6,102,30,120,600,self,0.9880451153097214,1.8487379444901728,0.44300000000000017,2
6,103,30,120,600,self,2.700950549201742,1.8487379444901728,0.3620000000000001,1
6,104,30,120,600,self,2.0560223489071228,1.8487379444901728,0.3320000000000001,1
6,105,30,120,600,self,0.9354875278650943,1.8487379444901728,0.5390000000000003,1
6,106,30,120,600,self,2.1811230972266937,1.8487379444901728,0.6110000000000003,1
6,107,30,120,600,self,1.7155072035556942,1.8487379444901728,0.4860000000000002,1
6,108,30,120,600,self,3.246351101848803,1.8487379444901728,0.3370000000000001,1
6,109,30,120,600,self,2.833349388423799,1.8487379444901728,0.3470000000000001,1
6,110,30,120,600,self,4.21582770025962,1.8487379444901728,0.3640000000000001,1
6,111,30,120,600,self,2.568931559632564,1.8487379444901728,0.43000000000000016,1
6,112,30,120,600,self,4.209950188153304,1.8487379444901728,0.3500000000000001,1
6,113,30,120,600,self,2.863964889121197,1.8487379444901728,0.4890000000000002,1
6,114,30,120,600,self,2.5000048004106343,1.8487379444901728,0.43900000000000017,1
6,115,30,120,600,self,3.8578847685032986,1.8487379444901728,0.3190000000000001,1
6,116,30,120,600,self,2.576123843329502,1.8487379444901728,0.3490000000000001,1
6,117,30,120,600,self,1.014035709411341,1.8487379444901728,0.5620000000000003,2
6,118,30,120,600,self,4.9505260503361015,1.8487379444901728,0.3750000000000001,1
6,119,30,120,600,self,1.772987045522341,1.8487379444901728,0.44000000000000017,1
6,120,30,120,600,self,2.8292786890194357,1.8487379444901728,0.3900000000000001,1
6,121,30,120,600,self,5.559477647363964,1.8487379444901728,0.3330000000000001,1
6,122,30,120,600,self,2.069463470560324,1.8487379444901728,0.3090000000000001,1
6,123,30,120,600,self,3.448769533207077,1.8487379444901728,0.3470000000000001,1
6,124,30,120,600,self,3.9538547121368692,1.8487379444901728,0.3390000000000001,1
6,125,30,120,600,self,2.3871224799511093,1.8487379444901728,0.3460000000000001,1
6,126,30,120,600,self,1.617715056058071,1.8487379444901728,0.3360000000000001,1
6,127,30,120,600,self,0.9715475103682532,1.8487379444901728,0.44200000000000017,1
6,128,30,120,600,self,2.765742386135003,1.8487379444901728,0.42400000000000015,1
6,129,30,120,600,self,2.5742973899420374,1.8487379444901728,0.2940000000000001,1
6,130,30,120,600,self,3.112303952006344,1.8487379444901728,0.3000000000000001,1
7,1,30,120,600,stranger,0.9725825751407735,2.468925421610726,0.5510000000000003,1
7,2,30,120,600,stranger,2.1450074046319454,2.468925421610726,0.4880000000000002,1
7,3,30,120,600,stranger,1.2620196143116251,2.468925421610726,0.5440000000000003,1
7,4,30,120,600,stranger,1.0063347475673954,2.468925421610726,0.6290000000000003,1
7,5,30,120,600,stranger,1.1170624646206369,2.468925421610726,0.5820000000000003,2
7,6,30,120,600,stranger,0.6680965342781604,2.468925421610726,0.44200000000000017,1
7,7,30,120,600,stranger,-0.8129538687430974,2.468925421610726,0.5050000000000002,2
7,8,30,120,600,stranger,0.23124174332780362,2.468925421610726,0.6180000000000003,1
7,9,30,120,600,stranger,0.9151524982707021,2.468925421610726,0.6290000000000003,1
7,10,30,120,600,stranger,2.8065383847064074,2.468925421610726,0.4770000000000002,1
7,11,30,120,600,stranger,1.6398727375805104,2.468925421610726,0.4640000000000002,1
7,12,30,120,600,stranger,0.4553319293380048,2.468925421610726,0.4960000000000002,1
7,13,30,120,600,stranger,1.3656141866437856,2.468925421610726,0.5340000000000003,1
7,14,30,120,600,stranger,1.0046946120751543,2.468925421610726,0.5690000000000003,1
7,15,30,120,600,stranger,1.1752715155072702,2.468925421610726,0.32600000000000007,1
7,16,30,120,600,stranger,-0.42917730682513866,2.468925421610726,0.4550000000000002,2
7,17,30,120,600,stranger,0.7764400097248323,2.468925421610726,0.5830000000000003,1
7,18,30,120,600,stranger,1.1264654313785507,2.468925421610726,0.6300000000000003,1
7,19,30,120,600,stranger,0.599383758841324,2.468925421610726,0.4920000000000002,1
7,20,30,120,600,stranger,-1.0059449193222552,2.468925421610726,0.5830000000000003,2
7,21,30,120,600,stranger,0.9571800652540389,2.468925421610726,0.5100000000000002,1
7,22,30,120,600,stranger,0.8620368836447598,2.468925421610726,0.5550000000000003,1
7,23,30,120,600,stranger,-0.2811223349338856,2.468925421610726,0.39600000000000013,2
7,24,30,120,600,stranger,2.6812652312188074,2.468925421610726,0.4640000000000002,1
7,25,30,120,600,stranger,1.4839341670186679,2.468925421610726,0.42100000000000015,1
7,26,30,120,600,stranger,0.3305622517621371,2.468925421610726,0.5310000000000002,1
7,27,30,120,600,stranger,1.0184769953512798,2.468925421610726,0.4660000000000002,1
7,28,30,120,600,stranger,0.5586512985707537,2.468925421610726,0.6240000000000003,1
7,29,30,120,600,stranger,2.1846138457806696,2.468925421610726,0.4740000000000002,1
7,30,30,120,600,stranger,0.7349131641485771,2.468925421610726,0.41900000000000015,1
7,31,30,120,600,stranger,1.4551099139563641,2.468925421610726,0.4480000000000002,1
7,32,30,120,600,stranger,-0.994178455809218,2.468925421610726,0.5900000000000003,2
7,33,30,120,600,stranger,-1.0477997580374057,2.468925421610726,0.6300000000000003,2
7,34,30,120,600,stranger,2.652119424588325,2.468925421610726,0.4830000000000002,1
7,35,30,120,600,stranger,1.5140536217874438,2.468925421610726,0.5780000000000003,1
7,36,30,120,600,stranger,2.8881651383521993,2.468925421610726,0.4600000000000002,1
7,37,30,120,600,stranger,3.2361067474201937,2.468925421610726,0.5880000000000003,1
7,38,30,120,600,stranger,2.668118056917842,2.468925421610726,0.5050000000000002,1
7,39,30,120,600,stranger,2.071318057428799,2.468925421610726,0.6140000000000003,1
7,40,30,120,600,stranger,1.5882409119483036,2.468925421610726,0.5600000000000003,1
7,41,30,120,600,stranger,-1.033049428763567,2.468925421610726,0.5470000000000003,2
7,42,30,120,600,stranger,0.16711610693238044,2.468925421610726,0.6300000000000003,2
7,43,30,120,600,stranger,-0.04196766125355167,2.468925421610726,0.6110000000000003,1
7,44,30,120,600,stranger,1.523917161229352,2.468925421610726,0.5500000000000003,1
7,45,30,120,600,stranger,-0.032984033284642056,2.468925421610726,0.5440000000000003,2
7,46,30,120,600,stranger,2.5717998468191525,2.468925421610726,0.6110000000000003,1
7,47,30,120,600,stranger,-0.2095522264911005,2.468925421610726,0.5580000000000003,2
7,48,30,120,600,stranger,1.4081762492002732,2.468925421610726,0.42400000000000015,1
7,49,30,120,600,stranger,-0.6315060939172695,2.468925421610726,0.6110000000000003,2
7,50,30,120,600,stranger,2.500708929895257,2.468925421610726,0.5520000000000003,1
7,51,30,120,600,stranger,1.431276330986699,2.468925421610726,0.4850000000000002,1
7,52,30,120,600,stranger,-2.2649805391135445,2.468925421610726,0.5100000000000002,2
7,53,30,120,600,stranger,1.8978814851074963,2.468925421610726,0.4610000000000002,1
7,54,30,120,600,stranger,2.1487391366394286,2.468925421610726,0.39400000000000013,1
7,55,30,120,600,stranger,1.7700423451018383,2.468925421610726,0.5570000000000003,1
7,56,30,120,600,stranger,2.2526590078124133,2.468925421610726,0.4540000000000002,1
7,57,30,120,600,stranger,1.6264299048036177,2.468925421610726,0.5550000000000003,1
7,58,30,120,600,stranger,0.6259777167912144,2.468925421610726,0.6120000000000003,2
7,59,30,120,600,stranger,-0.7807891145730949,2.468925421610726,0.3690000000000001,2
7,60,30,120,600,stranger,1.7541594175074517,2.468925421610726,0.4870000000000002,1
7,61,30,120,600,stranger,1.2756352045513466,2.468925421610726,0.5720000000000003,1
7,62,30,120,600,stranger,0.6634402473210035,2.468925421610726,0.5450000000000003,1
7,63,30,120,600,stranger,0.07566739152726687,2.468925421610726,0.4780000000000002,2
7,64,30,120,600,stranger,0.564038400837675,2.468925421610726,0.6000000000000003,2
7,65,30,120,600,stranger,0.5140987421219746,2.468925421610726,0.4740000000000002,2
7,66,30,120,600,stranger,2.635530141457081,2.468925421610726,0.3790000000000001,1
7,67,30,120,600,stranger,2.289563054693141,2.468925421610726,0.39800000000000013,1
7,68,30,120,600,stranger,0.8771092280950364,2.468925421610726,0.4890000000000002,1
7,69,30,120,600,stranger,0.2471310004122409,2.468925421610726,0.3750000000000001,2
7,70,30,120,600,stranger,2.1473065134784766,2.468925421610726,0.5570000000000003,1
7,71,30,120,600,stranger,3.026502863911011,2.468925421610726,0.5170000000000002,1
7,72,30,120,600,stranger,1.6952769468719473,2.468925421610726,0.40700000000000014,1
7,73,30,120,600,stranger,0.5652685427880505,2.468925421610726,0.6020000000000003,1
7,74,30,120,600,stranger,1.4062091231817888,2.468925421610726,0.5820000000000003,1
7,75,30,120,600,stranger,-0.9705090998756726,2.468925421610726,0.5300000000000002,2
7,76,30,120,600,stranger,2.1103868201055773,2.468925421610726,0.4870000000000002,1
7,77,30,120,600,stranger,0.7087110454700101,2.468925421610726,0.42200000000000015,1
7,78,30,120,600,stranger,1.591766276119185,2.468925421610726,0.44300000000000017,1
7,79,30,120,600,stranger,2.7464138175732424,2.468925421610726,0.4780000000000002,1
7,80,30,120,600,stranger,1.4347130000797352,2.468925421610726,0.5480000000000003,1
7,81,30,120,600,stranger,1.6031313661510058,2.468925421610726,0.42100000000000015,1
7,82,30,120,600,stranger,1.1704385124246328,2.468925421610726,0.4790000000000002,2
7,83,30,120,600,stranger,-0.5712061005783459,2.468925421610726,0.5220000000000002,2
7,84,30,120,600,stranger,-1.4033748227188685,2.468925421610726,0.5620000000000003,2
7,85,30,120,600,stranger,1.8318425564701095,2.468925421610726,0.5760000000000003,1
7,86,30,120,600,stranger,1.1233532636939692,2.468925421610726,0.5780000000000003,1
7,87,30,120,600,stranger,1.5768106564095212,2.468925421610726,0.5260000000000002,1
7,88,30,120,600,stranger,-0.27285372109852846,2.468925421610726,0.5230000000000002,2
7,89,30,120,600,stranger,2.156522943712127,2.468925421610726,0.5580000000000003,1
7,90,30,120,600,stranger,-0.9023578023080837,2.468925421610726,0.3720000000000001,2
7,91,30,120,600,stranger,1.5042383278273914,2.468925421610726,0.6120000000000003,1
7,92,30,120,600,stranger,2.3233432075836795,2.468925421610726,0.5510000000000003,1
7,93,30,120,600,stranger,0.32709640716301897,2.468925421610726,0.6080000000000003,1
7,94,30,120,600,stranger,1.159619588414111,2.468925421610726,0.3240000000000001,2
7,95,30,120,600,stranger,0.6058101298331217,2.468925421610726,0.6080000000000003,2
7,96,30,120,600,stranger,1.1544664295177696,2.468925421610726,0.5000000000000002,1
7,97,30,120,600,stranger,2.487719680560704,2.468925421610726,0.5120000000000002,1
7,98,30,120,600,stranger,1.8938186176176846,2.468925421610726,0.5920000000000003,1
7,99,30,120,600,stranger,0.6417495386775477,2.468925421610726,0.6190000000000003,1
7,100,30,120,600,stranger,0.8624091113894639,2.468925421610726,0.5200000000000002,2
7,101,30,120,600,stranger,1.8938733742939053,2.468925421610726,0.40200000000000014,1
7,102,30,120,600,stranger,1.7967820263100114,2.468925421610726,0.5610000000000003,1
7,103,30,120,600,stranger,0.7035162781961097,2.468925421610726,0.5590000000000003,1
7,104,30,120,600,stranger,2.013236991256217,2.468925421610726,0.5670000000000003,1
7,105,30,120,600,stranger,1.1434737447470416,2.468925421610726,0.4870000000000002,1
7,106,30,120,600,stranger,1.753236229939986,2.468925421610726,0.4640000000000002,2
7,107,30,120,600,stranger,1.7339736811886746,2.468925421610726,0.5390000000000003,1
7,108,30,120,600,stranger,2.499036261806582,2.468925421610726,0.5430000000000003,1
7,109,30,120,600,stranger,-1.1985171830787698,2.468925421610726,0.4800000000000002,2
7,110,30,120,600,stranger,2.088501462531045,2.468925421610726,0.5370000000000003,1
7,111,30,120,600,stranger,1.7371141170905444,2.468925421610726,0.41200000000000014,1
7,112,30,120,600,stranger,2.03805333244273,2.468925421610726,0.4980000000000002,1
7,113,30,120,600,stranger,0.5753733134909629,2.468925421610726,0.3890000000000001,1
7,114,30,120,600,stranger,1.3493207905340383,2.468925421610726,0.5210000000000002,1
7,115,30,120,600,stranger,0.47708930919384296,2.468925421610726,0.4560000000000002,1
7,116,30,120,600,stranger,1.2855589706978123,2.468925421610726,0.5570000000000003,1
7,117,30,120,600,stranger,1.7093687791710233,2.468925421610726,0.5030000000000002,1
7,118,30,120,600,stranger,0.38885728543150166,2.468925421610726,0.5880000000000003,1
7,119,30,120,600,stranger,1.1970772988857306,2.468925421610726,0.5650000000000003,1
7,120,30,120,600,stranger,1.7016687585678345,2.468925421610726,0.5580000000000003,1
7,121,30,120,600,stranger,0.7693789642172462,2.468925421610726,0.41800000000000015,1
7,122,30,120,600,stranger,0.6025628335562927,2.468925421610726,0.5320000000000003,1
7,123,30,120,600,stranger,-0.8648260216648248,2.468925421610726,0.5080000000000002,2
7,124,30,120,600,stranger,1.3576480998973184,2.468925421610726,0.5650000000000003,1
7,125,30,120,600,stranger,1.33257128655247,2.468925421610726,0.5230000000000002,1
7,126,30,120,600,stranger,-0.439019888371294,2.468925421610726,0.5430000000000003,1
7,127,30,120,600,stranger,0.9134425073099413,2.468925421610726,0.3790000000000001,1
7,128,30,120,600,stranger,-0.4739103864859936,2.468925421610726,0.5310000000000002,2
7,129,30,120,600,stranger,1.8663409568155327,2.468925421610726,0.4760000000000002,1
7,130,30,120,600,stranger,2.0922061420380746,2.468925421610726,0.5630000000000003,1
7,1,30,120,600,self,3.369598090533886,2.468925421610726,0.41200000000000014,1
7,2,30,120,600,self,1.8617045132337706,2.468925421610726,0.5740000000000003,1
7,3,30,120,600,self,2.0204793223765862,2.468925421610726,0.5160000000000002,1
7,4,30,120,600,self,2.0666133056934024,2.468925421610726,0.3550000000000001,1
7,5,30,120,600,self,3.859663266073664,2.468925421610726,0.4750000000000002,1
7,6,30,120,600,self,2.2010280398040303,2.468925421610726,0.6290000000000003,1
7,7,30,120,600,self,2.4891936917538904,2.468925421610726,0.5590000000000003,1
7,8,30,120,600,self,3.501551258686133,2.468925421610726,0.5890000000000003,1
7,9,30,120,600,self,2.6209617469247073,2.468925421610726,0.4780000000000002,1
7,10,30,120,600,self,2.124150981317831,2.468925421610726,0.6200000000000003,1
7,11,30,120,600,self,3.673136761044775,2.468925421610726,0.5850000000000003,1
7,12,30,120,600,self,1.8893905536155864,2.468925421610726,0.5590000000000003,1
7,13,30,120,600,self,3.6770145518863346,2.468925421610726,0.3580000000000001,1
7,14,30,120,600,self,3.913738340573617,2.468925421610726,0.40200000000000014,1
7,15,30,120,600,self,3.5530010450426555,2.468925421610726,0.5070000000000002,1
7,16,30,120,600,self,3.548913914043246,2.468925421610726,0.5110000000000002,1
7,17,30,120,600,self,2.2772565322307052,2.468925421610726,0.6100000000000003,1
7,18,30,120,600,self,3.5109387480525296,2.468925421610726,0.5350000000000003,1
7,19,30,120,600,self,4.462771166465858,2.468925421610726,0.41700000000000015,1
7,20,30,120,600,self,3.4557109848479293,2.468925421610726,0.42200000000000015,1
7,21,30,120,600,self,3.98066476175528,2.468925421610726,0.4980000000000002,1
7,22,30,120,600,self,2.8349035216788923,2.468925421610726,0.42900000000000016,1
7,23,30,120,600,self,4.112952161000772,2.468925421610726,0.4750000000000002,1
7,24,30,120,600,self,2.1745452033929156,2.468925421610726,0.5810000000000003,1
7,25,30,120,600,self,2.609450919349039,2.468925421610726,0.5680000000000003,1
7,26,30,120,600,self,4.722641156624607,2.468925421610726,0.3830000000000001,1
7,27,30,120,600,self,2.1056211462819174,2.468925421610726,0.5960000000000003,1
7,28,30,120,600,self,2.7433765878504572,2.468925421610726,0.5510000000000003,1
7,29,30,120,600,self,3.853610301083788,2.468925421610726,0.5330000000000003,1
7,30,30,120,600,self,1.6876271666449911,2.468925421610726,0.6200000000000003,1
7,31,30,120,600,self,3.329947477397124,2.468925421610726,0.5970000000000003,1
7,32,30,120,600,self,2.4266154153879014,2.468925421610726,0.44000000000000017,1
7,33,30,120,600,self,1.737629422170552,2.468925421610726,0.5700000000000003,1
7,34,30,120,600,self,2.731054701577836,2.468925421610726,0.3330000000000001,1
7,35,30,120,600,self,0.8110492798431403,2.468925421610726,0.40800000000000014,1
7,36,30,120,600,self,3.91565289848271,2.468925421610726,0.44100000000000017,1
7,37,30,120,600,self,1.528594511872479,2.468925421610726,0.6170000000000003,1
7,38,30,120,600,self,2.283729284183948,2.468925421610726,0.6260000000000003,1
7,39,30,120,600,self,2.6503444533791467,2.468925421610726,0.5460000000000003,1
7,40,30,120,600,self,2.791948437484224,2.468925421610726,0.6140000000000003,1
7,41,30,120,600,self,4.0551062720509385,2.468925421610726,0.6300000000000003,1
7,42,30,120,600,self,2.601864570827739,2.468925421610726,0.41800000000000015,1
7,43,30,120,600,self,3.303810827371521,2.468925421610726,0.3870000000000001,1
7,44,30,120,600,self,2.168295831732207,2.468925421610726,0.4500000000000002,1
7,45,30,120,600,self,3.8406309142365913,2.468925421610726,0.3590000000000001,1
7,46,30,120,600,self,4.53072654051978,2.468925421610726,0.3050000000000001,1
7,47,30,120,600,self,4.412286588380925,2.468925421610726,0.4610000000000002,1
7,48,30,120,600,self,3.4168152318445397,2.468925421610726,0.4920000000000002,1
7,49,30,120,600,self,2.6037680234898906,2.468925421610726,0.42000000000000015,1
7,50,30,120,600,self,2.2657028700675625,2.468925421610726,0.5460000000000003,1
7,51,30,120,600,self,4.541713399592022,2.468925421610726,0.4980000000000002,1
7,52,30,120,600,self,2.8120936187025283,2.468925421610726,0.3720000000000001,1
7,53,30,120,600,self,3.6489890881258558,2.468925421610726,0.3560000000000001,1
7,54,30,120,600,self,1.4993647777887222,2.468925421610726,0.4870000000000002,1
7,55,30,120,600,self,1.5508388649075289,2.468925421610726,0.5790000000000003,1
7,56,30,120,600,self,3.2051704329608377,2.468925421610726,0.4510000000000002,1
7,57,30,120,600,self,4.57905777164412,2.468925421610726,0.5070000000000002,1
7,58,30,120,600,self,2.996617343231532,2.468925421610726,0.5840000000000003,1
7,59,30,120,600,self,0.906505706732174,2.468925421610726,0.5790000000000003,1
7,60,30,120,600,self,2.0031768961938297,2.468925421610726,0.6230000000000003,1
7,61,30,120,600,self,4.812243611530052,2.468925421610726,0.4610000000000002,1
7,62,30,120,600,self,3.634458189458397,2.468925421610726,0.43500000000000016,1
7,63,30,120,600,self,2.999145485165805,2.468925421610726,0.5380000000000003,1
7,64,30,120,600,self,2.5460358297120087,2.468925421610726,0.3880000000000001,1
7,65,30,120,600,self,2.8379240388277442,2.468925421610726,0.3100000000000001,1
7,66,30,120,600,self,2.3693778666237066,2.468925421610726,0.5020000000000002,1
7,67,30,120,600,self,2.7147820999810275,2.468925421610726,0.4890000000000002,1
7,68,30,120,600,self,1.6444746251145466,2.468925421610726,0.5770000000000003,1
7,69,30,120,600,self,1.7788010845226423,2.468925421610726,0.4530000000000002,1
7,70,30,120,600,self,3.32173160806547,2.468925421610726,0.42300000000000015,1
7,71,30,120,600,self,4.266125115505706,2.468925421610726,0.4520000000000002,1
7,72,30,120,600,self,3.1499948844096766,2.468925421610726,0.4860000000000002,1
7,73,30,120,600,self,3.982923101226132,2.468925421610726,0.40100000000000013,1
7,74,30,120,600,self,2.1339156046816488,2.468925421610726,0.5020000000000002,1
7,75,30,120,600,self,2.333078447825559,2.468925421610726,0.5370000000000003,1
7,76,30,120,600,self,2.8390539292323846,2.468925421610726,0.5800000000000003,1
7,77,30,120,600,self,3.583384410445547,2.468925421610726,0.3240000000000001,1
7,78,30,120,600,self,4.656408835989177,2.468925421610726,0.5730000000000003,1
7,79,30,120,600,self,3.365780869524949,2.468925421610726,0.3920000000000001,1
7,80,30,120,600,self,2.677274778440276,2.468925421610726,0.5240000000000002,1
7,81,30,120,600,self,1.8745789205167447,2.468925421610726,0.3390000000000001,1
7,82,30,120,600,self,3.0127155875091653,2.468925421610726,0.3430000000000001,1
7,83,30,120,600,self,2.837506028158907,2.468925421610726,0.41800000000000015,1
7,84,30,120,600,self,2.4436960836760324,2.468925421610726,0.41500000000000015,1
7,85,30,120,600,self,2.5980953125271977,2.468925421610726,0.5310000000000002,1
7,86,30,120,600,self,2.6388228126158593,2.468925421610726,0.5650000000000003,1
7,87,30,120,600,self,3.454696392108727,2.468925421610726,0.43100000000000016,1
7,88,30,120,600,self,1.440367013037521,2.468925421610726,0.4740000000000002,1
7,89,30,120,600,self,3.8179125988353606,2.468925421610726,0.41800000000000015,1
7,90,30,120,600,self,2.476788462236564,2.468925421610726,0.5940000000000003,1
7,91,30,120,600,self,4.029076255324067,2.468925421610726,0.42700000000000016,1
7,92,30,120,600,self,1.7422656763489086,2.468925421610726,0.41600000000000015,1
7,93,30,120,600,self,3.7634819061424256,2.468925421610726,0.40300000000000014,1
7,94,30,120,600,self,2.6619157605130876,2.468925421610726,0.5400000000000003,1
7,95,30,120,600,self,2.2073305285788267,2.468925421610726,0.3930000000000001,1
7,96,30,120,600,self,3.666318621427412,2.468925421610726,0.6130000000000003,1
7,97,30,120,600,self,2.859048134650116,2.468925421610726,0.43300000000000016,1
7,98,30,120,600,self,1.756731168912788,2.468925421610726,0.4770000000000002,1
7,99,30,120,600,self,3.32500187979084,2.468925421610726,0.42200000000000015,1
7,100,30,120,600,self,3.266833954463078,2.468925421610726,0.5330000000000003,1
7,101,30,120,600,self,2.7662564013627744,2.468925421610726,0.4610000000000002,1
7,102,30,120,600,self,4.880803646222804,2.468925421610726,0.3630000000000001,1
7,103,30,120,600,self,3.318251312541146,2.468925421610726,0.3910000000000001,1
7,104,30,120,600,self,3.6695819336953344,2.468925421610726,0.43100000000000016,1
7,105,30,120,600,self,2.3460318129149815,2.468925421610726,0.5980000000000003,1
7,106,30,120,600,self,2.3199943399202625,2.468925421610726,0.5090000000000002,1
7,107,30,120,600,self,1.2841954618167168,2.468925421610726,0.5920000000000003,1
7,108,30,120,600,self,2.9621998162232073,2.468925421610726,0.6210000000000003,1
7,109,30,120,600,self,3.016423490979366,2.468925421610726,0.4840000000000002,1
7,110,30,120,600,self,4.789189450499397,2.468925421610726,0.3860000000000001,1
7,111,30,120,600,self,3.784706983756206,2.468925421610726,0.4670000000000002,1
7,112,30,120,600,self,2.7370814448584517,2.468925421610726,0.3640000000000001,1
7,113,30,120,600,self,3.5286273769442884,2.468925421610726,0.3600000000000001,1
7,114,30,120,600,self,2.1710027969681644,2.468925421610726,0.5080000000000002,1
7,115,30,120,600,self,3.170178787090234,2.468925421610726,0.4770000000000002,1
7,116,30,120,600,self,2.239807677468211,2.468925421610726,0.6210000000000003,1
7,117,30,120,600,self,1.14127907265518,2.468925421610726,0.39700000000000013,1
7,118,30,120,600,self,2.6573547108032227,2.468925421610726,0.4820000000000002,1
7,119,30,120,600,self,2.5216498901383333,2.468925421610726,0.5560000000000003,1
7,120,30,120,600,self,1.5600541197138893,2.468925421610726,0.40800000000000014,1
7,121,30,120,600,self,1.7862669318019218,2.468925421610726,0.5240000000000002,1
7,122,30,120,600,self,2.749469919606516,2.468925421610726,0.3790000000000001,1
7,123,30,120,600,self,3.9415732921819506,2.468925421610726,0.5280000000000002,1
7,124,30,120,600,self,4.087333044437617,2.468925421610726,0.3120000000000001,1
7,125,30,120,600,self,1.7089838932142796,2.468925421610726,0.5610000000000003,1
7,126,30,120,600,self,3.780288049093837,2.468925421610726,0.5020000000000002,1
7,127,30,120,600,self,3.318187694126368,2.468925421610726,0.3910000000000001,1
7,128,30,120,600,self,4.681034288301474,2.468925421610726,0.3350000000000001,1
7,129,30,120,600,self,2.3477961473490643,2.468925421610726,0.42300000000000015,1
7,130,30,120,600,self,4.53872267433996,2.468925421610726,0.44300000000000017,1
8,1,30,120,600,stranger,-0.13976310323528862,2.9933531409861254,0.42400000000000015,2
8,2,30,120,600,stranger,1.3809309932777944,2.9933531409861254,0.5080000000000002,1
8,3,30,120,600,stranger,1.6293171908087016,2.9933531409861254,0.5850000000000003,1
8,4,30,120,600,stranger,1.230594908137976,2.9933531409861254,0.3800000000000001,1
8,5,30,120,600,stranger,2.282220115502397,2.9933531409861254,0.5360000000000003,1
8,6,30,120,600,stranger,1.7886979267109844,2.9933531409861254,0.5810000000000003,1
8,7,30,120,600,stranger,2.4208937257941607,2.9933531409861254,0.5010000000000002,1
8,8,30,120,600,stranger,1.3309516652919875,2.9933531409861254,0.6040000000000003,1
8,9,30,120,600,stranger,0.8479660224192311,2.9933531409861254,0.5060000000000002,2
8,10,30,120,600,stranger,1.5628777397717892,2.9933531409861254,0.6250000000000003,1
8,11,30,120,600,stranger,-0.30453547032083816,2.9933531409861254,0.5780000000000003,1
8,12,30,120,600,stranger,1.9771222013502157,2.9933531409861254,0.6180000000000003,1
8,13,30,120,600,stranger,1.0553936386737817,2.9933531409861254,0.43700000000000017,1
8,14,30,120,600,stranger,2.344836104777435,2.9933531409861254,0.5460000000000003,1
8,15,30,120,600,stranger,-0.7306669795410415,2.9933531409861254,0.42100000000000015,1
8,16,30,120,600,stranger,1.9765071600063204,2.9933531409861254,0.6270000000000003,1
8,17,30,120,600,stranger,-0.4514615613660421,2.9933531409861254,0.5780000000000003,2
8,18,30,120,600,stranger,-1.022254766778194,2.9933531409861254,0.4510000000000002,2
8,19,30,120,600,stranger,-2.2012751986413357,2.9933531409861254,0.5730000000000003,2
8,20,30,120,600,stranger,-0.27742298400189,2.9933531409861254,0.6060000000000003,2
8,21,30,120,600,stranger,2.2806201078458432,2.9933531409861254,0.5910000000000003,1
8,22,30,120,600,stranger,1.9327676394145956,2.9933531409861254,0.5570000000000003,1
8,23,30,120,600,stranger,-0.9422857324038897,2.9933531409861254,0.6270000000000003,2
8,24,30,120,600,stranger,-1.816202254724761,2.9933531409861254,0.5320000000000003,2
8,25,30,120,600,stranger,-0.01690207912611086,2.9933531409861254,0.4620000000000002,1
8,26,30,120,600,stranger,0.3099394870304812,2.9933531409861254,0.4560000000000002,2
8,27,30,120,600,stranger,1.5837971858250843,2.9933531409861254,0.4950000000000002,1
8,28,30,120,600,stranger,1.0709235089175,2.9933531409861254,0.5040000000000002,1
8,29,30,120,600,stranger,0.11912469476375331,2.9933531409861254,0.5270000000000002,1
8,30,30,120,600,stranger,0.5878053497091523,2.9933531409861254,0.44100000000000017,2
8,31,30,120,600,stranger,1.4418960560969512,2.9933531409861254,0.3370000000000001,1
8,32,30,120,600,stranger,2.0835183987466412,2.9933531409861254,0.5510000000000003,1
8,33,30,120,600,stranger,0.6828319259228496,2.9933531409861254,0.4500000000000002,2
8,34,30,120,600,stranger,1.6021645431585,2.9933531409861254,0.5570000000000003,1
8,35,30,120,600,stranger,1.9293204570677438,2.9933531409861254,0.4440000000000002,1
8,36,30,120,600,stranger,1.409844598834689,2.9933531409861254,0.5180000000000002,1
8,37,30,120,600,stranger,0.47356319427153204,2.9933531409861254,0.6200000000000003,1
8,38,30,120,600,stranger,2.8504210535043137,2.9933531409861254,0.3470000000000001,1
8,39,30,120,600,stranger,-1.4218863766373233,2.9933531409861254,0.5880000000000003,2
8,40,30,120,600,stranger,1.7399025296780346,2.9933531409861254,0.5890000000000003,1
8,41,30,120,600,stranger,0.7591809934984037,2.9933531409861254,0.4680000000000002,2
8,42,30,120,600,stranger,1.4581569715600962,2.9933531409861254,0.5570000000000003,1
8,43,30,120,600,stranger,-1.114154554489652,2.9933531409861254,0.5220000000000002,2
8,44,30,120,600,stranger,-0.7298149430252371,2.9933531409861254,0.41300000000000014,2
8,45,30,120,600,stranger,1.9257632205519295,2.9933531409861254,0.4630000000000002,1
8,46,30,120,600,stranger,2.616394119975185,2.9933531409861254,0.5450000000000003,1
8,47,30,120,600,stranger,2.821797763258589,2.9933531409861254,0.5980000000000003,1
8,48,30,120,600,stranger,-0.11305143542906437,2.9933531409861254,0.6190000000000003,2
8,49,30,120,600,stranger,0.9377212077508905,2.9933531409861254,0.5730000000000003,1
8,50,30,120,600,stranger,-0.7738934579548399,2.9933531409861254,0.4760000000000002,2
8,51,30,120,600,stranger,2.6549334409330094,2.9933531409861254,0.5400000000000003,1
8,52,30,120,600,stranger,-2.7282017177387234,2.9933531409861254,0.41700000000000015,2
8,53,30,120,600,stranger,0.6872126042590998,2.9933531409861254,0.6130000000000003,1
8,54,30,120,600,stranger,1.1983991879285651,2.9933531409861254,0.6090000000000003,1
8,55,30,120,600,stranger,2.5024229220125953,2.9933531409861254,0.5450000000000003,1
8,56,30,120,600,stranger,2.331425506877338,2.9933531409861254,0.5420000000000003,1
8,57,30,120,600,stranger,-0.5736482074764956,2.9933531409861254,0.5790000000000003,2
8,58,30,120,600,stranger,1.7567850139552315,2.9933531409861254,0.4740000000000002,1
8,59,30,120,600,stranger,1.634183778430414,2.9933531409861254,0.5600000000000003,1
8,60,30,120,600,stranger,0.56187073032377,2.9933531409861254,0.5990000000000003,1
8,61,30,120,600,stranger,1.7913274192755502,2.9933531409861254,0.5190000000000002,1
8,62,30,120,600,stranger,4.024167082665065,2.9933531409861254,0.5020000000000002,1
8,63,30,120,600,stranger,1.1443741997664034,2.9933531409861254,0.41900000000000015,1
8,64,30,120,600,stranger,1.629909156042745,2.9933531409861254,0.5030000000000002,1
8,65,30,120,600,stranger,-0.6286116870051944,2.9933531409861254,0.6030000000000003,2
8,66,30,120,600,stranger,2.0031942302983987,2.9933531409861254,0.5630000000000003,1
8,67,30,120,600,stranger,-1.3810202144659303,2.9933531409861254,0.5760000000000003,2
8,68,30,120,600,stranger,2.41656676200306,2.9933531409861254,0.6000000000000003,1
8,69,30,120,600,stranger,0.18121282694133484,2.9933531409861254,0.5350000000000003,1
8,70,30,120,600,stranger,2.739122511452107,2.9933531409861254,0.6100000000000003,1
8,71,30,120,600,stranger,2.364704849161599,2.9933531409861254,0.4670000000000002,1
8,72,30,120,600,stranger,2.412757696788264,2.9933531409861254,0.4820000000000002,1
8,73,30,120,600,stranger,1.6625795866678903,2.9933531409861254,0.44200000000000017,1
8,74,30,120,600,stranger,0.37614431768138495,2.9933531409861254,0.5720000000000003,1
8,75,30,120,600,stranger,2.1548682391389606,2.9933531409861254,0.5630000000000003,1
8,76,30,120,600,stranger,2.6604281774606986,2.9933531409861254,0.5600000000000003,1
8,77,30,120,600,stranger,2.0877279189099363,2.9933531409861254,0.4440000000000002,1
8,78,30,120,600,stranger,0.3955199762067832,2.9933531409861254,0.4730000000000002,1
8,79,30,120,600,stranger,2.4379735886260443,2.9933531409861254,0.5500000000000003,1
8,80,30,120,600,stranger,1.8280568451818056,2.9933531409861254,0.5800000000000003,1
8,81,30,120,600,stranger,1.0726716172637136,2.9933531409861254,0.6140000000000003,1
8,82,30,120,600,stranger,0.9383052566773167,2.9933531409861254,0.6110000000000003,1
8,83,30,120,600,stranger,1.9301013008498966,2.9933531409861254,0.3890000000000001,1
8,84,30,120,600,stranger,1.9176120217996564,2.9933531409861254,0.4850000000000002,1
8,85,30,120,600,stranger,2.7075070698792616,2.9933531409861254,0.4790000000000002,1
8,86,30,120,600,stranger,0.6307449789026425,2.9933531409861254,0.5290000000000002,1
8,87,30,120,600,stranger,1.4358226176280549,2.9933531409861254,0.5100000000000002,1
8,88,30,120,600,stranger,1.4424157834123918,2.9933531409861254,0.5730000000000003,1
8,89,30,120,600,stranger,1.8336298519063594,2.9933531409861254,0.5840000000000003,1
8,90,30,120,600,stranger,-0.27074118168485195,2.9933531409861254,0.5690000000000003,2
8,91,30,120,600,stranger,3.6000209219650623,2.9933531409861254,0.3780000000000001,1
8,92,30,120,600,stranger,-0.15031036584405721,2.9933531409861254,0.42500000000000016,2
8,93,30,120,600,stranger,1.051211803869469,2.9933531409861254,0.4910000000000002,1
8,94,30,120,600,stranger,2.2480392179428526,2.9933531409861254,0.5710000000000003,1
8,95,30,120,600,stranger,1.4530880051340196,2.9933531409861254,0.5680000000000003,1
8,96,30,120,600,stranger,2.1081351876587267,2.9933531409861254,0.6100000000000003,1
8,97,30,120,600,stranger,-1.1506601868187065,2.9933531409861254,0.5170000000000002,2
8,98,30,120,600,stranger,1.909600388237628,2.9933531409861254,0.42900000000000016,1
8,99,30,120,600,stranger,0.9933493145919163,2.9933531409861254,0.6250000000000003,1
8,100,30,120,600,stranger,0.8435918464789276,2.9933531409861254,0.5020000000000002,1
8,101,30,120,600,stranger,-0.6516594866967999,2.9933531409861254,0.5740000000000003,2
8,102,30,120,600,stranger,3.043432235645413,2.9933531409861254,0.41600000000000015,1
8,103,30,120,600,stranger,1.7085209786046733,2.9933531409861254,0.5390000000000003,1
8,104,30,120,600,stranger,2.097327043630189,2.9933531409861254,0.6210000000000003,1
8,105,30,120,600,stranger,-1.4867536224068538,2.9933531409861254,0.5850000000000003,2
8,106,30,120,600,stranger,2.4315260309181745,2.9933531409861254,0.5520000000000003,1
8,107,30,120,600,stranger,2.278623196786325,2.9933531409861254,0.4960000000000002,1
8,108,30,120,600,stranger,-1.0486733149649026,2.9933531409861254,0.4830000000000002,2
8,109,30,120,600,stranger,1.8814538647627157,2.9933531409861254,0.4850000000000002,1
8,110,30,120,600,stranger,2.0773741080279953,2.9933531409861254,0.5300000000000002,1
8,111,30,120,600,stranger,-0.11746322352511585,2.9933531409861254,0.4780000000000002,2
8,112,30,120,600,stranger,-1.745722883316752,2.9933531409861254,0.6060000000000003,2
8,113,30,120,600,stranger,2.1839064500250593,2.9933531409861254,0.6280000000000003,1
8,114,30,120,600,stranger,3.3879268330414454,2.9933531409861254,0.4650000000000002,1
8,115,30,120,600,stranger,1.720342719696582,2.9933531409861254,0.5700000000000003,1
8,116,30,120,600,stranger,2.1623732853982482,2.9933531409861254,0.5030000000000002,1
8,117,30,120,600,stranger,1.3586883672284251,2.9933531409861254,0.5890000000000003,1
8,118,30,120,600,stranger,1.4750747202783505,2.9933531409861254,0.5910000000000003,1
8,119,30,120,600,stranger,0.6835810260717377,2.9933531409861254,0.5290000000000002,2
8,120,30,120,600,stranger,1.098787306723997,2.9933531409861254,0.5080000000000002,1
8,121,30,120,600,stranger,-0.45539624008949453,2.9933531409861254,0.5500000000000003,2
8,122,30,120,600,stranger,4.539409119622866,2.9933531409861254,0.5370000000000003,1
8,123,30,120,600,stranger,-1.5705830335437638,2.9933531409861254,0.5850000000000003,2
8,124,30,120,600,stranger,0.4766351854841945,2.9933531409861254,0.4990000000000002,1
8,125,30,120,600,stranger,0.9630238925838871,2.9933531409861254,0.4870000000000002,1
8,126,30,120,600,stranger,1.4578538116101107,2.9933531409861254,0.4610000000000002,1
8,127,30,120,600,stranger,-0.6723165859682184,2.9933531409861254,0.5980000000000003,1
8,128,30,120,600,stranger,2.6044994927900893,2.9933531409861254,0.3700000000000001,1
8,129,30,120,600,stranger,1.0545592724657176,2.9933531409861254,0.6000000000000003,1
8,130,30,120,600,stranger,2.4603158632192095,2.9933531409861254,0.5550000000000003,1
8,1,30,120,600,self,2.6349527148027025,2.9933531409861254,0.4530000000000002,1
8,2,30,120,600,self,1.854332910050723,2.9933531409861254,0.3830000000000001,1
8,3,30,120,600,self,2.5966699535138273,2.9933531409861254,0.6180000000000003,1
8,4,30,120,600,self,2.508819193624194,2.9933531409861254,0.5620000000000003,1
8,5,30,120,600,self,1.8455350372673949,2.9933531409861254,0.3750000000000001,1
8,6,30,120,600,self,2.6110172482516814,2.9933531409861254,0.4860000000000002,1
8,7,30,120,600,self,3.6266430764870172,2.9933531409861254,0.5160000000000002,1
8,8,30,120,600,self,3.686261071407121,2.9933531409861254,0.5600000000000003,1
8,9,30,120,600,self,3.5831766785828143,2.9933531409861254,0.5220000000000002,1
8,10,30,120,600,self,4.053208906960972,2.9933531409861254,0.41600000000000015,1
8,11,30,120,600,self,2.2755551793293023,2.9933531409861254,0.5660000000000003,1
8,12,30,120,600,self,3.480748461146466,2.9933531409861254,0.4470000000000002,1
8,13,30,120,600,self,3.3577994280898147,2.9933531409861254,0.40600000000000014,1
8,14,30,120,600,self,3.5694519087823577,2.9933531409861254,0.5740000000000003,1
8,15,30,120,600,self,2.319061454340528,2.9933531409861254,0.4880000000000002,1
8,16,30,120,600,self,3.858499074848021,2.9933531409861254,0.42300000000000015,1
8,17,30,120,600,self,2.9851508573721346,2.9933531409861254,0.40300000000000014,1
8,18,30,120,600,self,2.5687640404117853,2.9933531409861254,0.4910000000000002,1
8,19,30,120,600,self,2.52597772798546,2.9933531409861254,0.32600000000000007,1
8,20,30,120,600,self,1.7894202132754522,2.9933531409861254,0.3360000000000001,1
8,21,30,120,600,self,2.9501253062863864,2.9933531409861254,0.5210000000000002,1
8,22,30,120,600,self,3.671945717158133,2.9933531409861254,0.5170000000000002,1
8,23,30,120,600,self,3.5756671479985433,2.9933531409861254,0.5170000000000002,1
8,24,30,120,600,self,3.1358509674862605,2.9933531409861254,0.43700000000000017,1
8,25,30,120,600,self,2.324795497173247,2.9933531409861254,0.5970000000000003,1
8,26,30,120,600,self,4.131383583086103,2.9933531409861254,0.4760000000000002,1
8,27,30,120,600,self,3.9005307390043322,2.9933531409861254,0.5310000000000002,1
8,28,30,120,600,self,3.2473818535475854,2.9933531409861254,0.5920000000000003,1
8,29,30,120,600,self,3.845461920854187,2.9933531409861254,0.5920000000000003,1
8,30,30,120,600,self,3.224033944577175,2.9933531409861254,0.5940000000000003,1
8,31,30,120,600,self,1.3924595903610795,2.9933531409861254,0.5770000000000003,1
8,32,30,120,600,self,3.035695270716006,2.9933531409861254,0.5560000000000003,1
8,33,30,120,600,self,2.1843720349733995,2.9933531409861254,0.5510000000000003,1
8,34,30,120,600,self,3.0570495231882218,2.9933531409861254,0.5560000000000003,1
8,35,30,120,600,self,4.020422742275561,2.9933531409861254,0.5030000000000002,1
8,36,30,120,600,self,2.772168078155916,2.9933531409861254,0.5490000000000003,1
8,37,30,120,600,self,3.4247256457497697,2.9933531409861254,0.42200000000000015,1
8,38,30,120,600,self,2.628364217017731,2.9933531409861254,0.41600000000000015,1
8,39,30,120,600,self,3.23839296102262,2.9933531409861254,0.5660000000000003,1
8,40,30,120,600,self,2.543055725197848,2.9933531409861254,0.5910000000000003,1
8,41,30,120,600,self,4.7611380642847045,2.9933531409861254,0.5330000000000003,1
8,42,30,120,600,self,2.2843708018420816,2.9933531409861254,0.44200000000000017,1
8,43,30,120,600,self,0.7153726901152198,2.9933531409861254,0.4720000000000002,1
8,44,30,120,600,self,3.958611629977793,2.9933531409861254,0.6010000000000003,1
8,45,30,120,600,self,4.226241558478659,2.9933531409861254,0.3880000000000001,1
8,46,30,120,600,self,3.6246215468070475,2.9933531409861254,0.4450000000000002,1
8,47,30,120,600,self,2.7437592405947373,2.9933531409861254,0.5930000000000003,1
8,48,30,120,600,self,1.9155446188828122,2.9933531409861254,0.4860000000000002,1
8,49,30,120,600,self,1.7759610461481585,2.9933531409861254,0.5040000000000002,1
8,50,30,120,600,self,4.678878081067616,2.9933531409861254,0.4900000000000002,1
8,51,30,120,600,self,3.4680192914567995,2.9933531409861254,0.5910000000000003,1
8,52,30,120,600,self,5.015425830077342,2.9933531409861254,0.5180000000000002,1
8,53,30,120,600,self,4.543492948470874,2.9933531409861254,0.6260000000000003,1
8,54,30,120,600,self,3.157092234420269,2.9933531409861254,0.5260000000000002,1
8,55,30,120,600,self,3.4444854408245056,2.9933531409861254,0.6170000000000003,1
8,56,30,120,600,self,3.04565257478888,2.9933531409861254,0.39600000000000013,1
8,57,30,120,600,self,3.8917567640992745,2.9933531409861254,0.5200000000000002,1
8,58,30,120,600,self,1.1913823421603111,2.9933531409861254,0.4920000000000002,1
8,59,30,120,600,self,3.2110436084296747,2.9933531409861254,0.4600000000000002,1
8,60,30,120,600,self,2.945142247647167,2.9933531409861254,0.5840000000000003,1
8,61,30,120,600,self,3.7482616694572246,2.9933531409861254,0.43700000000000017,1
8,62,30,120,600,self,2.8973088377251814,2.9933531409861254,0.5090000000000002,1
8,63,30,120,600,self,2.2966282808898724,2.9933531409861254,0.5390000000000003,1
8,64,30,120,600,self,2.1579627134327426,2.9933531409861254,0.5990000000000003,1
8,65,30,120,600,self,4.330762197536197,2.9933531409861254,0.5000000000000002,1
8,66,30,120,600,self,3.752400641422806,2.9933531409861254,0.41100000000000014,1
8,67,30,120,600,self,2.6470060362574888,2.9933531409861254,0.43500000000000016,1
8,68,30,120,600,self,4.182401144852185,2.9933531409861254,0.5330000000000003,1
8,69,30,120,600,self,2.0417112765399454,2.9933531409861254,0.5340000000000003,1
8,70,30,120,600,self,2.0762727205039146,2.9933531409861254,0.5770000000000003,1
8,71,30,120,600,self,2.069724577025697,2.9933531409861254,0.5810000000000003,1
8,72,30,120,600,self,3.019774873027563,2.9933531409861254,0.5770000000000003,1
8,73,30,120,600,self,2.7944728558733285,2.9933531409861254,0.5960000000000003,1
8,74,30,120,600,self,2.6084293382748993,2.9933531409861254,0.4460000000000002,1
8,75,30,120,600,self,4.315630802711308,2.9933531409861254,0.4990000000000002,1
8,76,30,120,600,self,1.6386163377582197,2.9933531409861254,0.6130000000000003,1
8,77,30,120,600,self,3.3181539981464594,2.9933531409861254,0.5050000000000002,1
8,78,30,120,600,self,2.399380670335736,2.9933531409861254,0.5270000000000002,1
8,79,30,120,600,self,1.8030214512579978,2.9933531409861254,0.5360000000000003,1
8,80,30,120,600,self,1.647032596282006,2.9933531409861254,0.5110000000000002,1
8,81,30,120,600,self,4.338179432199618,2.9933531409861254,0.43700000000000017,1
8,82,30,120,600,self,4.393364249380469,2.9933531409861254,0.39900000000000013,1
8,83,30,120,600,self,3.8529521202989176,2.9933531409861254,0.5180000000000002,1
8,84,30,120,600,self,3.1810660495934813,2.9933531409861254,0.6120000000000003,1
8,85,30,120,600,self,3.9908267026329494,2.9933531409861254,0.5230000000000002,1
8,86,30,120,600,self,2.2347856833111432,2.9933531409861254,0.4740000000000002,1
8,87,30,120,600,self,1.390515262078223,2.9933531409861254,0.5690000000000003,1
8,88,30,120,600,self,2.9126987164163265,2.9933531409861254,0.6180000000000003,1
8,89,30,120,600,self,3.9034210805795877,2.9933531409861254,0.43100000000000016,1
8,90,30,120,600,self,2.6964770890620944,2.9933531409861254,0.5660000000000003,1
8,91,30,120,600,self,2.3410873905517393,2.9933531409861254,0.5050000000000002,1
8,92,30,120,600,self,3.378382892968939,2.9933531409861254,0.4790000000000002,1
8,93,30,120,600,self,2.6427732725530073,2.9933531409861254,0.3750000000000001,1
8,94,30,120,600,self,3.243847912608258,2.9933531409861254,0.6180000000000003,1
8,95,30,120,600,self,2.6211392791431836,2.9933531409861254,0.5270000000000002,1
8,96,30,120,600,self,3.7232468333595765,2.9933531409861254,0.5260000000000002,1
8,97,30,120,600,self,3.340147889331951,2.9933531409861254,0.5960000000000003,1
8,98,30,120,600,self,2.278922000731704,2.9933531409861254,0.5090000000000002,1
8,99,30,120,600,self,2.4425405974887364,2.9933531409861254,0.5270000000000002,1
8,100,30,120,600,self,4.819201701248245,2.9933531409861254,0.42100000000000015,1
8,101,30,120,600,self,1.0631445520293523,2.9933531409861254,0.5920000000000003,1
8,102,30,120,600,self,3.3238073905322025,2.9933531409861254,0.5210000000000002,1
8,103,30,120,600,self,2.1204933137146598,2.9933531409861254,0.5370000000000003,1
8,104,30,120,600,self,2.2251388340237743,2.9933531409861254,0.6240000000000003,1
8,105,30,120,600,self,3.7484481443867654,2.9933531409861254,0.4690000000000002,1
8,106,30,120,600,self,4.317576355206379,2.9933531409861254,0.4530000000000002,1
8,107,30,120,600,self,1.5834157305963994,2.9933531409861254,0.5080000000000002,1
8,108,30,120,600,self,3.2948279576543165,2.9933531409861254,0.4960000000000002,1
8,109,30,120,600,self,1.3887319663572073,2.9933531409861254,0.5640000000000003,1
8,110,30,120,600,self,2.4827567041402476,2.9933531409861254,0.6190000000000003,1
8,111,30,120,600,self,2.564340798806348,2.9933531409861254,0.4470000000000002,1
8,112,30,120,600,self,2.7194511175758826,2.9933531409861254,0.5450000000000003,1
8,113,30,120,600,self,3.578864455736884,2.9933531409861254,0.5310000000000002,1
8,114,30,120,600,self,4.193455541226608,2.9933531409861254,0.44300000000000017,1
8,115,30,120,600,self,2.5920541640035264,2.9933531409861254,0.5070000000000002,1
8,116,30,120,600,self,2.8161575271058092,2.9933531409861254,0.5220000000000002,1
8,117,30,120,600,self,1.9609590506012942,2.9933531409861254,0.4870000000000002,1
8,118,30,120,600,self,2.970095655670503,2.9933531409861254,0.5340000000000003,1
8,119,30,120,600,self,3.5620855801584783,2.9933531409861254,0.5600000000000003,1
8,120,30,120,600,self,3.6507181508160715,2.9933531409861254,0.5840000000000003,1
8,121,30,120,600,self,1.1792219812046567,2.9933531409861254,0.4860000000000002,1
8,122,30,120,600,self,0.837775572736722,2.9933531409861254,0.5950000000000003,1
8,123,30,120,600,self,3.948520987385194,2.9933531409861254,0.3630000000000001,1
8,124,30,120,600,self,2.2403610960431926,2.9933531409861254,0.6180000000000003,1
8,125,30,120,600,self,3.795747059532955,2.9933531409861254,0.4830000000000002,1
8,126,30,120,600,self,2.5577627074477234,2.9933531409861254,0.4890000000000002,1
8,127,30,120,600,self,2.642294090393078,2.9933531409861254,0.5870000000000003,1
8,128,30,120,600,self,1.8675207331920463,2.9933531409861254,0.3760000000000001,1
8,129,30,120,600,self,3.828733087308649,2.9933531409861254,0.6200000000000003,1
8,130,30,120,600,self,3.980588664501154,2.9933531409861254,0.5040000000000002,1
