subjectID,trialID,T,P,W,Label,v,a,RT,response
1,1,80,120,600,stranger,2.4858274566121765,3.1863279150703523,0.6080000000000003,1
1,2,80,120,600,stranger,2.102450208596709,3.1863279150703523,0.6460000000000004,1
1,3,80,120,600,stranger,1.7889986942001004,3.1863279150703523,0.6590000000000004,1
1,4,80,120,600,stranger,2.1146055070630707,3.1863279150703523,0.6290000000000003,1
1,5,80,120,600,stranger,3.8908595594636934,3.1863279150703523,0.4600000000000002,1
1,6,80,120,600,stranger,1.7404515472325586,3.1863279150703523,0.5280000000000002,1
1,7,80,120,600,stranger,1.0632023725142654,3.1863279150703523,0.6050000000000003,1
1,8,80,120,600,stranger,1.677441769797436,3.1863279150703523,0.4560000000000002,1
1,9,80,120,600,stranger,0.5697111359950774,3.1863279150703523,0.6350000000000003,1
1,10,80,120,600,stranger,0.7878392837404647,3.1863279150703523,0.6620000000000004,1
1,11,80,120,600,stranger,0.17100376133996975,3.1863279150703523,0.5550000000000003,1
1,12,80,120,600,stranger,1.3847074744459775,3.1863279150703523,0.5360000000000003,1
1,13,80,120,600,stranger,0.8561212670312501,3.1863279150703523,0.5120000000000002,1
1,14,80,120,600,stranger,1.7235585425875222,3.1863279150703523,0.5730000000000003,1
1,15,80,120,600,stranger,-0.1741576549494872,3.1863279150703523,0.4440000000000002,2
1,16,80,120,600,stranger,1.8171113114825794,3.1863279150703523,0.5120000000000002,1
1,17,80,120,600,stranger,3.21920976267306,3.1863279150703523,0.6150000000000003,1
1,18,80,120,600,stranger,1.7408099637593968,3.1863279150703523,0.5720000000000003,1
1,19,80,120,600,stranger,3.0439715217581265,3.1863279150703523,0.5780000000000003,1
1,20,80,120,600,stranger,1.9491190478122595,3.1863279150703523,0.44200000000000017,1
1,21,80,120,600,stranger,2.3507795628637416,3.1863279150703523,0.5690000000000003,1
1,22,80,120,600,stranger,-1.4241348812747692,3.1863279150703523,0.5870000000000003,2
1,23,80,120,600,stranger,2.413042184856581,3.1863279150703523,0.6220000000000003,1
1,24,80,120,600,stranger,-0.6698049538207161,3.1863279150703523,0.6040000000000003,2
1,25,80,120,600,stranger,2.2294805967917672,3.1863279150703523,0.4800000000000002,1
1,26,80,120,600,stranger,1.5385333726687684,3.1863279150703523,0.5350000000000003,1
1,27,80,120,600,stranger,0.7407273564853554,3.1863279150703523,0.4590000000000002,1
1,28,80,120,600,stranger,0.13104330937000275,3.1863279150703523,0.5680000000000003,2
1,29,80,120,600,stranger,2.2369322704067254,3.1863279150703523,0.5560000000000003,1
1,30,80,120,600,stranger,0.24876504563083457,3.1863279150703523,0.5270000000000002,1
1,31,80,120,600,stranger,2.711857412587379,3.1863279150703523,0.4630000000000002,1
1,32,80,120,600,stranger,0.9819112355398032,3.1863279150703523,0.5940000000000003,1
1,33,80,120,600,stranger,1.9980697116191988,3.1863279150703523,0.6180000000000003,1
1,34,80,120,600,stranger,0.22368065729749675,3.1863279150703523,0.6710000000000004,2
1,35,80,120,600,stranger,1.290318138833647,3.1863279150703523,0.4580000000000002,1
1,36,80,120,600,stranger,0.235929049406165,3.1863279150703523,0.6390000000000003,1
1,37,80,120,600,stranger,0.9305387042034337,3.1863279150703523,0.5540000000000003,1
1,38,80,120,600,stranger,1.649751236894938,3.1863279150703523,0.5580000000000003,1
1,39,80,120,600,stranger,0.6873709851311394,3.1863279150703523,0.5420000000000003,1
1,40,80,120,600,stranger,0.496371058931859,3.1863279150703523,0.41600000000000015,1
1,41,80,120,600,stranger,0.590457774225606,3.1863279150703523,0.6800000000000004,1
1,42,80,120,600,stranger,0.48472175521356053,3.1863279150703523,0.44300000000000017,2
1,43,80,120,600,stranger,1.638661222318328,3.1863279150703523,0.6140000000000003,1
1,44,80,120,600,stranger,0.8898958511538595,3.1863279150703523,0.5550000000000003,1
1,45,80,120,600,stranger,2.038632254676034,3.1863279150703523,0.5210000000000002,1
1,46,80,120,600,stranger,1.538692668912529,3.1863279150703523,0.5160000000000002,1
1,47,80,120,600,stranger,-0.26827506202162665,3.1863279150703523,0.6400000000000003,1
1,48,80,120,600,stranger,1.3680860736875509,3.1863279150703523,0.5940000000000003,1
1,49,80,120,600,stranger,0.42629337347081603,3.1863279150703523,0.6360000000000003,1
1,50,80,120,600,stranger,1.6657317747770632,3.1863279150703523,0.6280000000000003,1
1,51,80,120,600,stranger,-0.8031098246558385,3.1863279150703523,0.5160000000000002,2
1,52,80,120,600,stranger,1.4009400438981854,3.1863279150703523,0.6620000000000004,1
1,53,80,120,600,stranger,1.9975261012411227,3.1863279150703523,0.5190000000000002,1
1,54,80,120,600,stranger,-0.6346564808347624,3.1863279150703523,0.6570000000000004,2
1,55,80,120,600,stranger,2.2071503602696185,3.1863279150703523,0.5470000000000003,1
1,56,80,120,600,stranger,1.194062499830683,3.1863279150703523,0.5270000000000002,1
1,57,80,120,600,stranger,0.14186360398026632,3.1863279150703523,0.6640000000000004,2
1,58,80,120,600,stranger,3.0362667299329957,3.1863279150703523,0.5400000000000003,1
1,59,80,120,600,stranger,0.5428556952082368,3.1863279150703523,0.6180000000000003,1
1,60,80,120,600,stranger,1.7679004039626554,3.1863279150703523,0.6510000000000004,1
1,61,80,120,600,stranger,0.33653905758906894,3.1863279150703523,0.5870000000000003,1
1,62,80,120,600,stranger,1.441628140164882,3.1863279150703523,0.6510000000000004,1
1,63,80,120,600,stranger,1.7974577566066825,3.1863279150703523,0.5220000000000002,1
1,64,80,120,600,stranger,3.0650129138354103,3.1863279150703523,0.6430000000000003,1
1,65,80,120,600,stranger,2.7919426662885094,3.1863279150703523,0.6460000000000004,1
1,66,80,120,600,stranger,1.805694915274363,3.1863279150703523,0.6300000000000003,1
1,67,80,120,600,stranger,2.384544894570559,3.1863279150703523,0.6550000000000004,1
1,68,80,120,600,stranger,1.116560712590267,3.1863279150703523,0.6120000000000003,1
1,69,80,120,600,stranger,1.58799483452119,3.1863279150703523,0.5000000000000002,1
1,70,80,120,600,stranger,-0.2818022471300249,3.1863279150703523,0.6080000000000003,2
1,71,80,120,600,stranger,1.3711186482236837,3.1863279150703523,0.5150000000000002,1
1,72,80,120,600,stranger,1.5879184282576313,3.1863279150703523,0.6750000000000004,1
1,73,80,120,600,stranger,1.3653221587369326,3.1863279150703523,0.6790000000000004,1
1,74,80,120,600,stranger,2.571232601519982,3.1863279150703523,0.6740000000000004,1
1,75,80,120,600,stranger,1.9426145152296002,3.1863279150703523,0.5520000000000003,1
1,76,80,120,600,stranger,2.0507585927105696,3.1863279150703523,0.5500000000000003,1
1,77,80,120,600,stranger,2.251377253496339,3.1863279150703523,0.5840000000000003,1
1,78,80,120,600,stranger,0.5804752999991697,3.1863279150703523,0.5380000000000003,2
1,79,80,120,600,stranger,3.1879534488110175,3.1863279150703523,0.6180000000000003,1
1,80,80,120,600,stranger,1.4157900208058385,3.1863279150703523,0.5990000000000003,1
1,81,80,120,600,stranger,1.396324216994355,3.1863279150703523,0.6150000000000003,1
1,82,80,120,600,stranger,1.1160011154505494,3.1863279150703523,0.5990000000000003,1
1,83,80,120,600,stranger,1.8624359781298372,3.1863279150703523,0.5980000000000003,1
1,84,80,120,600,stranger,1.278102879570928,3.1863279150703523,0.6610000000000004,1
1,85,80,120,600,stranger,2.9290101833700852,3.1863279150703523,0.5220000000000002,1
1,86,80,120,600,stranger,2.040743490334685,3.1863279150703523,0.6110000000000003,1
1,87,80,120,600,stranger,-0.48996931607396477,3.1863279150703523,0.6720000000000004,2
1,88,80,120,600,stranger,1.8560717936208926,3.1863279150703523,0.6340000000000003,1
1,89,80,120,600,stranger,0.845344329839832,3.1863279150703523,0.4750000000000002,1
1,90,80,120,600,stranger,1.2597899773859496,3.1863279150703523,0.6100000000000003,1
1,91,80,120,600,stranger,2.695517654495214,3.1863279150703523,0.5530000000000003,1
1,92,80,120,600,stranger,0.8897037018689631,3.1863279150703523,0.5220000000000002,1
1,93,80,120,600,stranger,1.8912055594042454,3.1863279150703523,0.6030000000000003,1
1,94,80,120,600,stranger,1.7501700461402683,3.1863279150703523,0.4620000000000002,1
1,95,80,120,600,stranger,0.6936481171336496,3.1863279150703523,0.6760000000000004,1
1,96,80,120,600,stranger,2.4169409052723414,3.1863279150703523,0.6500000000000004,1
1,97,80,120,600,stranger,1.324844855609103,3.1863279150703523,0.6100000000000003,1
1,98,80,120,600,stranger,-1.2401779217825672,3.1863279150703523,0.6390000000000003,2
1,99,80,120,600,stranger,3.4595991732375815,3.1863279150703523,0.44100000000000017,1
1,100,80,120,600,stranger,1.5767075558555321,3.1863279150703523,0.6440000000000003,1
1,101,80,120,600,stranger,1.2295884089815827,3.1863279150703523,0.5060000000000002,1
1,102,80,120,600,stranger,1.9864024752087652,3.1863279150703523,0.6740000000000004,1
1,103,80,120,600,stranger,2.4293870170562815,3.1863279150703523,0.5060000000000002,1
1,104,80,120,600,stranger,2.178401194063115,3.1863279150703523,0.5120000000000002,1
1,105,80,120,600,stranger,0.9502640243393945,3.1863279150703523,0.5160000000000002,1
1,106,80,120,600,stranger,3.0556169747742516,3.1863279150703523,0.6040000000000003,1
1,107,80,120,600,stranger,2.6467044710808807,3.1863279150703523,0.5730000000000003,1
1,108,80,120,600,stranger,-0.669696959981109,3.1863279150703523,0.6580000000000004,2
1,109,80,120,600,stranger,1.427478124896239,3.1863279150703523,0.6770000000000004,1
1,110,80,120,600,stranger,1.9714224534766562,3.1863279150703523,0.6440000000000003,1
1,111,80,120,600,stranger,3.6931762352779764,3.1863279150703523,0.6440000000000003,1
1,112,80,120,600,stranger,3.490694252801712,3.1863279150703523,0.4920000000000002,1
1,113,80,120,600,stranger,-1.313074419593728,3.1863279150703523,0.6450000000000004,2
1,114,80,120,600,stranger,0.3707221424450391,3.1863279150703523,0.6160000000000003,1
1,115,80,120,600,stranger,1.5446235832695705,3.1863279150703523,0.6360000000000003,1
1,116,80,120,600,stranger,-0.5413910817742033,3.1863279150703523,0.4920000000000002,2
1,117,80,120,600,stranger,2.1058153478621455,3.1863279150703523,0.4530000000000002,1
1,118,80,120,600,stranger,1.832379209844314,3.1863279150703523,0.5450000000000003,1
1,119,80,120,600,stranger,1.2779318355655713,3.1863279150703523,0.5090000000000002,1
1,120,80,120,600,stranger,-0.7092999376089929,3.1863279150703523,0.6270000000000003,2
1,121,80,120,600,stranger,1.4933371392524601,3.1863279150703523,0.44100000000000017,1
1,122,80,120,600,stranger,1.7982811803597971,3.1863279150703523,0.5180000000000002,1
1,123,80,120,600,stranger,1.9748217117509328,3.1863279150703523,0.40900000000000014,1
1,124,80,120,600,stranger,2.517313115493933,3.1863279150703523,0.6470000000000004,1
1,125,80,120,600,stranger,2.756366476211632,3.1863279150703523,0.5860000000000003,1
1,126,80,120,600,stranger,1.4168326877176067,3.1863279150703523,0.6060000000000003,1
1,127,80,120,600,stranger,0.35690971524078224,3.1863279150703523,0.4840000000000002,2
1,128,80,120,600,stranger,1.1681272487160048,3.1863279150703523,0.6520000000000004,1
1,129,80,120,600,stranger,-1.6067263386545019,3.1863279150703523,0.5440000000000003,2
1,130,80,120,600,stranger,2.4987767573547184,3.1863279150703523,0.6580000000000004,1
1,1,80,120,600,self,4.178764173778638,3.1863279150703523,0.6490000000000004,1
1,2,80,120,600,self,2.919137895284086,3.1863279150703523,0.6380000000000003,1
1,3,80,120,600,self,3.429197631879421,3.1863279150703523,0.4800000000000002,1
1,4,80,120,600,self,3.8962050599450517,3.1863279150703523,0.42600000000000016,1
1,5,80,120,600,self,5.273687830659547,3.1863279150703523,0.5860000000000003,1
1,6,80,120,600,self,3.006322968912574,3.1863279150703523,0.5620000000000003,1
1,7,80,120,600,self,4.1236487751183315,3.1863279150703523,0.6180000000000003,1
1,8,80,120,600,self,3.3340226556044823,3.1863279150703523,0.5090000000000002,1
1,9,80,120,600,self,3.6037098689893137,3.1863279150703523,0.6330000000000003,1
1,10,80,120,600,self,4.018772795695506,3.1863279150703523,0.5300000000000002,1
1,11,80,120,600,self,3.6315931744088767,3.1863279150703523,0.5100000000000002,1
1,12,80,120,600,self,3.7523326874196297,3.1863279150703523,0.4650000000000002,1
1,13,80,120,600,self,3.458541674098881,3.1863279150703523,0.3750000000000001,1
1,14,80,120,600,self,3.5389170966554375,3.1863279150703523,0.43200000000000016,1
1,15,80,120,600,self,5.5265400881492495,3.1863279150703523,0.3930000000000001,1
1,16,80,120,600,self,4.337950146868748,3.1863279150703523,0.3500000000000001,1
1,17,80,120,600,self,4.3095015033110595,3.1863279150703523,0.40400000000000014,1
1,18,80,120,600,self,3.041888015450119,3.1863279150703523,0.5240000000000002,1
1,19,80,120,600,self,3.439032570495731,3.1863279150703523,0.5760000000000003,1
1,20,80,120,600,self,3.421858832802477,3.1863279150703523,0.5210000000000002,1
1,21,80,120,600,self,3.0506233204133704,3.1863279150703523,0.6250000000000003,1
1,22,80,120,600,self,3.919355543819831,3.1863279150703523,0.41000000000000014,1
1,23,80,120,600,self,3.6125866708470102,3.1863279150703523,0.6180000000000003,1
1,24,80,120,600,self,2.6364951916438004,3.1863279150703523,0.5720000000000003,1
1,25,80,120,600,self,4.243585811246141,3.1863279150703523,0.41200000000000014,1
1,26,80,120,600,self,3.9349709817768828,3.1863279150703523,0.6190000000000003,1
1,27,80,120,600,self,4.8026697192611785,3.1863279150703523,0.5980000000000003,1
1,28,80,120,600,self,4.741379080923054,3.1863279150703523,0.4560000000000002,1
1,29,80,120,600,self,2.9514842527690752,3.1863279150703523,0.6670000000000004,1
1,30,80,120,600,self,3.3482699132879956,3.1863279150703523,0.6430000000000003,1
1,31,80,120,600,self,3.027479639473207,3.1863279150703523,0.4520000000000002,1
1,32,80,120,600,self,3.892676519567855,3.1863279150703523,0.5250000000000002,1
1,33,80,120,600,self,2.3034300057679093,3.1863279150703523,0.6760000000000004,1
1,34,80,120,600,self,3.6243360888832648,3.1863279150703523,0.42900000000000016,1
1,35,80,120,600,self,2.6343415194563113,3.1863279150703523,0.5250000000000002,1
1,36,80,120,600,self,3.7954017676081993,3.1863279150703523,0.6030000000000003,1
1,37,80,120,600,self,3.3705532347177147,3.1863279150703523,0.4540000000000002,1
1,38,80,120,600,self,4.8223794801540025,3.1863279150703523,0.5600000000000003,1
1,39,80,120,600,self,4.997723766944426,3.1863279150703523,0.42700000000000016,1
1,40,80,120,600,self,3.814005620634328,3.1863279150703523,0.5650000000000003,1
1,41,80,120,600,self,2.7261695970836635,3.1863279150703523,0.5780000000000003,1
1,42,80,120,600,self,1.1580794341398115,3.1863279150703523,0.6250000000000003,1
1,43,80,120,600,self,4.409829654935008,3.1863279150703523,0.4870000000000002,1
1,44,80,120,600,self,4.579213260933344,3.1863279150703523,0.6060000000000003,1
1,45,80,120,600,self,3.625224314552735,3.1863279150703523,0.6160000000000003,1
1,46,80,120,600,self,3.369756397608762,3.1863279150703523,0.6410000000000003,1
1,47,80,120,600,self,4.632716804438323,3.1863279150703523,0.6100000000000003,1
1,48,80,120,600,self,2.0284932582980604,3.1863279150703523,0.5780000000000003,1
1,49,80,120,600,self,5.362326916084143,3.1863279150703523,0.3720000000000001,1
1,50,80,120,600,self,3.4304687492824897,3.1863279150703523,0.6240000000000003,1
1,51,80,120,600,self,3.497150793470203,3.1863279150703523,0.41500000000000015,1
1,52,80,120,600,self,1.8185964747536432,3.1863279150703523,0.4720000000000002,1
1,53,80,120,600,self,2.1455884676382864,3.1863279150703523,0.4800000000000002,1
1,54,80,120,600,self,3.4698723338366304,3.1863279150703523,0.4690000000000002,1
1,55,80,120,600,self,3.6185618825181525,3.1863279150703523,0.5580000000000003,1
1,56,80,120,600,self,2.717055317287055,3.1863279150703523,0.5020000000000002,1
1,57,80,120,600,self,3.0085380696991924,3.1863279150703523,0.5950000000000003,1
1,58,80,120,600,self,3.6574256893393096,3.1863279150703523,0.5360000000000003,1
1,59,80,120,600,self,3.15013760655529,3.1863279150703523,0.5410000000000003,1
1,60,80,120,600,self,3.827394160802905,3.1863279150703523,0.5300000000000002,1
1,61,80,120,600,self,4.126983738108063,3.1863279150703523,0.6190000000000003,1
1,62,80,120,600,self,3.9766672019192706,3.1863279150703523,0.4740000000000002,1
1,63,80,120,600,self,4.607213498697033,3.1863279150703523,0.5290000000000002,1
1,64,80,120,600,self,2.1597592899082887,3.1863279150703523,0.6630000000000004,1
1,65,80,120,600,self,4.487232741140961,3.1863279150703523,0.5910000000000003,1
1,66,80,120,600,self,2.6586714396365125,3.1863279150703523,0.5770000000000003,1
1,67,80,120,600,self,4.862161605204892,3.1863279150703523,0.4810000000000002,1
1,68,80,120,600,self,3.6437124845404187,3.1863279150703523,0.5180000000000002,1
1,69,80,120,600,self,4.653596998189365,3.1863279150703523,0.4770000000000002,1
1,70,80,120,600,self,4.272753334287227,3.1863279150703523,0.5290000000000002,1
1,71,80,120,600,self,3.2750212409297075,3.1863279150703523,0.6590000000000004,1
1,72,80,120,600,self,4.668449013420748,3.1863279150703523,0.6680000000000004,1
1,73,80,120,600,self,2.4752077749842747,3.1863279150703523,0.6340000000000003,1
1,74,80,120,600,self,5.391401407856336,3.1863279150703523,0.5820000000000003,1
1,75,80,120,600,self,5.611391681517333,3.1863279150703523,0.4710000000000002,1
1,76,80,120,600,self,3.852139830609623,3.1863279150703523,0.4490000000000002,1
1,77,80,120,600,self,3.5485465079412286,3.1863279150703523,0.5290000000000002,1
1,78,80,120,600,self,4.519301768579556,3.1863279150703523,0.4850000000000002,1
1,79,80,120,600,self,3.9191986064937594,3.1863279150703523,0.5120000000000002,1
1,80,80,120,600,self,3.53346977733178,3.1863279150703523,0.4700000000000002,1
1,81,80,120,600,self,4.44883421183142,3.1863279150703523,0.4970000000000002,1
1,82,80,120,600,self,3.6313145075539133,3.1863279150703523,0.4680000000000002,1
1,83,80,120,600,self,3.409873546740817,3.1863279150703523,0.5370000000000003,1
1,84,80,120,600,self,4.584696076174523,3.1863279150703523,0.42700000000000016,1
1,85,80,120,600,self,4.5006898867923075,3.1863279150703523,0.42500000000000016,1
1,86,80,120,600,self,3.757667884115178,3.1863279150703523,0.42800000000000016,1
1,87,80,120,600,self,3.156368557632115,3.1863279150703523,0.6190000000000003,1
1,88,80,120,600,self,3.601601857206681,3.1863279150703523,0.3690000000000001,1
1,89,80,120,600,self,3.299749417646776,3.1863279150703523,0.4800000000000002,1
1,90,80,120,600,self,2.694901265126873,3.1863279150703523,0.5460000000000003,1
1,91,80,120,600,self,3.844817582819146,3.1863279150703523,0.5020000000000002,1
1,92,80,120,600,self,2.4992429212158536,3.1863279150703523,0.4550000000000002,1
1,93,80,120,600,self,4.881979275168066,3.1863279150703523,0.5430000000000003,1
1,94,80,120,600,self,3.3459179144303595,3.1863279150703523,0.40600000000000014,1
1,95,80,120,600,self,2.9101268070968054,3.1863279150703523,0.6280000000000003,1
1,96,80,120,600,self,4.833225245598151,3.1863279150703523,0.5030000000000002,1
1,97,80,120,600,self,5.835391392042547,3.1863279150703523,0.4540000000000002,1
1,98,80,120,600,self,3.471973310628039,3.1863279150703523,0.5860000000000003,1
1,99,80,120,600,self,2.2841968529506858,3.1863279150703523,0.4850000000000002,1
1,100,80,120,600,self,4.891728930398325,3.1863279150703523,0.5900000000000003,1
1,101,80,120,600,self,5.481831351309538,3.1863279150703523,0.4530000000000002,1
1,102,80,120,600,self,4.0072121182971445,3.1863279150703523,0.41200000000000014,1
1,103,80,120,600,self,3.4192383171476215,3.1863279150703523,0.42800000000000016,1
1,104,80,120,600,self,1.9641804345264666,3.1863279150703523,0.4620000000000002,1
1,105,80,120,600,self,4.094394704053022,3.1863279150703523,0.5080000000000002,1
1,106,80,120,600,self,5.27453787149516,3.1863279150703523,0.3750000000000001,1
1,107,80,120,600,self,3.7374491249414987,3.1863279150703523,0.5450000000000003,1
1,108,80,120,600,self,4.394138036442215,3.1863279150703523,0.4660000000000002,1
1,109,80,120,600,self,4.210359646558651,3.1863279150703523,0.5490000000000003,1
1,110,80,120,600,self,4.871175742170284,3.1863279150703523,0.3660000000000001,1
1,111,80,120,600,self,5.565745259756101,3.1863279150703523,0.41500000000000015,1
1,112,80,120,600,self,3.354510137901139,3.1863279150703523,0.6300000000000003,1
1,113,80,120,600,self,3.458673567569801,3.1863279150703523,0.5200000000000002,1
1,114,80,120,600,self,2.607841009768837,3.1863279150703523,0.5500000000000003,1
1,115,80,120,600,self,5.119705787044106,3.1863279150703523,0.3730000000000001,1
1,116,80,120,600,self,3.7846874469614415,3.1863279150703523,0.3540000000000001,1
1,117,80,120,600,self,3.262689076773682,3.1863279150703523,0.5020000000000002,1
1,118,80,120,600,self,2.994736994600766,3.1863279150703523,0.5560000000000003,1
1,119,80,120,600,self,4.737828387606462,3.1863279150703523,0.43400000000000016,1
1,120,80,120,600,self,4.131783089362384,3.1863279150703523,0.4620000000000002,1
1,121,80,120,600,self,3.0322238363623764,3.1863279150703523,0.5530000000000003,1
1,122,80,120,600,self,5.497615989522011,3.1863279150703523,0.39900000000000013,1
1,123,80,120,600,self,3.745084068078492,3.1863279150703523,0.5870000000000003,1
1,124,80,120,600,self,2.7022797719229326,3.1863279150703523,0.39600000000000013,1
1,125,80,120,600,self,3.886332687229344,3.1863279150703523,0.4780000000000002,1
1,126,80,120,600,self,5.003503461091241,3.1863279150703523,0.40100000000000013,1
1,127,80,120,600,self,2.939855760300857,3.1863279150703523,0.5270000000000002,1
1,128,80,120,600,self,1.9606483422593401,3.1863279150703523,0.5790000000000003,1
1,129,80,120,600,self,3.540196420611464,3.1863279150703523,0.5140000000000002,1
1,130,80,120,600,self,2.980384231082303,3.1863279150703523,0.5680000000000003,1
2,1,80,120,600,stranger,-0.010793520208237317,2.2329366856727013,0.5540000000000003,1
2,2,80,120,600,stranger,-1.4037926035873451,2.2329366856727013,0.5230000000000002,2
2,3,80,120,600,stranger,-1.5315178091544346,2.2329366856727013,0.5040000000000002,2
2,4,80,120,600,stranger,-0.12256944048675078,2.2329366856727013,0.5500000000000003,2
2,5,80,120,600,stranger,-0.2921623063682196,2.2329366856727013,0.6670000000000004,1
2,6,80,120,600,stranger,0.7626868244121452,2.2329366856727013,0.4470000000000002,1
2,7,80,120,600,stranger,1.1237480918205407,2.2329366856727013,0.4960000000000002,1
2,8,80,120,600,stranger,-0.867245597113549,2.2329366856727013,0.6620000000000004,2
2,9,80,120,600,stranger,2.6835398289624983,2.2329366856727013,0.43600000000000017,1
2,10,80,120,600,stranger,-0.1585379733583675,2.2329366856727013,0.4510000000000002,2
2,11,80,120,600,stranger,0.2116209725785635,2.2329366856727013,0.5650000000000003,1
2,12,80,120,600,stranger,0.8700775111458012,2.2329366856727013,0.4810000000000002,1
2,13,80,120,600,stranger,1.032214465997679,2.2329366856727013,0.3480000000000001,1
2,14,80,120,600,stranger,2.4170031853117004,2.2329366856727013,0.5550000000000003,1
2,15,80,120,600,stranger,0.3303655216995962,2.2329366856727013,0.4780000000000002,1
2,16,80,120,600,stranger,1.4285845369783277,2.2329366856727013,0.5440000000000003,2
2,17,80,120,600,stranger,1.4673789292022392,2.2329366856727013,0.3540000000000001,1
2,18,80,120,600,stranger,1.1768928326628143,2.2329366856727013,0.5320000000000003,1
2,19,80,120,600,stranger,0.7174121389008482,2.2329366856727013,0.4860000000000002,1
2,20,80,120,600,stranger,1.0090416032389427,2.2329366856727013,0.6260000000000003,1
2,21,80,120,600,stranger,1.819080404792624,2.2329366856727013,0.4470000000000002,1
2,22,80,120,600,stranger,2.446075203380214,2.2329366856727013,0.6640000000000004,1
2,23,80,120,600,stranger,2.0452350933757386,2.2329366856727013,0.6770000000000004,1
2,24,80,120,600,stranger,-0.3742737336687204,2.2329366856727013,0.42400000000000015,1
2,25,80,120,600,stranger,1.4547806314805451,2.2329366856727013,0.4580000000000002,1
2,26,80,120,600,stranger,2.343820468381644,2.2329366856727013,0.6570000000000004,1
2,27,80,120,600,stranger,1.6500819827665256,2.2329366856727013,0.5680000000000003,1
2,28,80,120,600,stranger,1.5141230654088589,2.2329366856727013,0.4680000000000002,1
2,29,80,120,600,stranger,2.7239600581733416,2.2329366856727013,0.5060000000000002,1
2,30,80,120,600,stranger,0.32197835937835007,2.2329366856727013,0.6100000000000003,1
2,31,80,120,600,stranger,2.020822606040973,2.2329366856727013,0.3490000000000001,1
2,32,80,120,600,stranger,-0.05763593924150401,2.2329366856727013,0.6720000000000004,2
2,33,80,120,600,stranger,-0.05096941607418759,2.2329366856727013,0.6710000000000004,2
2,34,80,120,600,stranger,-0.27390909386951157,2.2329366856727013,0.40900000000000014,2
2,35,80,120,600,stranger,1.4748130670191046,2.2329366856727013,0.4810000000000002,1
2,36,80,120,600,stranger,1.4664942467111426,2.2329366856727013,0.5290000000000002,1
2,37,80,120,600,stranger,1.8551591834374137,2.2329366856727013,0.5110000000000002,1
2,38,80,120,600,stranger,1.3102999208609667,2.2329366856727013,0.6200000000000003,1
2,39,80,120,600,stranger,-1.1227292995605378,2.2329366856727013,0.44000000000000017,2
2,40,80,120,600,stranger,1.6202561591647888,2.2329366856727013,0.5920000000000003,1
2,41,80,120,600,stranger,1.8862375684403223,2.2329366856727013,0.6270000000000003,1
2,42,80,120,600,stranger,2.41799981265739,2.2329366856727013,0.4750000000000002,1
2,43,80,120,600,stranger,1.259865363482225,2.2329366856727013,0.6310000000000003,1
2,44,80,120,600,stranger,1.7039206896318262,2.2329366856727013,0.4490000000000002,1
2,45,80,120,600,stranger,-0.6023057855700432,2.2329366856727013,0.4910000000000002,2
2,46,80,120,600,stranger,-0.36169694466073044,2.2329366856727013,0.3850000000000001,1
2,47,80,120,600,stranger,1.9531781606144643,2.2329366856727013,0.43500000000000016,1
2,48,80,120,600,stranger,1.5891366514944412,2.2329366856727013,0.5960000000000003,1
2,49,80,120,600,stranger,0.6915029776024924,2.2329366856727013,0.39500000000000013,1
2,50,80,120,600,stranger,1.1710796618803105,2.2329366856727013,0.5780000000000003,1
2,51,80,120,600,stranger,-0.4272654275914788,2.2329366856727013,0.5710000000000003,2
2,52,80,120,600,stranger,1.4246903882541297,2.2329366856727013,0.4780000000000002,1
2,53,80,120,600,stranger,0.6794707387280701,2.2329366856727013,0.6470000000000004,2
2,54,80,120,600,stranger,1.585579724439167,2.2329366856727013,0.6420000000000003,1
2,55,80,120,600,stranger,0.23179450316077554,2.2329366856727013,0.4750000000000002,1
2,56,80,120,600,stranger,0.7611678064783828,2.2329366856727013,0.3680000000000001,1
2,57,80,120,600,stranger,-0.7662971807789182,2.2329366856727013,0.6660000000000004,1
2,58,80,120,600,stranger,1.9935476043439144,2.2329366856727013,0.5460000000000003,1
2,59,80,120,600,stranger,1.709513889229929,2.2329366856727013,0.6300000000000003,1
2,60,80,120,600,stranger,3.2858885816238717,2.2329366856727013,0.3140000000000001,1
2,61,80,120,600,stranger,2.2907897927571397,2.2329366856727013,0.43800000000000017,1
2,62,80,120,600,stranger,0.2528045331542026,2.2329366856727013,0.6680000000000004,2
2,63,80,120,600,stranger,1.5685752568719167,2.2329366856727013,0.5990000000000003,1
2,64,80,120,600,stranger,2.3526205356563623,2.2329366856727013,0.6010000000000003,1
2,65,80,120,600,stranger,0.5279230222396107,2.2329366856727013,0.3850000000000001,1
2,66,80,120,600,stranger,1.0934100121039263,2.2329366856727013,0.33100000000000007,1
2,67,80,120,600,stranger,1.2435697939361425,2.2329366856727013,0.6310000000000003,1
2,68,80,120,600,stranger,3.453250521723048,2.2329366856727013,0.6650000000000004,1
2,69,80,120,600,stranger,2.4235294889213645,2.2329366856727013,0.5560000000000003,1
2,70,80,120,600,stranger,0.29935281872323216,2.2329366856727013,0.42600000000000016,2
2,71,80,120,600,stranger,1.3527468716576772,2.2329366856727013,0.6090000000000003,1
2,72,80,120,600,stranger,0.5264639934459584,2.2329366856727013,0.3850000000000001,1
2,73,80,120,600,stranger,2.557387237346748,2.2329366856727013,0.3850000000000001,1
2,74,80,120,600,stranger,0.568920109414793,2.2329366856727013,0.3720000000000001,2
2,75,80,120,600,stranger,-0.5408767588948095,2.2329366856727013,0.3830000000000001,1
2,76,80,120,600,stranger,-0.7193277661100802,2.2329366856727013,0.6050000000000003,2
2,77,80,120,600,stranger,1.2346026550029745,2.2329366856727013,0.4790000000000002,1
2,78,80,120,600,stranger,1.595761906724026,2.2329366856727013,0.4750000000000002,1
2,79,80,120,600,stranger,0.15304388531546131,2.2329366856727013,0.6590000000000004,1
2,80,80,120,600,stranger,1.9113220531582242,2.2329366856727013,0.5820000000000003,1
2,81,80,120,600,stranger,1.8925766865468439,2.2329366856727013,0.42600000000000016,1
2,82,80,120,600,stranger,0.7756049081766362,2.2329366856727013,0.6010000000000003,1
2,83,80,120,600,stranger,1.6510261226695953,2.2329366856727013,0.4770000000000002,1
2,84,80,120,600,stranger,0.8696368296582186,2.2329366856727013,0.5620000000000003,1
2,85,80,120,600,stranger,2.2640634516806277,2.2329366856727013,0.4770000000000002,1
2,86,80,120,600,stranger,0.4578107021671513,2.2329366856727013,0.3880000000000001,1
2,87,80,120,600,stranger,0.22104163364508722,2.2329366856727013,0.4840000000000002,1
2,88,80,120,600,stranger,-0.5703600385922901,2.2329366856727013,0.5090000000000002,2
2,89,80,120,600,stranger,0.8777811068580552,2.2329366856727013,0.44200000000000017,1
2,90,80,120,600,stranger,1.6953370729934782,2.2329366856727013,0.5750000000000003,2
2,91,80,120,600,stranger,1.151680611246298,2.2329366856727013,0.40700000000000014,1
2,92,80,120,600,stranger,0.11232947615360445,2.2329366856727013,0.4860000000000002,1
2,93,80,120,600,stranger,-0.14173874083842286,2.2329366856727013,0.42100000000000015,2
2,94,80,120,600,stranger,2.1585270321557344,2.2329366856727013,0.5780000000000003,1
2,95,80,120,600,stranger,0.19726765376530453,2.2329366856727013,0.43400000000000016,2
2,96,80,120,600,stranger,1.9304385388088616,2.2329366856727013,0.6490000000000004,1
2,97,80,120,600,stranger,-0.6560800766487748,2.2329366856727013,0.5900000000000003,2
2,98,80,120,600,stranger,-0.8852843926187376,2.2329366856727013,0.6550000000000004,2
2,99,80,120,600,stranger,-0.5201427793229555,2.2329366856727013,0.6440000000000003,2
2,100,80,120,600,stranger,1.6923950163856725,2.2329366856727013,0.3590000000000001,1
2,101,80,120,600,stranger,1.2483171286127945,2.2329366856727013,0.3070000000000001,1
2,102,80,120,600,stranger,2.1631340362788225,2.2329366856727013,0.2860000000000001,1
2,103,80,120,600,stranger,-1.6203825180932112,2.2329366856727013,0.5670000000000003,2
2,104,80,120,600,stranger,1.3098438717641185,2.2329366856727013,0.4820000000000002,1
2,105,80,120,600,stranger,2.7471695370429225,2.2329366856727013,0.4500000000000002,1
2,106,80,120,600,stranger,2.376579488979734,2.2329366856727013,0.6250000000000003,1
2,107,80,120,600,stranger,-0.8234360495794723,2.2329366856727013,0.6440000000000003,2
2,108,80,120,600,stranger,1.815219783556553,2.2329366856727013,0.4550000000000002,1
2,109,80,120,600,stranger,2.198967232366538,2.2329366856727013,0.3750000000000001,1
2,110,80,120,600,stranger,0.7197911819734477,2.2329366856727013,0.6400000000000003,1
2,111,80,120,600,stranger,2.324455640205624,2.2329366856727013,0.5600000000000003,1
2,112,80,120,600,stranger,2.3094223921076047,2.2329366856727013,0.6740000000000004,1
2,113,80,120,600,stranger,1.7139215800620726,2.2329366856727013,0.44100000000000017,1
2,114,80,120,600,stranger,2.3804020971867335,2.2329366856727013,0.3820000000000001,1
2,115,80,120,600,stranger,0.4976669793472503,2.2329366856727013,0.5800000000000003,1
2,116,80,120,600,stranger,0.680825914607752,2.2329366856727013,0.41700000000000015,1
2,117,80,120,600,stranger,-0.9661231822735451,2.2329366856727013,0.5080000000000002,2
2,118,80,120,600,stranger,0.8493137074732366,2.2329366856727013,0.5710000000000003,1
2,119,80,120,600,stranger,2.535107998618566,2.2329366856727013,0.44300000000000017,1
2,120,80,120,600,stranger,1.874746613109191,2.2329366856727013,0.5580000000000003,1
2,121,80,120,600,stranger,0.9674418760629779,2.2329366856727013,0.6270000000000003,1
2,122,80,120,600,stranger,1.8842613292561667,2.2329366856727013,0.6770000000000004,1
2,123,80,120,600,stranger,2.0066599495822315,2.2329366856727013,0.3120000000000001,1
2,124,80,120,600,stranger,1.6247433122435946,2.2329366856727013,0.5570000000000003,1
2,125,80,120,600,stranger,1.6507936044354747,2.2329366856727013,0.5220000000000002,1
2,126,80,120,600,stranger,3.8380778733240364,2.2329366856727013,0.5330000000000003,1
2,127,80,120,600,stranger,1.297363859690119,2.2329366856727013,0.5580000000000003,1
2,128,80,120,600,stranger,1.3586681473541198,2.2329366856727013,0.5880000000000003,1
2,129,80,120,600,stranger,0.7555967581245382,2.2329366856727013,0.42600000000000016,1
2,130,80,120,600,stranger,0.877070257909969,2.2329366856727013,0.6390000000000003,1
2,1,80,120,600,self,5.096832647076686,2.2329366856727013,0.32700000000000007,1
2,2,80,120,600,self,5.200901563345878,2.2329366856727013,0.41700000000000015,1
2,3,80,120,600,self,3.838602150660198,2.2329366856727013,0.2820000000000001,1
2,4,80,120,600,self,2.502269551645335,2.2329366856727013,0.6640000000000004,1
2,5,80,120,600,self,2.1331501241637802,2.2329366856727013,0.6630000000000004,1
2,6,80,120,600,self,3.147877716200856,2.2329366856727013,0.4950000000000002,1
2,7,80,120,600,self,4.312451728350924,2.2329366856727013,0.3810000000000001,1
2,8,80,120,600,self,2.735179856510732,2.2329366856727013,0.6110000000000003,1
2,9,80,120,600,self,3.6305262625886088,2.2329366856727013,0.5510000000000003,1
2,10,80,120,600,self,3.233982310702838,2.2329366856727013,0.5510000000000003,1
2,11,80,120,600,self,4.242815743491702,2.2329366856727013,0.5700000000000003,1
2,12,80,120,600,self,2.4529592175259323,2.2329366856727013,0.6090000000000003,1
2,13,80,120,600,self,4.091063181282392,2.2329366856727013,0.3400000000000001,1
2,14,80,120,600,self,4.177982472348898,2.2329366856727013,0.4690000000000002,1
2,15,80,120,600,self,2.9420599184607945,2.2329366856727013,0.5820000000000003,1
2,16,80,120,600,self,2.401232841233321,2.2329366856727013,0.3730000000000001,1
2,17,80,120,600,self,3.551906312034108,2.2329366856727013,0.5040000000000002,1
2,18,80,120,600,self,2.9819619980243006,2.2329366856727013,0.43900000000000017,1
2,19,80,120,600,self,2.8352022125947354,2.2329366856727013,0.4910000000000002,1
2,20,80,120,600,self,3.655257281307142,2.2329366856727013,0.3620000000000001,1
2,21,80,120,600,self,1.7034019522116404,2.2329366856727013,0.3030000000000001,1
2,22,80,120,600,self,3.651894244641674,2.2329366856727013,0.4580000000000002,1
2,23,80,120,600,self,3.6479270071993835,2.2329366856727013,0.4930000000000002,1
2,24,80,120,600,self,3.316105234135104,2.2329366856727013,0.5040000000000002,1
2,25,80,120,600,self,3.4575371370309043,2.2329366856727013,0.3800000000000001,1
2,26,80,120,600,self,4.878431375332585,2.2329366856727013,0.5060000000000002,1
2,27,80,120,600,self,4.53617950256749,2.2329366856727013,0.4620000000000002,1
2,28,80,120,600,self,4.487160795474082,2.2329366856727013,0.3490000000000001,1
2,29,80,120,600,self,3.2800078954949488,2.2329366856727013,0.4620000000000002,1
2,30,80,120,600,self,4.638786637731867,2.2329366856727013,0.4460000000000002,1
2,31,80,120,600,self,2.6500642250832906,2.2329366856727013,0.5810000000000003,1
2,32,80,120,600,self,2.873901077418213,2.2329366856727013,0.5460000000000003,1
2,33,80,120,600,self,4.077475897514469,2.2329366856727013,0.5030000000000002,1
2,34,80,120,600,self,5.031627653311665,2.2329366856727013,0.3620000000000001,1
2,35,80,120,600,self,2.9483214630188836,2.2329366856727013,0.3550000000000001,1
2,36,80,120,600,self,4.034706802417383,2.2329366856727013,0.4710000000000002,1
2,37,80,120,600,self,2.4524620962469443,2.2329366856727013,0.4460000000000002,1
2,38,80,120,600,self,2.9130790229924757,2.2329366856727013,0.6280000000000003,1
2,39,80,120,600,self,3.181059294286365,2.2329366856727013,0.43900000000000017,1
2,40,80,120,600,self,5.072204765358642,2.2329366856727013,0.2880000000000001,1
2,41,80,120,600,self,2.4271177820742063,2.2329366856727013,0.5470000000000003,1
2,42,80,120,600,self,5.0030388050831265,2.2329366856727013,0.3330000000000001,1
2,43,80,120,600,self,3.2138515819480755,2.2329366856727013,0.5440000000000003,1
2,44,80,120,600,self,5.122082843239861,2.2329366856727013,0.44300000000000017,1
2,45,80,120,600,self,2.079778875665716,2.2329366856727013,0.43600000000000017,1
2,46,80,120,600,self,3.2166305730610922,2.2329366856727013,0.3790000000000001,1
2,47,80,120,600,self,3.3281493336320205,2.2329366856727013,0.5610000000000003,1
2,48,80,120,600,self,2.467598519070978,2.2329366856727013,0.4630000000000002,1
2,49,80,120,600,self,3.172826738168263,2.2329366856727013,0.2850000000000001,1
2,50,80,120,600,self,5.124995028226969,2.2329366856727013,0.3370000000000001,1
2,51,80,120,600,self,4.264234807704291,2.2329366856727013,0.3760000000000001,1
2,52,80,120,600,self,3.752130453756549,2.2329366856727013,0.4730000000000002,1
2,53,80,120,600,self,5.327800476477673,2.2329366856727013,0.3650000000000001,1
2,54,80,120,600,self,3.8185064719193123,2.2329366856727013,0.4930000000000002,1
2,55,80,120,600,self,3.4133785749788257,2.2329366856727013,0.44300000000000017,1
2,56,80,120,600,self,2.8429512864716147,2.2329366856727013,0.6380000000000003,1
2,57,80,120,600,self,2.2711075279191535,2.2329366856727013,0.3490000000000001,1
2,58,80,120,600,self,3.9703900201413944,2.2329366856727013,0.3720000000000001,1
2,59,80,120,600,self,3.9053445535767577,2.2329366856727013,0.4600000000000002,1
2,60,80,120,600,self,4.0620510130291985,2.2329366856727013,0.5190000000000002,1
2,61,80,120,600,self,5.36480657595944,2.2329366856727013,0.41100000000000014,1
2,62,80,120,600,self,3.517837720609518,2.2329366856727013,0.3910000000000001,1
2,63,80,120,600,self,6.387940419522074,2.2329366856727013,0.32500000000000007,1
2,64,80,120,600,self,2.785909660333401,2.2329366856727013,0.5100000000000002,1
2,65,80,120,600,self,4.552234750867806,2.2329366856727013,0.40000000000000013,1
2,66,80,120,600,self,4.155501711210724,2.2329366856727013,0.6500000000000004,1
2,67,80,120,600,self,3.259729182206724,2.2329366856727013,0.3910000000000001,1
2,68,80,120,600,self,3.999027768352381,2.2329366856727013,0.6030000000000003,1
2,69,80,120,600,self,3.6080703197683612,2.2329366856727013,0.6270000000000003,1
2,70,80,120,600,self,3.383741849184382,2.2329366856727013,0.5720000000000003,1
2,71,80,120,600,self,4.816510996635678,2.2329366856727013,0.3380000000000001,1
2,72,80,120,600,self,2.289479623700106,2.2329366856727013,0.5710000000000003,1
2,73,80,120,600,self,2.96325284080924,2.2329366856727013,0.44000000000000017,1
2,74,80,120,600,self,1.6626136808655798,2.2329366856727013,0.4680000000000002,1
2,75,80,120,600,self,2.7478712161762013,2.2329366856727013,0.4630000000000002,1
2,76,80,120,600,self,3.5226809208490937,2.2329366856727013,0.5000000000000002,1
2,77,80,120,600,self,3.0192310571966416,2.2329366856727013,0.4760000000000002,1
2,78,80,120,600,self,4.198468397144931,2.2329366856727013,0.4800000000000002,1
2,79,80,120,600,self,4.069913118477977,2.2329366856727013,0.39900000000000013,1
2,80,80,120,600,self,2.853986844353718,2.2329366856727013,0.43400000000000016,1
2,81,80,120,600,self,3.6096501689965206,2.2329366856727013,0.3340000000000001,1
2,82,80,120,600,self,2.915752292285754,2.2329366856727013,0.40400000000000014,1
2,83,80,120,600,self,4.3929845316462615,2.2329366856727013,0.4570000000000002,1
2,84,80,120,600,self,5.448656961690835,2.2329366856727013,0.41300000000000014,1
2,85,80,120,600,self,4.360640035859941,2.2329366856727013,0.5220000000000002,1
2,86,80,120,600,self,2.87469069306217,2.2329366856727013,0.40700000000000014,1
2,87,80,120,600,self,3.8644464559212954,2.2329366856727013,0.6590000000000004,1
2,88,80,120,600,self,1.427141415727813,2.2329366856727013,0.4680000000000002,1
2,89,80,120,600,self,3.3147281017149313,2.2329366856727013,0.40500000000000014,1
2,90,80,120,600,self,2.809257777955723,2.2329366856727013,0.6560000000000004,1
2,91,80,120,600,self,4.214619155660781,2.2329366856727013,0.3870000000000001,1
2,92,80,120,600,self,3.594603614817396,2.2329366856727013,0.40900000000000014,1
2,93,80,120,600,self,4.777155457721946,2.2329366856727013,0.3400000000000001,1
2,94,80,120,600,self,3.797031585581478,2.2329366856727013,0.5630000000000003,1
2,95,80,120,600,self,4.399958369969196,2.2329366856727013,0.3220000000000001,1
2,96,80,120,600,self,3.257980598247298,2.2329366856727013,0.5110000000000002,1
2,97,80,120,600,self,2.5589388121963643,2.2329366856727013,0.39800000000000013,1
2,98,80,120,600,self,2.7885017451375607,2.2329366856727013,0.4440000000000002,1
2,99,80,120,600,self,3.5494690263358524,2.2329366856727013,0.5710000000000003,1
2,100,80,120,600,self,2.072485169539739,2.2329366856727013,0.4950000000000002,1
2,101,80,120,600,self,4.591993790588062,2.2329366856727013,0.5290000000000002,1
2,102,80,120,600,self,3.5639989738871365,2.2329366856727013,0.3090000000000001,1
2,103,80,120,600,self,4.914332240692186,2.2329366856727013,0.40300000000000014,1
2,104,80,120,600,self,3.2564292662072853,2.2329366856727013,0.3670000000000001,1
2,105,80,120,600,self,3.254245720302076,2.2329366856727013,0.43200000000000016,1
2,106,80,120,600,self,3.8486641456683803,2.2329366856727013,0.44100000000000017,1
2,107,80,120,600,self,2.663862495881343,2.2329366856727013,0.5360000000000003,1
2,108,80,120,600,self,2.2741635557082116,2.2329366856727013,0.41800000000000015,1
2,109,80,120,600,self,4.208283371485724,2.2329366856727013,0.41100000000000014,1
2,110,80,120,600,self,4.006427384970737,2.2329366856727013,0.39400000000000013,1
2,111,80,120,600,self,3.491691306745483,2.2329366856727013,0.5240000000000002,1
2,112,80,120,600,self,2.8355715839637208,2.2329366856727013,0.40400000000000014,1
2,113,80,120,600,self,3.5229079617786767,2.2329366856727013,0.3610000000000001,1
2,114,80,120,600,self,4.235186779705898,2.2329366856727013,0.3810000000000001,1
2,115,80,120,600,self,2.6881758339832533,2.2329366856727013,0.40400000000000014,1
2,116,80,120,600,self,4.134006489253208,2.2329366856727013,0.40200000000000014,1
2,117,80,120,600,self,5.321970338675867,2.2329366856727013,0.4920000000000002,1
2,118,80,120,600,self,2.882142198519958,2.2329366856727013,0.4640000000000002,1
2,119,80,120,600,self,3.8298997726609985,2.2329366856727013,0.6580000000000004,1
2,120,80,120,600,self,1.69335209826785,2.2329366856727013,0.5900000000000003,1
2,121,80,120,600,self,4.209570905997928,2.2329366856727013,0.3710000000000001,1
2,122,80,120,600,self,3.942420704136239,2.2329366856727013,0.4660000000000002,1
2,123,80,120,600,self,2.068022334612624,2.2329366856727013,0.42600000000000016,1
2,124,80,120,600,self,1.2999215041323837,2.2329366856727013,0.6490000000000004,1
2,125,80,120,600,self,1.7532770625846357,2.2329366856727013,0.6780000000000004,1
2,126,80,120,600,self,3.8460600177231314,2.2329366856727013,0.5490000000000003,1
2,127,80,120,600,self,4.580678386598722,2.2329366856727013,0.6480000000000004,1
2,128,80,120,600,self,3.796294419795725,2.2329366856727013,0.4700000000000002,1
2,129,80,120,600,self,3.7957347589131887,2.2329366856727013,0.5350000000000003,1
2,130,80,120,600,self,3.908848919022398,2.2329366856727013,0.3700000000000001,1
3,1,80,120,600,stranger,2.8606546488672304,2.412219419301745,0.6570000000000004,1
3,2,80,120,600,stranger,0.5187148949449298,2.412219419301745,0.5200000000000002,2
3,3,80,120,600,stranger,2.865098221491502,2.412219419301745,0.3690000000000001,1
3,4,80,120,600,stranger,3.0245567165086142,2.412219419301745,0.5240000000000002,1
3,5,80,120,600,stranger,1.3004367125678231,2.412219419301745,0.5060000000000002,1
3,6,80,120,600,stranger,1.2417111987881704,2.412219419301745,0.3330000000000001,1
3,7,80,120,600,stranger,2.0413709460067264,2.412219419301745,0.3860000000000001,1
3,8,80,120,600,stranger,2.603210480063252,2.412219419301745,0.3920000000000001,1
3,9,80,120,600,stranger,1.6657389081143053,2.412219419301745,0.3870000000000001,1
3,10,80,120,600,stranger,1.9535917205931899,2.412219419301745,0.6040000000000003,1
3,11,80,120,600,stranger,2.4117925612753472,2.412219419301745,0.6260000000000003,1
3,12,80,120,600,stranger,1.776089982643848,2.412219419301745,0.5530000000000003,1
3,13,80,120,600,stranger,0.07682299931594838,2.412219419301745,0.6150000000000003,1
3,14,80,120,600,stranger,1.0326250808515827,2.412219419301745,0.5880000000000003,1
3,15,80,120,600,stranger,1.0352355073414035,2.412219419301745,0.42700000000000016,1
3,16,80,120,600,stranger,2.776588395301942,2.412219419301745,0.5870000000000003,1
3,17,80,120,600,stranger,0.8795266408798867,2.412219419301745,0.4630000000000002,1
3,18,80,120,600,stranger,1.6136563615077977,2.412219419301745,0.4550000000000002,1
3,19,80,120,600,stranger,1.041163266989589,2.412219419301745,0.41400000000000015,1
3,20,80,120,600,stranger,0.8184779732645696,2.412219419301745,0.6000000000000003,1
3,21,80,120,600,stranger,-0.04490359042159009,2.412219419301745,0.5210000000000002,2
3,22,80,120,600,stranger,2.03302568836397,2.412219419301745,0.5610000000000003,1
3,23,80,120,600,stranger,1.5679720333349982,2.412219419301745,0.4790000000000002,1
3,24,80,120,600,stranger,1.3760824855981104,2.412219419301745,0.39500000000000013,1
3,25,80,120,600,stranger,2.492984857531009,2.412219419301745,0.4490000000000002,1
3,26,80,120,600,stranger,2.0931135717211786,2.412219419301745,0.3490000000000001,1
3,27,80,120,600,stranger,2.3542384983835682,2.412219419301745,0.41400000000000015,1
3,28,80,120,600,stranger,1.2428619760702837,2.412219419301745,0.4720000000000002,1
3,29,80,120,600,stranger,1.2540902248431893,2.412219419301745,0.5190000000000002,2
3,30,80,120,600,stranger,0.9472055381499582,2.412219419301745,0.4760000000000002,1
3,31,80,120,600,stranger,0.08596415878561414,2.412219419301745,0.5690000000000003,1
3,32,80,120,600,stranger,2.1537825204795977,2.412219419301745,0.6460000000000004,1
3,33,80,120,600,stranger,0.8846518403487589,2.412219419301745,0.40900000000000014,1
3,34,80,120,600,stranger,3.016907901661407,2.412219419301745,0.5360000000000003,1
3,35,80,120,600,stranger,1.8642662492164548,2.412219419301745,0.6380000000000003,1
3,36,80,120,600,stranger,0.08584383658996209,2.412219419301745,0.5360000000000003,1
3,37,80,120,600,stranger,0.3186952720065966,2.412219419301745,0.5460000000000003,1
3,38,80,120,600,stranger,1.010159012986036,2.412219419301745,0.6050000000000003,1
3,39,80,120,600,stranger,0.747375844949264,2.412219419301745,0.4590000000000002,1
3,40,80,120,600,stranger,0.9297296313860104,2.412219419301745,0.5060000000000002,1
3,41,80,120,600,stranger,3.2638554347358864,2.412219419301745,0.4890000000000002,1
3,42,80,120,600,stranger,-0.11831080398233684,2.412219419301745,0.6310000000000003,2
3,43,80,120,600,stranger,1.6806118729691684,2.412219419301745,0.39500000000000013,1
3,44,80,120,600,stranger,1.712860596941956,2.412219419301745,0.5520000000000003,1
3,45,80,120,600,stranger,-0.7694878637107786,2.412219419301745,0.5810000000000003,2
3,46,80,120,600,stranger,0.9685800610688162,2.412219419301745,0.5390000000000003,1
3,47,80,120,600,stranger,2.121509866601617,2.412219419301745,0.41500000000000015,1
3,48,80,120,600,stranger,2.23638274913995,2.412219419301745,0.5970000000000003,1
3,49,80,120,600,stranger,2.702642348515953,2.412219419301745,0.4600000000000002,1
3,50,80,120,600,stranger,-0.04455150626340043,2.412219419301745,0.5040000000000002,2
3,51,80,120,600,stranger,-1.1562754047303874,2.412219419301745,0.5490000000000003,2
3,52,80,120,600,stranger,0.6686458934432247,2.412219419301745,0.6440000000000003,2
3,53,80,120,600,stranger,1.0013459650162324,2.412219419301745,0.5090000000000002,1
3,54,80,120,600,stranger,1.6957959840089014,2.412219419301745,0.6210000000000003,1
3,55,80,120,600,stranger,1.3350801323425143,2.412219419301745,0.6130000000000003,1
3,56,80,120,600,stranger,2.7886486941381614,2.412219419301745,0.42600000000000016,1
3,57,80,120,600,stranger,1.1519563701106974,2.412219419301745,0.4960000000000002,1
3,58,80,120,600,stranger,0.05166096353245597,2.412219419301745,0.5890000000000003,1
3,59,80,120,600,stranger,2.620150400085419,2.412219419301745,0.6710000000000004,1
3,60,80,120,600,stranger,2.700512841852244,2.412219419301745,0.5270000000000002,1
3,61,80,120,600,stranger,0.33081637009048465,2.412219419301745,0.3840000000000001,2
3,62,80,120,600,stranger,2.0888044804705803,2.412219419301745,0.3330000000000001,1
3,63,80,120,600,stranger,-0.4539767869977306,2.412219419301745,0.4740000000000002,2
3,64,80,120,600,stranger,1.0592396113355889,2.412219419301745,0.4440000000000002,1
3,65,80,120,600,stranger,2.6817866890067377,2.412219419301745,0.4650000000000002,1
3,66,80,120,600,stranger,-0.3681929297934502,2.412219419301745,0.6150000000000003,2
3,67,80,120,600,stranger,1.4740084750074476,2.412219419301745,0.6190000000000003,1
3,68,80,120,600,stranger,2.125839915348963,2.412219419301745,0.6000000000000003,1
3,69,80,120,600,stranger,0.8507859171247002,2.412219419301745,0.6690000000000004,1
3,70,80,120,600,stranger,0.33576195981052015,2.412219419301745,0.5400000000000003,1
3,71,80,120,600,stranger,0.7704344839665509,2.412219419301745,0.5360000000000003,1
3,72,80,120,600,stranger,1.0593137248142468,2.412219419301745,0.6080000000000003,1
3,73,80,120,600,stranger,-0.4269364064340152,2.412219419301745,0.6750000000000004,2
3,74,80,120,600,stranger,2.1753948992633805,2.412219419301745,0.5770000000000003,1
3,75,80,120,600,stranger,2.299452174209126,2.412219419301745,0.44300000000000017,1
3,76,80,120,600,stranger,0.28507656036294604,2.412219419301745,0.5940000000000003,1
3,77,80,120,600,stranger,1.6187043172798434,2.412219419301745,0.6510000000000004,1
3,78,80,120,600,stranger,-0.7085590576752926,2.412219419301745,0.4450000000000002,2
3,79,80,120,600,stranger,1.5031074443112742,2.412219419301745,0.5110000000000002,1
3,80,80,120,600,stranger,1.9511063795083436,2.412219419301745,0.5540000000000003,1
3,81,80,120,600,stranger,1.6070647995193506,2.412219419301745,0.6250000000000003,1
3,82,80,120,600,stranger,0.016298213389015825,2.412219419301745,0.5380000000000003,1
3,83,80,120,600,stranger,1.2519972462273674,2.412219419301745,0.5060000000000002,1
3,84,80,120,600,stranger,2.407943901777141,2.412219419301745,0.5770000000000003,1
3,85,80,120,600,stranger,0.25360441394210154,2.412219419301745,0.5020000000000002,2
3,86,80,120,600,stranger,0.6572292988716513,2.412219419301745,0.4710000000000002,1
3,87,80,120,600,stranger,1.6860452866987514,2.412219419301745,0.4720000000000002,1
3,88,80,120,600,stranger,0.7389698455321159,2.412219419301745,0.6200000000000003,1
3,89,80,120,600,stranger,1.6819256806835758,2.412219419301745,0.4560000000000002,1
3,90,80,120,600,stranger,2.1733749400988365,2.412219419301745,0.5530000000000003,1
3,91,80,120,600,stranger,0.505188183365423,2.412219419301745,0.5030000000000002,2
3,92,80,120,600,stranger,0.8135940113680236,2.412219419301745,0.4670000000000002,1
3,93,80,120,600,stranger,-0.5505856565983284,2.412219419301745,0.42400000000000015,2
3,94,80,120,600,stranger,1.3124339145920345,2.412219419301745,0.4770000000000002,1
3,95,80,120,600,stranger,2.058462843855366,2.412219419301745,0.4710000000000002,1
3,96,80,120,600,stranger,0.5466241135232752,2.412219419301745,0.5960000000000003,1
3,97,80,120,600,stranger,-1.0371505273440085,2.412219419301745,0.4810000000000002,2
3,98,80,120,600,stranger,0.7116386278656291,2.412219419301745,0.6200000000000003,1
3,99,80,120,600,stranger,0.5253654013534033,2.412219419301745,0.3840000000000001,1
3,100,80,120,600,stranger,2.108370203501842,2.412219419301745,0.42200000000000015,1
3,101,80,120,600,stranger,1.653281612328315,2.412219419301745,0.6010000000000003,1
3,102,80,120,600,stranger,1.459054321415007,2.412219419301745,0.6410000000000003,1
3,103,80,120,600,stranger,1.5411798266031886,2.412219419301745,0.5880000000000003,1
3,104,80,120,600,stranger,1.5261859983742945,2.412219419301745,0.5420000000000003,1
3,105,80,120,600,stranger,2.124988398360698,2.412219419301745,0.6070000000000003,1
3,106,80,120,600,stranger,1.414654296633005,2.412219419301745,0.6680000000000004,1
3,107,80,120,600,stranger,1.5642995481052666,2.412219419301745,0.5040000000000002,1
3,108,80,120,600,stranger,0.7513969617672795,2.412219419301745,0.5410000000000003,1
3,109,80,120,600,stranger,2.5751863174580305,2.412219419301745,0.41900000000000015,1
3,110,80,120,600,stranger,-0.09087992632604547,2.412219419301745,0.5060000000000002,1
3,111,80,120,600,stranger,1.1662123098363766,2.412219419301745,0.3850000000000001,1
3,112,80,120,600,stranger,1.1349674723405299,2.412219419301745,0.5120000000000002,1
3,113,80,120,600,stranger,1.495053157593151,2.412219419301745,0.6140000000000003,1
3,114,80,120,600,stranger,0.6352068602711507,2.412219419301745,0.5670000000000003,1
3,115,80,120,600,stranger,1.29192488381688,2.412219419301745,0.4590000000000002,1
3,116,80,120,600,stranger,3.203311188171649,2.412219419301745,0.5730000000000003,1
3,117,80,120,600,stranger,1.6232616523494068,2.412219419301745,0.5230000000000002,1
3,118,80,120,600,stranger,-0.4105144928645258,2.412219419301745,0.44000000000000017,2
3,119,80,120,600,stranger,1.1133564960631224,2.412219419301745,0.4440000000000002,1
3,120,80,120,600,stranger,2.6085864400830707,2.412219419301745,0.4750000000000002,1
3,121,80,120,600,stranger,0.6978189248464902,2.412219419301745,0.6320000000000003,1
3,122,80,120,600,stranger,1.3432656422679998,2.412219419301745,0.5800000000000003,1
3,123,80,120,600,stranger,1.147552811329308,2.412219419301745,0.4590000000000002,1
3,124,80,120,600,stranger,0.49381439743272504,2.412219419301745,0.5130000000000002,2
3,125,80,120,600,stranger,0.40671259448915564,2.412219419301745,0.3080000000000001,1
3,126,80,120,600,stranger,1.1532323919204064,2.412219419301745,0.4620000000000002,1
3,127,80,120,600,stranger,1.9951779956609603,2.412219419301745,0.39700000000000013,1
3,128,80,120,600,stranger,1.6454298264312308,2.412219419301745,0.40600000000000014,1
3,129,80,120,600,stranger,-0.2479291837299048,2.412219419301745,0.6350000000000003,2
3,130,80,120,600,stranger,3.6463139201338266,2.412219419301745,0.5190000000000002,1
3,1,80,120,600,self,4.911242394301316,2.412219419301745,0.43900000000000017,1
3,2,80,120,600,self,2.7789275442949632,2.412219419301745,0.4620000000000002,1
3,3,80,120,600,self,4.474244098399846,2.412219419301745,0.5450000000000003,1
3,4,80,120,600,self,2.964260381227601,2.412219419301745,0.43200000000000016,1
3,5,80,120,600,self,5.21762365541995,2.412219419301745,0.5550000000000003,1
3,6,80,120,600,self,4.048387113046559,2.412219419301745,0.3660000000000001,1
3,7,80,120,600,self,4.890118985988214,2.412219419301745,0.2980000000000001,1
3,8,80,120,600,self,3.786436648368189,2.412219419301745,0.42300000000000015,1
3,9,80,120,600,self,3.6518622454148786,2.412219419301745,0.5460000000000003,1
3,10,80,120,600,self,2.4942694383829713,2.412219419301745,0.4670000000000002,1
3,11,80,120,600,self,3.2506052322580654,2.412219419301745,0.4550000000000002,1
3,12,80,120,600,self,3.1285919077530373,2.412219419301745,0.43500000000000016,1
3,13,80,120,600,self,2.8948251797945415,2.412219419301745,0.5170000000000002,1
3,14,80,120,600,self,3.642156412992169,2.412219419301745,0.41600000000000015,1
3,15,80,120,600,self,4.892938929488346,2.412219419301745,0.44000000000000017,1
3,16,80,120,600,self,4.167194888870319,2.412219419301745,0.3120000000000001,1
3,17,80,120,600,self,4.368298315607739,2.412219419301745,0.6640000000000004,1
3,18,80,120,600,self,2.5184512250020887,2.412219419301745,0.5190000000000002,1
3,19,80,120,600,self,3.1233319521079994,2.412219419301745,0.5070000000000002,1
3,20,80,120,600,self,2.221175052394733,2.412219419301745,0.6040000000000003,1
3,21,80,120,600,self,4.7176482580705885,2.412219419301745,0.5200000000000002,1
3,22,80,120,600,self,3.3587589270071816,2.412219419301745,0.6750000000000004,1
3,23,80,120,600,self,3.758162356357278,2.412219419301745,0.3900000000000001,1
3,24,80,120,600,self,4.7403456541424465,2.412219419301745,0.5610000000000003,1
3,25,80,120,600,self,3.402273694933412,2.412219419301745,0.6780000000000004,1
3,26,80,120,600,self,4.235516331099608,2.412219419301745,0.5020000000000002,1
3,27,80,120,600,self,4.588338025982216,2.412219419301745,0.3650000000000001,1
3,28,80,120,600,self,2.6919779456222668,2.412219419301745,0.4530000000000002,1
3,29,80,120,600,self,3.3699888832800156,2.412219419301745,0.5980000000000003,1
3,30,80,120,600,self,4.674700368463826,2.412219419301745,0.5700000000000003,1
3,31,80,120,600,self,4.594018041117379,2.412219419301745,0.3790000000000001,1
3,32,80,120,600,self,2.911878710920072,2.412219419301745,0.5380000000000003,1
3,33,80,120,600,self,3.351824055801115,2.412219419301745,0.6650000000000004,1
3,34,80,120,600,self,4.6779298210414355,2.412219419301745,0.3920000000000001,1
3,35,80,120,600,self,3.360540483352992,2.412219419301745,0.42300000000000015,1
3,36,80,120,600,self,2.3242663699854393,2.412219419301745,0.6260000000000003,1
3,37,80,120,600,self,2.5869803639011404,2.412219419301745,0.5220000000000002,1
3,38,80,120,600,self,4.857027500384982,2.412219419301745,0.3870000000000001,1
3,39,80,120,600,self,5.239290941815055,2.412219419301745,0.3330000000000001,1
3,40,80,120,600,self,3.1486170753477523,2.412219419301745,0.6320000000000003,1
3,41,80,120,600,self,5.106999858662299,2.412219419301745,0.4650000000000002,1
3,42,80,120,600,self,3.4015090964542294,2.412219419301745,0.3620000000000001,1
3,43,80,120,600,self,3.0991531668261625,2.412219419301745,0.6370000000000003,1
3,44,80,120,600,self,3.04357667532848,2.412219419301745,0.4950000000000002,1
3,45,80,120,600,self,3.5277945946441274,2.412219419301745,0.6410000000000003,1
3,46,80,120,600,self,1.8650039449975202,2.412219419301745,0.4510000000000002,1
3,47,80,120,600,self,3.266356383369411,2.412219419301745,0.6250000000000003,1
3,48,80,120,600,self,3.5552132875423665,2.412219419301745,0.5660000000000003,1
3,49,80,120,600,self,3.0834994566182927,2.412219419301745,0.5470000000000003,1
3,50,80,120,600,self,2.963457284201729,2.412219419301745,0.3760000000000001,1
3,51,80,120,600,self,3.4860115076696885,2.412219419301745,0.6120000000000003,1
3,52,80,120,600,self,3.51615833321455,2.412219419301745,0.5150000000000002,1
3,53,80,120,600,self,3.449196286776682,2.412219419301745,0.6250000000000003,1
3,54,80,120,600,self,4.354247720172928,2.412219419301745,0.5340000000000003,1
3,55,80,120,600,self,3.1156571768256516,2.412219419301745,0.40600000000000014,1
3,56,80,120,600,self,4.297123032041472,2.412219419301745,0.4540000000000002,1
3,57,80,120,600,self,3.774559537627235,2.412219419301745,0.5330000000000003,1
3,58,80,120,600,self,4.881948214406766,2.412219419301745,0.3830000000000001,1
3,59,80,120,600,self,4.466261018625358,2.412219419301745,0.39900000000000013,1
3,60,80,120,600,self,4.641451991163127,2.412219419301745,0.3880000000000001,1
3,61,80,120,600,self,3.283354566468714,2.412219419301745,0.5260000000000002,1
3,62,80,120,600,self,4.757179150538391,2.412219419301745,0.5200000000000002,1
3,63,80,120,600,self,4.299150912644974,2.412219419301745,0.43100000000000016,1
3,64,80,120,600,self,3.2649462866300505,2.412219419301745,0.5620000000000003,1
3,65,80,120,600,self,4.481527050333624,2.412219419301745,0.4810000000000002,1
3,66,80,120,600,self,3.942662169949542,2.412219419301745,0.44200000000000017,1
3,67,80,120,600,self,3.5410521484419815,2.412219419301745,0.3840000000000001,1
3,68,80,120,600,self,2.295833876728936,2.412219419301745,0.4580000000000002,1
3,69,80,120,600,self,3.8068317335662205,2.412219419301745,0.4540000000000002,1
3,70,80,120,600,self,2.970130623963259,2.412219419301745,0.4830000000000002,1
3,71,80,120,600,self,4.566457297968222,2.412219419301745,0.40800000000000014,1
3,72,80,120,600,self,4.0690706385620485,2.412219419301745,0.3320000000000001,1
3,73,80,120,600,self,3.9298871759998084,2.412219419301745,0.4980000000000002,1
3,74,80,120,600,self,3.9940955094220976,2.412219419301745,0.43300000000000016,1
3,75,80,120,600,self,2.8768962416785038,2.412219419301745,0.5590000000000003,1
3,76,80,120,600,self,4.025467850152343,2.412219419301745,0.3410000000000001,1
3,77,80,120,600,self,4.597717260601238,2.412219419301745,0.3610000000000001,1
3,78,80,120,600,self,1.979289854203533,2.412219419301745,0.6110000000000003,1
3,79,80,120,600,self,3.0271208818895565,2.412219419301745,0.4850000000000002,1
3,80,80,120,600,self,4.198982351960844,2.412219419301745,0.4520000000000002,1
3,81,80,120,600,self,3.2304830762732726,2.412219419301745,0.5100000000000002,1
3,82,80,120,600,self,2.1242832258879396,2.412219419301745,0.6610000000000004,1
3,83,80,120,600,self,3.8257603465611583,2.412219419301745,0.5080000000000002,1
3,84,80,120,600,self,4.578113093460075,2.412219419301745,0.42300000000000015,1
3,85,80,120,600,self,2.64345173892818,2.412219419301745,0.6420000000000003,1
3,86,80,120,600,self,4.16041882882774,2.412219419301745,0.3380000000000001,1
3,87,80,120,600,self,2.7615993881903096,2.412219419301745,0.3880000000000001,1
3,88,80,120,600,self,4.137776113444653,2.412219419301745,0.4930000000000002,1
3,89,80,120,600,self,4.432036289818166,2.412219419301745,0.42400000000000015,1
3,90,80,120,600,self,1.1495863047105144,2.412219419301745,0.6450000000000004,1
3,91,80,120,600,self,5.205160693824482,2.412219419301745,0.3920000000000001,1
3,92,80,120,600,self,3.496698543527078,2.412219419301745,0.6360000000000003,1
3,93,80,120,600,self,2.426118786093,2.412219419301745,0.3150000000000001,1
3,94,80,120,600,self,2.9092186915783445,2.412219419301745,0.40200000000000014,1
3,95,80,120,600,self,2.8013978108686755,2.412219419301745,0.5270000000000002,1
3,96,80,120,600,self,4.918801801353524,2.412219419301745,0.44200000000000017,1
3,97,80,120,600,self,3.27907108116807,2.412219419301745,0.4790000000000002,1
3,98,80,120,600,self,3.3980773499014965,2.412219419301745,0.3360000000000001,1
3,99,80,120,600,self,3.830083245643857,2.412219419301745,0.5880000000000003,1
3,100,80,120,600,self,3.9439101108006915,2.412219419301745,0.3180000000000001,1
3,101,80,120,600,self,2.479358036282802,2.412219419301745,0.5880000000000003,1
3,102,80,120,600,self,3.966508402544813,2.412219419301745,0.5370000000000003,1
3,103,80,120,600,self,2.8119386021600685,2.412219419301745,0.3930000000000001,1
3,104,80,120,600,self,5.444303305151967,2.412219419301745,0.4570000000000002,1
3,105,80,120,600,self,3.6252154419222262,2.412219419301745,0.5460000000000003,1
3,106,80,120,600,self,3.154222805969559,2.412219419301745,0.5830000000000003,1
3,107,80,120,600,self,3.9309869671180504,2.412219419301745,0.5170000000000002,1
3,108,80,120,600,self,3.1320354781430932,2.412219419301745,0.5790000000000003,1
3,109,80,120,600,self,4.913090653866236,2.412219419301745,0.4950000000000002,1
3,110,80,120,600,self,5.030666054525254,2.412219419301745,0.43900000000000017,1
3,111,80,120,600,self,3.22313348546021,2.412219419301745,0.3910000000000001,1
3,112,80,120,600,self,2.3065484035142356,2.412219419301745,0.6180000000000003,1
3,113,80,120,600,self,4.326046726954461,2.412219419301745,0.4500000000000002,1
3,114,80,120,600,self,3.4029231599897214,2.412219419301745,0.42600000000000016,1
3,115,80,120,600,self,3.2312863525936315,2.412219419301745,0.44100000000000017,1
3,116,80,120,600,self,2.6198459806922934,2.412219419301745,0.5820000000000003,1
3,117,80,120,600,self,3.2801868929261047,2.412219419301745,0.4480000000000002,1
3,118,80,120,600,self,3.5755884563742275,2.412219419301745,0.3370000000000001,1
3,119,80,120,600,self,3.928059679789766,2.412219419301745,0.4550000000000002,1
3,120,80,120,600,self,3.9152483578156776,2.412219419301745,0.39400000000000013,1
3,121,80,120,600,self,4.15487793659846,2.412219419301745,0.40700000000000014,1
3,122,80,120,600,self,3.8854775635406793,2.412219419301745,0.3380000000000001,1
3,123,80,120,600,self,2.2421755021541827,2.412219419301745,0.5060000000000002,1
3,124,80,120,600,self,3.2613460613181013,2.412219419301745,0.2900000000000001,1
3,125,80,120,600,self,3.6753479500877937,2.412219419301745,0.39500000000000013,1
3,126,80,120,600,self,1.6407783555253557,2.412219419301745,0.6740000000000004,1
3,127,80,120,600,self,3.2487373255188445,2.412219419301745,0.5190000000000002,1
3,128,80,120,600,self,3.550952783173253,2.412219419301745,0.5840000000000003,1
3,129,80,120,600,self,4.375687776408078,2.412219419301745,0.3480000000000001,1
3,130,80,120,600,self,4.466624152485687,2.412219419301745,0.40400000000000014,1
4,1,80,120,600,stranger,3.149491296822557,2.9993976177272224,0.5760000000000003,1
4,2,80,120,600,stranger,2.490151737578337,2.9993976177272224,0.4670000000000002,1
4,3,80,120,600,stranger,1.9820235565087474,2.9993976177272224,0.5980000000000003,1
4,4,80,120,600,stranger,-0.13080346059178583,2.9993976177272224,0.6740000000000004,2
4,5,80,120,600,stranger,1.6061210805750852,2.9993976177272224,0.6150000000000003,1
4,6,80,120,600,stranger,3.423833997905387,2.9993976177272224,0.5420000000000003,1
4,7,80,120,600,stranger,-0.7684893118153088,2.9993976177272224,0.6140000000000003,2
4,8,80,120,600,stranger,1.2452204134069413,2.9993976177272224,0.6290000000000003,1
4,9,80,120,600,stranger,3.053369893441899,2.9993976177272224,0.5340000000000003,1
4,10,80,120,600,stranger,1.2158689710166857,2.9993976177272224,0.5760000000000003,1
4,11,80,120,600,stranger,0.09224410950317696,2.9993976177272224,0.6720000000000004,2
4,12,80,120,600,stranger,2.717512889476028,2.9993976177272224,0.5890000000000003,1
4,13,80,120,600,stranger,2.019803142799238,2.9993976177272224,0.5460000000000003,1
4,14,80,120,600,stranger,2.6111504633172307,2.9993976177272224,0.5140000000000002,1
4,15,80,120,600,stranger,1.897561551143169,2.9993976177272224,0.4790000000000002,1
4,16,80,120,600,stranger,2.651978000109428,2.9993976177272224,0.5580000000000003,1
4,17,80,120,600,stranger,-1.0897393885763602,2.9993976177272224,0.4470000000000002,2
4,18,80,120,600,stranger,2.830331620739472,2.9993976177272224,0.6220000000000003,1
4,19,80,120,600,stranger,2.7310951545877478,2.9993976177272224,0.4730000000000002,1
4,20,80,120,600,stranger,1.8247744593929869,2.9993976177272224,0.6190000000000003,1
4,21,80,120,600,stranger,1.520286914064273,2.9993976177272224,0.5560000000000003,1
4,22,80,120,600,stranger,1.4663066444918984,2.9993976177272224,0.5280000000000002,1
4,23,80,120,600,stranger,1.2999840627036474,2.9993976177272224,0.6070000000000003,1
4,24,80,120,600,stranger,0.5510392314768876,2.9993976177272224,0.3710000000000001,1
4,25,80,120,600,stranger,0.9389139673469695,2.9993976177272224,0.43900000000000017,2
4,26,80,120,600,stranger,1.9636791345412465,2.9993976177272224,0.6390000000000003,1
4,27,80,120,600,stranger,-1.4260051621537242,2.9993976177272224,0.6630000000000004,2
4,28,80,120,600,stranger,1.412165288968028,2.9993976177272224,0.41600000000000015,1
4,29,80,120,600,stranger,-0.6098088900835393,2.9993976177272224,0.5870000000000003,2
4,30,80,120,600,stranger,0.8333796004263717,2.9993976177272224,0.6630000000000004,1
4,31,80,120,600,stranger,2.563297774528478,2.9993976177272224,0.5270000000000002,1
4,32,80,120,600,stranger,1.7634461132364327,2.9993976177272224,0.6190000000000003,1
4,33,80,120,600,stranger,1.4289649830624966,2.9993976177272224,0.6240000000000003,1
4,34,80,120,600,stranger,3.5889989899391472,2.9993976177272224,0.6060000000000003,1
4,35,80,120,600,stranger,0.9692806669346116,2.9993976177272224,0.5520000000000003,1
4,36,80,120,600,stranger,-0.8838564841058983,2.9993976177272224,0.5900000000000003,2
4,37,80,120,600,stranger,1.431107563694047,2.9993976177272224,0.5850000000000003,1
4,38,80,120,600,stranger,1.0662467162697506,2.9993976177272224,0.4960000000000002,1
4,39,80,120,600,stranger,1.0108027281193797,2.9993976177272224,0.5740000000000003,1
4,40,80,120,600,stranger,-1.6764591544655119,2.9993976177272224,0.6460000000000004,2
4,41,80,120,600,stranger,2.162754680075501,2.9993976177272224,0.5990000000000003,1
4,42,80,120,600,stranger,0.0132923027896793,2.9993976177272224,0.6060000000000003,2
4,43,80,120,600,stranger,0.6690917717969642,2.9993976177272224,0.6420000000000003,1
4,44,80,120,600,stranger,-1.6350821673526266,2.9993976177272224,0.5090000000000002,2
4,45,80,120,600,stranger,1.6675529889867844,2.9993976177272224,0.5880000000000003,1
4,46,80,120,600,stranger,1.0538650499322215,2.9993976177272224,0.4770000000000002,1
4,47,80,120,600,stranger,-1.4083712112515987,2.9993976177272224,0.5130000000000002,2
4,48,80,120,600,stranger,2.7090913757979824,2.9993976177272224,0.4530000000000002,1
4,49,80,120,600,stranger,2.884713682602386,2.9993976177272224,0.4620000000000002,1
4,50,80,120,600,stranger,2.093495486429926,2.9993976177272224,0.5420000000000003,1
4,51,80,120,600,stranger,0.7209255501763235,2.9993976177272224,0.6080000000000003,1
4,52,80,120,600,stranger,0.29228361970928807,2.9993976177272224,0.5800000000000003,1
4,53,80,120,600,stranger,-0.012381569144827909,2.9993976177272224,0.5700000000000003,1
4,54,80,120,600,stranger,2.5429628133257696,2.9993976177272224,0.6530000000000004,1
4,55,80,120,600,stranger,3.283854096948778,2.9993976177272224,0.6080000000000003,1
4,56,80,120,600,stranger,0.04786044487816232,2.9993976177272224,0.5890000000000003,2
4,57,80,120,600,stranger,1.9949428440368822,2.9993976177272224,0.5280000000000002,1
4,58,80,120,600,stranger,2.0718796696953548,2.9993976177272224,0.5910000000000003,1
4,59,80,120,600,stranger,-0.5313955402620446,2.9993976177272224,0.5140000000000002,2
4,60,80,120,600,stranger,1.7915461991613215,2.9993976177272224,0.6030000000000003,1
4,61,80,120,600,stranger,1.6126171188870186,2.9993976177272224,0.5000000000000002,1
4,62,80,120,600,stranger,-0.38316047439066414,2.9993976177272224,0.6250000000000003,1
4,63,80,120,600,stranger,2.3145082748197146,2.9993976177272224,0.6280000000000003,1
4,64,80,120,600,stranger,1.3129257620368282,2.9993976177272224,0.6310000000000003,1
4,65,80,120,600,stranger,1.622185227631504,2.9993976177272224,0.5500000000000003,1
4,66,80,120,600,stranger,0.4048940400362466,2.9993976177272224,0.6450000000000004,1
4,67,80,120,600,stranger,2.4479676490641413,2.9993976177272224,0.5530000000000003,1
4,68,80,120,600,stranger,0.9624300790756348,2.9993976177272224,0.5440000000000003,1
4,69,80,120,600,stranger,2.1592657375863467,2.9993976177272224,0.6610000000000004,1
4,70,80,120,600,stranger,2.6140577529106737,2.9993976177272224,0.5740000000000003,1
4,71,80,120,600,stranger,0.29039620041572667,2.9993976177272224,0.6430000000000003,1
4,72,80,120,600,stranger,0.8853173742740501,2.9993976177272224,0.6770000000000004,1
4,73,80,120,600,stranger,2.496545387265357,2.9993976177272224,0.5210000000000002,1
4,74,80,120,600,stranger,3.360765215769056,2.9993976177272224,0.5150000000000002,1
4,75,80,120,600,stranger,1.2466010293698802,2.9993976177272224,0.5810000000000003,1
4,76,80,120,600,stranger,1.2439935883100683,2.9993976177272224,0.6310000000000003,1
4,77,80,120,600,stranger,1.9769157117263783,2.9993976177272224,0.43300000000000016,1
4,78,80,120,600,stranger,1.5725327681328238,2.9993976177272224,0.5460000000000003,1
4,79,80,120,600,stranger,1.2852283209500956,2.9993976177272224,0.5530000000000003,1
4,80,80,120,600,stranger,1.9997315924365608,2.9993976177272224,0.5750000000000003,1
4,81,80,120,600,stranger,0.6385613316449504,2.9993976177272224,0.6750000000000004,1
4,82,80,120,600,stranger,0.48206190821811684,2.9993976177272224,0.6500000000000004,2
4,83,80,120,600,stranger,2.713619193063271,2.9993976177272224,0.40400000000000014,1
4,84,80,120,600,stranger,3.1136384943358544,2.9993976177272224,0.6510000000000004,1
4,85,80,120,600,stranger,1.7554375482876938,2.9993976177272224,0.6200000000000003,1
4,86,80,120,600,stranger,2.618563615402601,2.9993976177272224,0.4460000000000002,1
4,87,80,120,600,stranger,1.211524058495491,2.9993976177272224,0.5780000000000003,1
4,88,80,120,600,stranger,1.0043362442643713,2.9993976177272224,0.5710000000000003,1
4,89,80,120,600,stranger,3.388899945025066,2.9993976177272224,0.4510000000000002,1
4,90,80,120,600,stranger,3.1601565759350323,2.9993976177272224,0.5580000000000003,1
4,91,80,120,600,stranger,2.1554053088771408,2.9993976177272224,0.6390000000000003,1
4,92,80,120,600,stranger,3.496899490366295,2.9993976177272224,0.6270000000000003,1
4,93,80,120,600,stranger,2.3988399529921502,2.9993976177272224,0.5120000000000002,1
4,94,80,120,600,stranger,0.806111987076481,2.9993976177272224,0.5270000000000002,1
4,95,80,120,600,stranger,3.0782894510889935,2.9993976177272224,0.4700000000000002,1
4,96,80,120,600,stranger,0.567533523366148,2.9993976177272224,0.3740000000000001,1
4,97,80,120,600,stranger,1.4712380958571802,2.9993976177272224,0.41900000000000015,1
4,98,80,120,600,stranger,1.290745997067943,2.9993976177272224,0.5660000000000003,1
4,99,80,120,600,stranger,0.04945231801902816,2.9993976177272224,0.5070000000000002,1
4,100,80,120,600,stranger,1.0168989619594566,2.9993976177272224,0.4460000000000002,1
4,101,80,120,600,stranger,2.4657384865400305,2.9993976177272224,0.5940000000000003,1
4,102,80,120,600,stranger,-2.9289086984538617,2.9993976177272224,0.5190000000000002,2
4,103,80,120,600,stranger,0.8681683691463017,2.9993976177272224,0.5110000000000002,2
4,104,80,120,600,stranger,1.8897180772031041,2.9993976177272224,0.6750000000000004,1
4,105,80,120,600,stranger,1.195921329836457,2.9993976177272224,0.6200000000000003,1
4,106,80,120,600,stranger,3.1720637137410366,2.9993976177272224,0.5480000000000003,1
4,107,80,120,600,stranger,1.163649720385654,2.9993976177272224,0.5940000000000003,1
4,108,80,120,600,stranger,2.0254287545746528,2.9993976177272224,0.6430000000000003,1
4,109,80,120,600,stranger,2.3035283483999036,2.9993976177272224,0.5370000000000003,1
4,110,80,120,600,stranger,-0.44881095894011824,2.9993976177272224,0.5710000000000003,2
4,111,80,120,600,stranger,0.9273995186230412,2.9993976177272224,0.4940000000000002,1
4,112,80,120,600,stranger,-0.5207402013003929,2.9993976177272224,0.43900000000000017,2
4,113,80,120,600,stranger,1.8132323340115932,2.9993976177272224,0.41600000000000015,1
4,114,80,120,600,stranger,2.301906677135604,2.9993976177272224,0.6190000000000003,1
4,115,80,120,600,stranger,0.8303522349919751,2.9993976177272224,0.5450000000000003,1
4,116,80,120,600,stranger,1.6837065116952608,2.9993976177272224,0.4740000000000002,2
4,117,80,120,600,stranger,2.4929542475145383,2.9993976177272224,0.4480000000000002,1
4,118,80,120,600,stranger,2.639409433069014,2.9993976177272224,0.3890000000000001,1
4,119,80,120,600,stranger,1.5359108514698614,2.9993976177272224,0.6030000000000003,1
4,120,80,120,600,stranger,-0.4045420980853286,2.9993976177272224,0.6670000000000004,2
4,121,80,120,600,stranger,2.3208283670001353,2.9993976177272224,0.6520000000000004,1
4,122,80,120,600,stranger,-1.099010529326279,2.9993976177272224,0.40200000000000014,2
4,123,80,120,600,stranger,1.6258985325156408,2.9993976177272224,0.5670000000000003,1
4,124,80,120,600,stranger,0.5320197435000007,2.9993976177272224,0.5880000000000003,1
4,125,80,120,600,stranger,2.6790189957023633,2.9993976177272224,0.3920000000000001,1
4,126,80,120,600,stranger,-0.5423166622001411,2.9993976177272224,0.6340000000000003,1
4,127,80,120,600,stranger,-1.5989781918207662,2.9993976177272224,0.4720000000000002,2
4,128,80,120,600,stranger,2.3889917081067917,2.9993976177272224,0.4460000000000002,1
4,129,80,120,600,stranger,2.1699523757293537,2.9993976177272224,0.6360000000000003,1
4,130,80,120,600,stranger,2.380250752027073,2.9993976177272224,0.4560000000000002,1
4,1,80,120,600,self,3.8874260498649664,2.9993976177272224,0.4770000000000002,1
4,2,80,120,600,self,5.5743059931459875,2.9993976177272224,0.5320000000000003,1
4,3,80,120,600,self,4.6472582984303,2.9993976177272224,0.4860000000000002,1
4,4,80,120,600,self,1.8986190259153173,2.9993976177272224,0.6300000000000003,1
4,5,80,120,600,self,2.823517285086611,2.9993976177272224,0.43000000000000016,1
4,6,80,120,600,self,3.7298646018278157,2.9993976177272224,0.6140000000000003,1
4,7,80,120,600,self,4.875099136976551,2.9993976177272224,0.4790000000000002,1
4,8,80,120,600,self,3.513006151859924,2.9993976177272224,0.6710000000000004,1
4,9,80,120,600,self,5.406959837999665,2.9993976177272224,0.3510000000000001,1
4,10,80,120,600,self,4.0456834665913854,2.9993976177272224,0.43800000000000017,1
4,11,80,120,600,self,3.7816025131278774,2.9993976177272224,0.5020000000000002,1
4,12,80,120,600,self,5.056258422595197,2.9993976177272224,0.5020000000000002,1
4,13,80,120,600,self,2.377792051435031,2.9993976177272224,0.6210000000000003,1
4,14,80,120,600,self,6.125533949891569,2.9993976177272224,0.3350000000000001,1
4,15,80,120,600,self,3.7485946103325327,2.9993976177272224,0.4880000000000002,1
4,16,80,120,600,self,2.687051148123824,2.9993976177272224,0.6770000000000004,1
4,17,80,120,600,self,1.1428109795150219,2.9993976177272224,0.6420000000000003,1
4,18,80,120,600,self,3.2352026602710406,2.9993976177272224,0.5400000000000003,1
4,19,80,120,600,self,2.5084671085626704,2.9993976177272224,0.4810000000000002,1
4,20,80,120,600,self,4.270386445348588,2.9993976177272224,0.4710000000000002,1
4,21,80,120,600,self,3.326674757143146,2.9993976177272224,0.4810000000000002,1
4,22,80,120,600,self,2.5915324377542444,2.9993976177272224,0.5000000000000002,1
4,23,80,120,600,self,1.7781756790404613,2.9993976177272224,0.42500000000000016,2
4,24,80,120,600,self,3.9576748733471256,2.9993976177272224,0.6340000000000003,1
4,25,80,120,600,self,3.0425753233491957,2.9993976177272224,0.5490000000000003,1
4,26,80,120,600,self,4.272745333443728,2.9993976177272224,0.4880000000000002,1
4,27,80,120,600,self,4.255400497966361,2.9993976177272224,0.6300000000000003,1
4,28,80,120,600,self,4.187448615144882,2.9993976177272224,0.4750000000000002,1
4,29,80,120,600,self,1.9639626121928346,2.9993976177272224,0.3930000000000001,1
4,30,80,120,600,self,3.616825020174714,2.9993976177272224,0.5320000000000003,1
4,31,80,120,600,self,3.6875568567199077,2.9993976177272224,0.4540000000000002,1
4,32,80,120,600,self,3.4118822918278426,2.9993976177272224,0.5040000000000002,1
4,33,80,120,600,self,2.8054596319154266,2.9993976177272224,0.6480000000000004,1
4,34,80,120,600,self,2.197297303311908,2.9993976177272224,0.5140000000000002,1
4,35,80,120,600,self,2.496273859331019,2.9993976177272224,0.5150000000000002,1
4,36,80,120,600,self,2.7624642464982188,2.9993976177272224,0.4710000000000002,1
4,37,80,120,600,self,3.26994244643315,2.9993976177272224,0.5710000000000003,1
4,38,80,120,600,self,3.150901914521217,2.9993976177272224,0.4880000000000002,1
4,39,80,120,600,self,4.305624516119721,2.9993976177272224,0.5640000000000003,1
4,40,80,120,600,self,3.8080381155488983,2.9993976177272224,0.5650000000000003,1
4,41,80,120,600,self,3.5485400198630073,2.9993976177272224,0.6480000000000004,1
4,42,80,120,600,self,3.1156921507295987,2.9993976177272224,0.5980000000000003,1
4,43,80,120,600,self,3.2966510986161204,2.9993976177272224,0.6100000000000003,1
4,44,80,120,600,self,3.7935203751882542,2.9993976177272224,0.6200000000000003,1
4,45,80,120,600,self,4.495875744080252,2.9993976177272224,0.5730000000000003,1
4,46,80,120,600,self,2.7518423427415444,2.9993976177272224,0.4880000000000002,1
4,47,80,120,600,self,4.223286224083755,2.9993976177272224,0.43200000000000016,1
4,48,80,120,600,self,3.505027891299431,2.9993976177272224,0.6490000000000004,1
4,49,80,120,600,self,5.2999341441338945,2.9993976177272224,0.5330000000000003,1
4,50,80,120,600,self,4.383805216819651,2.9993976177272224,0.41700000000000015,1
4,51,80,120,600,self,3.514949450080628,2.9993976177272224,0.6270000000000003,1
4,52,80,120,600,self,5.012518554248373,2.9993976177272224,0.5040000000000002,1
4,53,80,120,600,self,2.689619613007854,2.9993976177272224,0.6180000000000003,1
4,54,80,120,600,self,3.144615727700964,2.9993976177272224,0.4680000000000002,1
4,55,80,120,600,self,3.6652869704517967,2.9993976177272224,0.4520000000000002,1
4,56,80,120,600,self,2.9973614950766123,2.9993976177272224,0.6300000000000003,1
4,57,80,120,600,self,4.851821899716593,2.9993976177272224,0.43200000000000016,1
4,58,80,120,600,self,3.6602810021011303,2.9993976177272224,0.5960000000000003,1
4,59,80,120,600,self,4.585563091236712,2.9993976177272224,0.43000000000000016,1
4,60,80,120,600,self,3.740509493680867,2.9993976177272224,0.40700000000000014,1
4,61,80,120,600,self,5.429536402019046,2.9993976177272224,0.4750000000000002,1
4,62,80,120,600,self,4.41837104828846,2.9993976177272224,0.4840000000000002,1
4,63,80,120,600,self,3.1348459411574012,2.9993976177272224,0.5180000000000002,1
4,64,80,120,600,self,3.8435035986446193,2.9993976177272224,0.5260000000000002,1
4,65,80,120,600,self,3.010615756764047,2.9993976177272224,0.6070000000000003,1
4,66,80,120,600,self,3.3460018703438887,2.9993976177272224,0.6150000000000003,1
4,67,80,120,600,self,2.640675074082302,2.9993976177272224,0.43400000000000016,1
4,68,80,120,600,self,1.699088250184185,2.9993976177272224,0.6720000000000004,1
4,69,80,120,600,self,3.7566603292237066,2.9993976177272224,0.3730000000000001,1
4,70,80,120,600,self,5.035762995435823,2.9993976177272224,0.4870000000000002,1
4,71,80,120,600,self,3.7136319662675734,2.9993976177272224,0.6620000000000004,1
4,72,80,120,600,self,2.8519206680717364,2.9993976177272224,0.3370000000000001,1
4,73,80,120,600,self,5.375996560125616,2.9993976177272224,0.4720000000000002,1
4,74,80,120,600,self,1.8589154074426781,2.9993976177272224,0.4780000000000002,1
4,75,80,120,600,self,4.354333494832528,2.9993976177272224,0.5780000000000003,1
4,76,80,120,600,self,2.6183746864801924,2.9993976177272224,0.5490000000000003,1
4,77,80,120,600,self,4.211928054734661,2.9993976177272224,0.4880000000000002,1
4,78,80,120,600,self,2.9976382585236885,2.9993976177272224,0.6200000000000003,1
4,79,80,120,600,self,3.703097886129502,2.9993976177272224,0.5600000000000003,1
4,80,80,120,600,self,4.406708792058433,2.9993976177272224,0.5300000000000002,1
4,81,80,120,600,self,3.556036552996166,2.9993976177272224,0.5120000000000002,1
4,82,80,120,600,self,1.8432361792745267,2.9993976177272224,0.5120000000000002,1
4,83,80,120,600,self,4.571197834928648,2.9993976177272224,0.5400000000000003,1
4,84,80,120,600,self,4.008114155781193,2.9993976177272224,0.4900000000000002,1
4,85,80,120,600,self,5.064640777659652,2.9993976177272224,0.4480000000000002,1
4,86,80,120,600,self,3.4153619145223892,2.9993976177272224,0.5910000000000003,1
4,87,80,120,600,self,3.859118340884713,2.9993976177272224,0.42500000000000016,1
4,88,80,120,600,self,4.295654151422573,2.9993976177272224,0.6680000000000004,1
4,89,80,120,600,self,5.12684012675069,2.9993976177272224,0.5540000000000003,1
4,90,80,120,600,self,3.155595403902792,2.9993976177272224,0.5560000000000003,1
4,91,80,120,600,self,3.98455242077284,2.9993976177272224,0.5450000000000003,1
4,92,80,120,600,self,4.280051411491952,2.9993976177272224,0.5670000000000003,1
4,93,80,120,600,self,1.9368249135950717,2.9993976177272224,0.5950000000000003,1
4,94,80,120,600,self,3.2271261441002568,2.9993976177272224,0.5620000000000003,1
4,95,80,120,600,self,3.1150619971923845,2.9993976177272224,0.4520000000000002,1
4,96,80,120,600,self,4.3266349017938985,2.9993976177272224,0.4600000000000002,1
4,97,80,120,600,self,4.220617542959783,2.9993976177272224,0.3640000000000001,1
4,98,80,120,600,self,4.880018876775566,2.9993976177272224,0.3810000000000001,1
4,99,80,120,600,self,3.749037898963988,2.9993976177272224,0.5450000000000003,1
4,100,80,120,600,self,2.5624990282432485,2.9993976177272224,0.5870000000000003,1
4,101,80,120,600,self,4.0223901956658406,2.9993976177272224,0.5090000000000002,1
4,102,80,120,600,self,2.7686536889597697,2.9993976177272224,0.5000000000000002,1
4,103,80,120,600,self,3.113698455263508,2.9993976177272224,0.4670000000000002,1
4,104,80,120,600,self,2.5401047810946586,2.9993976177272224,0.43400000000000016,1
4,105,80,120,600,self,4.716141738304391,2.9993976177272224,0.3770000000000001,1
4,106,80,120,600,self,2.211956152206106,2.9993976177272224,0.4940000000000002,1
4,107,80,120,600,self,5.053790333319448,2.9993976177272224,0.3400000000000001,1
4,108,80,120,600,self,3.006166709998155,2.9993976177272224,0.6500000000000004,1
4,109,80,120,600,self,4.3954427248999135,2.9993976177272224,0.5030000000000002,1
4,110,80,120,600,self,2.9399054519890813,2.9993976177272224,0.43300000000000016,1
4,111,80,120,600,self,3.842709791452526,2.9993976177272224,0.5970000000000003,1
4,112,80,120,600,self,4.884767094297883,2.9993976177272224,0.43900000000000017,1
4,113,80,120,600,self,1.9144539833311895,2.9993976177272224,0.5110000000000002,1
4,114,80,120,600,self,3.3997476463320293,2.9993976177272224,0.6790000000000004,1
4,115,80,120,600,self,4.920427913887079,2.9993976177272224,0.4560000000000002,1
4,116,80,120,600,self,3.514737617402564,2.9993976177272224,0.4900000000000002,1
4,117,80,120,600,self,4.714527174233172,2.9993976177272224,0.6360000000000003,1
4,118,80,120,600,self,4.700186713296615,2.9993976177272224,0.4900000000000002,1
4,119,80,120,600,self,4.67065472581525,2.9993976177272224,0.39400000000000013,1
4,120,80,120,600,self,3.402209517854505,2.9993976177272224,0.5230000000000002,1
4,121,80,120,600,self,4.324223605464542,2.9993976177272224,0.40900000000000014,1
4,122,80,120,600,self,3.8511855118755154,2.9993976177272224,0.6270000000000003,1
4,123,80,120,600,self,4.757653446198104,2.9993976177272224,0.4610000000000002,1
4,124,80,120,600,self,3.4614334392055595,2.9993976177272224,0.5800000000000003,1
4,125,80,120,600,self,4.330642779890421,2.9993976177272224,0.3730000000000001,1
4,126,80,120,600,self,3.723396343960812,2.9993976177272224,0.6610000000000004,1
4,127,80,120,600,self,4.670263380362191,2.9993976177272224,0.4890000000000002,1
4,128,80,120,600,self,3.7470013563130617,2.9993976177272224,0.4970000000000002,1
4,129,80,120,600,self,2.4581388301832847,2.9993976177272224,0.6070000000000003,1
4,130,80,120,600,self,4.281360656693296,2.9993976177272224,0.5080000000000002,1
5,1,80,120,600,stranger,-0.050132144724381655,2.5451475526420975,0.5750000000000003,1
5,2,80,120,600,stranger,-0.6366917758846226,2.5451475526420975,0.5800000000000003,2
5,3,80,120,600,stranger,-1.9171875944601546,2.5451475526420975,0.5120000000000002,2
5,4,80,120,600,stranger,0.0705688098153725,2.5451475526420975,0.5760000000000003,1
5,5,80,120,600,stranger,1.2371615445257182,2.5451475526420975,0.6180000000000003,1
5,6,80,120,600,stranger,3.2759928711079587,2.5451475526420975,0.3660000000000001,1
5,7,80,120,600,stranger,1.7152603747156063,2.5451475526420975,0.5390000000000003,1
5,8,80,120,600,stranger,-1.6602111071331787,2.5451475526420975,0.3760000000000001,2
5,9,80,120,600,stranger,-0.8829030232307026,2.5451475526420975,0.6010000000000003,2
5,10,80,120,600,stranger,-0.5064672343272473,2.5451475526420975,0.6530000000000004,1
5,11,80,120,600,stranger,-0.41663905075042884,2.5451475526420975,0.5390000000000003,2
5,12,80,120,600,stranger,-0.980544846043102,2.5451475526420975,0.42900000000000016,2
5,13,80,120,600,stranger,0.6244198785806381,2.5451475526420975,0.4890000000000002,1
5,14,80,120,600,stranger,1.2294029060462472,2.5451475526420975,0.5760000000000003,2
5,15,80,120,600,stranger,-0.08748018372995325,2.5451475526420975,0.5390000000000003,2
5,16,80,120,600,stranger,0.4030812013720216,2.5451475526420975,0.5760000000000003,1
5,17,80,120,600,stranger,1.6569694335660432,2.5451475526420975,0.6500000000000004,1
5,18,80,120,600,stranger,1.4890002501114674,2.5451475526420975,0.5650000000000003,1
5,19,80,120,600,stranger,1.4819429697718545,2.5451475526420975,0.5970000000000003,1
5,20,80,120,600,stranger,0.9316160341745885,2.5451475526420975,0.6190000000000003,1
5,21,80,120,600,stranger,2.023719258197211,2.5451475526420975,0.5010000000000002,1
5,22,80,120,600,stranger,2.0986475264226394,2.5451475526420975,0.42900000000000016,1
5,23,80,120,600,stranger,2.032240834413419,2.5451475526420975,0.6300000000000003,1
5,24,80,120,600,stranger,0.7732523589716661,2.5451475526420975,0.40500000000000014,1
5,25,80,120,600,stranger,1.2174721346447952,2.5451475526420975,0.6290000000000003,1
5,26,80,120,600,stranger,1.3209347612753075,2.5451475526420975,0.40300000000000014,1
5,27,80,120,600,stranger,-1.9698565386230573,2.5451475526420975,0.6800000000000004,2
5,28,80,120,600,stranger,2.1480572469166366,2.5451475526420975,0.5590000000000003,1
5,29,80,120,600,stranger,2.1959128103259107,2.5451475526420975,0.3760000000000001,1
5,30,80,120,600,stranger,1.4473673665178688,2.5451475526420975,0.6170000000000003,1
5,31,80,120,600,stranger,1.564175030282798,2.5451475526420975,0.5350000000000003,1
5,32,80,120,600,stranger,2.089125490219325,2.5451475526420975,0.5470000000000003,1
5,33,80,120,600,stranger,0.5282021220617042,2.5451475526420975,0.4460000000000002,1
5,34,80,120,600,stranger,1.6395964517961312,2.5451475526420975,0.4910000000000002,1
5,35,80,120,600,stranger,0.9566190572477524,2.5451475526420975,0.6390000000000003,1
5,36,80,120,600,stranger,-1.432045607207188,2.5451475526420975,0.3760000000000001,2
5,37,80,120,600,stranger,2.4376444811607434,2.5451475526420975,0.5420000000000003,1
5,38,80,120,600,stranger,1.489272809676487,2.5451475526420975,0.5830000000000003,1
5,39,80,120,600,stranger,1.7161994729092753,2.5451475526420975,0.6090000000000003,1
5,40,80,120,600,stranger,2.218345731027211,2.5451475526420975,0.4750000000000002,1
5,41,80,120,600,stranger,1.2669868651663854,2.5451475526420975,0.6020000000000003,1
5,42,80,120,600,stranger,-0.6112209840820925,2.5451475526420975,0.6350000000000003,2
5,43,80,120,600,stranger,-0.370992763335808,2.5451475526420975,0.6770000000000004,2
5,44,80,120,600,stranger,2.2653891705403524,2.5451475526420975,0.5580000000000003,1
5,45,80,120,600,stranger,-0.024815615543365643,2.5451475526420975,0.5000000000000002,2
5,46,80,120,600,stranger,1.1547355548617633,2.5451475526420975,0.5830000000000003,1
5,47,80,120,600,stranger,0.8597739889199435,2.5451475526420975,0.6410000000000003,1
5,48,80,120,600,stranger,-0.7739165148519968,2.5451475526420975,0.5110000000000002,2
5,49,80,120,600,stranger,0.7221783219073236,2.5451475526420975,0.5710000000000003,1
5,50,80,120,600,stranger,1.2826917868184349,2.5451475526420975,0.3690000000000001,1
5,51,80,120,600,stranger,1.322158114890677,2.5451475526420975,0.5840000000000003,1
5,52,80,120,600,stranger,0.6894806141107594,2.5451475526420975,0.4520000000000002,1
5,53,80,120,600,stranger,1.3116240811709927,2.5451475526420975,0.6620000000000004,1
5,54,80,120,600,stranger,2.2062538670204233,2.5451475526420975,0.5410000000000003,1
5,55,80,120,600,stranger,0.13475770128745168,2.5451475526420975,0.5460000000000003,2
5,56,80,120,600,stranger,2.0202520893283538,2.5451475526420975,0.5620000000000003,1
5,57,80,120,600,stranger,0.04234077907936262,2.5451475526420975,0.5760000000000003,2
5,58,80,120,600,stranger,1.3105569948360665,2.5451475526420975,0.6510000000000004,1
5,59,80,120,600,stranger,0.6667084782012556,2.5451475526420975,0.6470000000000004,2
5,60,80,120,600,stranger,2.013194508393662,2.5451475526420975,0.6330000000000003,1
5,61,80,120,600,stranger,3.6792758639482654,2.5451475526420975,0.6800000000000004,1
5,62,80,120,600,stranger,2.1201333135804803,2.5451475526420975,0.6000000000000003,1
5,63,80,120,600,stranger,1.1296212162193864,2.5451475526420975,0.4980000000000002,1
5,64,80,120,600,stranger,1.349116547397899,2.5451475526420975,0.43300000000000016,1
5,65,80,120,600,stranger,1.235052780894351,2.5451475526420975,0.6060000000000003,1
5,66,80,120,600,stranger,1.2423616971912328,2.5451475526420975,0.5490000000000003,1
5,67,80,120,600,stranger,-2.637738572576047,2.5451475526420975,0.6070000000000003,2
5,68,80,120,600,stranger,0.7732463805683054,2.5451475526420975,0.6670000000000004,1
5,69,80,120,600,stranger,0.8882525890002443,2.5451475526420975,0.4490000000000002,1
5,70,80,120,600,stranger,1.2738893408383287,2.5451475526420975,0.5620000000000003,2
5,71,80,120,600,stranger,-0.4444974639074498,2.5451475526420975,0.4950000000000002,2
5,72,80,120,600,stranger,-0.2274109546194677,2.5451475526420975,0.5600000000000003,2
5,73,80,120,600,stranger,2.5501424941203035,2.5451475526420975,0.5870000000000003,1
5,74,80,120,600,stranger,-1.3871555408073477,2.5451475526420975,0.6020000000000003,2
5,75,80,120,600,stranger,-0.1814747609170746,2.5451475526420975,0.6270000000000003,2
5,76,80,120,600,stranger,1.6740808532184037,2.5451475526420975,0.39800000000000013,1
5,77,80,120,600,stranger,1.4641322099293297,2.5451475526420975,0.6050000000000003,1
5,78,80,120,600,stranger,-0.6527042502198329,2.5451475526420975,0.6460000000000004,1
5,79,80,120,600,stranger,1.7875690237043376,2.5451475526420975,0.6080000000000003,1
5,80,80,120,600,stranger,1.4709503306862532,2.5451475526420975,0.5930000000000003,1
5,81,80,120,600,stranger,-0.220136923942437,2.5451475526420975,0.6330000000000003,1
5,82,80,120,600,stranger,0.686248352541596,2.5451475526420975,0.40700000000000014,1
5,83,80,120,600,stranger,2.363129641444488,2.5451475526420975,0.43300000000000016,1
5,84,80,120,600,stranger,3.486918796711235,2.5451475526420975,0.5210000000000002,1
5,85,80,120,600,stranger,1.198434180512235,2.5451475526420975,0.44100000000000017,1
5,86,80,120,600,stranger,1.3693601774515718,2.5451475526420975,0.5350000000000003,1
5,87,80,120,600,stranger,1.2948039881191722,2.5451475526420975,0.42700000000000016,2
5,88,80,120,600,stranger,1.6197723624277822,2.5451475526420975,0.6270000000000003,1
5,89,80,120,600,stranger,1.4559661951043887,2.5451475526420975,0.5530000000000003,1
5,90,80,120,600,stranger,1.013534919175921,2.5451475526420975,0.5720000000000003,1
5,91,80,120,600,stranger,2.6114830188049662,2.5451475526420975,0.6290000000000003,1
5,92,80,120,600,stranger,1.0831860117387815,2.5451475526420975,0.4530000000000002,1
5,93,80,120,600,stranger,2.7540103623098444,2.5451475526420975,0.4920000000000002,1
5,94,80,120,600,stranger,1.9064145580925804,2.5451475526420975,0.4680000000000002,1
5,95,80,120,600,stranger,1.0684995776359614,2.5451475526420975,0.3880000000000001,1
5,96,80,120,600,stranger,2.460523111330029,2.5451475526420975,0.6300000000000003,1
5,97,80,120,600,stranger,1.8057097260235082,2.5451475526420975,0.43100000000000016,1
5,98,80,120,600,stranger,0.6621191968525723,2.5451475526420975,0.4670000000000002,1
5,99,80,120,600,stranger,0.6830998106512882,2.5451475526420975,0.5370000000000003,1
5,100,80,120,600,stranger,0.5273226531250641,2.5451475526420975,0.6090000000000003,1
5,101,80,120,600,stranger,0.2006515134116309,2.5451475526420975,0.5540000000000003,1
5,102,80,120,600,stranger,-0.09304287017320623,2.5451475526420975,0.43500000000000016,2
5,103,80,120,600,stranger,0.8458530767344904,2.5451475526420975,0.5000000000000002,1
5,104,80,120,600,stranger,2.49537568366645,2.5451475526420975,0.43600000000000017,1
5,105,80,120,600,stranger,0.020561651396086456,2.5451475526420975,0.4600000000000002,1
5,106,80,120,600,stranger,0.7776655425298862,2.5451475526420975,0.5330000000000003,1
5,107,80,120,600,stranger,-0.43811879435101686,2.5451475526420975,0.5440000000000003,1
5,108,80,120,600,stranger,3.611158004979999,2.5451475526420975,0.6520000000000004,1
5,109,80,120,600,stranger,-1.6202891820253953,2.5451475526420975,0.5850000000000003,2
5,110,80,120,600,stranger,0.12556210302466664,2.5451475526420975,0.5780000000000003,2
5,111,80,120,600,stranger,2.2953200823913895,2.5451475526420975,0.5610000000000003,1
5,112,80,120,600,stranger,0.7604728096356714,2.5451475526420975,0.5620000000000003,1
5,113,80,120,600,stranger,2.7474785404152113,2.5451475526420975,0.3420000000000001,1
5,114,80,120,600,stranger,1.7415835042673986,2.5451475526420975,0.5190000000000002,1
5,115,80,120,600,stranger,0.4382330634770852,2.5451475526420975,0.4700000000000002,1
5,116,80,120,600,stranger,0.5479372775729446,2.5451475526420975,0.5320000000000003,1
5,117,80,120,600,stranger,1.145051634832056,2.5451475526420975,0.3860000000000001,1
5,118,80,120,600,stranger,1.072790048694732,2.5451475526420975,0.5600000000000003,1
5,119,80,120,600,stranger,-0.47946881893133353,2.5451475526420975,0.5920000000000003,1
5,120,80,120,600,stranger,1.4529002975925072,2.5451475526420975,0.6180000000000003,1
5,121,80,120,600,stranger,-0.009324222909785185,2.5451475526420975,0.5770000000000003,1
5,122,80,120,600,stranger,0.7005351913455643,2.5451475526420975,0.5440000000000003,1
5,123,80,120,600,stranger,0.9791450992563798,2.5451475526420975,0.4990000000000002,1
5,124,80,120,600,stranger,0.10392498183178744,2.5451475526420975,0.6700000000000004,2
5,125,80,120,600,stranger,1.9978821297130582,2.5451475526420975,0.6090000000000003,1
5,126,80,120,600,stranger,-1.2589387773819718,2.5451475526420975,0.3610000000000001,2
5,127,80,120,600,stranger,-0.9258707745892666,2.5451475526420975,0.4690000000000002,2
5,128,80,120,600,stranger,-0.31636374867458106,2.5451475526420975,0.5750000000000003,1
5,129,80,120,600,stranger,0.7446698216126698,2.5451475526420975,0.3860000000000001,2
5,130,80,120,600,stranger,0.9381558300624938,2.5451475526420975,0.5970000000000003,1
5,1,80,120,600,self,3.888787998815427,2.5451475526420975,0.42600000000000016,1
5,2,80,120,600,self,5.787327284706781,2.5451475526420975,0.2860000000000001,1
5,3,80,120,600,self,3.240334765015619,2.5451475526420975,0.6360000000000003,1
5,4,80,120,600,self,2.7403090522861766,2.5451475526420975,0.6480000000000004,1
5,5,80,120,600,self,3.7710226936388223,2.5451475526420975,0.5620000000000003,1
5,6,80,120,600,self,3.766142404921804,2.5451475526420975,0.43200000000000016,1
5,7,80,120,600,self,2.8702692334932536,2.5451475526420975,0.5550000000000003,1
5,8,80,120,600,self,3.9067996754350096,2.5451475526420975,0.44300000000000017,1
5,9,80,120,600,self,3.6172932205182597,2.5451475526420975,0.43600000000000017,1
5,10,80,120,600,self,3.0367416087496384,2.5451475526420975,0.5860000000000003,1
5,11,80,120,600,self,3.9844373028623297,2.5451475526420975,0.3240000000000001,1
5,12,80,120,600,self,1.4219980263477938,2.5451475526420975,0.6320000000000003,1
5,13,80,120,600,self,3.2735083615510785,2.5451475526420975,0.5660000000000003,1
5,14,80,120,600,self,4.577131396601285,2.5451475526420975,0.5180000000000002,1
5,15,80,120,600,self,3.1551164673096963,2.5451475526420975,0.3700000000000001,1
5,16,80,120,600,self,3.760606524032866,2.5451475526420975,0.4630000000000002,1
5,17,80,120,600,self,3.392836674552216,2.5451475526420975,0.3560000000000001,1
5,18,80,120,600,self,2.5330292968185626,2.5451475526420975,0.5110000000000002,1
5,19,80,120,600,self,3.4879372109368854,2.5451475526420975,0.4520000000000002,1
5,20,80,120,600,self,3.316867023967706,2.5451475526420975,0.6240000000000003,1
5,21,80,120,600,self,3.029984033069003,2.5451475526420975,0.5510000000000003,1
5,22,80,120,600,self,2.9177461584760986,2.5451475526420975,0.3430000000000001,1
5,23,80,120,600,self,3.8117271173149017,2.5451475526420975,0.4640000000000002,1
5,24,80,120,600,self,3.3966068808079357,2.5451475526420975,0.5990000000000003,1
5,25,80,120,600,self,3.093785373403237,2.5451475526420975,0.42700000000000016,1
5,26,80,120,600,self,2.521490487309183,2.5451475526420975,0.4950000000000002,1
5,27,80,120,600,self,2.923190616334281,2.5451475526420975,0.5750000000000003,1
5,28,80,120,600,self,2.2834968221808776,2.5451475526420975,0.5710000000000003,1
5,29,80,120,600,self,3.8989077860873795,2.5451475526420975,0.6560000000000004,1
5,30,80,120,600,self,3.884138358026406,2.5451475526420975,0.41000000000000014,1
5,31,80,120,600,self,2.9765596029245107,2.5451475526420975,0.41200000000000014,1
5,32,80,120,600,self,2.0995627785163604,2.5451475526420975,0.6030000000000003,1
5,33,80,120,600,self,2.9599382804017385,2.5451475526420975,0.41600000000000015,1
5,34,80,120,600,self,2.891394603046172,2.5451475526420975,0.5310000000000002,1
5,35,80,120,600,self,3.683356590269009,2.5451475526420975,0.6400000000000003,1
5,36,80,120,600,self,4.194276633469328,2.5451475526420975,0.42100000000000015,1
5,37,80,120,600,self,1.260036717525935,2.5451475526420975,0.5810000000000003,1
5,38,80,120,600,self,6.2189051589868,2.5451475526420975,0.5580000000000003,1
5,39,80,120,600,self,2.029200574822727,2.5451475526420975,0.5290000000000002,2
5,40,80,120,600,self,3.901992592409564,2.5451475526420975,0.5300000000000002,1
5,41,80,120,600,self,4.685539386765896,2.5451475526420975,0.4740000000000002,1
5,42,80,120,600,self,3.3946730914616055,2.5451475526420975,0.5840000000000003,1
5,43,80,120,600,self,3.7516837285893794,2.5451475526420975,0.5940000000000003,1
5,44,80,120,600,self,4.485721718490549,2.5451475526420975,0.5500000000000003,1
5,45,80,120,600,self,3.2338175549809054,2.5451475526420975,0.6800000000000004,1
5,46,80,120,600,self,3.762886271741163,2.5451475526420975,0.5830000000000003,1
5,47,80,120,600,self,4.107957474571926,2.5451475526420975,0.4460000000000002,1
5,48,80,120,600,self,3.8213120731966033,2.5451475526420975,0.5060000000000002,1
5,49,80,120,600,self,3.6978231515286146,2.5451475526420975,0.6240000000000003,1
5,50,80,120,600,self,5.112769423404394,2.5451475526420975,0.3390000000000001,1
5,51,80,120,600,self,5.099243842707683,2.5451475526420975,0.3370000000000001,1
5,52,80,120,600,self,4.216560464439764,2.5451475526420975,0.5030000000000002,1
5,53,80,120,600,self,2.375244690555259,2.5451475526420975,0.4630000000000002,1
5,54,80,120,600,self,4.8515927937708545,2.5451475526420975,0.4800000000000002,1
5,55,80,120,600,self,3.084932932004093,2.5451475526420975,0.5460000000000003,1
5,56,80,120,600,self,4.122846216457568,2.5451475526420975,0.4800000000000002,1
5,57,80,120,600,self,3.8175924390699265,2.5451475526420975,0.3330000000000001,1
5,58,80,120,600,self,2.5683051992249903,2.5451475526420975,0.5870000000000003,1
5,59,80,120,600,self,4.832111593537564,2.5451475526420975,0.42400000000000015,1
5,60,80,120,600,self,3.150837601422098,2.5451475526420975,0.5710000000000003,1
5,61,80,120,600,self,3.694226503214692,2.5451475526420975,0.6220000000000003,1
5,62,80,120,600,self,2.031515967778622,2.5451475526420975,0.6190000000000003,1
5,63,80,120,600,self,2.700126601169033,2.5451475526420975,0.40000000000000013,1
5,64,80,120,600,self,2.295993354611893,2.5451475526420975,0.4550000000000002,1
5,65,80,120,600,self,4.214865614071696,2.5451475526420975,0.5900000000000003,1
5,66,80,120,600,self,3.986803392128915,2.5451475526420975,0.3550000000000001,1
5,67,80,120,600,self,3.7848021638483136,2.5451475526420975,0.40500000000000014,1
5,68,80,120,600,self,4.91220128636836,2.5451475526420975,0.3900000000000001,1
5,69,80,120,600,self,3.6700122549968395,2.5451475526420975,0.3080000000000001,1
5,70,80,120,600,self,3.639928300737967,2.5451475526420975,0.5260000000000002,1
5,71,80,120,600,self,3.877357437083182,2.5451475526420975,0.4470000000000002,1
5,72,80,120,600,self,2.220598045996876,2.5451475526420975,0.6080000000000003,1
5,73,80,120,600,self,2.437210260059966,2.5451475526420975,0.4870000000000002,1
5,74,80,120,600,self,3.44445683039558,2.5451475526420975,0.3170000000000001,1
5,75,80,120,600,self,4.628166288671894,2.5451475526420975,0.5950000000000003,1
5,76,80,120,600,self,2.6796583741918925,2.5451475526420975,0.4910000000000002,1
5,77,80,120,600,self,3.4756706515878495,2.5451475526420975,0.5590000000000003,1
5,78,80,120,600,self,3.6693832892145863,2.5451475526420975,0.3920000000000001,1
5,79,80,120,600,self,2.338971314127794,2.5451475526420975,0.5260000000000002,1
5,80,80,120,600,self,3.780031669608812,2.5451475526420975,0.42700000000000016,1
5,81,80,120,600,self,4.507506987791676,2.5451475526420975,0.41400000000000015,1
5,82,80,120,600,self,4.061839256533012,2.5451475526420975,0.3440000000000001,1
5,83,80,120,600,self,3.730020672663385,2.5451475526420975,0.5220000000000002,1
5,84,80,120,600,self,5.581518413900594,2.5451475526420975,0.3880000000000001,1
5,85,80,120,600,self,4.064122558797284,2.5451475526420975,0.3780000000000001,1
5,86,80,120,600,self,3.0289733458531725,2.5451475526420975,0.3810000000000001,1
5,87,80,120,600,self,2.2405148713412,2.5451475526420975,0.5460000000000003,1
5,88,80,120,600,self,3.4719505794415912,2.5451475526420975,0.4570000000000002,1
5,89,80,120,600,self,3.1649794093442,2.5451475526420975,0.4700000000000002,1
5,90,80,120,600,self,4.487031243214838,2.5451475526420975,0.3520000000000001,1
5,91,80,120,600,self,4.402926067217968,2.5451475526420975,0.4860000000000002,1
5,92,80,120,600,self,2.7574569153125945,2.5451475526420975,0.5190000000000002,1
5,93,80,120,600,self,2.088189893758553,2.5451475526420975,0.6630000000000004,1
5,94,80,120,600,self,2.490585692173309,2.5451475526420975,0.42400000000000015,1
5,95,80,120,600,self,3.9272584313366594,2.5451475526420975,0.4840000000000002,1
5,96,80,120,600,self,3.29318105433192,2.5451475526420975,0.6060000000000003,1
5,97,80,120,600,self,3.279241491654832,2.5451475526420975,0.6080000000000003,1
5,98,80,120,600,self,4.071408361916685,2.5451475526420975,0.5660000000000003,1
5,99,80,120,600,self,3.8703721687473918,2.5451475526420975,0.44000000000000017,1
5,100,80,120,600,self,2.405524260176312,2.5451475526420975,0.3660000000000001,1
5,101,80,120,600,self,3.2133895951034046,2.5451475526420975,0.6650000000000004,1
5,102,80,120,600,self,2.566932907103164,2.5451475526420975,0.41300000000000014,1
5,103,80,120,600,self,4.767454490618978,2.5451475526420975,0.4770000000000002,1
5,104,80,120,600,self,2.1729756170610885,2.5451475526420975,0.5950000000000003,1
5,105,80,120,600,self,3.55186928154712,2.5451475526420975,0.3620000000000001,1
5,106,80,120,600,self,3.2831950292130236,2.5451475526420975,0.43200000000000016,1
5,107,80,120,600,self,3.3444881767711765,2.5451475526420975,0.5040000000000002,1
5,108,80,120,600,self,3.6470445591585787,2.5451475526420975,0.3790000000000001,1
5,109,80,120,600,self,2.6540683888848373,2.5451475526420975,0.41900000000000015,1
5,110,80,120,600,self,2.9827363016584143,2.5451475526420975,0.5720000000000003,1
5,111,80,120,600,self,3.5310634081114403,2.5451475526420975,0.43800000000000017,1
5,112,80,120,600,self,2.671080707290509,2.5451475526420975,0.6020000000000003,1
5,113,80,120,600,self,5.764524627181706,2.5451475526420975,0.43500000000000016,1
5,114,80,120,600,self,3.5616474774038145,2.5451475526420975,0.5020000000000002,1
5,115,80,120,600,self,2.8626845630451583,2.5451475526420975,0.4690000000000002,1
5,116,80,120,600,self,3.8624997129495315,2.5451475526420975,0.3530000000000001,1
5,117,80,120,600,self,1.7523919308976081,2.5451475526420975,0.44200000000000017,1
5,118,80,120,600,self,2.359261022355664,2.5451475526420975,0.4830000000000002,1
5,119,80,120,600,self,3.3417899154750366,2.5451475526420975,0.40500000000000014,1
5,120,80,120,600,self,3.640295563897989,2.5451475526420975,0.5760000000000003,1
5,121,80,120,600,self,2.679660865943344,2.5451475526420975,0.5330000000000003,1
5,122,80,120,600,self,4.737734344201461,2.5451475526420975,0.43500000000000016,1
5,123,80,120,600,self,3.708463011687342,2.5451475526420975,0.4670000000000002,1
5,124,80,120,600,self,3.682812848133474,2.5451475526420975,0.4520000000000002,1
5,125,80,120,600,self,1.8908206967062438,2.5451475526420975,0.5100000000000002,1
5,126,80,120,600,self,4.4284269291439475,2.5451475526420975,0.3340000000000001,1
5,127,80,120,600,self,6.093563912712945,2.5451475526420975,0.4610000000000002,1
5,128,80,120,600,self,3.928901938138835,2.5451475526420975,0.3620000000000001,1
5,129,80,120,600,self,4.301142497006699,2.5451475526420975,0.40000000000000013,1
5,130,80,120,600,self,3.22357300602604,2.5451475526420975,0.5010000000000002,1
6,1,80,120,600,stranger,-1.061802914674029,2.3735637531780087,0.4700000000000002,2
6,2,80,120,600,stranger,1.2819105764357186,2.3735637531780087,0.5980000000000003,1
6,3,80,120,600,stranger,-0.4700851652018271,2.3735637531780087,0.6730000000000004,2
6,4,80,120,600,stranger,1.3515352337095736,2.3735637531780087,0.4620000000000002,1
6,5,80,120,600,stranger,2.6711353886247404,2.3735637531780087,0.5160000000000002,1
6,6,80,120,600,stranger,1.6051482702337212,2.3735637531780087,0.6370000000000003,1
6,7,80,120,600,stranger,0.09248454044223964,2.3735637531780087,0.6620000000000004,1
6,8,80,120,600,stranger,1.8897154214270442,2.3735637531780087,0.41100000000000014,1
6,9,80,120,600,stranger,1.4799344251312903,2.3735637531780087,0.4780000000000002,1
6,10,80,120,600,stranger,1.587697979325654,2.3735637531780087,0.4700000000000002,1
6,11,80,120,600,stranger,-0.9385208781403812,2.3735637531780087,0.4970000000000002,2
6,12,80,120,600,stranger,-0.05149765658622241,2.3735637531780087,0.41500000000000015,1
6,13,80,120,600,stranger,0.320013472381242,2.3735637531780087,0.5560000000000003,2
6,14,80,120,600,stranger,0.3344544471239077,2.3735637531780087,0.4550000000000002,1
6,15,80,120,600,stranger,1.265183249660891,2.3735637531780087,0.4660000000000002,1
6,16,80,120,600,stranger,-0.9178251483922654,2.3735637531780087,0.6770000000000004,2
6,17,80,120,600,stranger,0.411879765209315,2.3735637531780087,0.3670000000000001,1
6,18,80,120,600,stranger,1.193750276188671,2.3735637531780087,0.44100000000000017,1
6,19,80,120,600,stranger,1.9959109829506056,2.3735637531780087,0.5250000000000002,1
6,20,80,120,600,stranger,2.1089305316988307,2.3735637531780087,0.5010000000000002,1
6,21,80,120,600,stranger,0.8917879614181208,2.3735637531780087,0.5500000000000003,2
6,22,80,120,600,stranger,2.145068256177862,2.3735637531780087,0.4640000000000002,1
6,23,80,120,600,stranger,0.8308065809744684,2.3735637531780087,0.5750000000000003,1
6,24,80,120,600,stranger,1.9321743793619093,2.3735637531780087,0.6200000000000003,1
6,25,80,120,600,stranger,0.9316965810594309,2.3735637531780087,0.4490000000000002,1
6,26,80,120,600,stranger,1.2727914725015936,2.3735637531780087,0.6320000000000003,1
6,27,80,120,600,stranger,2.6880937815706756,2.3735637531780087,0.6590000000000004,1
6,28,80,120,600,stranger,2.5458002513010443,2.3735637531780087,0.6370000000000003,1
6,29,80,120,600,stranger,2.2482950236223433,2.3735637531780087,0.40600000000000014,1
6,30,80,120,600,stranger,1.0745858590020396,2.3735637531780087,0.5200000000000002,1
6,31,80,120,600,stranger,0.6966102215137181,2.3735637531780087,0.5560000000000003,1
6,32,80,120,600,stranger,1.6545067295177043,2.3735637531780087,0.42700000000000016,1
6,33,80,120,600,stranger,2.0102444496809717,2.3735637531780087,0.5410000000000003,1
6,34,80,120,600,stranger,1.372504704542243,2.3735637531780087,0.33000000000000007,1
6,35,80,120,600,stranger,2.80465027891293,2.3735637531780087,0.4470000000000002,1
6,36,80,120,600,stranger,0.17021645123346996,2.3735637531780087,0.42500000000000016,1
6,37,80,120,600,stranger,-0.6223793517976012,2.3735637531780087,0.5720000000000003,2
6,38,80,120,600,stranger,1.7259808283412261,2.3735637531780087,0.6560000000000004,1
6,39,80,120,600,stranger,1.8441296646868919,2.3735637531780087,0.3100000000000001,1
6,40,80,120,600,stranger,0.804962102191706,2.3735637531780087,0.3780000000000001,1
6,41,80,120,600,stranger,0.23952052138703228,2.3735637531780087,0.6180000000000003,2
6,42,80,120,600,stranger,1.4674252847949778,2.3735637531780087,0.4760000000000002,1
6,43,80,120,600,stranger,3.5320875829963754,2.3735637531780087,0.4760000000000002,1
6,44,80,120,600,stranger,0.5043113909859269,2.3735637531780087,0.42000000000000015,2
6,45,80,120,600,stranger,-0.06332670354527159,2.3735637531780087,0.3340000000000001,1
6,46,80,120,600,stranger,1.4307644889250057,2.3735637531780087,0.3790000000000001,1
6,47,80,120,600,stranger,2.1039375289511386,2.3735637531780087,0.44100000000000017,1
6,48,80,120,600,stranger,1.5595700402318617,2.3735637531780087,0.6510000000000004,1
6,49,80,120,600,stranger,2.846864469882586,2.3735637531780087,0.6020000000000003,1
6,50,80,120,600,stranger,2.8744489648872515,2.3735637531780087,0.3930000000000001,1
6,51,80,120,600,stranger,-0.5854241745873819,2.3735637531780087,0.4760000000000002,2
6,52,80,120,600,stranger,0.8609520712928702,2.3735637531780087,0.5730000000000003,1
6,53,80,120,600,stranger,2.2057379743749603,2.3735637531780087,0.5400000000000003,1
6,54,80,120,600,stranger,1.1611836419726431,2.3735637531780087,0.3850000000000001,1
6,55,80,120,600,stranger,1.593471157824243,2.3735637531780087,0.3700000000000001,1
6,56,80,120,600,stranger,-0.13490597453916764,2.3735637531780087,0.5790000000000003,2
6,57,80,120,600,stranger,2.0662208762508767,2.3735637531780087,0.5460000000000003,1
6,58,80,120,600,stranger,1.6974747017415455,2.3735637531780087,0.5430000000000003,1
6,59,80,120,600,stranger,-0.2114985949722975,2.3735637531780087,0.40700000000000014,1
6,60,80,120,600,stranger,2.7120685726026177,2.3735637531780087,0.5540000000000003,1
6,61,80,120,600,stranger,1.2529052596088561,2.3735637531780087,0.6370000000000003,1
6,62,80,120,600,stranger,2.497406079820367,2.3735637531780087,0.4940000000000002,1
6,63,80,120,600,stranger,-0.3004262790733755,2.3735637531780087,0.40100000000000013,2
6,64,80,120,600,stranger,1.4923514037543653,2.3735637531780087,0.4730000000000002,1
6,65,80,120,600,stranger,1.3972316917649308,2.3735637531780087,0.4590000000000002,1
6,66,80,120,600,stranger,1.7166343294101163,2.3735637531780087,0.6050000000000003,1
6,67,80,120,600,stranger,1.2955855821439708,2.3735637531780087,0.5770000000000003,1
6,68,80,120,600,stranger,1.4904185230788412,2.3735637531780087,0.41600000000000015,1
6,69,80,120,600,stranger,1.9628714489721522,2.3735637531780087,0.5370000000000003,1
6,70,80,120,600,stranger,1.330387736657118,2.3735637531780087,0.5570000000000003,1
6,71,80,120,600,stranger,-0.6640539028339573,2.3735637531780087,0.5200000000000002,2
6,72,80,120,600,stranger,-1.7497124949864196,2.3735637531780087,0.5420000000000003,2
6,73,80,120,600,stranger,1.8693581546817404,2.3735637531780087,0.3790000000000001,1
6,74,80,120,600,stranger,2.547795609871879,2.3735637531780087,0.5270000000000002,1
6,75,80,120,600,stranger,1.6577203240986458,2.3735637531780087,0.5580000000000003,1
6,76,80,120,600,stranger,2.866770872697138,2.3735637531780087,0.5390000000000003,1
6,77,80,120,600,stranger,-0.12629396399386073,2.3735637531780087,0.42600000000000016,1
6,78,80,120,600,stranger,0.7683964711928908,2.3735637531780087,0.33100000000000007,2
6,79,80,120,600,stranger,1.759091515450875,2.3735637531780087,0.3850000000000001,1
6,80,80,120,600,stranger,-0.07550648386639469,2.3735637531780087,0.4840000000000002,2
6,81,80,120,600,stranger,-1.5595032577439594,2.3735637531780087,0.43100000000000016,2
6,82,80,120,600,stranger,-0.08765619770880917,2.3735637531780087,0.43900000000000017,2
6,83,80,120,600,stranger,0.12322968188020234,2.3735637531780087,0.5800000000000003,2
6,84,80,120,600,stranger,2.0918216085352443,2.3735637531780087,0.4780000000000002,1
6,85,80,120,600,stranger,0.7599856176972195,2.3735637531780087,0.44300000000000017,1
6,86,80,120,600,stranger,0.10310354326773985,2.3735637531780087,0.4700000000000002,2
6,87,80,120,600,stranger,3.4382810533672554,2.3735637531780087,0.43700000000000017,1
6,88,80,120,600,stranger,1.6790009319089818,2.3735637531780087,0.6330000000000003,1
6,89,80,120,600,stranger,1.802800267310201,2.3735637531780087,0.4590000000000002,1
6,90,80,120,600,stranger,1.657418750184446,2.3735637531780087,0.4670000000000002,1
6,91,80,120,600,stranger,2.4338084953092523,2.3735637531780087,0.3400000000000001,1
6,92,80,120,600,stranger,1.5144450575856696,2.3735637531780087,0.6260000000000003,1
6,93,80,120,600,stranger,1.5671334111489539,2.3735637531780087,0.5170000000000002,1
6,94,80,120,600,stranger,0.7071419813517288,2.3735637531780087,0.5820000000000003,1
6,95,80,120,600,stranger,2.4404711681251365,2.3735637531780087,0.6680000000000004,1
6,96,80,120,600,stranger,1.1289239525872303,2.3735637531780087,0.5660000000000003,1
6,97,80,120,600,stranger,-0.826242168940463,2.3735637531780087,0.3420000000000001,2
6,98,80,120,600,stranger,0.1773092749712345,2.3735637531780087,0.4950000000000002,1
6,99,80,120,600,stranger,1.1320621133103264,2.3735637531780087,0.4940000000000002,1
6,100,80,120,600,stranger,1.6758547146250173,2.3735637531780087,0.5450000000000003,1
6,101,80,120,600,stranger,1.4671151511401859,2.3735637531780087,0.6210000000000003,1
6,102,80,120,600,stranger,-0.4250539780241721,2.3735637531780087,0.5820000000000003,2
6,103,80,120,600,stranger,0.7049261051799918,2.3735637531780087,0.4470000000000002,1
6,104,80,120,600,stranger,0.8662653844695124,2.3735637531780087,0.6780000000000004,1
6,105,80,120,600,stranger,2.819094494462847,2.3735637531780087,0.6030000000000003,1
6,106,80,120,600,stranger,2.457957651343345,2.3735637531780087,0.42300000000000015,1
6,107,80,120,600,stranger,-1.3332112427240883,2.3735637531780087,0.6690000000000004,2
6,108,80,120,600,stranger,2.622551808962688,2.3735637531780087,0.6120000000000003,1
6,109,80,120,600,stranger,2.403541919347362,2.3735637531780087,0.4810000000000002,1
6,110,80,120,600,stranger,2.3123360225950362,2.3735637531780087,0.5180000000000002,1
6,111,80,120,600,stranger,0.8260717045808961,2.3735637531780087,0.6730000000000004,1
6,112,80,120,600,stranger,0.17443544607182648,2.3735637531780087,0.5290000000000002,1
6,113,80,120,600,stranger,0.06868468097682667,2.3735637531780087,0.6240000000000003,2
6,114,80,120,600,stranger,-0.6547529856636053,2.3735637531780087,0.6440000000000003,2
6,115,80,120,600,stranger,2.5392950810265273,2.3735637531780087,0.39700000000000013,1
6,116,80,120,600,stranger,0.9859380660621648,2.3735637531780087,0.5250000000000002,1
6,117,80,120,600,stranger,0.8125511102306168,2.3735637531780087,0.4580000000000002,2
6,118,80,120,600,stranger,1.3509400517063561,2.3735637531780087,0.6080000000000003,1
6,119,80,120,600,stranger,0.7140673337445672,2.3735637531780087,0.5570000000000003,1
6,120,80,120,600,stranger,2.78068647388478,2.3735637531780087,0.2900000000000001,1
6,121,80,120,600,stranger,1.5923257504721193,2.3735637531780087,0.42500000000000016,1
6,122,80,120,600,stranger,0.5375316460479682,2.3735637531780087,0.4480000000000002,1
6,123,80,120,600,stranger,-0.17297360851149524,2.3735637531780087,0.43900000000000017,2
6,124,80,120,600,stranger,0.36967045141595617,2.3735637531780087,0.5690000000000003,1
6,125,80,120,600,stranger,1.7747458993076157,2.3735637531780087,0.4770000000000002,1
6,126,80,120,600,stranger,1.5703034404480363,2.3735637531780087,0.5850000000000003,1
6,127,80,120,600,stranger,1.1165811046892697,2.3735637531780087,0.3630000000000001,1
6,128,80,120,600,stranger,0.7216194356863668,2.3735637531780087,0.6250000000000003,1
6,129,80,120,600,stranger,1.0665833182266236,2.3735637531780087,0.4920000000000002,1
6,130,80,120,600,stranger,1.9010182993003397,2.3735637531780087,0.43700000000000017,1
6,1,80,120,600,self,3.5739338182912417,2.3735637531780087,0.3040000000000001,1
6,2,80,120,600,self,3.8508485820293354,2.3735637531780087,0.6800000000000004,1
6,3,80,120,600,self,4.309574743223738,2.3735637531780087,0.3740000000000001,1
6,4,80,120,600,self,3.4925573541156556,2.3735637531780087,0.3860000000000001,1
6,5,80,120,600,self,1.8328829806005833,2.3735637531780087,0.6320000000000003,1
6,6,80,120,600,self,4.230669491327648,2.3735637531780087,0.4600000000000002,1
6,7,80,120,600,self,2.915546374415479,2.3735637531780087,0.41900000000000015,1
6,8,80,120,600,self,2.727325612020331,2.3735637531780087,0.3810000000000001,1
6,9,80,120,600,self,2.261339545531327,2.3735637531780087,0.5690000000000003,1
6,10,80,120,600,self,2.2920883729169264,2.3735637531780087,0.5610000000000003,1
6,11,80,120,600,self,1.340604698981699,2.3735637531780087,0.6690000000000004,1
6,12,80,120,600,self,4.242366277738574,2.3735637531780087,0.5610000000000003,1
6,13,80,120,600,self,3.8859342166382804,2.3735637531780087,0.5650000000000003,1
6,14,80,120,600,self,2.9000170945237427,2.3735637531780087,0.43700000000000017,1
6,15,80,120,600,self,4.095893355010763,2.3735637531780087,0.4660000000000002,1
6,16,80,120,600,self,4.665722755110873,2.3735637531780087,0.4450000000000002,1
6,17,80,120,600,self,3.1118605854535404,2.3735637531780087,0.4620000000000002,1
6,18,80,120,600,self,1.307537243907503,2.3735637531780087,0.6110000000000003,1
6,19,80,120,600,self,3.6363730744890694,2.3735637531780087,0.5700000000000003,1
6,20,80,120,600,self,2.263232215364071,2.3735637531780087,0.43100000000000016,1
6,21,80,120,600,self,3.283943682669229,2.3735637531780087,0.5510000000000003,1
6,22,80,120,600,self,4.018339572852391,2.3735637531780087,0.3790000000000001,1
6,23,80,120,600,self,4.48199233884396,2.3735637531780087,0.6790000000000004,1
6,24,80,120,600,self,3.5412161970899345,2.3735637531780087,0.5180000000000002,1
6,25,80,120,600,self,3.3358414810046066,2.3735637531780087,0.4820000000000002,1
6,26,80,120,600,self,3.551521811230343,2.3735637531780087,0.5270000000000002,1
6,27,80,120,600,self,3.4488808834077305,2.3735637531780087,0.3770000000000001,1
6,28,80,120,600,self,3.721937716935319,2.3735637531780087,0.4660000000000002,1
6,29,80,120,600,self,4.2135672080309385,2.3735637531780087,0.5010000000000002,1
6,30,80,120,600,self,4.089251771507026,2.3735637531780087,0.4460000000000002,1
6,31,80,120,600,self,5.501578848672056,2.3735637531780087,0.3790000000000001,1
6,32,80,120,600,self,3.938409118882539,2.3735637531780087,0.40600000000000014,1
6,33,80,120,600,self,2.5984503992529047,2.3735637531780087,0.5510000000000003,1
6,34,80,120,600,self,2.3581623931029263,2.3735637531780087,0.5660000000000003,1
6,35,80,120,600,self,2.60569321549263,2.3735637531780087,0.6510000000000004,1
6,36,80,120,600,self,4.404103822581217,2.3735637531780087,0.43100000000000016,1
6,37,80,120,600,self,3.8676743845985886,2.3735637531780087,0.6380000000000003,1
6,38,80,120,600,self,4.1754750382607115,2.3735637531780087,0.6670000000000004,1
6,39,80,120,600,self,3.856284814305646,2.3735637531780087,0.4490000000000002,1
6,40,80,120,600,self,2.9517427753075713,2.3735637531780087,0.6600000000000004,1
6,41,80,120,600,self,4.459252591392797,2.3735637531780087,0.43100000000000016,1
6,42,80,120,600,self,5.003115191664819,2.3735637531780087,0.5510000000000003,1
6,43,80,120,600,self,4.313336261362469,2.3735637531780087,0.4450000000000002,1
6,44,80,120,600,self,2.9164931362805806,2.3735637531780087,0.44300000000000017,1
6,45,80,120,600,self,4.055173727064275,2.3735637531780087,0.5700000000000003,1
6,46,80,120,600,self,5.481564721278458,2.3735637531780087,0.41800000000000015,1
6,47,80,120,600,self,2.9634648507668055,2.3735637531780087,0.5440000000000003,1
6,48,80,120,600,self,5.946077007792255,2.3735637531780087,0.42000000000000015,1
6,49,80,120,600,self,3.2714127768060406,2.3735637531780087,0.5310000000000002,1
6,50,80,120,600,self,3.83413319066412,2.3735637531780087,0.3740000000000001,1
6,51,80,120,600,self,5.7942807590281316,2.3735637531780087,0.5620000000000003,1
6,52,80,120,600,self,4.391418978671447,2.3735637531780087,0.4820000000000002,1
6,53,80,120,600,self,2.5931958562794435,2.3735637531780087,0.5040000000000002,1
6,54,80,120,600,self,3.8882612134438976,2.3735637531780087,0.5450000000000003,1
6,55,80,120,600,self,2.9073350433457157,2.3735637531780087,0.5950000000000003,1
6,56,80,120,600,self,2.969964861596819,2.3735637531780087,0.5890000000000003,1
6,57,80,120,600,self,4.444336417634916,2.3735637531780087,0.4670000000000002,1
6,58,80,120,600,self,2.580742272865961,2.3735637531780087,0.5310000000000002,1
6,59,80,120,600,self,4.0758480346745785,2.3735637531780087,0.5600000000000003,1
6,60,80,120,600,self,3.1802702159358347,2.3735637531780087,0.41100000000000014,1
6,61,80,120,600,self,1.7280473106318035,2.3735637531780087,0.6450000000000004,1
6,62,80,120,600,self,3.931660362852464,2.3735637531780087,0.5580000000000003,1
6,63,80,120,600,self,2.7928543568915942,2.3735637531780087,0.5920000000000003,1
6,64,80,120,600,self,3.5515670401666317,2.3735637531780087,0.39400000000000013,1
6,65,80,120,600,self,3.397506511707892,2.3735637531780087,0.3780000000000001,1
6,66,80,120,600,self,3.4680106239883104,2.3735637531780087,0.3660000000000001,1
6,67,80,120,600,self,2.4949896094448905,2.3735637531780087,0.4600000000000002,1
6,68,80,120,600,self,5.416502004662817,2.3735637531780087,0.3880000000000001,1
6,69,80,120,600,self,3.2236117343046793,2.3735637531780087,0.44300000000000017,1
6,70,80,120,600,self,3.21761994348893,2.3735637531780087,0.6570000000000004,1
6,71,80,120,600,self,3.1914648938594445,2.3735637531780087,0.4580000000000002,1
6,72,80,120,600,self,4.69723990118487,2.3735637531780087,0.40800000000000014,1
6,73,80,120,600,self,3.1743072981512532,2.3735637531780087,0.5360000000000003,1
6,74,80,120,600,self,3.5630344616352927,2.3735637531780087,0.39500000000000013,1
6,75,80,120,600,self,4.668037646572523,2.3735637531780087,0.6120000000000003,1
6,76,80,120,600,self,4.291181394012421,2.3735637531780087,0.3700000000000001,1
6,77,80,120,600,self,3.7281278913036218,2.3735637531780087,0.5540000000000003,1
6,78,80,120,600,self,3.7688690184350917,2.3735637531780087,0.42100000000000015,1
6,79,80,120,600,self,2.5010105248622723,2.3735637531780087,0.5070000000000002,1
6,80,80,120,600,self,4.238951112067142,2.3735637531780087,0.6070000000000003,1
6,81,80,120,600,self,3.8271114523840453,2.3735637531780087,0.41300000000000014,1
6,82,80,120,600,self,3.4532756489365415,2.3735637531780087,0.6060000000000003,1
6,83,80,120,600,self,3.330035177484537,2.3735637531780087,0.42000000000000015,1
6,84,80,120,600,self,4.411511059557523,2.3735637531780087,0.3370000000000001,1
6,85,80,120,600,self,3.098073875283849,2.3735637531780087,0.5080000000000002,1
6,86,80,120,600,self,3.167765717167082,2.3735637531780087,0.6110000000000003,1
6,87,80,120,600,self,3.844399517979111,2.3735637531780087,0.4550000000000002,1
6,88,80,120,600,self,3.5214507310069902,2.3735637531780087,0.5940000000000003,1
6,89,80,120,600,self,3.877410552060716,2.3735637531780087,0.4450000000000002,1
6,90,80,120,600,self,3.1139683770391486,2.3735637531780087,0.6640000000000004,1
6,91,80,120,600,self,3.508891384549384,2.3735637531780087,0.43000000000000016,1
6,92,80,120,600,self,3.605108269688837,2.3735637531780087,0.3780000000000001,1
6,93,80,120,600,self,2.1834644640752243,2.3735637531780087,0.5230000000000002,1
6,94,80,120,600,self,3.1212403663763064,2.3735637531780087,0.5040000000000002,1
6,95,80,120,600,self,4.0932941093193165,2.3735637531780087,0.5190000000000002,1
6,96,80,120,600,self,3.441267932086782,2.3735637531780087,0.4440000000000002,1
6,97,80,120,600,self,2.92671505855198,2.3735637531780087,0.3790000000000001,1
6,98,80,120,600,self,4.57048404719643,2.3735637531780087,0.5550000000000003,1
6,99,80,120,600,self,3.4951109173906416,2.3735637531780087,0.42800000000000016,1
6,100,80,120,600,self,2.329765839291653,2.3735637531780087,0.39900000000000013,1
6,101,80,120,600,self,4.069518881565756,2.3735637531780087,0.5260000000000002,1
6,102,80,120,600,self,4.567470125665399,2.3735637531780087,0.39500000000000013,1
6,103,80,120,600,self,3.6540143998101073,2.3735637531780087,0.4740000000000002,1
6,104,80,120,600,self,4.749879013924321,2.3735637531780087,0.3810000000000001,1
6,105,80,120,600,self,4.298257613596387,2.3735637531780087,0.5430000000000003,1
6,106,80,120,600,self,4.321510658409013,2.3735637531780087,0.5650000000000003,1
6,107,80,120,600,self,4.285799642707006,2.3735637531780087,0.5330000000000003,1
6,108,80,120,600,self,3.7107595982804886,2.3735637531780087,0.4620000000000002,1
6,109,80,120,600,self,3.514669364642564,2.3735637531780087,0.5120000000000002,1
6,110,80,120,600,self,4.226489548452511,2.3735637531780087,0.40900000000000014,1
6,111,80,120,600,self,3.908839546676406,2.3735637531780087,0.3800000000000001,1
6,112,80,120,600,self,5.13591693881304,2.3735637531780087,0.3820000000000001,1
6,113,80,120,600,self,4.283787563186649,2.3735637531780087,0.6340000000000003,1
6,114,80,120,600,self,1.9786075903867253,2.3735637531780087,0.6320000000000003,1
6,115,80,120,600,self,4.323999285981403,2.3735637531780087,0.42900000000000016,1
6,116,80,120,600,self,4.004188831155624,2.3735637531780087,0.3730000000000001,1
6,117,80,120,600,self,4.223873058570897,2.3735637531780087,0.42100000000000015,1
6,118,80,120,600,self,3.593948075020285,2.3735637531780087,0.3870000000000001,1
6,119,80,120,600,self,4.319090579592149,2.3735637531780087,0.6780000000000004,1
6,120,80,120,600,self,2.8616740885783587,2.3735637531780087,0.3100000000000001,1
6,121,80,120,600,self,4.369257533778017,2.3735637531780087,0.4910000000000002,1
6,122,80,120,600,self,5.3333178986263245,2.3735637531780087,0.4620000000000002,1
6,123,80,120,600,self,3.4807745831084955,2.3735637531780087,0.5430000000000003,1
6,124,80,120,600,self,4.04477656162648,2.3735637531780087,0.5070000000000002,1
6,125,80,120,600,self,3.64545587758491,2.3735637531780087,0.6500000000000004,1
6,126,80,120,600,self,4.5452936331118945,2.3735637531780087,0.3680000000000001,1
6,127,80,120,600,self,3.985872364196482,2.3735637531780087,0.5130000000000002,1
6,128,80,120,600,self,3.622373706877904,2.3735637531780087,0.5780000000000003,1
6,129,80,120,600,self,4.6174448284902505,2.3735637531780087,0.3850000000000001,1
6,130,80,120,600,self,3.4325543696701435,2.3735637531780087,0.5290000000000002,1
7,1,80,120,600,stranger,0.04967896979001285,3.0439305778209174,0.41300000000000014,1
7,2,80,120,600,stranger,1.8002846998912907,3.0439305778209174,0.6540000000000004,1
7,3,80,120,600,stranger,1.6777861859745604,3.0439305778209174,0.6070000000000003,1
7,4,80,120,600,stranger,2.032262592900593,3.0439305778209174,0.5750000000000003,1
7,5,80,120,600,stranger,2.15033491975704,3.0439305778209174,0.5950000000000003,1
7,6,80,120,600,stranger,1.181363930064273,3.0439305778209174,0.5890000000000003,1
7,7,80,120,600,stranger,1.2156952850109246,3.0439305778209174,0.5740000000000003,1
7,8,80,120,600,stranger,-0.5746519327690632,3.0439305778209174,0.6620000000000004,2
7,9,80,120,600,stranger,2.584494767852421,3.0439305778209174,0.5980000000000003,1
7,10,80,120,600,stranger,2.501161131766767,3.0439305778209174,0.5100000000000002,1
7,11,80,120,600,stranger,1.8833142803148912,3.0439305778209174,0.4460000000000002,1
7,12,80,120,600,stranger,0.6745141237746235,3.0439305778209174,0.6480000000000004,1
7,13,80,120,600,stranger,-1.4283761156316728,3.0439305778209174,0.4900000000000002,2
7,14,80,120,600,stranger,0.9122990224050136,3.0439305778209174,0.6080000000000003,1
7,15,80,120,600,stranger,2.3574566118402545,3.0439305778209174,0.6510000000000004,1
7,16,80,120,600,stranger,1.7286344124492086,3.0439305778209174,0.4740000000000002,1
7,17,80,120,600,stranger,1.944282510387692,3.0439305778209174,0.5600000000000003,1
7,18,80,120,600,stranger,1.0115104322098412,3.0439305778209174,0.6510000000000004,1
7,19,80,120,600,stranger,2.23455038915646,3.0439305778209174,0.43700000000000017,1
7,20,80,120,600,stranger,0.22560758908531708,3.0439305778209174,0.5910000000000003,1
7,21,80,120,600,stranger,2.8848320547548387,3.0439305778209174,0.4740000000000002,1
7,22,80,120,600,stranger,2.954030316366731,3.0439305778209174,0.6460000000000004,1
7,23,80,120,600,stranger,2.4812973067380883,3.0439305778209174,0.6240000000000003,1
7,24,80,120,600,stranger,1.3575517684064942,3.0439305778209174,0.6290000000000003,1
7,25,80,120,600,stranger,3.3055366191627966,3.0439305778209174,0.5570000000000003,1
7,26,80,120,600,stranger,-2.715768041929047,3.0439305778209174,0.6730000000000004,2
7,27,80,120,600,stranger,1.0866515012857567,3.0439305778209174,0.4560000000000002,1
7,28,80,120,600,stranger,-0.5742331430262503,3.0439305778209174,0.5420000000000003,2
7,29,80,120,600,stranger,1.539067203103747,3.0439305778209174,0.5790000000000003,1
7,30,80,120,600,stranger,1.4276357929875825,3.0439305778209174,0.5540000000000003,1
7,31,80,120,600,stranger,3.1729009291472776,3.0439305778209174,0.5640000000000003,1
7,32,80,120,600,stranger,2.62724398814197,3.0439305778209174,0.6240000000000003,1
7,33,80,120,600,stranger,1.9461296174956995,3.0439305778209174,0.6420000000000003,1
7,34,80,120,600,stranger,2.675845384852543,3.0439305778209174,0.5050000000000002,1
7,35,80,120,600,stranger,1.3469656247421515,3.0439305778209174,0.4790000000000002,1
7,36,80,120,600,stranger,3.6433474289118815,3.0439305778209174,0.6190000000000003,1
7,37,80,120,600,stranger,0.23848006858704285,3.0439305778209174,0.6520000000000004,1
7,38,80,120,600,stranger,2.1680708945887406,3.0439305778209174,0.6430000000000003,1
7,39,80,120,600,stranger,-1.405528117026857,3.0439305778209174,0.5770000000000003,2
7,40,80,120,600,stranger,2.0710776887719353,3.0439305778209174,0.6330000000000003,1
7,41,80,120,600,stranger,2.789760090264725,3.0439305778209174,0.3490000000000001,1
7,42,80,120,600,stranger,-1.6568843306577308,3.0439305778209174,0.6720000000000004,2
7,43,80,120,600,stranger,1.0859020993641244,3.0439305778209174,0.6690000000000004,2
7,44,80,120,600,stranger,0.11277410813054867,3.0439305778209174,0.6630000000000004,1
7,45,80,120,600,stranger,-0.47062604605239844,3.0439305778209174,0.6470000000000004,2
7,46,80,120,600,stranger,2.4535469111377903,3.0439305778209174,0.6050000000000003,1
7,47,80,120,600,stranger,-0.2701367766306185,3.0439305778209174,0.5500000000000003,2
7,48,80,120,600,stranger,2.82524116872522,3.0439305778209174,0.4670000000000002,1
7,49,80,120,600,stranger,1.0467191970180934,3.0439305778209174,0.6470000000000004,1
7,50,80,120,600,stranger,0.48994869354904197,3.0439305778209174,0.42100000000000015,2
7,51,80,120,600,stranger,2.9034790620907196,3.0439305778209174,0.5400000000000003,1
7,52,80,120,600,stranger,4.067099195523952,3.0439305778209174,0.43200000000000016,1
7,53,80,120,600,stranger,0.40712257369410837,3.0439305778209174,0.5040000000000002,2
7,54,80,120,600,stranger,2.2566085408939176,3.0439305778209174,0.6520000000000004,1
7,55,80,120,600,stranger,1.9396938088639368,3.0439305778209174,0.6430000000000003,1
7,56,80,120,600,stranger,0.9063078302464782,3.0439305778209174,0.5300000000000002,1
7,57,80,120,600,stranger,3.0063802099391546,3.0439305778209174,0.4550000000000002,1
7,58,80,120,600,stranger,0.8110740681580699,3.0439305778209174,0.6780000000000004,1
7,59,80,120,600,stranger,-0.4343081372870411,3.0439305778209174,0.5870000000000003,2
7,60,80,120,600,stranger,2.0147317193256846,3.0439305778209174,0.6530000000000004,1
7,61,80,120,600,stranger,1.226406989578563,3.0439305778209174,0.3540000000000001,1
7,62,80,120,600,stranger,1.2914534065781957,3.0439305778209174,0.5060000000000002,1
7,63,80,120,600,stranger,0.9120465694020118,3.0439305778209174,0.43800000000000017,1
7,64,80,120,600,stranger,2.992272610089086,3.0439305778209174,0.5810000000000003,1
7,65,80,120,600,stranger,0.6969350349907883,3.0439305778209174,0.6240000000000003,1
7,66,80,120,600,stranger,2.5317355633753724,3.0439305778209174,0.6800000000000004,1
7,67,80,120,600,stranger,0.47634163742779523,3.0439305778209174,0.6590000000000004,2
7,68,80,120,600,stranger,2.3811526827608858,3.0439305778209174,0.4930000000000002,1
7,69,80,120,600,stranger,1.7593007618547554,3.0439305778209174,0.5910000000000003,1
7,70,80,120,600,stranger,1.2887848447216435,3.0439305778209174,0.42700000000000016,1
7,71,80,120,600,stranger,1.2946103576913677,3.0439305778209174,0.6560000000000004,1
7,72,80,120,600,stranger,1.5693184679514096,3.0439305778209174,0.5710000000000003,1
7,73,80,120,600,stranger,2.022191830667383,3.0439305778209174,0.6370000000000003,1
7,74,80,120,600,stranger,0.8417996678139856,3.0439305778209174,0.6300000000000003,2
7,75,80,120,600,stranger,0.2518664658282924,3.0439305778209174,0.5520000000000003,1
7,76,80,120,600,stranger,1.5487438454027123,3.0439305778209174,0.4950000000000002,1
7,77,80,120,600,stranger,2.32604289158119,3.0439305778209174,0.4860000000000002,1
7,78,80,120,600,stranger,2.1543339664461207,3.0439305778209174,0.6610000000000004,1
7,79,80,120,600,stranger,1.5610264446307673,3.0439305778209174,0.40700000000000014,1
7,80,80,120,600,stranger,3.8712922119629276,3.0439305778209174,0.4460000000000002,1
7,81,80,120,600,stranger,0.18904760824508282,3.0439305778209174,0.5700000000000003,1
7,82,80,120,600,stranger,0.857971619744082,3.0439305778209174,0.6790000000000004,1
7,83,80,120,600,stranger,2.0825721059053808,3.0439305778209174,0.33000000000000007,1
7,84,80,120,600,stranger,2.6174524033270306,3.0439305778209174,0.6040000000000003,1
7,85,80,120,600,stranger,0.6477423225935293,3.0439305778209174,0.6460000000000004,1
7,86,80,120,600,stranger,2.8028337423268637,3.0439305778209174,0.6100000000000003,1
7,87,80,120,600,stranger,0.16149254384541967,3.0439305778209174,0.5680000000000003,1
7,88,80,120,600,stranger,2.647474064434729,3.0439305778209174,0.5720000000000003,1
7,89,80,120,600,stranger,2.2287677949554365,3.0439305778209174,0.5000000000000002,1
7,90,80,120,600,stranger,2.241061536504538,3.0439305778209174,0.3610000000000001,1
7,91,80,120,600,stranger,0.9627394227474179,3.0439305778209174,0.4450000000000002,1
7,92,80,120,600,stranger,0.9139235071300278,3.0439305778209174,0.6320000000000003,1
7,93,80,120,600,stranger,0.8358652533949212,3.0439305778209174,0.43500000000000016,1
7,94,80,120,600,stranger,2.650334681797427,3.0439305778209174,0.6780000000000004,1
7,95,80,120,600,stranger,2.5752442963767934,3.0439305778209174,0.6250000000000003,1
7,96,80,120,600,stranger,1.2657140352981424,3.0439305778209174,0.5160000000000002,1
7,97,80,120,600,stranger,1.858101492484514,3.0439305778209174,0.5870000000000003,1
7,98,80,120,600,stranger,3.025665700042361,3.0439305778209174,0.5790000000000003,1
7,99,80,120,600,stranger,1.747598120945551,3.0439305778209174,0.5740000000000003,1
7,100,80,120,600,stranger,0.52026095616715,3.0439305778209174,0.5180000000000002,1
7,101,80,120,600,stranger,-0.9113627933423948,3.0439305778209174,0.6700000000000004,2
7,102,80,120,600,stranger,1.5308396521103578,3.0439305778209174,0.5850000000000003,1
7,103,80,120,600,stranger,2.118365539529336,3.0439305778209174,0.6020000000000003,1
7,104,80,120,600,stranger,1.3709259753708172,3.0439305778209174,0.3520000000000001,1
7,105,80,120,600,stranger,2.9566980584646574,3.0439305778209174,0.4730000000000002,1
7,106,80,120,600,stranger,0.9413473946211257,3.0439305778209174,0.6200000000000003,1
7,107,80,120,600,stranger,-1.0943844217792758,3.0439305778209174,0.5830000000000003,2
7,108,80,120,600,stranger,1.4588513933243494,3.0439305778209174,0.5570000000000003,1
7,109,80,120,600,stranger,1.8139471087450132,3.0439305778209174,0.4730000000000002,1
7,110,80,120,600,stranger,2.28228801748625,3.0439305778209174,0.6730000000000004,1
7,111,80,120,600,stranger,-0.3579443626038169,3.0439305778209174,0.6210000000000003,2
7,112,80,120,600,stranger,-0.135011162283995,3.0439305778209174,0.6390000000000003,2
7,113,80,120,600,stranger,2.3476068210236947,3.0439305778209174,0.5490000000000003,1
7,114,80,120,600,stranger,0.14760045955553036,3.0439305778209174,0.6410000000000003,2
7,115,80,120,600,stranger,-0.8815287954793142,3.0439305778209174,0.6290000000000003,2
7,116,80,120,600,stranger,1.56872668807459,3.0439305778209174,0.6730000000000004,1
7,117,80,120,600,stranger,2.8805118180035563,3.0439305778209174,0.5270000000000002,1
7,118,80,120,600,stranger,-1.6787814976419053,3.0439305778209174,0.6580000000000004,2
7,119,80,120,600,stranger,1.6076894009128613,3.0439305778209174,0.5120000000000002,1
7,120,80,120,600,stranger,2.2722247751843,3.0439305778209174,0.6060000000000003,1
7,121,80,120,600,stranger,1.45066464869529,3.0439305778209174,0.5200000000000002,1
7,122,80,120,600,stranger,2.4304795533012125,3.0439305778209174,0.6660000000000004,1
7,123,80,120,600,stranger,2.321342436015626,3.0439305778209174,0.6610000000000004,1
7,124,80,120,600,stranger,0.3973568200180555,3.0439305778209174,0.5930000000000003,2
7,125,80,120,600,stranger,2.9176550456501977,3.0439305778209174,0.6640000000000004,1
7,126,80,120,600,stranger,0.6551645791629239,3.0439305778209174,0.6800000000000004,1
7,127,80,120,600,stranger,2.1939869632005715,3.0439305778209174,0.5510000000000003,1
7,128,80,120,600,stranger,1.487673638575189,3.0439305778209174,0.5600000000000003,1
7,129,80,120,600,stranger,0.62782064702698,3.0439305778209174,0.4480000000000002,1
7,130,80,120,600,stranger,0.995228208489507,3.0439305778209174,0.6340000000000003,1
7,1,80,120,600,self,3.6925436984164244,3.0439305778209174,0.6800000000000004,1
7,2,80,120,600,self,3.2170957625035177,3.0439305778209174,0.4470000000000002,1
7,3,80,120,600,self,4.080884558851882,3.0439305778209174,0.5310000000000002,1
7,4,80,120,600,self,4.569065263906932,3.0439305778209174,0.5480000000000003,1
7,5,80,120,600,self,3.817728685215982,3.0439305778209174,0.5490000000000003,1
7,6,80,120,600,self,3.50426026384413,3.0439305778209174,0.5120000000000002,1
7,7,80,120,600,self,3.014366963820837,3.0439305778209174,0.6120000000000003,1
7,8,80,120,600,self,2.5761679753434343,3.0439305778209174,0.5100000000000002,1
7,9,80,120,600,self,4.659272295158777,3.0439305778209174,0.4710000000000002,1
7,10,80,120,600,self,4.563092654933308,3.0439305778209174,0.3450000000000001,1
7,11,80,120,600,self,3.939181239218843,3.0439305778209174,0.5700000000000003,1
7,12,80,120,600,self,2.9819754852826943,3.0439305778209174,0.5800000000000003,1
7,13,80,120,600,self,3.3057173790156273,3.0439305778209174,0.3680000000000001,1
7,14,80,120,600,self,2.95546886816348,3.0439305778209174,0.6470000000000004,1
7,15,80,120,600,self,3.358674580330189,3.0439305778209174,0.4510000000000002,1
7,16,80,120,600,self,4.575203995305705,3.0439305778209174,0.5120000000000002,1
7,17,80,120,600,self,3.1669408065643085,3.0439305778209174,0.5580000000000003,1
7,18,80,120,600,self,3.157867622580431,3.0439305778209174,0.6000000000000003,1
7,19,80,120,600,self,3.7378370425495464,3.0439305778209174,0.4830000000000002,1
7,20,80,120,600,self,3.8157731766404464,3.0439305778209174,0.6270000000000003,1
7,21,80,120,600,self,3.8410039934399776,3.0439305778209174,0.6020000000000003,1
7,22,80,120,600,self,3.1260928154005354,3.0439305778209174,0.4530000000000002,1
7,23,80,120,600,self,3.4001208581924725,3.0439305778209174,0.6610000000000004,1
7,24,80,120,600,self,4.6459472306009335,3.0439305778209174,0.5020000000000002,1
7,25,80,120,600,self,4.079416075010193,3.0439305778209174,0.41200000000000014,1
7,26,80,120,600,self,3.463559979286966,3.0439305778209174,0.4680000000000002,1
7,27,80,120,600,self,2.835555196821734,3.0439305778209174,0.6130000000000003,1
7,28,80,120,600,self,3.8373280621670918,3.0439305778209174,0.39800000000000013,1
7,29,80,120,600,self,3.62364933937903,3.0439305778209174,0.6590000000000004,1
7,30,80,120,600,self,3.914126947241835,3.0439305778209174,0.6220000000000003,1
7,31,80,120,600,self,3.0237605964657033,3.0439305778209174,0.6280000000000003,1
7,32,80,120,600,self,4.114010171708763,3.0439305778209174,0.6340000000000003,1
7,33,80,120,600,self,3.4065434552358838,3.0439305778209174,0.6340000000000003,1
7,34,80,120,600,self,3.6381538359975907,3.0439305778209174,0.4680000000000002,1
7,35,80,120,600,self,2.9846833441161262,3.0439305778209174,0.4850000000000002,1
7,36,80,120,600,self,3.5983445322046945,3.0439305778209174,0.6630000000000004,1
7,37,80,120,600,self,4.3092083135223005,3.0439305778209174,0.6530000000000004,1
7,38,80,120,600,self,3.9926781742396926,3.0439305778209174,0.5430000000000003,1
7,39,80,120,600,self,4.108496998264547,3.0439305778209174,0.4850000000000002,1
7,40,80,120,600,self,4.19050256522319,3.0439305778209174,0.5620000000000003,1
7,41,80,120,600,self,4.604541057384733,3.0439305778209174,0.5560000000000003,1
7,42,80,120,600,self,4.634804932503828,3.0439305778209174,0.6390000000000003,1
7,43,80,120,600,self,6.193447192956023,3.0439305778209174,0.4470000000000002,1
7,44,80,120,600,self,3.3559821678486896,3.0439305778209174,0.4930000000000002,1
7,45,80,120,600,self,4.1947648210763715,3.0439305778209174,0.5260000000000002,1
7,46,80,120,600,self,3.6735143832420096,3.0439305778209174,0.6480000000000004,1
7,47,80,120,600,self,5.25972183789532,3.0439305778209174,0.6230000000000003,1
7,48,80,120,600,self,4.380714386589603,3.0439305778209174,0.5860000000000003,1
7,49,80,120,600,self,4.483250618369202,3.0439305778209174,0.3580000000000001,1
7,50,80,120,600,self,4.3314248058940485,3.0439305778209174,0.5090000000000002,1
7,51,80,120,600,self,2.0092137891388364,3.0439305778209174,0.40500000000000014,1
7,52,80,120,600,self,2.7118706708101143,3.0439305778209174,0.5820000000000003,1
7,53,80,120,600,self,4.445417887622002,3.0439305778209174,0.5590000000000003,1
7,54,80,120,600,self,3.89702790305127,3.0439305778209174,0.5650000000000003,1
7,55,80,120,600,self,4.091376041899087,3.0439305778209174,0.6640000000000004,1
7,56,80,120,600,self,4.040824678107414,3.0439305778209174,0.5680000000000003,1
7,57,80,120,600,self,4.7099218062091195,3.0439305778209174,0.5970000000000003,1
7,58,80,120,600,self,2.8152258341547896,3.0439305778209174,0.5190000000000002,1
7,59,80,120,600,self,3.1669803083376413,3.0439305778209174,0.4720000000000002,1
7,60,80,120,600,self,4.782046856892412,3.0439305778209174,0.41200000000000014,1
7,61,80,120,600,self,3.488879324013002,3.0439305778209174,0.6000000000000003,1
7,62,80,120,600,self,4.47931353085724,3.0439305778209174,0.39900000000000013,1
7,63,80,120,600,self,3.30537696335115,3.0439305778209174,0.4910000000000002,1
7,64,80,120,600,self,4.406780600693497,3.0439305778209174,0.6060000000000003,1
7,65,80,120,600,self,2.6338995145565267,3.0439305778209174,0.6610000000000004,1
7,66,80,120,600,self,3.6637348406491475,3.0439305778209174,0.5440000000000003,1
7,67,80,120,600,self,4.063712192193433,3.0439305778209174,0.5670000000000003,1
7,68,80,120,600,self,2.770483142408025,3.0439305778209174,0.4630000000000002,1
7,69,80,120,600,self,4.103634870664201,3.0439305778209174,0.43800000000000017,1
7,70,80,120,600,self,2.1556896443388975,3.0439305778209174,0.43600000000000017,1
7,71,80,120,600,self,5.82088898720269,3.0439305778209174,0.42600000000000016,1
7,72,80,120,600,self,1.5848927414584446,3.0439305778209174,0.5650000000000003,1
7,73,80,120,600,self,3.8701299299775327,3.0439305778209174,0.3360000000000001,1
7,74,80,120,600,self,4.35535733295699,3.0439305778209174,0.43800000000000017,1
7,75,80,120,600,self,4.748430376284627,3.0439305778209174,0.5470000000000003,1
7,76,80,120,600,self,3.5116186711309427,3.0439305778209174,0.5230000000000002,1
7,77,80,120,600,self,2.4169386884693,3.0439305778209174,0.6250000000000003,1
7,78,80,120,600,self,3.5315865220320672,3.0439305778209174,0.4640000000000002,1
7,79,80,120,600,self,3.067394465592223,3.0439305778209174,0.6010000000000003,1
7,80,80,120,600,self,3.255486895876488,3.0439305778209174,0.5620000000000003,1
7,81,80,120,600,self,2.093781304476817,3.0439305778209174,0.5120000000000002,1
7,82,80,120,600,self,5.081533000598245,3.0439305778209174,0.5840000000000003,1
7,83,80,120,600,self,4.183016901789638,3.0439305778209174,0.42700000000000016,1
7,84,80,120,600,self,4.212477288013057,3.0439305778209174,0.4720000000000002,1
7,85,80,120,600,self,4.727711432029887,3.0439305778209174,0.5830000000000003,1
7,86,80,120,600,self,3.811668116789231,3.0439305778209174,0.6550000000000004,1
7,87,80,120,600,self,4.0963403953934545,3.0439305778209174,0.4610000000000002,1
7,88,80,120,600,self,5.258893890886965,3.0439305778209174,0.3420000000000001,1
7,89,80,120,600,self,5.398627401225279,3.0439305778209174,0.5690000000000003,1
7,90,80,120,600,self,4.408317634525178,3.0439305778209174,0.5320000000000003,1
7,91,80,120,600,self,4.3553927496250635,3.0439305778209174,0.5250000000000002,1
7,92,80,120,600,self,6.7507107050659325,3.0439305778209174,0.3490000000000001,1
7,93,80,120,600,self,3.008044776127446,3.0439305778209174,0.6290000000000003,1
7,94,80,120,600,self,3.137229911407091,3.0439305778209174,0.4990000000000002,1
7,95,80,120,600,self,2.0055088633170293,3.0439305778209174,0.6240000000000003,1
7,96,80,120,600,self,4.238575060244205,3.0439305778209174,0.4610000000000002,1
7,97,80,120,600,self,2.081204857154547,3.0439305778209174,0.5470000000000003,1
7,98,80,120,600,self,4.187347633764011,3.0439305778209174,0.5970000000000003,1
7,99,80,120,600,self,2.384489005357956,3.0439305778209174,0.5560000000000003,1
7,100,80,120,600,self,2.690879918700551,3.0439305778209174,0.4940000000000002,1
7,101,80,120,600,self,4.303350234096473,3.0439305778209174,0.4850000000000002,1
7,102,80,120,600,self,3.9599725543226625,3.0439305778209174,0.42300000000000015,1
7,103,80,120,600,self,3.2639248207468046,3.0439305778209174,0.43900000000000017,1
7,104,80,120,600,self,5.014435618962357,3.0439305778209174,0.5310000000000002,1
7,105,80,120,600,self,4.537523533508849,3.0439305778209174,0.5470000000000003,1
7,106,80,120,600,self,2.7122812582942952,3.0439305778209174,0.5420000000000003,1
7,107,80,120,600,self,2.0657578826390193,3.0439305778209174,0.4950000000000002,1
7,108,80,120,600,self,4.414612240119169,3.0439305778209174,0.6260000000000003,1
7,109,80,120,600,self,3.841550545898089,3.0439305778209174,0.41700000000000015,1
7,110,80,120,600,self,4.077462499568857,3.0439305778209174,0.4630000000000002,1
7,111,80,120,600,self,4.485619168185307,3.0439305778209174,0.4670000000000002,1
7,112,80,120,600,self,2.4083141831287254,3.0439305778209174,0.5480000000000003,1
7,113,80,120,600,self,4.620804875976606,3.0439305778209174,0.5820000000000003,1
7,114,80,120,600,self,3.952549846760969,3.0439305778209174,0.6590000000000004,1
7,115,80,120,600,self,3.885389611544742,3.0439305778209174,0.4930000000000002,1
7,116,80,120,600,self,3.761872483401794,3.0439305778209174,0.5900000000000003,1
7,117,80,120,600,self,4.2153436353902585,3.0439305778209174,0.41400000000000015,1
7,118,80,120,600,self,4.2232066642800365,3.0439305778209174,0.5310000000000002,1
7,119,80,120,600,self,3.3020268027923034,3.0439305778209174,0.5040000000000002,1
7,120,80,120,600,self,3.53255235968113,3.0439305778209174,0.6210000000000003,1
7,121,80,120,600,self,3.577532330214298,3.0439305778209174,0.5240000000000002,1
7,122,80,120,600,self,3.48538684214281,3.0439305778209174,0.5510000000000003,1
7,123,80,120,600,self,4.980940656069219,3.0439305778209174,0.5380000000000003,1
7,124,80,120,600,self,3.0318123382924647,3.0439305778209174,0.5290000000000002,1
7,125,80,120,600,self,1.3161533985200458,3.0439305778209174,0.6380000000000003,1
7,126,80,120,600,self,4.664318500889937,3.0439305778209174,0.5740000000000003,1
7,127,80,120,600,self,3.548559865930527,3.0439305778209174,0.5290000000000002,1
7,128,80,120,600,self,3.3177559540275685,3.0439305778209174,0.6120000000000003,1
7,129,80,120,600,self,2.57469122650877,3.0439305778209174,0.4790000000000002,1
7,130,80,120,600,self,3.948535853589922,3.0439305778209174,0.4880000000000002,1
8,1,80,120,600,stranger,2.429421140394077,2.787420243124669,0.4920000000000002,1
8,2,80,120,600,stranger,0.81107991358922,2.787420243124669,0.6280000000000003,1
8,3,80,120,600,stranger,0.9864047656624456,2.787420243124669,0.5220000000000002,2
8,4,80,120,600,stranger,2.4898849175363353,2.787420243124669,0.4930000000000002,1
8,5,80,120,600,stranger,2.190019876152973,2.787420243124669,0.6450000000000004,1
8,6,80,120,600,stranger,-0.15280127873034643,2.787420243124669,0.6690000000000004,1
8,7,80,120,600,stranger,1.2744852954223498,2.787420243124669,0.5680000000000003,1
8,8,80,120,600,stranger,0.6701520038585,2.787420243124669,0.39600000000000013,1
8,9,80,120,600,stranger,1.7511470872781434,2.787420243124669,0.6590000000000004,1
8,10,80,120,600,stranger,0.9626928362960555,2.787420243124669,0.5830000000000003,1
8,11,80,120,600,stranger,1.6230435319235443,2.787420243124669,0.5390000000000003,1
8,12,80,120,600,stranger,0.7905697717010556,2.787420243124669,0.6060000000000003,1
8,13,80,120,600,stranger,1.8499392883254133,2.787420243124669,0.40200000000000014,1
8,14,80,120,600,stranger,2.9165914192390994,2.787420243124669,0.6350000000000003,1
8,15,80,120,600,stranger,1.438698195416456,2.787420243124669,0.6080000000000003,1
8,16,80,120,600,stranger,1.3599240881751449,2.787420243124669,0.5830000000000003,1
8,17,80,120,600,stranger,1.5211421289358906,2.787420243124669,0.5270000000000002,1
8,18,80,120,600,stranger,1.607194467621401,2.787420243124669,0.6250000000000003,1
8,19,80,120,600,stranger,-0.21624453737684035,2.787420243124669,0.6320000000000003,2
8,20,80,120,600,stranger,2.06761437557947,2.787420243124669,0.5230000000000002,1
8,21,80,120,600,stranger,1.7638953413122969,2.787420243124669,0.5800000000000003,1
8,22,80,120,600,stranger,1.5332654064951967,2.787420243124669,0.6070000000000003,1
8,23,80,120,600,stranger,2.053771431411479,2.787420243124669,0.5350000000000003,1
8,24,80,120,600,stranger,2.316945102385956,2.787420243124669,0.6450000000000004,1
8,25,80,120,600,stranger,1.5900200569097391,2.787420243124669,0.4960000000000002,1
8,26,80,120,600,stranger,2.1787037065590718,2.787420243124669,0.6200000000000003,1
8,27,80,120,600,stranger,0.4493442449208416,2.787420243124669,0.4790000000000002,1
8,28,80,120,600,stranger,1.641462637248349,2.787420243124669,0.5520000000000003,1
8,29,80,120,600,stranger,1.7634666223873283,2.787420243124669,0.40900000000000014,1
8,30,80,120,600,stranger,2.5355670304953533,2.787420243124669,0.4740000000000002,1
8,31,80,120,600,stranger,1.0418353684283626,2.787420243124669,0.6530000000000004,1
8,32,80,120,600,stranger,2.298158781776649,2.787420243124669,0.3830000000000001,1
8,33,80,120,600,stranger,2.7672957306671533,2.787420243124669,0.5550000000000003,1
8,34,80,120,600,stranger,-0.0691661573583715,2.787420243124669,0.6490000000000004,1
8,35,80,120,600,stranger,2.992981803606018,2.787420243124669,0.4950000000000002,1
8,36,80,120,600,stranger,1.4638444862051863,2.787420243124669,0.6320000000000003,1
8,37,80,120,600,stranger,0.48203232866250567,2.787420243124669,0.6120000000000003,2
8,38,80,120,600,stranger,2.26603984954087,2.787420243124669,0.6250000000000003,1
8,39,80,120,600,stranger,1.9497183175535366,2.787420243124669,0.6020000000000003,1
8,40,80,120,600,stranger,2.091970927379238,2.787420243124669,0.6560000000000004,1
8,41,80,120,600,stranger,3.011327443999759,2.787420243124669,0.5270000000000002,1
8,42,80,120,600,stranger,1.7183015277106222,2.787420243124669,0.4620000000000002,1
8,43,80,120,600,stranger,1.9944897973521418,2.787420243124669,0.6010000000000003,1
8,44,80,120,600,stranger,0.032306937497199706,2.787420243124669,0.5350000000000003,2
8,45,80,120,600,stranger,2.369216529158756,2.787420243124669,0.4950000000000002,1
8,46,80,120,600,stranger,-0.4533650925603171,2.787420243124669,0.5190000000000002,2
8,47,80,120,600,stranger,1.816195939194011,2.787420243124669,0.6750000000000004,1
8,48,80,120,600,stranger,-0.10719760144720103,2.787420243124669,0.6060000000000003,2
8,49,80,120,600,stranger,1.4984867029989686,2.787420243124669,0.4900000000000002,1
8,50,80,120,600,stranger,0.8206040998364106,2.787420243124669,0.6370000000000003,1
8,51,80,120,600,stranger,0.30404361675486813,2.787420243124669,0.5620000000000003,1
8,52,80,120,600,stranger,1.6221218335812493,2.787420243124669,0.5640000000000003,1
8,53,80,120,600,stranger,0.885075774454214,2.787420243124669,0.42600000000000016,1
8,54,80,120,600,stranger,1.0123299156167116,2.787420243124669,0.5820000000000003,1
8,55,80,120,600,stranger,-1.0326989875587538,2.787420243124669,0.5120000000000002,2
8,56,80,120,600,stranger,3.2147497504767473,2.787420243124669,0.5720000000000003,1
8,57,80,120,600,stranger,-0.32379976101271335,2.787420243124669,0.5530000000000003,2
8,58,80,120,600,stranger,1.8916657584638625,2.787420243124669,0.40000000000000013,1
8,59,80,120,600,stranger,0.7725351264357556,2.787420243124669,0.43800000000000017,1
8,60,80,120,600,stranger,3.287525802637837,2.787420243124669,0.5090000000000002,1
8,61,80,120,600,stranger,1.282863501438753,2.787420243124669,0.5670000000000003,1
8,62,80,120,600,stranger,0.4098464887061244,2.787420243124669,0.5460000000000003,1
8,63,80,120,600,stranger,1.3335864616899789,2.787420243124669,0.6200000000000003,1
8,64,80,120,600,stranger,0.8690392399822111,2.787420243124669,0.5970000000000003,1
8,65,80,120,600,stranger,-0.9342371243400543,2.787420243124669,0.5440000000000003,2
8,66,80,120,600,stranger,1.891492313293488,2.787420243124669,0.43600000000000017,1
8,67,80,120,600,stranger,1.547293574573895,2.787420243124669,0.6300000000000003,1
8,68,80,120,600,stranger,1.984676259774965,2.787420243124669,0.4700000000000002,1
8,69,80,120,600,stranger,0.9165458155273349,2.787420243124669,0.6700000000000004,1
8,70,80,120,600,stranger,1.005166049732974,2.787420243124669,0.5940000000000003,1
8,71,80,120,600,stranger,1.5615233185686643,2.787420243124669,0.6610000000000004,1
8,72,80,120,600,stranger,-0.036484429139564734,2.787420243124669,0.5240000000000002,2
8,73,80,120,600,stranger,1.59233387759495,2.787420243124669,0.5020000000000002,1
8,74,80,120,600,stranger,0.9955417015820638,2.787420243124669,0.6000000000000003,1
8,75,80,120,600,stranger,1.988095224319939,2.787420243124669,0.6560000000000004,1
8,76,80,120,600,stranger,1.1338196009903136,2.787420243124669,0.4470000000000002,1
8,77,80,120,600,stranger,2.489873908515688,2.787420243124669,0.5910000000000003,1
8,78,80,120,600,stranger,3.000545266980258,2.787420243124669,0.3620000000000001,1
8,79,80,120,600,stranger,1.1694299522229434,2.787420243124669,0.5790000000000003,1
8,80,80,120,600,stranger,1.120073942880935,2.787420243124669,0.6040000000000003,1
8,81,80,120,600,stranger,-0.8401909727198148,2.787420243124669,0.6510000000000004,2
8,82,80,120,600,stranger,2.287484994897755,2.787420243124669,0.5110000000000002,1
8,83,80,120,600,stranger,1.04478162935815,2.787420243124669,0.4940000000000002,1
8,84,80,120,600,stranger,2.0271850068218566,2.787420243124669,0.5430000000000003,1
8,85,80,120,600,stranger,1.2037445592371288,2.787420243124669,0.5400000000000003,1
8,86,80,120,600,stranger,0.6324279691697019,2.787420243124669,0.5650000000000003,1
8,87,80,120,600,stranger,1.3635411100484687,2.787420243124669,0.3130000000000001,1
8,88,80,120,600,stranger,0.544407400717849,2.787420243124669,0.5810000000000003,1
8,89,80,120,600,stranger,2.414328041103609,2.787420243124669,0.6640000000000004,1
8,90,80,120,600,stranger,1.9199195911990863,2.787420243124669,0.4510000000000002,1
8,91,80,120,600,stranger,1.5556845138646556,2.787420243124669,0.5420000000000003,1
8,92,80,120,600,stranger,0.28961818687537855,2.787420243124669,0.5320000000000003,1
8,93,80,120,600,stranger,1.4823473409108083,2.787420243124669,0.5810000000000003,1
8,94,80,120,600,stranger,1.8233650795644327,2.787420243124669,0.6160000000000003,1
8,95,80,120,600,stranger,1.4206219603397532,2.787420243124669,0.42300000000000015,1
8,96,80,120,600,stranger,-0.6634312174120897,2.787420243124669,0.42000000000000015,2
8,97,80,120,600,stranger,2.3665755141952856,2.787420243124669,0.4720000000000002,1
8,98,80,120,600,stranger,-0.3660926752314094,2.787420243124669,0.41300000000000014,2
8,99,80,120,600,stranger,1.4824254268128547,2.787420243124669,0.6340000000000003,1
8,100,80,120,600,stranger,1.5417116423935924,2.787420243124669,0.6400000000000003,1
8,101,80,120,600,stranger,1.4290535033635914,2.787420243124669,0.5750000000000003,1
8,102,80,120,600,stranger,0.4280604623248093,2.787420243124669,0.5860000000000003,1
8,103,80,120,600,stranger,2.322887564478417,2.787420243124669,0.4530000000000002,1
8,104,80,120,600,stranger,1.504786287354562,2.787420243124669,0.5830000000000003,1
8,105,80,120,600,stranger,0.6447777815742721,2.787420243124669,0.4930000000000002,1
8,106,80,120,600,stranger,-1.3476521124469945,2.787420243124669,0.5490000000000003,2
8,107,80,120,600,stranger,0.7502639297988919,2.787420243124669,0.5290000000000002,1
8,108,80,120,600,stranger,-0.15980531376525509,2.787420243124669,0.5630000000000003,2
8,109,80,120,600,stranger,0.9190295497934853,2.787420243124669,0.6360000000000003,1
8,110,80,120,600,stranger,0.7635406300740236,2.787420243124669,0.5660000000000003,1
8,111,80,120,600,stranger,2.5737116376910287,2.787420243124669,0.6550000000000004,1
8,112,80,120,600,stranger,1.2864832617658273,2.787420243124669,0.40700000000000014,1
8,113,80,120,600,stranger,2.783638267828454,2.787420243124669,0.4840000000000002,1
8,114,80,120,600,stranger,0.6456081328324531,2.787420243124669,0.6590000000000004,1
8,115,80,120,600,stranger,1.4707825595403878,2.787420243124669,0.6060000000000003,1
8,116,80,120,600,stranger,-0.28452708961348294,2.787420243124669,0.6740000000000004,2
8,117,80,120,600,stranger,3.1230319678342813,2.787420243124669,0.5520000000000003,1
8,118,80,120,600,stranger,1.7044589378551567,2.787420243124669,0.5310000000000002,1
8,119,80,120,600,stranger,2.514301196236513,2.787420243124669,0.4660000000000002,1
8,120,80,120,600,stranger,1.1141866773506885,2.787420243124669,0.5850000000000003,1
8,121,80,120,600,stranger,1.2800399329322387,2.787420243124669,0.6530000000000004,1
8,122,80,120,600,stranger,2.6140823186482915,2.787420243124669,0.4610000000000002,1
8,123,80,120,600,stranger,2.347415840032301,2.787420243124669,0.5030000000000002,1
8,124,80,120,600,stranger,3.7963022201573704,2.787420243124669,0.6640000000000004,1
8,125,80,120,600,stranger,1.838412802886257,2.787420243124669,0.5810000000000003,1
8,126,80,120,600,stranger,-1.4084145131289167,2.787420243124669,0.4740000000000002,2
8,127,80,120,600,stranger,1.4548372900385258,2.787420243124669,0.6420000000000003,1
8,128,80,120,600,stranger,1.6343867724510015,2.787420243124669,0.5630000000000003,2
8,129,80,120,600,stranger,0.7469253141641391,2.787420243124669,0.6510000000000004,2
8,130,80,120,600,stranger,2.9856012840517065,2.787420243124669,0.6370000000000003,1
8,1,80,120,600,self,5.367902129095123,2.787420243124669,0.5790000000000003,1
8,2,80,120,600,self,3.0552056019417635,2.787420243124669,0.4810000000000002,1
8,3,80,120,600,self,3.441836322202826,2.787420243124669,0.4670000000000002,1
8,4,80,120,600,self,4.865434532346642,2.787420243124669,0.3820000000000001,1
8,5,80,120,600,self,4.745882838104163,2.787420243124669,0.3650000000000001,1
8,6,80,120,600,self,2.45011223748941,2.787420243124669,0.5170000000000002,1
8,7,80,120,600,self,5.243982467524296,2.787420243124669,0.6070000000000003,1
8,8,80,120,600,self,2.6920358489651557,2.787420243124669,0.6740000000000004,1
8,9,80,120,600,self,3.427302259021821,2.787420243124669,0.4890000000000002,1
8,10,80,120,600,self,2.7884118612611766,2.787420243124669,0.4670000000000002,1
8,11,80,120,600,self,4.2124133079753685,2.787420243124669,0.6510000000000004,1
8,12,80,120,600,self,1.4954742061408166,2.787420243124669,0.42100000000000015,1
8,13,80,120,600,self,4.340784438240721,2.787420243124669,0.5820000000000003,1
8,14,80,120,600,self,3.106987251690885,2.787420243124669,0.6610000000000004,1
8,15,80,120,600,self,3.3709149955957995,2.787420243124669,0.5220000000000002,1
8,16,80,120,600,self,0.7357836346420017,2.787420243124669,0.6120000000000003,1
8,17,80,120,600,self,3.816656916737731,2.787420243124669,0.6260000000000003,1
8,18,80,120,600,self,4.477800072474523,2.787420243124669,0.5110000000000002,1
8,19,80,120,600,self,5.822037369482095,2.787420243124669,0.6530000000000004,1
8,20,80,120,600,self,1.971682042297541,2.787420243124669,0.5790000000000003,1
8,21,80,120,600,self,3.9070557564050876,2.787420243124669,0.5940000000000003,1
8,22,80,120,600,self,4.888312215310585,2.787420243124669,0.4530000000000002,1
8,23,80,120,600,self,3.4232893384958105,2.787420243124669,0.5990000000000003,1
8,24,80,120,600,self,4.7253030281750865,2.787420243124669,0.3540000000000001,1
8,25,80,120,600,self,2.3551183207866604,2.787420243124669,0.5340000000000003,1
8,26,80,120,600,self,3.1501993655899274,2.787420243124669,0.39800000000000013,1
8,27,80,120,600,self,3.8720834919201734,2.787420243124669,0.6230000000000003,1
8,28,80,120,600,self,4.438107890412697,2.787420243124669,0.4990000000000002,1
8,29,80,120,600,self,2.628974714498993,2.787420243124669,0.42400000000000015,1
8,30,80,120,600,self,3.4054411193721976,2.787420243124669,0.6660000000000004,1
8,31,80,120,600,self,2.2359180998212493,2.787420243124669,0.6460000000000004,1
8,32,80,120,600,self,2.5957764529425176,2.787420243124669,0.6250000000000003,1
8,33,80,120,600,self,5.688385020391182,2.787420243124669,0.3740000000000001,1
8,34,80,120,600,self,4.294361113008137,2.787420243124669,0.4950000000000002,1
8,35,80,120,600,self,2.8257675001621836,2.787420243124669,0.6520000000000004,1
8,36,80,120,600,self,2.9541766142911317,2.787420243124669,0.5990000000000003,1
8,37,80,120,600,self,3.361758609880096,2.787420243124669,0.44000000000000017,1
8,38,80,120,600,self,2.752939470513475,2.787420243124669,0.3900000000000001,1
8,39,80,120,600,self,4.137255108616542,2.787420243124669,0.5720000000000003,1
8,40,80,120,600,self,2.681081753256441,2.787420243124669,0.6150000000000003,1
8,41,80,120,600,self,3.98451391519399,2.787420243124669,0.43400000000000016,1
8,42,80,120,600,self,2.543952700098152,2.787420243124669,0.5950000000000003,1
8,43,80,120,600,self,2.605957268194806,2.787420243124669,0.43500000000000016,1
8,44,80,120,600,self,4.125105457421219,2.787420243124669,0.5300000000000002,1
8,45,80,120,600,self,3.947944829782883,2.787420243124669,0.4880000000000002,1
8,46,80,120,600,self,4.246315133780022,2.787420243124669,0.4560000000000002,1
8,47,80,120,600,self,1.2343767401574266,2.787420243124669,0.5020000000000002,2
8,48,80,120,600,self,4.748699548784557,2.787420243124669,0.4920000000000002,1
8,49,80,120,600,self,4.29522524628445,2.787420243124669,0.6090000000000003,1
8,50,80,120,600,self,5.194058834666092,2.787420243124669,0.6050000000000003,1
8,51,80,120,600,self,3.9331822613179344,2.787420243124669,0.6450000000000004,1
8,52,80,120,600,self,2.937445957834944,2.787420243124669,0.5910000000000003,1
8,53,80,120,600,self,3.0419169471082794,2.787420243124669,0.4710000000000002,1
8,54,80,120,600,self,2.8623107714154576,2.787420243124669,0.5780000000000003,1
8,55,80,120,600,self,4.009613534707002,2.787420243124669,0.3380000000000001,1
8,56,80,120,600,self,4.649885758498998,2.787420243124669,0.41900000000000015,1
8,57,80,120,600,self,3.6502097440203274,2.787420243124669,0.6500000000000004,1
8,58,80,120,600,self,2.897095704719444,2.787420243124669,0.4890000000000002,1
8,59,80,120,600,self,2.6513238807811264,2.787420243124669,0.5550000000000003,1
8,60,80,120,600,self,3.2852339742478973,2.787420243124669,0.3580000000000001,1
8,61,80,120,600,self,4.589949755034195,2.787420243124669,0.6480000000000004,1
8,62,80,120,600,self,3.4855638690405213,2.787420243124669,0.6300000000000003,1
8,63,80,120,600,self,4.3038338861469665,2.787420243124669,0.5390000000000003,1
8,64,80,120,600,self,4.149000299276359,2.787420243124669,0.5330000000000003,1
8,65,80,120,600,self,3.9765675596734535,2.787420243124669,0.6690000000000004,1
8,66,80,120,600,self,3.9581678640627325,2.787420243124669,0.4540000000000002,1
8,67,80,120,600,self,3.470366235917914,2.787420243124669,0.6100000000000003,1
8,68,80,120,600,self,3.044533172874414,2.787420243124669,0.4870000000000002,1
8,69,80,120,600,self,2.187383068680835,2.787420243124669,0.4870000000000002,1
8,70,80,120,600,self,1.8965715760990471,2.787420243124669,0.4670000000000002,1
8,71,80,120,600,self,1.8431145105110962,2.787420243124669,0.4870000000000002,1
8,72,80,120,600,self,4.086248890284246,2.787420243124669,0.6260000000000003,1
8,73,80,120,600,self,3.695395821432069,2.787420243124669,0.4970000000000002,1
8,74,80,120,600,self,4.396322335983222,2.787420243124669,0.6640000000000004,1
8,75,80,120,600,self,3.3421877846258297,2.787420243124669,0.5700000000000003,1
8,76,80,120,600,self,4.1266457409351425,2.787420243124669,0.6670000000000004,1
8,77,80,120,600,self,3.6172042953217294,2.787420243124669,0.5120000000000002,1
8,78,80,120,600,self,5.505810948195128,2.787420243124669,0.41200000000000014,1
8,79,80,120,600,self,4.2168092345178065,2.787420243124669,0.6340000000000003,1
8,80,80,120,600,self,3.7916574243929566,2.787420243124669,0.43900000000000017,1
8,81,80,120,600,self,3.449452540622421,2.787420243124669,0.41300000000000014,1
8,82,80,120,600,self,2.232382212376996,2.787420243124669,0.5540000000000003,1
8,83,80,120,600,self,4.27090174157406,2.787420243124669,0.4940000000000002,1
8,84,80,120,600,self,3.687708555543,2.787420243124669,0.4530000000000002,1
8,85,80,120,600,self,4.302420487342792,2.787420243124669,0.4740000000000002,1
8,86,80,120,600,self,4.8505340206751395,2.787420243124669,0.40300000000000014,1
8,87,80,120,600,self,2.294046210166706,2.787420243124669,0.4880000000000002,1
8,88,80,120,600,self,4.210627790132264,2.787420243124669,0.5030000000000002,1
8,89,80,120,600,self,3.4516370065435438,2.787420243124669,0.4560000000000002,1
8,90,80,120,600,self,4.390545606053809,2.787420243124669,0.3630000000000001,1
8,91,80,120,600,self,3.135997212832133,2.787420243124669,0.5160000000000002,1
8,92,80,120,600,self,3.8378586193619513,2.787420243124669,0.4710000000000002,1
8,93,80,120,600,self,2.43560696640088,2.787420243124669,0.41100000000000014,1
8,94,80,120,600,self,3.6360510503900483,2.787420243124669,0.6420000000000003,1
8,95,80,120,600,self,1.2624773308889852,2.787420243124669,0.5860000000000003,1
8,96,80,120,600,self,3.4409718253035697,2.787420243124669,0.5540000000000003,1
8,97,80,120,600,self,3.087433684228686,2.787420243124669,0.6790000000000004,1
8,98,80,120,600,self,2.859246499882464,2.787420243124669,0.5300000000000002,1
8,99,80,120,600,self,5.89376068538158,2.787420243124669,0.4500000000000002,1
8,100,80,120,600,self,2.2138305809530037,2.787420243124669,0.5730000000000003,1
8,101,80,120,600,self,4.91043156964486,2.787420243124669,0.3060000000000001,1
8,102,80,120,600,self,2.7202725510125068,2.787420243124669,0.6490000000000004,1
8,103,80,120,600,self,2.1522793157358056,2.787420243124669,0.5700000000000003,1
8,104,80,120,600,self,2.3060014288548243,2.787420243124669,0.6400000000000003,1
8,105,80,120,600,self,4.561659659365444,2.787420243124669,0.4630000000000002,1
8,106,80,120,600,self,2.948036463383164,2.787420243124669,0.5400000000000003,1
8,107,80,120,600,self,4.883770937225348,2.787420243124669,0.4550000000000002,1
8,108,80,120,600,self,3.251070606658569,2.787420243124669,0.3620000000000001,1
8,109,80,120,600,self,3.8837604521526865,2.787420243124669,0.4970000000000002,1
8,110,80,120,600,self,2.887172588104428,2.787420243124669,0.5090000000000002,1
8,111,80,120,600,self,3.0792327174856475,2.787420243124669,0.3560000000000001,1
8,112,80,120,600,self,4.369996335219374,2.787420243124669,0.6460000000000004,1
8,113,80,120,600,self,3.7711656188135882,2.787420243124669,0.6520000000000004,1
8,114,80,120,600,self,2.7125261538510763,2.787420243124669,0.5120000000000002,1
8,115,80,120,600,self,4.023103083022027,2.787420243124669,0.5620000000000003,1
8,116,80,120,600,self,2.6704521910915093,2.787420243124669,0.3810000000000001,1
8,117,80,120,600,self,3.5843225399218324,2.787420243124669,0.42000000000000015,1
8,118,80,120,600,self,4.172954883394896,2.787420243124669,0.6050000000000003,1
8,119,80,120,600,self,3.786747513808761,2.787420243124669,0.3790000000000001,1
8,120,80,120,600,self,3.8321212763129386,2.787420243124669,0.4810000000000002,1
8,121,80,120,600,self,3.9700912191419873,2.787420243124669,0.5470000000000003,1
8,122,80,120,600,self,3.6284749607867717,2.787420243124669,0.42500000000000016,1
8,123,80,120,600,self,5.021344776760876,2.787420243124669,0.5950000000000003,1
8,124,80,120,600,self,3.432455693463781,2.787420243124669,0.6460000000000004,1
8,125,80,120,600,self,2.834058864617151,2.787420243124669,0.39700000000000013,1
8,126,80,120,600,self,4.385307142137802,2.787420243124669,0.3750000000000001,1
8,127,80,120,600,self,3.0192168469749,2.787420243124669,0.41000000000000014,1
8,128,80,120,600,self,3.2642186557917467,2.787420243124669,0.6230000000000003,1
8,129,80,120,600,self,2.0018796104773435,2.787420243124669,0.6250000000000003,1
8,130,80,120,600,self,3.2738745981694324,2.787420243124669,0.6080000000000003,1
