subjectID,trialID,T,P,W,Label,v,a,RT,response
1,1,80,120,800,stranger,2.3775941988917713,3.4068203531888535,0.8630000000000004,1
1,2,80,120,800,stranger,-0.2038752629565942,3.4068203531888535,0.6200000000000003,1
1,3,80,120,800,stranger,0.42795601366064895,3.4068203531888535,0.6750000000000004,1
1,4,80,120,800,stranger,-0.8598396245755463,3.4068203531888535,0.8100000000000005,2
1,5,80,120,800,stranger,1.5090220188404135,3.4068203531888535,0.6150000000000003,1
1,6,80,120,800,stranger,-1.180369400841244,3.4068203531888535,0.8420000000000005,2
1,7,80,120,800,stranger,1.5952914791769,3.4068203531888535,0.7960000000000005,1
1,8,80,120,800,stranger,1.6942290061322778,3.4068203531888535,0.7910000000000004,1
1,9,80,120,800,stranger,0.8763970471001522,3.4068203531888535,0.41900000000000015,1
1,10,80,120,800,stranger,2.245702711261269,3.4068203531888535,0.7810000000000004,1
1,11,80,120,800,stranger,3.663447019979445,3.4068203531888535,0.7040000000000004,1
1,12,80,120,800,stranger,0.9315972715285425,3.4068203531888535,0.6720000000000004,1
1,13,80,120,800,stranger,1.0660953998689104,3.4068203531888535,0.8660000000000005,1
1,14,80,120,800,stranger,0.8932393257584794,3.4068203531888535,0.5660000000000003,1
1,15,80,120,800,stranger,1.268136066480983,3.4068203531888535,0.7880000000000005,1
1,16,80,120,800,stranger,1.6604449611928747,3.4068203531888535,0.5820000000000003,1
1,17,80,120,800,stranger,2.3159459850479704,3.4068203531888535,0.6460000000000004,1
1,18,80,120,800,stranger,0.8830271763428506,3.4068203531888535,0.6240000000000003,1
1,19,80,120,800,stranger,2.2181709030778296,3.4068203531888535,0.8260000000000005,1
1,20,80,120,800,stranger,1.4070802286111435,3.4068203531888535,0.8670000000000004,1
1,21,80,120,800,stranger,0.811433653892262,3.4068203531888535,0.6230000000000003,1
1,22,80,120,800,stranger,1.4392875097960338,3.4068203531888535,0.4500000000000002,1
1,23,80,120,800,stranger,1.0743611484315365,3.4068203531888535,0.8210000000000004,1
1,24,80,120,800,stranger,2.357893851390355,3.4068203531888535,0.4520000000000002,1
1,25,80,120,800,stranger,1.4266950267779985,3.4068203531888535,0.7410000000000003,1
1,26,80,120,800,stranger,1.7088469046236727,3.4068203531888535,0.5630000000000003,1
1,27,80,120,800,stranger,1.2496196669069999,3.4068203531888535,0.7430000000000003,1
1,28,80,120,800,stranger,1.5046273197064557,3.4068203531888535,0.6180000000000003,1
1,29,80,120,800,stranger,2.1994707832859772,3.4068203531888535,0.6160000000000003,1
1,30,80,120,800,stranger,0.8697829354693852,3.4068203531888535,0.6640000000000004,1
1,31,80,120,800,stranger,1.6387207071774,3.4068203531888535,0.8300000000000005,1
1,32,80,120,800,stranger,1.0612770811320804,3.4068203531888535,0.4600000000000002,1
1,33,80,120,800,stranger,3.4527911698955958,3.4068203531888535,0.7930000000000004,1
1,34,80,120,800,stranger,2.1550960361615403,3.4068203531888535,0.7920000000000005,1
1,35,80,120,800,stranger,-0.1708249406124943,3.4068203531888535,0.6210000000000003,2
1,36,80,120,800,stranger,2.034443818001018,3.4068203531888535,0.8380000000000005,1
1,37,80,120,800,stranger,1.8062846042231637,3.4068203531888535,0.6500000000000004,1
1,38,80,120,800,stranger,2.875857498453785,3.4068203531888535,0.7530000000000003,1
1,39,80,120,800,stranger,2.158426942316685,3.4068203531888535,0.5470000000000003,1
1,40,80,120,800,stranger,2.3500881828904276,3.4068203531888535,0.6780000000000004,1
1,41,80,120,800,stranger,-0.5184362680878424,3.4068203531888535,0.5360000000000003,1
1,42,80,120,800,stranger,1.0580359031245976,3.4068203531888535,0.7790000000000004,1
1,43,80,120,800,stranger,2.112263000331592,3.4068203531888535,0.6350000000000003,1
1,44,80,120,800,stranger,-1.2302920465273357,3.4068203531888535,0.7400000000000004,2
1,45,80,120,800,stranger,1.7685927871805092,3.4068203531888535,0.7580000000000005,1
1,46,80,120,800,stranger,3.0875245986545825,3.4068203531888535,0.6390000000000003,1
1,47,80,120,800,stranger,2.482158587604426,3.4068203531888535,0.6640000000000004,1
1,48,80,120,800,stranger,-1.2651674790878182,3.4068203531888535,0.8300000000000005,2
1,49,80,120,800,stranger,2.145932385891832,3.4068203531888535,0.5760000000000003,1
1,50,80,120,800,stranger,-0.34583597625012696,3.4068203531888535,0.6020000000000003,2
1,51,80,120,800,stranger,1.3817322793898823,3.4068203531888535,0.7190000000000003,1
1,52,80,120,800,stranger,2.4034456767430843,3.4068203531888535,0.6700000000000004,1
1,53,80,120,800,stranger,0.9588006386173954,3.4068203531888535,0.7600000000000005,1
1,54,80,120,800,stranger,0.6872428765005074,3.4068203531888535,0.7110000000000003,1
1,55,80,120,800,stranger,2.062343334775827,3.4068203531888535,0.8720000000000006,1
1,56,80,120,800,stranger,1.5358690575759564,3.4068203531888535,0.5550000000000003,1
1,57,80,120,800,stranger,2.4462190426206267,3.4068203531888535,0.7430000000000003,1
1,58,80,120,800,stranger,-0.7575192958185045,3.4068203531888535,0.8210000000000004,2
1,59,80,120,800,stranger,2.4364858811059573,3.4068203531888535,0.6440000000000003,1
1,60,80,120,800,stranger,1.4935018072777653,3.4068203531888535,0.8720000000000006,1
1,61,80,120,800,stranger,-0.1539436589766332,3.4068203531888535,0.7450000000000003,2
1,62,80,120,800,stranger,2.194000337012199,3.4068203531888535,0.3830000000000001,1
1,63,80,120,800,stranger,2.170871745304415,3.4068203531888535,0.7330000000000003,1
1,64,80,120,800,stranger,2.1551367514039685,3.4068203531888535,0.4840000000000002,1
1,65,80,120,800,stranger,1.1867961727430545,3.4068203531888535,0.7650000000000003,1
1,66,80,120,800,stranger,1.8097835700351412,3.4068203531888535,0.8570000000000004,1
1,67,80,120,800,stranger,0.3082010292611659,3.4068203531888535,0.8220000000000005,1
1,68,80,120,800,stranger,0.5319312647981629,3.4068203531888535,0.7500000000000004,2
1,69,80,120,800,stranger,0.6770760021231417,3.4068203531888535,0.6270000000000003,1
1,70,80,120,800,stranger,0.6910169416183811,3.4068203531888535,0.6270000000000003,1
1,71,80,120,800,stranger,2.083758628408779,3.4068203531888535,0.7450000000000003,1
1,72,80,120,800,stranger,1.4050296706017984,3.4068203531888535,0.6480000000000004,1
1,73,80,120,800,stranger,1.0366999317264776,3.4068203531888535,0.8450000000000004,1
1,74,80,120,800,stranger,3.306000933351222,3.4068203531888535,0.5080000000000002,1
1,75,80,120,800,stranger,1.6171381359468728,3.4068203531888535,0.6750000000000004,1
1,76,80,120,800,stranger,3.3182279716161442,3.4068203531888535,0.5630000000000003,1
1,77,80,120,800,stranger,2.62940195502067,3.4068203531888535,0.8140000000000005,1
1,78,80,120,800,stranger,1.4715152149554658,3.4068203531888535,0.8480000000000005,1
1,79,80,120,800,stranger,0.12963902219992862,3.4068203531888535,0.8080000000000005,1
1,80,80,120,800,stranger,1.2941971993889596,3.4068203531888535,0.8000000000000005,1
1,81,80,120,800,stranger,1.8290977334746557,3.4068203531888535,0.8470000000000004,1
1,82,80,120,800,stranger,-1.4086463311700297,3.4068203531888535,0.8310000000000004,2
1,83,80,120,800,stranger,1.107339348957258,3.4068203531888535,0.7050000000000003,1
1,84,80,120,800,stranger,-0.8142004794264918,3.4068203531888535,0.8640000000000005,2
1,85,80,120,800,stranger,1.0179203051360264,3.4068203531888535,0.7960000000000005,1
1,86,80,120,800,stranger,1.3477283150846642,3.4068203531888535,0.6390000000000003,1
1,87,80,120,800,stranger,1.7584327649497045,3.4068203531888535,0.7300000000000004,1
1,88,80,120,800,stranger,0.7070922754911149,3.4068203531888535,0.8440000000000005,1
1,89,80,120,800,stranger,1.386498547470683,3.4068203531888535,0.7340000000000004,1
1,90,80,120,800,stranger,1.2265545015546127,3.4068203531888535,0.8260000000000005,1
1,91,80,120,800,stranger,0.5976042272952342,3.4068203531888535,0.7750000000000004,1
1,92,80,120,800,stranger,2.9713187378234136,3.4068203531888535,0.5080000000000002,1
1,93,80,120,800,stranger,-1.0134587144703868,3.4068203531888535,0.8620000000000005,2
1,94,80,120,800,stranger,2.1110589818903964,3.4068203531888535,0.6860000000000004,1
1,95,80,120,800,stranger,0.5670503032429902,3.4068203531888535,0.8140000000000005,1
1,96,80,120,800,stranger,1.2568483333240035,3.4068203531888535,0.8110000000000004,1
1,97,80,120,800,stranger,0.1208114029996663,3.4068203531888535,0.8280000000000005,1
1,98,80,120,800,stranger,2.05548509045305,3.4068203531888535,0.8070000000000004,1
1,99,80,120,800,stranger,0.7814857864704057,3.4068203531888535,0.5820000000000003,2
1,100,80,120,800,stranger,2.62921265814475,3.4068203531888535,0.5340000000000003,1
1,101,80,120,800,stranger,0.6823728670674547,3.4068203531888535,0.8190000000000004,2
1,102,80,120,800,stranger,1.4412175615924872,3.4068203531888535,0.5360000000000003,1
1,103,80,120,800,stranger,2.268787712401475,3.4068203531888535,0.6140000000000003,1
1,104,80,120,800,stranger,1.3335015403818267,3.4068203531888535,0.8790000000000004,1
1,105,80,120,800,stranger,2.457283884825091,3.4068203531888535,0.8650000000000004,1
1,106,80,120,800,stranger,1.7223092631165313,3.4068203531888535,0.6910000000000004,1
1,107,80,120,800,stranger,1.4337381673108518,3.4068203531888535,0.8090000000000004,1
1,108,80,120,800,stranger,1.3586453644770558,3.4068203531888535,0.6430000000000003,1
1,109,80,120,800,stranger,1.742711854981271,3.4068203531888535,0.5870000000000003,1
1,110,80,120,800,stranger,-0.0879500602692248,3.4068203531888535,0.8290000000000004,1
1,111,80,120,800,stranger,1.1593835977931086,3.4068203531888535,0.6550000000000004,1
1,112,80,120,800,stranger,1.939106543293029,3.4068203531888535,0.7910000000000004,1
1,113,80,120,800,stranger,1.369274669680775,3.4068203531888535,0.7620000000000005,1
1,114,80,120,800,stranger,1.7230594248730065,3.4068203531888535,0.8050000000000004,1
1,115,80,120,800,stranger,0.14305914477276127,3.4068203531888535,0.6220000000000003,1
1,116,80,120,800,stranger,2.3387544925298154,3.4068203531888535,0.7870000000000004,1
1,117,80,120,800,stranger,1.7658062451543128,3.4068203531888535,0.5760000000000003,1
1,118,80,120,800,stranger,1.1021103161555394,3.4068203531888535,0.7520000000000004,1
1,119,80,120,800,stranger,1.5815296964374377,3.4068203531888535,0.6160000000000003,1
1,120,80,120,800,stranger,1.3096863588775927,3.4068203531888535,0.6520000000000004,1
1,121,80,120,800,stranger,0.8125281676080172,3.4068203531888535,0.8640000000000005,1
1,122,80,120,800,stranger,1.8588026420554176,3.4068203531888535,0.6630000000000004,1
1,123,80,120,800,stranger,-0.04222458585178723,3.4068203531888535,0.8730000000000004,2
1,124,80,120,800,stranger,0.7727654051217411,3.4068203531888535,0.7120000000000004,1
1,125,80,120,800,stranger,1.1581764885183568,3.4068203531888535,0.7560000000000004,1
1,126,80,120,800,stranger,1.7954045638534306,3.4068203531888535,0.8690000000000004,1
1,127,80,120,800,stranger,1.1407464737879869,3.4068203531888535,0.8500000000000005,1
1,128,80,120,800,stranger,1.8617870599743034,3.4068203531888535,0.6260000000000003,1
1,129,80,120,800,stranger,-0.26074890795116434,3.4068203531888535,0.6710000000000004,1
1,130,80,120,800,stranger,1.6303135098537265,3.4068203531888535,0.6470000000000004,1
1,1,80,120,800,self,2.72656582543132,3.4068203531888535,0.7650000000000003,1
1,2,80,120,800,self,4.321305510712576,3.4068203531888535,0.4810000000000002,1
1,3,80,120,800,self,3.8945885931088315,3.4068203531888535,0.5200000000000002,1
1,4,80,120,800,self,2.7903810618728966,3.4068203531888535,0.5530000000000003,1
1,5,80,120,800,self,2.5430933999581966,3.4068203531888535,0.6480000000000004,1
1,6,80,120,800,self,2.82126286268179,3.4068203531888535,0.6930000000000004,1
1,7,80,120,800,self,2.298206987465266,3.4068203531888535,0.5100000000000002,1
1,8,80,120,800,self,4.399728035494539,3.4068203531888535,0.6070000000000003,1
1,9,80,120,800,self,3.10481743994393,3.4068203531888535,0.6250000000000003,1
1,10,80,120,800,self,1.8742427982414123,3.4068203531888535,0.6680000000000004,1
1,11,80,120,800,self,4.955703875552063,3.4068203531888535,0.41600000000000015,1
1,12,80,120,800,self,3.165945678963851,3.4068203531888535,0.6180000000000003,1
1,13,80,120,800,self,3.3468549681142314,3.4068203531888535,0.7470000000000003,1
1,14,80,120,800,self,3.534599886687893,3.4068203531888535,0.7860000000000005,1
1,15,80,120,800,self,3.0021645235456282,3.4068203531888535,0.6490000000000004,1
1,16,80,120,800,self,4.051249656841932,3.4068203531888535,0.7250000000000003,1
1,17,80,120,800,self,3.4992915307097676,3.4068203531888535,0.7940000000000005,1
1,18,80,120,800,self,3.726718919698923,3.4068203531888535,0.5840000000000003,1
1,19,80,120,800,self,2.5607657677980837,3.4068203531888535,0.8460000000000005,1
1,20,80,120,800,self,3.5915611768131352,3.4068203531888535,0.43100000000000016,1
1,21,80,120,800,self,2.673030822952582,3.4068203531888535,0.5150000000000002,1
1,22,80,120,800,self,4.182287153708977,3.4068203531888535,0.5320000000000003,1
1,23,80,120,800,self,3.554529233078954,3.4068203531888535,0.6100000000000003,1
1,24,80,120,800,self,3.854599056312723,3.4068203531888535,0.5770000000000003,1
1,25,80,120,800,self,2.2267866673500443,3.4068203531888535,0.7160000000000004,1
1,26,80,120,800,self,4.156011174364715,3.4068203531888535,0.6560000000000004,1
1,27,80,120,800,self,2.9686596521847846,3.4068203531888535,0.5230000000000002,1
1,28,80,120,800,self,3.6835669369008786,3.4068203531888535,0.5750000000000003,1
1,29,80,120,800,self,4.1522702183808065,3.4068203531888535,0.6990000000000004,1
1,30,80,120,800,self,5.111796630115652,3.4068203531888535,0.3800000000000001,1
1,31,80,120,800,self,2.45959445896973,3.4068203531888535,0.6850000000000004,1
1,32,80,120,800,self,4.280290883878824,3.4068203531888535,0.5450000000000003,1
1,33,80,120,800,self,2.6184267139347557,3.4068203531888535,0.7020000000000004,1
1,34,80,120,800,self,3.7994937532813795,3.4068203531888535,0.5550000000000003,1
1,35,80,120,800,self,4.180503476973701,3.4068203531888535,0.43100000000000016,1
1,36,80,120,800,self,4.003975389346907,3.4068203531888535,0.4720000000000002,1
1,37,80,120,800,self,3.0177325212814807,3.4068203531888535,0.7220000000000004,1
1,38,80,120,800,self,3.4212347975593618,3.4068203531888535,0.6920000000000004,1
1,39,80,120,800,self,2.9606591695216165,3.4068203531888535,0.6240000000000003,1
1,40,80,120,800,self,3.3165319132091846,3.4068203531888535,0.6600000000000004,1
1,41,80,120,800,self,3.776592106840104,3.4068203531888535,0.8360000000000005,1
1,42,80,120,800,self,3.607086520720037,3.4068203531888535,0.5630000000000003,1
1,43,80,120,800,self,4.307067138004791,3.4068203531888535,0.4890000000000002,1
1,44,80,120,800,self,3.0663521520835793,3.4068203531888535,0.8410000000000004,1
1,45,80,120,800,self,3.1296554810630286,3.4068203531888535,0.6800000000000004,1
1,46,80,120,800,self,2.970563712717135,3.4068203531888535,0.6270000000000003,1
1,47,80,120,800,self,2.0514110840971407,3.4068203531888535,0.7590000000000003,1
1,48,80,120,800,self,3.253750378364305,3.4068203531888535,0.6340000000000003,1
1,49,80,120,800,self,3.692934062570988,3.4068203531888535,0.5290000000000002,1
1,50,80,120,800,self,3.1921017612615348,3.4068203531888535,0.6550000000000004,1
1,51,80,120,800,self,3.0454266634228717,3.4068203531888535,0.6120000000000003,1
1,52,80,120,800,self,4.793479219083185,3.4068203531888535,0.3700000000000001,1
1,53,80,120,800,self,1.8839504490369936,3.4068203531888535,0.7230000000000003,1
1,54,80,120,800,self,2.539424241561199,3.4068203531888535,0.7840000000000005,1
1,55,80,120,800,self,3.8869108373906838,3.4068203531888535,0.5180000000000002,1
1,56,80,120,800,self,3.3739681896824263,3.4068203531888535,0.4650000000000002,1
1,57,80,120,800,self,2.442737011226124,3.4068203531888535,0.5540000000000003,1
1,58,80,120,800,self,3.25943666493323,3.4068203531888535,0.5270000000000002,1
1,59,80,120,800,self,4.451402281452806,3.4068203531888535,0.6470000000000004,1
1,60,80,120,800,self,4.049689959732195,3.4068203531888535,0.5420000000000003,1
1,61,80,120,800,self,3.2663709789529776,3.4068203531888535,0.6020000000000003,1
1,62,80,120,800,self,3.3118654525694926,3.4068203531888535,0.6850000000000004,1
1,63,80,120,800,self,2.4936514416857296,3.4068203531888535,0.8770000000000004,1
1,64,80,120,800,self,2.188442062219166,3.4068203531888535,0.7860000000000005,1
1,65,80,120,800,self,2.054637180961751,3.4068203531888535,0.5340000000000003,1
1,66,80,120,800,self,3.521973733012448,3.4068203531888535,0.7420000000000004,1
1,67,80,120,800,self,3.678539700970841,3.4068203531888535,0.8490000000000004,1
1,68,80,120,800,self,3.437579317751552,3.4068203531888535,0.8160000000000005,1
1,69,80,120,800,self,4.679330966560168,3.4068203531888535,0.7430000000000003,1
1,70,80,120,800,self,3.90167012128162,3.4068203531888535,0.4720000000000002,1
1,71,80,120,800,self,4.071774160415282,3.4068203531888535,0.6860000000000004,1
1,72,80,120,800,self,5.469247697993173,3.4068203531888535,0.4730000000000002,1
1,73,80,120,800,self,2.9368660653594953,3.4068203531888535,0.6110000000000003,1
1,74,80,120,800,self,3.153469818642553,3.4068203531888535,0.6150000000000003,1
1,75,80,120,800,self,2.3448248529981903,3.4068203531888535,0.4850000000000002,1
1,76,80,120,800,self,2.393851736170703,3.4068203531888535,0.7620000000000005,1
1,77,80,120,800,self,3.352573534810338,3.4068203531888535,0.6640000000000004,1
1,78,80,120,800,self,3.372642277121163,3.4068203531888535,0.5230000000000002,1
1,79,80,120,800,self,3.541807110775009,3.4068203531888535,0.4490000000000002,1
1,80,80,120,800,self,2.795035678656693,3.4068203531888535,0.7300000000000004,1
1,81,80,120,800,self,4.907061531179682,3.4068203531888535,0.6630000000000004,1
1,82,80,120,800,self,2.9225591974739364,3.4068203531888535,0.7440000000000004,1
1,83,80,120,800,self,3.967614785319005,3.4068203531888535,0.6780000000000004,1
1,84,80,120,800,self,3.831490019417456,3.4068203531888535,0.6770000000000004,1
1,85,80,120,800,self,5.02319771510265,3.4068203531888535,0.43400000000000016,1
1,86,80,120,800,self,2.620373183070488,3.4068203531888535,0.7290000000000003,1
1,87,80,120,800,self,2.521601414195975,3.4068203531888535,0.5390000000000003,1
1,88,80,120,800,self,5.22069523861785,3.4068203531888535,0.4950000000000002,1
1,89,80,120,800,self,3.1590136756683838,3.4068203531888535,0.5670000000000003,1
1,90,80,120,800,self,2.9911625715957557,3.4068203531888535,0.6370000000000003,1
1,91,80,120,800,self,2.797678675717381,3.4068203531888535,0.6550000000000004,1
1,92,80,120,800,self,3.7546234156474183,3.4068203531888535,0.6550000000000004,1
1,93,80,120,800,self,4.270377161898039,3.4068203531888535,0.3760000000000001,1
1,94,80,120,800,self,4.674953925242011,3.4068203531888535,0.5370000000000003,1
1,95,80,120,800,self,3.4992000981249376,3.4068203531888535,0.6750000000000004,1
1,96,80,120,800,self,4.59572292827371,3.4068203531888535,0.4920000000000002,1
1,97,80,120,800,self,3.0717860768035328,3.4068203531888535,0.6990000000000004,1
1,98,80,120,800,self,3.3401436533772886,3.4068203531888535,0.4890000000000002,1
1,99,80,120,800,self,2.940048223899662,3.4068203531888535,0.6600000000000004,1
1,100,80,120,800,self,3.588185148408457,3.4068203531888535,0.6280000000000003,1
1,101,80,120,800,self,4.429737936128552,3.4068203531888535,0.6480000000000004,1
1,102,80,120,800,self,3.3413969914784283,3.4068203531888535,0.8660000000000005,1
1,103,80,120,800,self,3.838559771229834,3.4068203531888535,0.42300000000000015,1
1,104,80,120,800,self,2.15858492285873,3.4068203531888535,0.7740000000000005,1
1,105,80,120,800,self,3.911389723445719,3.4068203531888535,0.4860000000000002,1
1,106,80,120,800,self,3.1800926452041183,3.4068203531888535,0.5580000000000003,1
1,107,80,120,800,self,3.5527387260787253,3.4068203531888535,0.8770000000000004,1
1,108,80,120,800,self,2.6562721672978657,3.4068203531888535,0.4980000000000002,1
1,109,80,120,800,self,3.345379737343149,3.4068203531888535,0.7830000000000004,1
1,110,80,120,800,self,4.191841809622487,3.4068203531888535,0.4730000000000002,1
1,111,80,120,800,self,3.699992067526063,3.4068203531888535,0.5410000000000003,1
1,112,80,120,800,self,3.5414003657396735,3.4068203531888535,0.6820000000000004,1
1,113,80,120,800,self,5.2566606922431625,3.4068203531888535,0.42900000000000016,1
1,114,80,120,800,self,3.5339088190805743,3.4068203531888535,0.5580000000000003,1
1,115,80,120,800,self,5.141996378614692,3.4068203531888535,0.3850000000000001,1
1,116,80,120,800,self,3.9863640852982156,3.4068203531888535,0.5840000000000003,1
1,117,80,120,800,self,2.006894167228288,3.4068203531888535,0.7220000000000004,1
1,118,80,120,800,self,2.1037799435668507,3.4068203531888535,0.6720000000000004,1
1,119,80,120,800,self,2.5007535318643828,3.4068203531888535,0.6270000000000003,1
1,120,80,120,800,self,3.182475107606145,3.4068203531888535,0.8280000000000005,1
1,121,80,120,800,self,2.4639245850353673,3.4068203531888535,0.4620000000000002,1
1,122,80,120,800,self,3.862752249166623,3.4068203531888535,0.5470000000000003,1
1,123,80,120,800,self,2.4400079595183617,3.4068203531888535,0.6670000000000004,1
1,124,80,120,800,self,3.50261851853012,3.4068203531888535,0.7720000000000005,1
1,125,80,120,800,self,4.009740779050123,3.4068203531888535,0.4680000000000002,1
1,126,80,120,800,self,5.426412594664157,3.4068203531888535,0.41200000000000014,1
1,127,80,120,800,self,4.297739877793193,3.4068203531888535,0.6860000000000004,1
1,128,80,120,800,self,2.210514888425702,3.4068203531888535,0.6560000000000004,1
1,129,80,120,800,self,4.511161597421188,3.4068203531888535,0.7540000000000004,1
1,130,80,120,800,self,4.750489193110511,3.4068203531888535,0.6010000000000003,1
2,1,80,120,800,stranger,2.4049699947844614,3.200171446113919,0.8340000000000005,1
2,2,80,120,800,stranger,2.4376914387010538,3.200171446113919,0.7370000000000003,1
2,3,80,120,800,stranger,1.693709207888165,3.200171446113919,0.8330000000000004,1
2,4,80,120,800,stranger,2.1018011413591715,3.200171446113919,0.5960000000000003,1
2,5,80,120,800,stranger,1.5925535944367457,3.200171446113919,0.6760000000000004,1
2,6,80,120,800,stranger,2.2639149781516203,3.200171446113919,0.7210000000000003,1
2,7,80,120,800,stranger,0.45766070303944734,3.200171446113919,0.8550000000000004,2
2,8,80,120,800,stranger,2.4140732442815436,3.200171446113919,0.6390000000000003,1
2,9,80,120,800,stranger,1.9680416861432608,3.200171446113919,0.8210000000000004,1
2,10,80,120,800,stranger,1.3620218468556695,3.200171446113919,0.5640000000000003,1
2,11,80,120,800,stranger,-0.4838594130996806,3.200171446113919,0.7180000000000004,2
2,12,80,120,800,stranger,1.5777583856341093,3.200171446113919,0.5700000000000003,1
2,13,80,120,800,stranger,1.615914792470334,3.200171446113919,0.7830000000000004,1
2,14,80,120,800,stranger,0.618218284324795,3.200171446113919,0.8020000000000005,1
2,15,80,120,800,stranger,-0.9235807479113168,3.200171446113919,0.6980000000000004,2
2,16,80,120,800,stranger,-2.1990294195065077,3.200171446113919,0.7280000000000004,2
2,17,80,120,800,stranger,1.602014349814329,3.200171446113919,0.8700000000000006,1
2,18,80,120,800,stranger,2.6228913261070153,3.200171446113919,0.6150000000000003,1
2,19,80,120,800,stranger,1.9722106390993286,3.200171446113919,0.8430000000000004,1
2,20,80,120,800,stranger,1.7887721502971792,3.200171446113919,0.8020000000000005,1
2,21,80,120,800,stranger,-2.2400073945184493,3.200171446113919,0.8690000000000004,2
2,22,80,120,800,stranger,2.401850050003736,3.200171446113919,0.6010000000000003,1
2,23,80,120,800,stranger,2.4126526544265885,3.200171446113919,0.7880000000000005,1
2,24,80,120,800,stranger,1.6627319622669523,3.200171446113919,0.6800000000000004,1
2,25,80,120,800,stranger,0.7745373580363604,3.200171446113919,0.7770000000000004,1
2,26,80,120,800,stranger,-1.6881309254416617,3.200171446113919,0.7700000000000005,2
2,27,80,120,800,stranger,1.7730266353086612,3.200171446113919,0.7570000000000003,1
2,28,80,120,800,stranger,-0.10158860208295095,3.200171446113919,0.7900000000000005,2
2,29,80,120,800,stranger,1.296910529437848,3.200171446113919,0.8700000000000006,1
2,30,80,120,800,stranger,-0.4576865828530844,3.200171446113919,0.7050000000000003,2
2,31,80,120,800,stranger,1.6825983672003013,3.200171446113919,0.5580000000000003,1
2,32,80,120,800,stranger,2.8941537399823063,3.200171446113919,0.6680000000000004,1
2,33,80,120,800,stranger,1.0619341680000027,3.200171446113919,0.8250000000000004,1
2,34,80,120,800,stranger,2.6118715070667613,3.200171446113919,0.8770000000000004,1
2,35,80,120,800,stranger,2.3030360943865382,3.200171446113919,0.8110000000000004,1
2,36,80,120,800,stranger,0.72937128296672,3.200171446113919,0.7840000000000005,1
2,37,80,120,800,stranger,1.3899315971353696,3.200171446113919,0.8730000000000004,1
2,38,80,120,800,stranger,0.548011968532621,3.200171446113919,0.5530000000000003,1
2,39,80,120,800,stranger,2.5762248704159854,3.200171446113919,0.6660000000000004,1
2,40,80,120,800,stranger,0.9917898655524507,3.200171446113919,0.5960000000000003,1
2,41,80,120,800,stranger,0.9651067465703362,3.200171446113919,0.6900000000000004,1
2,42,80,120,800,stranger,0.10148487877329682,3.200171446113919,0.4820000000000002,1
2,43,80,120,800,stranger,0.49443855231366146,3.200171446113919,0.6800000000000004,1
2,44,80,120,800,stranger,0.7694382355940065,3.200171446113919,0.5450000000000003,1
2,45,80,120,800,stranger,3.0453619995066075,3.200171446113919,0.5400000000000003,1
2,46,80,120,800,stranger,1.408686131527506,3.200171446113919,0.7010000000000003,1
2,47,80,120,800,stranger,1.7840965441846428,3.200171446113919,0.7750000000000004,1
2,48,80,120,800,stranger,2.0617631318849012,3.200171446113919,0.7180000000000004,1
2,49,80,120,800,stranger,1.3286930335623632,3.200171446113919,0.8730000000000004,1
2,50,80,120,800,stranger,0.7725796592819195,3.200171446113919,0.6310000000000003,1
2,51,80,120,800,stranger,-0.7240565457113209,3.200171446113919,0.6550000000000004,2
2,52,80,120,800,stranger,1.8342642087924368,3.200171446113919,0.5020000000000002,1
2,53,80,120,800,stranger,1.5239091752032716,3.200171446113919,0.8170000000000004,1
2,54,80,120,800,stranger,1.436573101479059,3.200171446113919,0.6350000000000003,1
2,55,80,120,800,stranger,0.22301773442841033,3.200171446113919,0.8690000000000004,1
2,56,80,120,800,stranger,-0.2170285080004274,3.200171446113919,0.7440000000000004,1
2,57,80,120,800,stranger,2.2801254313171193,3.200171446113919,0.4740000000000002,1
2,58,80,120,800,stranger,3.1874796295309302,3.200171446113919,0.5510000000000003,1
2,59,80,120,800,stranger,1.8597184356092389,3.200171446113919,0.6840000000000004,1
2,60,80,120,800,stranger,3.1838625446902893,3.200171446113919,0.6100000000000003,1
2,61,80,120,800,stranger,1.33264988694986,3.200171446113919,0.7250000000000003,1
2,62,80,120,800,stranger,1.643361983065515,3.200171446113919,0.6990000000000004,1
2,63,80,120,800,stranger,2.7597466351847744,3.200171446113919,0.5940000000000003,1
2,64,80,120,800,stranger,1.508229447822012,3.200171446113919,0.7990000000000004,1
2,65,80,120,800,stranger,2.2963413598001368,3.200171446113919,0.5730000000000003,1
2,66,80,120,800,stranger,1.9469523995604963,3.200171446113919,0.43500000000000016,1
2,67,80,120,800,stranger,3.053587750685935,3.200171446113919,0.7380000000000004,1
2,68,80,120,800,stranger,2.7217073076724843,3.200171446113919,0.7140000000000004,1
2,69,80,120,800,stranger,0.6726996888547481,3.200171446113919,0.5450000000000003,1
2,70,80,120,800,stranger,2.3451910783855263,3.200171446113919,0.5410000000000003,1
2,71,80,120,800,stranger,1.866780011658431,3.200171446113919,0.5050000000000002,1
2,72,80,120,800,stranger,1.3087239768013268,3.200171446113919,0.8180000000000005,1
2,73,80,120,800,stranger,1.8899136088510229,3.200171446113919,0.7370000000000003,1
2,74,80,120,800,stranger,1.3388253735023499,3.200171446113919,0.7690000000000003,1
2,75,80,120,800,stranger,2.9219413370825946,3.200171446113919,0.43100000000000016,1
2,76,80,120,800,stranger,2.3252330406836967,3.200171446113919,0.8740000000000006,1
2,77,80,120,800,stranger,1.4089118639257263,3.200171446113919,0.7020000000000004,1
2,78,80,120,800,stranger,0.24148385788830573,3.200171446113919,0.8630000000000004,2
2,79,80,120,800,stranger,0.8748578982947434,3.200171446113919,0.8700000000000006,1
2,80,80,120,800,stranger,2.0831107605125507,3.200171446113919,0.5050000000000002,1
2,81,80,120,800,stranger,1.0643164078667942,3.200171446113919,0.8670000000000004,1
2,82,80,120,800,stranger,1.8708098183091195,3.200171446113919,0.5380000000000003,1
2,83,80,120,800,stranger,0.6008010113363492,3.200171446113919,0.6540000000000004,1
2,84,80,120,800,stranger,2.5760002234618913,3.200171446113919,0.5000000000000002,1
2,85,80,120,800,stranger,1.3883616094453184,3.200171446113919,0.8770000000000004,1
2,86,80,120,800,stranger,1.084232279070602,3.200171446113919,0.7740000000000005,1
2,87,80,120,800,stranger,2.074175518390332,3.200171446113919,0.5280000000000002,1
2,88,80,120,800,stranger,1.9741287571737351,3.200171446113919,0.5620000000000003,1
2,89,80,120,800,stranger,1.2792213750459998,3.200171446113919,0.6130000000000003,1
2,90,80,120,800,stranger,2.774514913796351,3.200171446113919,0.5850000000000003,1
2,91,80,120,800,stranger,1.8649279579180398,3.200171446113919,0.6560000000000004,1
2,92,80,120,800,stranger,1.89754724810583,3.200171446113919,0.5400000000000003,1
2,93,80,120,800,stranger,1.5207496108322132,3.200171446113919,0.7640000000000005,1
2,94,80,120,800,stranger,1.985439871175715,3.200171446113919,0.7750000000000004,1
2,95,80,120,800,stranger,1.0470896510964107,3.200171446113919,0.8620000000000005,1
2,96,80,120,800,stranger,1.6740873461077705,3.200171446113919,0.8300000000000005,1
2,97,80,120,800,stranger,1.8644339810391224,3.200171446113919,0.6880000000000004,1
2,98,80,120,800,stranger,-0.9562796264101227,3.200171446113919,0.6930000000000004,2
2,99,80,120,800,stranger,2.1663150107564526,3.200171446113919,0.3470000000000001,1
2,100,80,120,800,stranger,3.2354167221496795,3.200171446113919,0.7060000000000004,1
2,101,80,120,800,stranger,0.6519290443472743,3.200171446113919,0.8530000000000004,1
2,102,80,120,800,stranger,2.627469742508074,3.200171446113919,0.6390000000000003,1
2,103,80,120,800,stranger,3.2746871441534333,3.200171446113919,0.5550000000000003,1
2,104,80,120,800,stranger,1.106375096005601,3.200171446113919,0.7310000000000003,1
2,105,80,120,800,stranger,0.24596974625415224,3.200171446113919,0.7140000000000004,1
2,106,80,120,800,stranger,0.7839478098942059,3.200171446113919,0.7640000000000005,1
2,107,80,120,800,stranger,1.6376597990415056,3.200171446113919,0.4960000000000002,1
2,108,80,120,800,stranger,0.2829774207807797,3.200171446113919,0.7530000000000003,1
2,109,80,120,800,stranger,1.7955104278569811,3.200171446113919,0.5050000000000002,1
2,110,80,120,800,stranger,0.011809047449418242,3.200171446113919,0.7070000000000003,2
2,111,80,120,800,stranger,2.4671100947813613,3.200171446113919,0.6250000000000003,1
2,112,80,120,800,stranger,0.765015959114479,3.200171446113919,0.4940000000000002,1
2,113,80,120,800,stranger,1.0811014974476973,3.200171446113919,0.7390000000000003,1
2,114,80,120,800,stranger,2.820902936684187,3.200171446113919,0.6980000000000004,1
2,115,80,120,800,stranger,0.9164346236211942,3.200171446113919,0.8740000000000006,1
2,116,80,120,800,stranger,1.8361507639032295,3.200171446113919,0.6210000000000003,1
2,117,80,120,800,stranger,1.4617596279319445,3.200171446113919,0.6860000000000004,1
2,118,80,120,800,stranger,0.6990993186836821,3.200171446113919,0.5240000000000002,1
2,119,80,120,800,stranger,2.4408712975119125,3.200171446113919,0.5810000000000003,1
2,120,80,120,800,stranger,1.927007689396596,3.200171446113919,0.8050000000000004,1
2,121,80,120,800,stranger,-0.25416501347316667,3.200171446113919,0.8490000000000004,2
2,122,80,120,800,stranger,1.7564809556814758,3.200171446113919,0.8780000000000006,1
2,123,80,120,800,stranger,1.6464349672967766,3.200171446113919,0.8260000000000005,1
2,124,80,120,800,stranger,1.6595190804026343,3.200171446113919,0.5360000000000003,1
2,125,80,120,800,stranger,-0.32612022350460335,3.200171446113919,0.6680000000000004,2
2,126,80,120,800,stranger,3.3935505062513482,3.200171446113919,0.6570000000000004,1
2,127,80,120,800,stranger,0.003946926358742386,3.200171446113919,0.8340000000000005,2
2,128,80,120,800,stranger,2.171616228662172,3.200171446113919,0.8100000000000005,1
2,129,80,120,800,stranger,-0.10251533888373654,3.200171446113919,0.7240000000000004,2
2,130,80,120,800,stranger,1.2340716858383889,3.200171446113919,0.8120000000000005,1
2,1,80,120,800,self,4.891396211691123,3.200171446113919,0.3520000000000001,1
2,2,80,120,800,self,2.457951014028561,3.200171446113919,0.5090000000000002,1
2,3,80,120,800,self,4.144562011343359,3.200171446113919,0.7490000000000003,1
2,4,80,120,800,self,1.9052066159719547,3.200171446113919,0.8290000000000004,1
2,5,80,120,800,self,4.8931764191775935,3.200171446113919,0.4520000000000002,1
2,6,80,120,800,self,1.8342369628564932,3.200171446113919,0.6460000000000004,1
2,7,80,120,800,self,3.1300001660686854,3.200171446113919,0.4540000000000002,1
2,8,80,120,800,self,3.6423230202243344,3.200171446113919,0.8150000000000004,1
2,9,80,120,800,self,3.383587485832682,3.200171446113919,0.8020000000000005,1
2,10,80,120,800,self,3.8854569175765326,3.200171446113919,0.6070000000000003,1
2,11,80,120,800,self,3.4129662050981358,3.200171446113919,0.5280000000000002,1
2,12,80,120,800,self,2.4700375847409406,3.200171446113919,0.7640000000000005,1
2,13,80,120,800,self,3.4988815890056526,3.200171446113919,0.5810000000000003,1
2,14,80,120,800,self,2.7181084139285283,3.200171446113919,0.7900000000000005,1
2,15,80,120,800,self,2.7017795055571407,3.200171446113919,0.5730000000000003,1
2,16,80,120,800,self,2.2236168847446063,3.200171446113919,0.6910000000000004,1
2,17,80,120,800,self,4.4258584168252195,3.200171446113919,0.5520000000000003,1
2,18,80,120,800,self,3.4730796214050748,3.200171446113919,0.5050000000000002,1
2,19,80,120,800,self,3.902114651630412,3.200171446113919,0.5490000000000003,1
2,20,80,120,800,self,5.193783224615196,3.200171446113919,0.40900000000000014,1
2,21,80,120,800,self,2.9287190676702974,3.200171446113919,0.7940000000000005,1
2,22,80,120,800,self,3.5763719424977114,3.200171446113919,0.7090000000000003,1
2,23,80,120,800,self,2.8644840902497855,3.200171446113919,0.6520000000000004,1
2,24,80,120,800,self,2.4134444769012457,3.200171446113919,0.5780000000000003,1
2,25,80,120,800,self,3.890472112619644,3.200171446113919,0.8240000000000005,1
2,26,80,120,800,self,3.1218535397692015,3.200171446113919,0.6970000000000004,1
2,27,80,120,800,self,4.031047275429591,3.200171446113919,0.4860000000000002,1
2,28,80,120,800,self,4.777757959690278,3.200171446113919,0.7550000000000003,1
2,29,80,120,800,self,3.8620151911448666,3.200171446113919,0.6530000000000004,1
2,30,80,120,800,self,3.413223858128415,3.200171446113919,0.8420000000000005,1
2,31,80,120,800,self,3.1476108527371567,3.200171446113919,0.4540000000000002,1
2,32,80,120,800,self,3.752071550437857,3.200171446113919,0.41500000000000015,1
2,33,80,120,800,self,3.282595493722053,3.200171446113919,0.5780000000000003,1
2,34,80,120,800,self,3.043453332427814,3.200171446113919,0.5000000000000002,1
2,35,80,120,800,self,2.827670084690046,3.200171446113919,0.5630000000000003,1
2,36,80,120,800,self,5.458302236578111,3.200171446113919,0.5230000000000002,1
2,37,80,120,800,self,2.7779032155702605,3.200171446113919,0.8120000000000005,1
2,38,80,120,800,self,3.45147450536129,3.200171446113919,0.8040000000000005,1
2,39,80,120,800,self,4.007723434731349,3.200171446113919,0.5230000000000002,1
2,40,80,120,800,self,3.599934606635105,3.200171446113919,0.7140000000000004,1
2,41,80,120,800,self,3.9086331308599487,3.200171446113919,0.5840000000000003,1
2,42,80,120,800,self,4.700036644647687,3.200171446113919,0.3720000000000001,1
2,43,80,120,800,self,4.144951593876659,3.200171446113919,0.7710000000000004,1
2,44,80,120,800,self,3.683236388457626,3.200171446113919,0.6600000000000004,1
2,45,80,120,800,self,2.8227704417083537,3.200171446113919,0.5390000000000003,1
2,46,80,120,800,self,3.123678626124054,3.200171446113919,0.6080000000000003,1
2,47,80,120,800,self,3.397311177412342,3.200171446113919,0.5790000000000003,1
2,48,80,120,800,self,3.178995177426164,3.200171446113919,0.5290000000000002,1
2,49,80,120,800,self,3.229142217498881,3.200171446113919,0.43300000000000016,1
2,50,80,120,800,self,2.9727883864874207,3.200171446113919,0.8620000000000005,1
2,51,80,120,800,self,2.350538121227009,3.200171446113919,0.7290000000000003,1
2,52,80,120,800,self,4.886286122439692,3.200171446113919,0.4550000000000002,1
2,53,80,120,800,self,2.495915805920364,3.200171446113919,0.4680000000000002,1
2,54,80,120,800,self,2.350153965064547,3.200171446113919,0.5790000000000003,1
2,55,80,120,800,self,3.1954600507010262,3.200171446113919,0.6930000000000004,1
2,56,80,120,800,self,3.965397666165978,3.200171446113919,0.42500000000000016,1
2,57,80,120,800,self,2.2557785492899933,3.200171446113919,0.6350000000000003,1
2,58,80,120,800,self,4.9751841467826425,3.200171446113919,0.41100000000000014,1
2,59,80,120,800,self,4.626030303074735,3.200171446113919,0.5190000000000002,1
2,60,80,120,800,self,4.030174844851408,3.200171446113919,0.5490000000000003,1
2,61,80,120,800,self,4.067384365108574,3.200171446113919,0.41500000000000015,1
2,62,80,120,800,self,4.083229341419979,3.200171446113919,0.43300000000000016,1
2,63,80,120,800,self,4.31672413238719,3.200171446113919,0.41600000000000015,1
2,64,80,120,800,self,2.4847965077686793,3.200171446113919,0.7970000000000004,1
2,65,80,120,800,self,3.184447416212248,3.200171446113919,0.5530000000000003,1
2,66,80,120,800,self,3.0861299435741105,3.200171446113919,0.5810000000000003,1
2,67,80,120,800,self,3.086390916378096,3.200171446113919,0.4680000000000002,1
2,68,80,120,800,self,3.113725362944895,3.200171446113919,0.7800000000000005,1
2,69,80,120,800,self,2.5093578472415112,3.200171446113919,0.7550000000000003,1
2,70,80,120,800,self,3.698367350840731,3.200171446113919,0.5080000000000002,1
2,71,80,120,800,self,5.084338763984577,3.200171446113919,0.40900000000000014,1
2,72,80,120,800,self,3.6115921933494617,3.200171446113919,0.6700000000000004,1
2,73,80,120,800,self,2.96809354299721,3.200171446113919,0.6060000000000003,1
2,74,80,120,800,self,2.889015347651566,3.200171446113919,0.5010000000000002,1
2,75,80,120,800,self,4.655573289251573,3.200171446113919,0.4590000000000002,1
2,76,80,120,800,self,2.8282924591606897,3.200171446113919,0.8680000000000005,1
2,77,80,120,800,self,3.85282686916179,3.200171446113919,0.5650000000000003,1
2,78,80,120,800,self,4.564951603109341,3.200171446113919,0.7470000000000003,1
2,79,80,120,800,self,3.094021949246592,3.200171446113919,0.8560000000000005,1
2,80,80,120,800,self,3.039816679890576,3.200171446113919,0.8520000000000005,1
2,81,80,120,800,self,4.827552694407241,3.200171446113919,0.43300000000000016,1
2,82,80,120,800,self,4.241206022796261,3.200171446113919,0.44200000000000017,1
2,83,80,120,800,self,3.8989630589648954,3.200171446113919,0.5780000000000003,1
2,84,80,120,800,self,4.419127422173002,3.200171446113919,0.4880000000000002,1
2,85,80,120,800,self,3.807712996161583,3.200171446113919,0.6630000000000004,1
2,86,80,120,800,self,2.939031605415756,3.200171446113919,0.5200000000000002,1
2,87,80,120,800,self,2.7187866465102357,3.200171446113919,0.40500000000000014,1
2,88,80,120,800,self,2.2760393767289853,3.200171446113919,0.6060000000000003,1
2,89,80,120,800,self,4.2035113895740315,3.200171446113919,0.8100000000000005,1
2,90,80,120,800,self,2.8232359353679195,3.200171446113919,0.5740000000000003,1
2,91,80,120,800,self,4.33513933415941,3.200171446113919,0.7210000000000003,1
2,92,80,120,800,self,3.3811496689860805,3.200171446113919,0.43900000000000017,1
2,93,80,120,800,self,3.337668090430131,3.200171446113919,0.6570000000000004,1
2,94,80,120,800,self,5.267978983736677,3.200171446113919,0.3890000000000001,1
2,95,80,120,800,self,4.20982795725623,3.200171446113919,0.7720000000000005,1
2,96,80,120,800,self,4.091713154729634,3.200171446113919,0.5230000000000002,1
2,97,80,120,800,self,2.9428894499744938,3.200171446113919,0.5110000000000002,1
2,98,80,120,800,self,3.519061596597934,3.200171446113919,0.4560000000000002,1
2,99,80,120,800,self,3.9479469596473837,3.200171446113919,0.4470000000000002,1
2,100,80,120,800,self,4.368412484034829,3.200171446113919,0.6300000000000003,1
2,101,80,120,800,self,2.9877145741346642,3.200171446113919,0.4510000000000002,1
2,102,80,120,800,self,2.3956371831922536,3.200171446113919,0.6310000000000003,1
2,103,80,120,800,self,4.233093167013027,3.200171446113919,0.4660000000000002,1
2,104,80,120,800,self,4.043247202191376,3.200171446113919,0.7130000000000003,1
2,105,80,120,800,self,3.6778581181751937,3.200171446113919,0.7260000000000004,1
2,106,80,120,800,self,2.8525832528379578,3.200171446113919,0.6150000000000003,1
2,107,80,120,800,self,4.460990910322591,3.200171446113919,0.6930000000000004,1
2,108,80,120,800,self,2.5084646934247434,3.200171446113919,0.7740000000000005,1
2,109,80,120,800,self,2.5499645619929936,3.200171446113919,0.4770000000000002,1
2,110,80,120,800,self,5.646339526263025,3.200171446113919,0.3900000000000001,1
2,111,80,120,800,self,4.9729593670975,3.200171446113919,0.4510000000000002,1
2,112,80,120,800,self,4.321631497922079,3.200171446113919,0.4750000000000002,1
2,113,80,120,800,self,3.401883937319453,3.200171446113919,0.6870000000000004,1
2,114,80,120,800,self,2.9081068655405984,3.200171446113919,0.44000000000000017,1
2,115,80,120,800,self,2.24400414805575,3.200171446113919,0.5930000000000003,1
2,116,80,120,800,self,4.275907293107814,3.200171446113919,0.5800000000000003,1
2,117,80,120,800,self,4.6084501145003225,3.200171446113919,0.5190000000000002,1
2,118,80,120,800,self,4.5541111793951625,3.200171446113919,0.41000000000000014,1
2,119,80,120,800,self,2.1930720742346437,3.200171446113919,0.5510000000000003,1
2,120,80,120,800,self,2.386968904462783,3.200171446113919,0.43300000000000016,1
2,121,80,120,800,self,2.6360031842513663,3.200171446113919,0.7500000000000004,1
2,122,80,120,800,self,4.555275002699957,3.200171446113919,0.5280000000000002,1
2,123,80,120,800,self,2.6059624991939687,3.200171446113919,0.7930000000000004,1
2,124,80,120,800,self,2.1201394826159343,3.200171446113919,0.8010000000000004,1
2,125,80,120,800,self,2.7078193083326028,3.200171446113919,0.6140000000000003,1
2,126,80,120,800,self,2.29421559202354,3.200171446113919,0.7150000000000003,1
2,127,80,120,800,self,3.5121298137127934,3.200171446113919,0.5060000000000002,1
2,128,80,120,800,self,5.475236445561874,3.200171446113919,0.4820000000000002,1
2,129,80,120,800,self,2.699120662064117,3.200171446113919,0.6800000000000004,1
2,130,80,120,800,self,2.4872197003132124,3.200171446113919,0.5240000000000002,1
3,1,80,120,800,stranger,-1.0834788053298419,2.9990449638252032,0.8140000000000005,2
3,2,80,120,800,stranger,2.043471001828172,2.9990449638252032,0.7400000000000004,1
3,3,80,120,800,stranger,1.5429577120190299,2.9990449638252032,0.7390000000000003,1
3,4,80,120,800,stranger,1.7812108120460333,2.9990449638252032,0.4630000000000002,1
3,5,80,120,800,stranger,1.6917578737513503,2.9990449638252032,0.8100000000000005,1
3,6,80,120,800,stranger,2.2058161192212813,2.9990449638252032,0.5290000000000002,1
3,7,80,120,800,stranger,2.2711255835661155,2.9990449638252032,0.5690000000000003,1
3,8,80,120,800,stranger,3.5300947449411817,2.9990449638252032,0.7210000000000003,1
3,9,80,120,800,stranger,1.7690525291098866,2.9990449638252032,0.8360000000000005,1
3,10,80,120,800,stranger,1.375939653752642,2.9990449638252032,0.7510000000000003,1
3,11,80,120,800,stranger,0.8078028427732811,2.9990449638252032,0.5950000000000003,1
3,12,80,120,800,stranger,1.7842301586894016,2.9990449638252032,0.7950000000000004,1
3,13,80,120,800,stranger,3.013312905863151,2.9990449638252032,0.6700000000000004,1
3,14,80,120,800,stranger,-0.2642335262797738,2.9990449638252032,0.5110000000000002,1
3,15,80,120,800,stranger,1.5306635843008594,2.9990449638252032,0.5660000000000003,1
3,16,80,120,800,stranger,1.8065327663902095,2.9990449638252032,0.8110000000000004,1
3,17,80,120,800,stranger,-1.4459555317455126,2.9990449638252032,0.7670000000000003,2
3,18,80,120,800,stranger,1.0704212642311406,2.9990449638252032,0.7560000000000004,1
3,19,80,120,800,stranger,0.9965384028754618,2.9990449638252032,0.5580000000000003,1
3,20,80,120,800,stranger,2.3619334376729784,2.9990449638252032,0.8660000000000005,1
3,21,80,120,800,stranger,2.2885261727983184,2.9990449638252032,0.7470000000000003,1
3,22,80,120,800,stranger,0.7984342075766524,2.9990449638252032,0.7710000000000004,1
3,23,80,120,800,stranger,1.5269113277123525,2.9990449638252032,0.7530000000000003,1
3,24,80,120,800,stranger,0.1500027658469384,2.9990449638252032,0.40900000000000014,2
3,25,80,120,800,stranger,1.319249058152098,2.9990449638252032,0.7720000000000005,1
3,26,80,120,800,stranger,1.841756810110712,2.9990449638252032,0.6320000000000003,1
3,27,80,120,800,stranger,1.4465302461001788,2.9990449638252032,0.8020000000000005,1
3,28,80,120,800,stranger,0.7940731738827609,2.9990449638252032,0.5840000000000003,1
3,29,80,120,800,stranger,1.5266122887763527,2.9990449638252032,0.4670000000000002,1
3,30,80,120,800,stranger,0.6871510126137391,2.9990449638252032,0.5380000000000003,1
3,31,80,120,800,stranger,1.4453769250381514,2.9990449638252032,0.8460000000000005,1
3,32,80,120,800,stranger,2.172102813554708,2.9990449638252032,0.5360000000000003,1
3,33,80,120,800,stranger,0.5173021213143014,2.9990449638252032,0.8110000000000004,1
3,34,80,120,800,stranger,0.9518597873445567,2.9990449638252032,0.6320000000000003,2
3,35,80,120,800,stranger,0.8219055739204162,2.9990449638252032,0.41300000000000014,1
3,36,80,120,800,stranger,0.4171535027648603,2.9990449638252032,0.5440000000000003,1
3,37,80,120,800,stranger,1.047158977174842,2.9990449638252032,0.8520000000000005,1
3,38,80,120,800,stranger,1.5260418265939106,2.9990449638252032,0.5290000000000002,1
3,39,80,120,800,stranger,3.223180927169125,2.9990449638252032,0.4650000000000002,1
3,40,80,120,800,stranger,1.7132554048118267,2.9990449638252032,0.4690000000000002,1
3,41,80,120,800,stranger,0.8833285603028893,2.9990449638252032,0.6400000000000003,1
3,42,80,120,800,stranger,1.1228605143151613,2.9990449638252032,0.7040000000000004,1
3,43,80,120,800,stranger,1.6697328765396433,2.9990449638252032,0.43200000000000016,1
3,44,80,120,800,stranger,1.3050996168461855,2.9990449638252032,0.7290000000000003,1
3,45,80,120,800,stranger,0.20351000261553287,2.9990449638252032,0.4890000000000002,1
3,46,80,120,800,stranger,1.1841481123649038,2.9990449638252032,0.5850000000000003,1
3,47,80,120,800,stranger,-0.8284989803355113,2.9990449638252032,0.5210000000000002,2
3,48,80,120,800,stranger,2.9944332435249046,2.9990449638252032,0.5180000000000002,1
3,49,80,120,800,stranger,1.139289372415774,2.9990449638252032,0.7080000000000004,1
3,50,80,120,800,stranger,-0.17989516600214583,2.9990449638252032,0.8440000000000005,1
3,51,80,120,800,stranger,2.347725015137403,2.9990449638252032,0.8020000000000005,1
3,52,80,120,800,stranger,0.5297220074626485,2.9990449638252032,0.7030000000000003,1
3,53,80,120,800,stranger,0.9655079853712478,2.9990449638252032,0.6030000000000003,1
3,54,80,120,800,stranger,-0.8141047294568623,2.9990449638252032,0.7760000000000005,2
3,55,80,120,800,stranger,1.7369939662009153,2.9990449638252032,0.6570000000000004,1
3,56,80,120,800,stranger,2.6461565702402297,2.9990449638252032,0.8610000000000004,1
3,57,80,120,800,stranger,0.614916450423922,2.9990449638252032,0.8150000000000004,1
3,58,80,120,800,stranger,1.1715193431518323,2.9990449638252032,0.5000000000000002,1
3,59,80,120,800,stranger,2.451335852177903,2.9990449638252032,0.7420000000000004,1
3,60,80,120,800,stranger,2.1347823150573206,2.9990449638252032,0.8490000000000004,1
3,61,80,120,800,stranger,0.5444134395343556,2.9990449638252032,0.5850000000000003,1
3,62,80,120,800,stranger,2.193048401527007,2.9990449638252032,0.8800000000000006,1
3,63,80,120,800,stranger,1.7020327309730892,2.9990449638252032,0.8530000000000004,1
3,64,80,120,800,stranger,1.5504229621169876,2.9990449638252032,0.8150000000000004,1
3,65,80,120,800,stranger,1.5695344673879423,2.9990449638252032,0.8280000000000005,1
3,66,80,120,800,stranger,0.01164255102127143,2.9990449638252032,0.7490000000000003,2
3,67,80,120,800,stranger,1.5883817269858145,2.9990449638252032,0.7210000000000003,1
3,68,80,120,800,stranger,2.3262293140077115,2.9990449638252032,0.7010000000000003,1
3,69,80,120,800,stranger,1.243966652471745,2.9990449638252032,0.5290000000000002,1
3,70,80,120,800,stranger,0.6734747770641172,2.9990449638252032,0.4710000000000002,1
3,71,80,120,800,stranger,-0.22171302815553207,2.9990449638252032,0.6770000000000004,2
3,72,80,120,800,stranger,2.770320779508865,2.9990449638252032,0.5150000000000002,1
3,73,80,120,800,stranger,1.782988385458114,2.9990449638252032,0.7220000000000004,1
3,74,80,120,800,stranger,2.5947093313504244,2.9990449638252032,0.4880000000000002,1
3,75,80,120,800,stranger,0.9856836707752767,2.9990449638252032,0.7310000000000003,1
3,76,80,120,800,stranger,0.3804237138542293,2.9990449638252032,0.4500000000000002,1
3,77,80,120,800,stranger,2.3168712625656767,2.9990449638252032,0.5740000000000003,1
3,78,80,120,800,stranger,-0.21409857169554336,2.9990449638252032,0.7620000000000005,2
3,79,80,120,800,stranger,2.5142421152220464,2.9990449638252032,0.8510000000000004,1
3,80,80,120,800,stranger,2.989870888987406,2.9990449638252032,0.5270000000000002,1
3,81,80,120,800,stranger,1.5110857403629714,2.9990449638252032,0.6070000000000003,1
3,82,80,120,800,stranger,-1.7031990864696263,2.9990449638252032,0.6690000000000004,2
3,83,80,120,800,stranger,3.6489075317943636,2.9990449638252032,0.4450000000000002,1
3,84,80,120,800,stranger,2.032806517010596,2.9990449638252032,0.7270000000000003,1
3,85,80,120,800,stranger,1.6009244489893968,2.9990449638252032,0.6370000000000003,1
3,86,80,120,800,stranger,0.5586964834402844,2.9990449638252032,0.6690000000000004,1
3,87,80,120,800,stranger,0.9179094754801751,2.9990449638252032,0.7940000000000005,1
3,88,80,120,800,stranger,0.2464063377558645,2.9990449638252032,0.7470000000000003,2
3,89,80,120,800,stranger,0.993003526936572,2.9990449638252032,0.6100000000000003,1
3,90,80,120,800,stranger,1.6143204382805236,2.9990449638252032,0.6770000000000004,1
3,91,80,120,800,stranger,-1.0626561115063051,2.9990449638252032,0.7040000000000004,2
3,92,80,120,800,stranger,0.48846492236619304,2.9990449638252032,0.7590000000000003,1
3,93,80,120,800,stranger,2.020742498902179,2.9990449638252032,0.41800000000000015,1
3,94,80,120,800,stranger,2.998634436385128,2.9990449638252032,0.6860000000000004,1
3,95,80,120,800,stranger,2.195689489868875,2.9990449638252032,0.6180000000000003,1
3,96,80,120,800,stranger,-0.6949085328242751,2.9990449638252032,0.8380000000000005,2
3,97,80,120,800,stranger,2.6537405759707196,2.9990449638252032,0.7750000000000004,1
3,98,80,120,800,stranger,-1.271117146511922,2.9990449638252032,0.6790000000000004,2
3,99,80,120,800,stranger,2.154649619020191,2.9990449638252032,0.5690000000000003,1
3,100,80,120,800,stranger,-0.16610922626453928,2.9990449638252032,0.6240000000000003,2
3,101,80,120,800,stranger,2.1870650808578764,2.9990449638252032,0.7160000000000004,1
3,102,80,120,800,stranger,3.032007089471454,2.9990449638252032,0.3800000000000001,1
3,103,80,120,800,stranger,2.5076056646966007,2.9990449638252032,0.6430000000000003,1
3,104,80,120,800,stranger,3.7108144195396764,2.9990449638252032,0.5140000000000002,1
3,105,80,120,800,stranger,3.311974507530534,2.9990449638252032,0.5110000000000002,1
3,106,80,120,800,stranger,-0.7909949112206459,2.9990449638252032,0.7850000000000004,2
3,107,80,120,800,stranger,1.5960059480257094,2.9990449638252032,0.5900000000000003,1
3,108,80,120,800,stranger,2.047065566440497,2.9990449638252032,0.7350000000000003,1
3,109,80,120,800,stranger,2.55163856747815,2.9990449638252032,0.6230000000000003,1
3,110,80,120,800,stranger,1.3666974382631527,2.9990449638252032,0.8710000000000004,1
3,111,80,120,800,stranger,1.718522643096398,2.9990449638252032,0.7570000000000003,1
3,112,80,120,800,stranger,1.4998427290528673,2.9990449638252032,0.5730000000000003,1
3,113,80,120,800,stranger,2.249919124079275,2.9990449638252032,0.3850000000000001,1
3,114,80,120,800,stranger,1.8266509175620098,2.9990449638252032,0.5610000000000003,1
3,115,80,120,800,stranger,1.5773549781036458,2.9990449638252032,0.8490000000000004,1
3,116,80,120,800,stranger,3.368997790417504,2.9990449638252032,0.8590000000000004,1
3,117,80,120,800,stranger,1.3508933063675395,2.9990449638252032,0.4510000000000002,1
3,118,80,120,800,stranger,1.8724133197047017,2.9990449638252032,0.5420000000000003,1
3,119,80,120,800,stranger,2.5749731215539864,2.9990449638252032,0.7230000000000003,1
3,120,80,120,800,stranger,-0.45305719259558164,2.9990449638252032,0.6650000000000004,2
3,121,80,120,800,stranger,2.627981505276492,2.9990449638252032,0.6030000000000003,1
3,122,80,120,800,stranger,0.20507913867010152,2.9990449638252032,0.5710000000000003,1
3,123,80,120,800,stranger,1.9669967706672606,2.9990449638252032,0.7270000000000003,1
3,124,80,120,800,stranger,2.170911186097326,2.9990449638252032,0.7120000000000004,1
3,125,80,120,800,stranger,1.6477491767848989,2.9990449638252032,0.7260000000000004,1
3,126,80,120,800,stranger,3.285173612366708,2.9990449638252032,0.4980000000000002,1
3,127,80,120,800,stranger,1.463099654377101,2.9990449638252032,0.6500000000000004,1
3,128,80,120,800,stranger,1.986824260495149,2.9990449638252032,0.7800000000000005,1
3,129,80,120,800,stranger,1.8689441267413254,2.9990449638252032,0.7800000000000005,1
3,130,80,120,800,stranger,1.041449573366997,2.9990449638252032,0.5400000000000003,1
3,1,80,120,800,self,1.7222134266900921,2.9990449638252032,0.6100000000000003,1
3,2,80,120,800,self,3.8575808372252824,2.9990449638252032,0.8230000000000004,1
3,3,80,120,800,self,4.137618393622112,2.9990449638252032,0.7530000000000003,1
3,4,80,120,800,self,4.047702815901051,2.9990449638252032,0.4770000000000002,1
3,5,80,120,800,self,2.985379298453542,2.9990449638252032,0.4630000000000002,1
3,6,80,120,800,self,4.485759431750507,2.9990449638252032,0.7310000000000003,1
3,7,80,120,800,self,3.944546555252435,2.9990449638252032,0.5710000000000003,1
3,8,80,120,800,self,3.7825496017991447,2.9990449638252032,0.4750000000000002,1
3,9,80,120,800,self,4.05920064712589,2.9990449638252032,0.5410000000000003,1
3,10,80,120,800,self,4.141010432527128,2.9990449638252032,0.6110000000000003,1
3,11,80,120,800,self,3.0068155552872238,2.9990449638252032,0.5330000000000003,1
3,12,80,120,800,self,4.4296537771816284,2.9990449638252032,0.4600000000000002,1
3,13,80,120,800,self,2.098450068606644,2.9990449638252032,0.5520000000000003,1
3,14,80,120,800,self,2.323378003006775,2.9990449638252032,0.4670000000000002,1
3,15,80,120,800,self,3.8326512622376128,2.9990449638252032,0.7290000000000003,1
3,16,80,120,800,self,4.546695513535585,2.9990449638252032,0.5230000000000002,1
3,17,80,120,800,self,1.6448345762913976,2.9990449638252032,0.6920000000000004,1
3,18,80,120,800,self,3.8575413051236844,2.9990449638252032,0.7820000000000005,1
3,19,80,120,800,self,3.961753001153859,2.9990449638252032,0.43700000000000017,1
3,20,80,120,800,self,2.830150319114289,2.9990449638252032,0.4910000000000002,1
3,21,80,120,800,self,3.503900700609984,2.9990449638252032,0.8120000000000005,1
3,22,80,120,800,self,3.073462185615956,2.9990449638252032,0.6910000000000004,1
3,23,80,120,800,self,3.31989309385045,2.9990449638252032,0.3850000000000001,1
3,24,80,120,800,self,4.142918421167472,2.9990449638252032,0.8500000000000005,1
3,25,80,120,800,self,5.011161193567952,2.9990449638252032,0.4990000000000002,1
3,26,80,120,800,self,2.881525329613372,2.9990449638252032,0.5140000000000002,1
3,27,80,120,800,self,4.11993729317895,2.9990449638252032,0.5940000000000003,1
3,28,80,120,800,self,3.828436119236798,2.9990449638252032,0.5290000000000002,1
3,29,80,120,800,self,3.2046137213609662,2.9990449638252032,0.7630000000000003,1
3,30,80,120,800,self,4.356233288606766,2.9990449638252032,0.42600000000000016,1
3,31,80,120,800,self,3.7427039324567426,2.9990449638252032,0.44200000000000017,1
3,32,80,120,800,self,3.830825675529851,2.9990449638252032,0.6560000000000004,1
3,33,80,120,800,self,3.1182521637973535,2.9990449638252032,0.4790000000000002,1
3,34,80,120,800,self,3.220486295735258,2.9990449638252032,0.4990000000000002,1
3,35,80,120,800,self,3.4270574338208695,2.9990449638252032,0.5050000000000002,1
3,36,80,120,800,self,3.428989233187345,2.9990449638252032,0.5980000000000003,1
3,37,80,120,800,self,4.958368482692169,2.9990449638252032,0.5410000000000003,1
3,38,80,120,800,self,1.9774973188550167,2.9990449638252032,0.41000000000000014,1
3,39,80,120,800,self,4.792509075798183,2.9990449638252032,0.5110000000000002,1
3,40,80,120,800,self,3.4427624796167002,2.9990449638252032,0.7210000000000003,1
3,41,80,120,800,self,2.9825344315894298,2.9990449638252032,0.5240000000000002,1
3,42,80,120,800,self,3.8740243096123055,2.9990449638252032,0.5070000000000002,1
3,43,80,120,800,self,4.697041750172468,2.9990449638252032,0.4750000000000002,1
3,44,80,120,800,self,0.41246955270213936,2.9990449638252032,0.5500000000000003,1
3,45,80,120,800,self,4.751254243823195,2.9990449638252032,0.4500000000000002,1
3,46,80,120,800,self,4.541000390104564,2.9990449638252032,0.5060000000000002,1
3,47,80,120,800,self,3.899028152428259,2.9990449638252032,0.7810000000000004,1
3,48,80,120,800,self,2.86545009496502,2.9990449638252032,0.5010000000000002,1
3,49,80,120,800,self,3.333297093238468,2.9990449638252032,0.6840000000000004,1
3,50,80,120,800,self,4.5039791130643225,2.9990449638252032,0.3520000000000001,1
3,51,80,120,800,self,3.685434682274192,2.9990449638252032,0.6120000000000003,1
3,52,80,120,800,self,2.8194412102647903,2.9990449638252032,0.7940000000000005,1
3,53,80,120,800,self,3.3599200592689855,2.9990449638252032,0.5270000000000002,1
3,54,80,120,800,self,3.3528514176048754,2.9990449638252032,0.5570000000000003,1
3,55,80,120,800,self,3.1808240826332583,2.9990449638252032,0.5640000000000003,1
3,56,80,120,800,self,5.107431755199302,2.9990449638252032,0.4890000000000002,1
3,57,80,120,800,self,4.589565295710603,2.9990449638252032,0.3670000000000001,1
3,58,80,120,800,self,2.559444076710022,2.9990449638252032,0.7860000000000005,1
3,59,80,120,800,self,4.624475317862356,2.9990449638252032,0.4610000000000002,1
3,60,80,120,800,self,3.6807284393239956,2.9990449638252032,0.5240000000000002,1
3,61,80,120,800,self,3.687346633592789,2.9990449638252032,0.4860000000000002,1
3,62,80,120,800,self,3.6414051439545005,2.9990449638252032,0.8740000000000006,1
3,63,80,120,800,self,6.302062572031271,2.9990449638252032,0.3820000000000001,1
3,64,80,120,800,self,3.8243485794802967,2.9990449638252032,0.7050000000000003,1
3,65,80,120,800,self,2.927330187664993,2.9990449638252032,0.5580000000000003,1
3,66,80,120,800,self,5.931405735534227,2.9990449638252032,0.4550000000000002,1
3,67,80,120,800,self,2.9417016527674265,2.9990449638252032,0.8540000000000005,1
3,68,80,120,800,self,2.56745891063117,2.9990449638252032,0.8090000000000004,1
3,69,80,120,800,self,4.577812938826591,2.9990449638252032,0.6220000000000003,1
3,70,80,120,800,self,3.75321868131428,2.9990449638252032,0.4480000000000002,1
3,71,80,120,800,self,3.4502449941435254,2.9990449638252032,0.6830000000000004,1
3,72,80,120,800,self,5.09352367075372,2.9990449638252032,0.3780000000000001,1
3,73,80,120,800,self,2.5403168950713204,2.9990449638252032,0.5040000000000002,1
3,74,80,120,800,self,4.323353860102007,2.9990449638252032,0.7650000000000003,1
3,75,80,120,800,self,4.1400654376088095,2.9990449638252032,0.6200000000000003,1
3,76,80,120,800,self,3.4475795894347945,2.9990449638252032,0.5990000000000003,1
3,77,80,120,800,self,2.25443356316639,2.9990449638252032,0.6160000000000003,1
3,78,80,120,800,self,3.237864552205328,2.9990449638252032,0.5180000000000002,1
3,79,80,120,800,self,4.172053395911191,2.9990449638252032,0.3870000000000001,1
3,80,80,120,800,self,4.465742470029176,2.9990449638252032,0.40700000000000014,1
3,81,80,120,800,self,3.3196727975691043,2.9990449638252032,0.7150000000000003,1
3,82,80,120,800,self,4.755180816325266,2.9990449638252032,0.42900000000000016,1
3,83,80,120,800,self,4.222375819313174,2.9990449638252032,0.8440000000000005,1
3,84,80,120,800,self,2.5921522469548735,2.9990449638252032,0.5190000000000002,1
3,85,80,120,800,self,2.853719416187023,2.9990449638252032,0.5380000000000003,1
3,86,80,120,800,self,2.666731456535673,2.9990449638252032,0.6130000000000003,1
3,87,80,120,800,self,3.930402514614538,2.9990449638252032,0.44000000000000017,1
3,88,80,120,800,self,2.36873697288777,2.9990449638252032,0.5410000000000003,1
3,89,80,120,800,self,3.0439075590772107,2.9990449638252032,0.7890000000000004,1
3,90,80,120,800,self,2.798750153462559,2.9990449638252032,0.5580000000000003,1
3,91,80,120,800,self,3.9197145067637735,2.9990449638252032,0.5190000000000002,1
3,92,80,120,800,self,3.1647908441780013,2.9990449638252032,0.7730000000000004,1
3,93,80,120,800,self,4.084956123956616,2.9990449638252032,0.3480000000000001,1
3,94,80,120,800,self,4.3492434289903406,2.9990449638252032,0.5590000000000003,1
3,95,80,120,800,self,2.9104094457007657,2.9990449638252032,0.6740000000000004,1
3,96,80,120,800,self,4.568621461201681,2.9990449638252032,0.5130000000000002,1
3,97,80,120,800,self,3.8907159925778547,2.9990449638252032,0.6510000000000004,1
3,98,80,120,800,self,4.038285042537919,2.9990449638252032,0.39800000000000013,1
3,99,80,120,800,self,2.871748198105246,2.9990449638252032,0.4870000000000002,1
3,100,80,120,800,self,3.666561681248667,2.9990449638252032,0.3770000000000001,1
3,101,80,120,800,self,3.7704018338919543,2.9990449638252032,0.4970000000000002,1
3,102,80,120,800,self,2.8140290506830716,2.9990449638252032,0.7610000000000003,1
3,103,80,120,800,self,4.372242460376598,2.9990449638252032,0.4810000000000002,1
3,104,80,120,800,self,3.23882155734804,2.9990449638252032,0.5270000000000002,1
3,105,80,120,800,self,3.795000044553915,2.9990449638252032,0.6530000000000004,1
3,106,80,120,800,self,3.3877901278233735,2.9990449638252032,0.7330000000000003,1
3,107,80,120,800,self,2.416488364449367,2.9990449638252032,0.5730000000000003,1
3,108,80,120,800,self,2.201487011228833,2.9990449638252032,0.6880000000000004,1
3,109,80,120,800,self,3.421895602718416,2.9990449638252032,0.4750000000000002,1
3,110,80,120,800,self,3.5343185512083677,2.9990449638252032,0.8180000000000005,1
3,111,80,120,800,self,2.309193804640631,2.9990449638252032,0.6940000000000004,1
3,112,80,120,800,self,4.752962149731653,2.9990449638252032,0.5890000000000003,1
3,113,80,120,800,self,4.525163722831666,2.9990449638252032,0.5760000000000003,1
3,114,80,120,800,self,3.4400174348035266,2.9990449638252032,0.5360000000000003,1
3,115,80,120,800,self,3.597657176414276,2.9990449638252032,0.5860000000000003,1
3,116,80,120,800,self,3.369208317416601,2.9990449638252032,0.6750000000000004,1
3,117,80,120,800,self,4.134837080674815,2.9990449638252032,0.5350000000000003,1
3,118,80,120,800,self,3.564249753387449,2.9990449638252032,0.8010000000000004,1
3,119,80,120,800,self,3.8551067762232134,2.9990449638252032,0.6820000000000004,1
3,120,80,120,800,self,4.357156614932039,2.9990449638252032,0.3500000000000001,1
3,121,80,120,800,self,3.0498487864577877,2.9990449638252032,0.8460000000000005,1
3,122,80,120,800,self,3.263041512473669,2.9990449638252032,0.5650000000000003,1
3,123,80,120,800,self,2.921167237070902,2.9990449638252032,0.6040000000000003,1
3,124,80,120,800,self,3.530415743870757,2.9990449638252032,0.5400000000000003,1
3,125,80,120,800,self,4.673130047116455,2.9990449638252032,0.41700000000000015,1
3,126,80,120,800,self,4.222673424367379,2.9990449638252032,0.6460000000000004,1
3,127,80,120,800,self,4.181006164978106,2.9990449638252032,0.5750000000000003,1
3,128,80,120,800,self,3.2993081671155196,2.9990449638252032,0.5120000000000002,1
3,129,80,120,800,self,3.3389588069143645,2.9990449638252032,0.5850000000000003,1
3,130,80,120,800,self,1.5493196543206817,2.9990449638252032,0.6980000000000004,1
4,1,80,120,800,stranger,1.964966409024914,3.256672744543329,0.6230000000000003,1
4,2,80,120,800,stranger,2.631294483018517,3.256672744543329,0.6180000000000003,1
4,3,80,120,800,stranger,0.02635242067079291,3.256672744543329,0.7630000000000003,2
4,4,80,120,800,stranger,0.7526250302263982,3.256672744543329,0.8480000000000005,1
4,5,80,120,800,stranger,0.9523361271121857,3.256672744543329,0.7650000000000003,1
4,6,80,120,800,stranger,0.4159637115021453,3.256672744543329,0.5710000000000003,1
4,7,80,120,800,stranger,1.2384177322178274,3.256672744543329,0.7450000000000003,1
4,8,80,120,800,stranger,1.695722793395137,3.256672744543329,0.6240000000000003,1
4,9,80,120,800,stranger,-0.4968501251152636,3.256672744543329,0.8010000000000004,2
4,10,80,120,800,stranger,0.7494843914238652,3.256672744543329,0.8390000000000004,1
4,11,80,120,800,stranger,1.062485039262173,3.256672744543329,0.7890000000000004,1
4,12,80,120,800,stranger,1.6152001602110273,3.256672744543329,0.8340000000000005,1
4,13,80,120,800,stranger,-1.3177928749824908,3.256672744543329,0.7790000000000004,2
4,14,80,120,800,stranger,1.5559715431345085,3.256672744543329,0.8490000000000004,1
4,15,80,120,800,stranger,2.180050822184735,3.256672744543329,0.6310000000000003,1
4,16,80,120,800,stranger,0.678866919819875,3.256672744543329,0.7610000000000003,1
4,17,80,120,800,stranger,3.0155293062421706,3.256672744543329,0.6100000000000003,1
4,18,80,120,800,stranger,1.4190948186504286,3.256672744543329,0.8080000000000005,1
4,19,80,120,800,stranger,1.3573307661134066,3.256672744543329,0.8800000000000006,1
4,20,80,120,800,stranger,1.553682552592095,3.256672744543329,0.7800000000000005,1
4,21,80,120,800,stranger,2.363148026061725,3.256672744543329,0.5420000000000003,1
4,22,80,120,800,stranger,0.03104308400557554,3.256672744543329,0.8410000000000004,2
4,23,80,120,800,stranger,0.012423784900655876,3.256672744543329,0.8290000000000004,2
4,24,80,120,800,stranger,2.343553911529303,3.256672744543329,0.7180000000000004,1
4,25,80,120,800,stranger,0.2857521049133226,3.256672744543329,0.8520000000000005,1
4,26,80,120,800,stranger,0.9626558989652181,3.256672744543329,0.7600000000000005,1
4,27,80,120,800,stranger,1.8759856271445638,3.256672744543329,0.7320000000000004,1
4,28,80,120,800,stranger,2.7771789909065228,3.256672744543329,0.5800000000000003,1
4,29,80,120,800,stranger,2.826018033551926,3.256672744543329,0.6640000000000004,1
4,30,80,120,800,stranger,2.7056400444656794,3.256672744543329,0.42500000000000016,1
4,31,80,120,800,stranger,0.8168988709876707,3.256672744543329,0.7670000000000003,1
4,32,80,120,800,stranger,1.5375066166697193,3.256672744543329,0.39600000000000013,1
4,33,80,120,800,stranger,2.3580357247378494,3.256672744543329,0.4830000000000002,1
4,34,80,120,800,stranger,0.688180899387055,3.256672744543329,0.7840000000000005,2
4,35,80,120,800,stranger,1.4839637782244808,3.256672744543329,0.8100000000000005,1
4,36,80,120,800,stranger,1.7359435298053951,3.256672744543329,0.8570000000000004,1
4,37,80,120,800,stranger,2.7526744091531103,3.256672744543329,0.6130000000000003,1
4,38,80,120,800,stranger,-0.21363134174783205,3.256672744543329,0.7740000000000005,2
4,39,80,120,800,stranger,1.3824727277101276,3.256672744543329,0.5940000000000003,1
4,40,80,120,800,stranger,1.0179034905021156,3.256672744543329,0.6140000000000003,1
4,41,80,120,800,stranger,3.001166188742567,3.256672744543329,0.7260000000000004,1
4,42,80,120,800,stranger,1.23417506412909,3.256672744543329,0.6550000000000004,1
4,43,80,120,800,stranger,1.788917644367447,3.256672744543329,0.7960000000000005,1
4,44,80,120,800,stranger,1.7409042950425644,3.256672744543329,0.5510000000000003,1
4,45,80,120,800,stranger,0.9928006736261311,3.256672744543329,0.6840000000000004,2
4,46,80,120,800,stranger,0.7634844819846962,3.256672744543329,0.8540000000000005,1
4,47,80,120,800,stranger,2.032037161194217,3.256672744543329,0.7610000000000003,1
4,48,80,120,800,stranger,1.711917624857397,3.256672744543329,0.7870000000000004,1
4,49,80,120,800,stranger,2.7555288185233304,3.256672744543329,0.6380000000000003,1
4,50,80,120,800,stranger,1.3911079498380277,3.256672744543329,0.7990000000000004,1
4,51,80,120,800,stranger,1.1063154309645582,3.256672744543329,0.6800000000000004,1
4,52,80,120,800,stranger,2.2782412714825484,3.256672744543329,0.5030000000000002,1
4,53,80,120,800,stranger,2.497110914116574,3.256672744543329,0.5050000000000002,1
4,54,80,120,800,stranger,2.840625864257203,3.256672744543329,0.6130000000000003,1
4,55,80,120,800,stranger,2.2150641715002224,3.256672744543329,0.6460000000000004,1
4,56,80,120,800,stranger,0.9355124443044783,3.256672744543329,0.5740000000000003,1
4,57,80,120,800,stranger,2.5669319146529794,3.256672744543329,0.8180000000000005,1
4,58,80,120,800,stranger,1.7350817781388268,3.256672744543329,0.7810000000000004,1
4,59,80,120,800,stranger,1.0026191703927314,3.256672744543329,0.7760000000000005,1
4,60,80,120,800,stranger,-0.006786716299858275,3.256672744543329,0.8350000000000004,2
4,61,80,120,800,stranger,1.5449543148750506,3.256672744543329,0.6140000000000003,1
4,62,80,120,800,stranger,1.7780894236603282,3.256672744543329,0.5940000000000003,1
4,63,80,120,800,stranger,1.2690538732386452,3.256672744543329,0.7240000000000004,1
4,64,80,120,800,stranger,0.5859847577846854,3.256672744543329,0.7680000000000005,1
4,65,80,120,800,stranger,0.7909266214447968,3.256672744543329,0.6650000000000004,1
4,66,80,120,800,stranger,2.6674526783688197,3.256672744543329,0.5000000000000002,1
4,67,80,120,800,stranger,1.017606556969962,3.256672744543329,0.8420000000000005,1
4,68,80,120,800,stranger,0.7438939868673949,3.256672744543329,0.6630000000000004,1
4,69,80,120,800,stranger,1.0842800957800947,3.256672744543329,0.7880000000000005,2
4,70,80,120,800,stranger,2.0871538878856946,3.256672744543329,0.5870000000000003,1
4,71,80,120,800,stranger,0.8897767869108679,3.256672744543329,0.6060000000000003,1
4,72,80,120,800,stranger,1.1660527770235565,3.256672744543329,0.4460000000000002,1
4,73,80,120,800,stranger,1.4136792834287926,3.256672744543329,0.5460000000000003,1
4,74,80,120,800,stranger,0.7309355428579155,3.256672744543329,0.7610000000000003,1
4,75,80,120,800,stranger,0.7250737176924728,3.256672744543329,0.8250000000000004,1
4,76,80,120,800,stranger,1.4469436152466892,3.256672744543329,0.5560000000000003,1
4,77,80,120,800,stranger,1.0085558594946729,3.256672744543329,0.7040000000000004,1
4,78,80,120,800,stranger,2.992362469474922,3.256672744543329,0.4910000000000002,1
4,79,80,120,800,stranger,0.8020313944635251,3.256672744543329,0.6800000000000004,1
4,80,80,120,800,stranger,1.7525402056365678,3.256672744543329,0.6820000000000004,1
4,81,80,120,800,stranger,2.3118104769955425,3.256672744543329,0.8310000000000004,1
4,82,80,120,800,stranger,1.7983398441935203,3.256672744543329,0.4490000000000002,1
4,83,80,120,800,stranger,1.2941390273095215,3.256672744543329,0.5150000000000002,1
4,84,80,120,800,stranger,1.4540030045981631,3.256672744543329,0.7150000000000003,1
4,85,80,120,800,stranger,0.9424150408834093,3.256672744543329,0.7680000000000005,1
4,86,80,120,800,stranger,2.775205792983411,3.256672744543329,0.5300000000000002,1
4,87,80,120,800,stranger,1.0243432319755634,3.256672744543329,0.7180000000000004,1
4,88,80,120,800,stranger,0.09422789323908998,3.256672744543329,0.7010000000000003,2
4,89,80,120,800,stranger,1.366963998841472,3.256672744543329,0.7580000000000005,1
4,90,80,120,800,stranger,2.033370166629229,3.256672744543329,0.7640000000000005,1
4,91,80,120,800,stranger,1.650705174315076,3.256672744543329,0.5820000000000003,1
4,92,80,120,800,stranger,0.2395614162190447,3.256672744543329,0.5480000000000003,2
4,93,80,120,800,stranger,2.376960163286199,3.256672744543329,0.8530000000000004,1
4,94,80,120,800,stranger,1.0042152275347593,3.256672744543329,0.7170000000000003,1
4,95,80,120,800,stranger,-1.2450907967984484,3.256672744543329,0.8610000000000004,2
4,96,80,120,800,stranger,-0.6049264725298119,3.256672744543329,0.7530000000000003,2
4,97,80,120,800,stranger,1.5993179690687842,3.256672744543329,0.7540000000000004,1
4,98,80,120,800,stranger,-0.03460286524152878,3.256672744543329,0.8270000000000004,2
4,99,80,120,800,stranger,2.210178396652644,3.256672744543329,0.5480000000000003,1
4,100,80,120,800,stranger,2.510228131647074,3.256672744543329,0.8470000000000004,1
4,101,80,120,800,stranger,0.4483202815004633,3.256672744543329,0.5860000000000003,1
4,102,80,120,800,stranger,2.8213371022716136,3.256672744543329,0.4960000000000002,1
4,103,80,120,800,stranger,2.451531153234872,3.256672744543329,0.6030000000000003,1
4,104,80,120,800,stranger,1.7091224797096443,3.256672744543329,0.5650000000000003,1
4,105,80,120,800,stranger,2.217918575838145,3.256672744543329,0.7930000000000004,1
4,106,80,120,800,stranger,-2.131261015700005,3.256672744543329,0.7670000000000003,2
4,107,80,120,800,stranger,0.45956965358640517,3.256672744543329,0.5830000000000003,1
4,108,80,120,800,stranger,1.8433744035926596,3.256672744543329,0.7420000000000004,1
4,109,80,120,800,stranger,0.6435325598939343,3.256672744543329,0.4940000000000002,1
4,110,80,120,800,stranger,1.3016713635861723,3.256672744543329,0.8170000000000004,1
4,111,80,120,800,stranger,1.0432419663100565,3.256672744543329,0.7600000000000005,1
4,112,80,120,800,stranger,-0.24309075154899962,3.256672744543329,0.4830000000000002,2
4,113,80,120,800,stranger,-0.8527441998420598,3.256672744543329,0.6140000000000003,2
4,114,80,120,800,stranger,2.112393961653078,3.256672744543329,0.5070000000000002,1
4,115,80,120,800,stranger,1.6749831649462328,3.256672744543329,0.8080000000000005,1
4,116,80,120,800,stranger,3.2524388766227688,3.256672744543329,0.6770000000000004,1
4,117,80,120,800,stranger,0.43790826866722593,3.256672744543329,0.6730000000000004,2
4,118,80,120,800,stranger,2.2065089373876154,3.256672744543329,0.8050000000000004,1
4,119,80,120,800,stranger,1.41171424886631,3.256672744543329,0.5910000000000003,1
4,120,80,120,800,stranger,0.30868144038338946,3.256672744543329,0.8570000000000004,1
4,121,80,120,800,stranger,2.942122337351424,3.256672744543329,0.5040000000000002,1
4,122,80,120,800,stranger,-0.6622413068956444,3.256672744543329,0.5970000000000003,1
4,123,80,120,800,stranger,3.9651456497992386,3.256672744543329,0.43400000000000016,1
4,124,80,120,800,stranger,0.9482190015615658,3.256672744543329,0.7240000000000004,1
4,125,80,120,800,stranger,1.0247151187560843,3.256672744543329,0.7800000000000005,1
4,126,80,120,800,stranger,0.6744848262232401,3.256672744543329,0.4480000000000002,1
4,127,80,120,800,stranger,1.7810478660333522,3.256672744543329,0.5310000000000002,1
4,128,80,120,800,stranger,1.5691489745829477,3.256672744543329,0.7910000000000004,1
4,129,80,120,800,stranger,0.6830919629671747,3.256672744543329,0.6340000000000003,1
4,130,80,120,800,stranger,3.2410086076942175,3.256672744543329,0.5650000000000003,1
4,1,80,120,800,self,2.815643916573765,3.256672744543329,0.5300000000000002,1
4,2,80,120,800,self,2.4242101982546114,3.256672744543329,0.7330000000000003,1
4,3,80,120,800,self,4.723511178521477,3.256672744543329,0.4910000000000002,1
4,4,80,120,800,self,2.3090918659479565,3.256672744543329,0.7440000000000004,1
4,5,80,120,800,self,3.5364619191766433,3.256672744543329,0.4800000000000002,1
4,6,80,120,800,self,4.79962369480928,3.256672744543329,0.39800000000000013,1
4,7,80,120,800,self,3.862073758226636,3.256672744543329,0.5620000000000003,1
4,8,80,120,800,self,2.767618207731471,3.256672744543329,0.8080000000000005,1
4,9,80,120,800,self,2.541705603762148,3.256672744543329,0.6730000000000004,1
4,10,80,120,800,self,2.3506029075673593,3.256672744543329,0.7980000000000005,1
4,11,80,120,800,self,2.4213318000090824,3.256672744543329,0.5560000000000003,1
4,12,80,120,800,self,2.7829820030260883,3.256672744543329,0.7120000000000004,1
4,13,80,120,800,self,2.554440920238699,3.256672744543329,0.7710000000000004,1
4,14,80,120,800,self,4.677326578975433,3.256672744543329,0.5120000000000002,1
4,15,80,120,800,self,4.375466973686692,3.256672744543329,0.6360000000000003,1
4,16,80,120,800,self,4.557517378655187,3.256672744543329,0.6000000000000003,1
4,17,80,120,800,self,4.099806267043387,3.256672744543329,0.6510000000000004,1
4,18,80,120,800,self,2.913041279070533,3.256672744543329,0.6700000000000004,1
4,19,80,120,800,self,4.873543157665745,3.256672744543329,0.4910000000000002,1
4,20,80,120,800,self,3.7605523342843514,3.256672744543329,0.5090000000000002,1
4,21,80,120,800,self,2.096103593977591,3.256672744543329,0.8440000000000005,1
4,22,80,120,800,self,3.2690251542933924,3.256672744543329,0.7880000000000005,1
4,23,80,120,800,self,3.446477972364942,3.256672744543329,0.5830000000000003,1
4,24,80,120,800,self,5.600405918203253,3.256672744543329,0.6830000000000004,1
4,25,80,120,800,self,3.3477073053899327,3.256672744543329,0.4980000000000002,1
4,26,80,120,800,self,2.575645114896798,3.256672744543329,0.7950000000000004,1
4,27,80,120,800,self,4.398211228982136,3.256672744543329,0.41200000000000014,1
4,28,80,120,800,self,4.416077256196187,3.256672744543329,0.6090000000000003,1
4,29,80,120,800,self,4.0574130501000045,3.256672744543329,0.5590000000000003,1
4,30,80,120,800,self,3.175231878301065,3.256672744543329,0.8600000000000005,1
4,31,80,120,800,self,2.8465429476649193,3.256672744543329,0.7680000000000005,1
4,32,80,120,800,self,2.8855724197889745,3.256672744543329,0.7070000000000003,1
4,33,80,120,800,self,2.6794452042429837,3.256672744543329,0.6350000000000003,1
4,34,80,120,800,self,5.619557538748413,3.256672744543329,0.3620000000000001,1
4,35,80,120,800,self,4.212889699113249,3.256672744543329,0.4560000000000002,1
4,36,80,120,800,self,4.113500594901392,3.256672744543329,0.5790000000000003,1
4,37,80,120,800,self,3.2681436370569346,3.256672744543329,0.7750000000000004,1
4,38,80,120,800,self,3.7389515221988634,3.256672744543329,0.7140000000000004,1
4,39,80,120,800,self,5.0414005712017165,3.256672744543329,0.5300000000000002,1
4,40,80,120,800,self,3.9251005292758263,3.256672744543329,0.7040000000000004,1
4,41,80,120,800,self,3.030699241027124,3.256672744543329,0.7460000000000004,1
4,42,80,120,800,self,3.45948545075248,3.256672744543329,0.6250000000000003,1
4,43,80,120,800,self,3.347566898310722,3.256672744543329,0.5070000000000002,1
4,44,80,120,800,self,3.536942174884258,3.256672744543329,0.7540000000000004,1
4,45,80,120,800,self,3.6829895326499704,3.256672744543329,0.5440000000000003,1
4,46,80,120,800,self,4.4242470774099925,3.256672744543329,0.5480000000000003,1
4,47,80,120,800,self,3.681603829983222,3.256672744543329,0.5490000000000003,1
4,48,80,120,800,self,4.539782483141928,3.256672744543329,0.5790000000000003,1
4,49,80,120,800,self,4.492847562909204,3.256672744543329,0.5300000000000002,1
4,50,80,120,800,self,2.3797969028368144,3.256672744543329,0.8320000000000005,1
4,51,80,120,800,self,0.8509612795526516,3.256672744543329,0.7170000000000003,1
4,52,80,120,800,self,4.624518343648375,3.256672744543329,0.44000000000000017,1
4,53,80,120,800,self,4.127793692197089,3.256672744543329,0.5670000000000003,1
4,54,80,120,800,self,4.458030466412414,3.256672744543329,0.4910000000000002,1
4,55,80,120,800,self,3.865499339423245,3.256672744543329,0.7350000000000003,1
4,56,80,120,800,self,3.503814285791731,3.256672744543329,0.7500000000000004,1
4,57,80,120,800,self,2.4469588414995576,3.256672744543329,0.8690000000000004,1
4,58,80,120,800,self,3.8515543334569635,3.256672744543329,0.7870000000000004,1
4,59,80,120,800,self,6.465053318243207,3.256672744543329,0.4450000000000002,1
4,60,80,120,800,self,3.34121496135737,3.256672744543329,0.3820000000000001,1
4,61,80,120,800,self,3.270312141274456,3.256672744543329,0.6630000000000004,1
4,62,80,120,800,self,3.061936605298298,3.256672744543329,0.5070000000000002,1
4,63,80,120,800,self,4.059847213625993,3.256672744543329,0.7860000000000005,1
4,64,80,120,800,self,3.2196195697945598,3.256672744543329,0.5590000000000003,1
4,65,80,120,800,self,4.1928245644699755,3.256672744543329,0.6250000000000003,1
4,66,80,120,800,self,4.015355210808277,3.256672744543329,0.7240000000000004,1
4,67,80,120,800,self,4.806739516184005,3.256672744543329,0.4860000000000002,1
4,68,80,120,800,self,3.5324622353328334,3.256672744543329,0.4650000000000002,1
4,69,80,120,800,self,3.249660487481947,3.256672744543329,0.4740000000000002,1
4,70,80,120,800,self,3.5490226937167697,3.256672744543329,0.7150000000000003,1
4,71,80,120,800,self,2.670900213883798,3.256672744543329,0.4950000000000002,1
4,72,80,120,800,self,3.5116333711337964,3.256672744543329,0.6500000000000004,1
4,73,80,120,800,self,4.195884928469151,3.256672744543329,0.5880000000000003,1
4,74,80,120,800,self,4.621871907206066,3.256672744543329,0.42000000000000015,1
4,75,80,120,800,self,3.549943527785186,3.256672744543329,0.6790000000000004,1
4,76,80,120,800,self,3.480853740228162,3.256672744543329,0.5220000000000002,1
4,77,80,120,800,self,4.215113853482601,3.256672744543329,0.7260000000000004,1
4,78,80,120,800,self,4.600897532659329,3.256672744543329,0.5950000000000003,1
4,79,80,120,800,self,3.749527732467091,3.256672744543329,0.5230000000000002,1
4,80,80,120,800,self,3.5323698656449247,3.256672744543329,0.7440000000000004,1
4,81,80,120,800,self,2.3306495204429223,3.256672744543329,0.42800000000000016,1
4,82,80,120,800,self,2.7904197967841045,3.256672744543329,0.8510000000000004,1
4,83,80,120,800,self,3.685776434217922,3.256672744543329,0.3500000000000001,1
4,84,80,120,800,self,3.8899865625552925,3.256672744543329,0.5240000000000002,1
4,85,80,120,800,self,3.5649265678637256,3.256672744543329,0.4720000000000002,1
4,86,80,120,800,self,4.040272938211584,3.256672744543329,0.6230000000000003,1
4,87,80,120,800,self,4.067456899323862,3.256672744543329,0.7850000000000004,1
4,88,80,120,800,self,3.3239900959469115,3.256672744543329,0.8340000000000005,1
4,89,80,120,800,self,3.3210524948580487,3.256672744543329,0.5630000000000003,1
4,90,80,120,800,self,4.289038452298441,3.256672744543329,0.6060000000000003,1
4,91,80,120,800,self,4.180896701069864,3.256672744543329,0.3350000000000001,1
4,92,80,120,800,self,3.953688969832761,3.256672744543329,0.5970000000000003,1
4,93,80,120,800,self,2.9833838142696365,3.256672744543329,0.4690000000000002,1
4,94,80,120,800,self,3.3429658828006863,3.256672744543329,0.5230000000000002,1
4,95,80,120,800,self,3.421961208064017,3.256672744543329,0.7070000000000003,1
4,96,80,120,800,self,4.671112965152538,3.256672744543329,0.40400000000000014,1
4,97,80,120,800,self,4.815113000176809,3.256672744543329,0.8360000000000005,1
4,98,80,120,800,self,3.865598789290038,3.256672744543329,0.5560000000000003,1
4,99,80,120,800,self,4.139871799318395,3.256672744543329,0.7020000000000004,1
4,100,80,120,800,self,4.309102571770434,3.256672744543329,0.4850000000000002,1
4,101,80,120,800,self,2.328995799142062,3.256672744543329,0.7540000000000004,1
4,102,80,120,800,self,3.8283236408043155,3.256672744543329,0.6470000000000004,1
4,103,80,120,800,self,4.07638386594609,3.256672744543329,0.6450000000000004,1
4,104,80,120,800,self,2.7746421893440907,3.256672744543329,0.4560000000000002,1
4,105,80,120,800,self,2.529398125436149,3.256672744543329,0.5970000000000003,1
4,106,80,120,800,self,2.789630030905845,3.256672744543329,0.7020000000000004,1
4,107,80,120,800,self,1.6817966974511138,3.256672744543329,0.7310000000000003,1
4,108,80,120,800,self,4.8151600498543905,3.256672744543329,0.5130000000000002,1
4,109,80,120,800,self,2.793782384513939,3.256672744543329,0.5070000000000002,1
4,110,80,120,800,self,4.337682950582092,3.256672744543329,0.6280000000000003,1
4,111,80,120,800,self,3.161165050139674,3.256672744543329,0.6600000000000004,1
4,112,80,120,800,self,2.025765675360078,3.256672744543329,0.7150000000000003,1
4,113,80,120,800,self,2.538712867948984,3.256672744543329,0.7300000000000004,1
4,114,80,120,800,self,2.936872710105931,3.256672744543329,0.5470000000000003,1
4,115,80,120,800,self,3.8016954794310127,3.256672744543329,0.6930000000000004,1
4,116,80,120,800,self,2.8238549452261292,3.256672744543329,0.6940000000000004,1
4,117,80,120,800,self,2.7767190726730373,3.256672744543329,0.6520000000000004,1
4,118,80,120,800,self,2.6916697131540515,3.256672744543329,0.6270000000000003,1
4,119,80,120,800,self,4.5214390362218,3.256672744543329,0.4770000000000002,1
4,120,80,120,800,self,3.349440633018334,3.256672744543329,0.5480000000000003,1
4,121,80,120,800,self,2.728728313508765,3.256672744543329,0.6700000000000004,1
4,122,80,120,800,self,3.9290842597179454,3.256672744543329,0.5840000000000003,1
4,123,80,120,800,self,4.733002057388604,3.256672744543329,0.4560000000000002,1
4,124,80,120,800,self,3.512818802845078,3.256672744543329,0.6610000000000004,1
4,125,80,120,800,self,3.9141293855698525,3.256672744543329,0.6280000000000003,1
4,126,80,120,800,self,3.308726268247291,3.256672744543329,0.5570000000000003,1
4,127,80,120,800,self,4.4330762596115685,3.256672744543329,0.7060000000000004,1
4,128,80,120,800,self,3.287520414044122,3.256672744543329,0.7740000000000005,1
4,129,80,120,800,self,2.9482662377500928,3.256672744543329,0.7510000000000003,1
4,130,80,120,800,self,3.6467472136048937,3.256672744543329,0.6870000000000004,1
5,1,80,120,800,stranger,0.6481151739456672,4.289959882222552,0.8690000000000004,1
5,2,80,120,800,stranger,3.678911379598504,4.289959882222552,0.6240000000000003,1
5,3,80,120,800,stranger,2.285764197665229,4.289959882222552,0.7650000000000003,1
5,4,80,120,800,stranger,2.2588771847383944,4.289959882222552,0.8100000000000005,1
5,5,80,120,800,stranger,2.242184872523015,4.289959882222552,0.7080000000000004,1
5,6,80,120,800,stranger,1.8282129062516481,4.289959882222552,0.5610000000000003,1
5,7,80,120,800,stranger,-0.8951154533931726,4.289959882222552,0.8350000000000004,2
5,8,80,120,800,stranger,2.8377232284968783,4.289959882222552,0.7870000000000004,1
5,9,80,120,800,stranger,0.4889066486478088,4.289959882222552,0.7570000000000003,1
5,10,80,120,800,stranger,1.4363039191359088,4.289959882222552,0.6870000000000004,1
5,11,80,120,800,stranger,-0.3993472102265784,4.289959882222552,0.8460000000000005,2
5,12,80,120,800,stranger,3.9313718765225514,4.289959882222552,0.8100000000000005,1
5,13,80,120,800,stranger,2.088194382177959,4.289959882222552,0.7570000000000003,1
5,14,80,120,800,stranger,2.757902189575236,4.289959882222552,0.7580000000000005,1
5,15,80,120,800,stranger,1.291900418586544,4.289959882222552,0.43700000000000017,1
5,16,80,120,800,stranger,2.5600686367528662,4.289959882222552,0.7430000000000003,1
5,17,80,120,800,stranger,2.6751177683501917,4.289959882222552,0.6200000000000003,1
5,18,80,120,800,stranger,3.4552171328279004,4.289959882222552,0.5850000000000003,1
5,19,80,120,800,stranger,0.4692379021400526,4.289959882222552,0.7450000000000003,1
5,20,80,120,800,stranger,-2.5530612924074014,4.289959882222552,0.8490000000000004,2
5,21,80,120,800,stranger,1.8065901472998276,4.289959882222552,0.6250000000000003,1
5,22,80,120,800,stranger,2.7710057910162322,4.289959882222552,0.6720000000000004,1
5,23,80,120,800,stranger,2.670122799746959,4.289959882222552,0.7560000000000004,1
5,24,80,120,800,stranger,1.5356480657494587,4.289959882222552,0.5840000000000003,1
5,25,80,120,800,stranger,1.3022755300313593,4.289959882222552,0.5640000000000003,1
5,26,80,120,800,stranger,1.755396785265966,4.289959882222552,0.6610000000000004,1
5,27,80,120,800,stranger,1.6157830149365833,4.289959882222552,0.8110000000000004,1
5,28,80,120,800,stranger,-0.5434854465607933,4.289959882222552,0.7030000000000003,2
5,29,80,120,800,stranger,3.5016854116569953,4.289959882222552,0.8190000000000004,1
5,30,80,120,800,stranger,1.8758223926535242,4.289959882222552,0.8780000000000006,1
5,31,80,120,800,stranger,1.8860557159416773,4.289959882222552,0.6280000000000003,1
5,32,80,120,800,stranger,1.4177595852451668,4.289959882222552,0.8200000000000005,1
5,33,80,120,800,stranger,2.5010453933860197,4.289959882222552,0.6480000000000004,1
5,34,80,120,800,stranger,2.2810970276314744,4.289959882222552,0.8010000000000004,1
5,35,80,120,800,stranger,1.106011562074175,4.289959882222552,0.8030000000000004,1
5,36,80,120,800,stranger,2.037092381606456,4.289959882222552,0.8470000000000004,1
5,37,80,120,800,stranger,-1.6528073659244118,4.289959882222552,0.8070000000000004,2
5,38,80,120,800,stranger,-0.7494536694040267,4.289959882222552,0.7280000000000004,2
5,39,80,120,800,stranger,1.1112455975206923,4.289959882222552,0.7120000000000004,1
5,40,80,120,800,stranger,1.0006332862585292,4.289959882222552,0.8710000000000004,1
5,41,80,120,800,stranger,1.6488549006162159,4.289959882222552,0.8690000000000004,1
5,42,80,120,800,stranger,2.137381253541119,4.289959882222552,0.8380000000000005,1
5,43,80,120,800,stranger,1.6373646225961234,4.289959882222552,0.8290000000000004,1
5,44,80,120,800,stranger,2.189039373920729,4.289959882222552,0.8070000000000004,1
5,45,80,120,800,stranger,3.145374457179287,4.289959882222552,0.8350000000000004,1
5,46,80,120,800,stranger,1.5961724237645085,4.289959882222552,0.8500000000000005,1
5,47,80,120,800,stranger,1.8051376661874938,4.289959882222552,0.6140000000000003,1
5,48,80,120,800,stranger,2.272883275263012,4.289959882222552,0.7400000000000004,1
5,49,80,120,800,stranger,1.6787370783985565,4.289959882222552,0.8770000000000004,1
5,50,80,120,800,stranger,3.1020128996904157,4.289959882222552,0.8710000000000004,1
5,51,80,120,800,stranger,0.6574172159670411,4.289959882222552,0.8150000000000004,1
5,52,80,120,800,stranger,2.189326246776261,4.289959882222552,0.8080000000000005,1
5,53,80,120,800,stranger,2.965975192954884,4.289959882222552,0.6170000000000003,1
5,54,80,120,800,stranger,3.8624213362504616,4.289959882222552,0.7190000000000003,1
5,55,80,120,800,stranger,1.2131654571370163,4.289959882222552,0.8370000000000004,1
5,56,80,120,800,stranger,2.0734869436350087,4.289959882222552,0.7120000000000004,1
5,57,80,120,800,stranger,2.846507714076934,4.289959882222552,0.8250000000000004,1
5,58,80,120,800,stranger,2.3722191529818057,4.289959882222552,0.7440000000000004,1
5,59,80,120,800,stranger,2.7714328353703483,4.289959882222552,0.7900000000000005,1
5,60,80,120,800,stranger,2.844768229022692,4.289959882222552,0.7810000000000004,1
5,61,80,120,800,stranger,0.7753053627982468,4.289959882222552,0.6300000000000003,1
5,62,80,120,800,stranger,2.629511982801965,4.289959882222552,0.7870000000000004,1
5,63,80,120,800,stranger,1.6004439393077816,4.289959882222552,0.7910000000000004,1
5,64,80,120,800,stranger,2.4067919446499024,4.289959882222552,0.7500000000000004,1
5,65,80,120,800,stranger,0.7668667683949021,4.289959882222552,0.7300000000000004,1
5,66,80,120,800,stranger,2.374400158101068,4.289959882222552,0.8000000000000005,1
5,67,80,120,800,stranger,2.7278769389812445,4.289959882222552,0.5790000000000003,1
5,68,80,120,800,stranger,1.4944170278336477,4.289959882222552,0.8640000000000005,1
5,69,80,120,800,stranger,1.9491780162340362,4.289959882222552,0.7980000000000005,1
5,70,80,120,800,stranger,2.5172503669070334,4.289959882222552,0.8500000000000005,1
5,71,80,120,800,stranger,1.4354063324951676,4.289959882222552,0.7780000000000005,1
5,72,80,120,800,stranger,1.3229879576075034,4.289959882222552,0.7800000000000005,1
5,73,80,120,800,stranger,2.419960994344923,4.289959882222552,0.7530000000000003,1
5,74,80,120,800,stranger,2.5774942975223065,4.289959882222552,0.8230000000000004,1
5,75,80,120,800,stranger,2.198510211481182,4.289959882222552,0.7310000000000003,1
5,76,80,120,800,stranger,0.9281535267418471,4.289959882222552,0.7950000000000004,1
5,77,80,120,800,stranger,3.855565758860853,4.289959882222552,0.7490000000000003,1
5,78,80,120,800,stranger,-1.9560254181864356,4.289959882222552,0.8410000000000004,2
5,79,80,120,800,stranger,-0.09177815706515757,4.289959882222552,0.7030000000000003,1
5,80,80,120,800,stranger,1.6296871569502405,4.289959882222552,0.8200000000000005,1
5,81,80,120,800,stranger,1.8913993113911989,4.289959882222552,0.7050000000000003,1
5,82,80,120,800,stranger,0.7286970191238018,4.289959882222552,0.7600000000000005,1
5,83,80,120,800,stranger,1.6446040287929642,4.289959882222552,0.5850000000000003,1
5,84,80,120,800,stranger,2.166546360324362,4.289959882222552,0.7260000000000004,1
5,85,80,120,800,stranger,2.012920678410793,4.289959882222552,0.7250000000000003,1
5,86,80,120,800,stranger,0.8090228903561237,4.289959882222552,0.8340000000000005,1
5,87,80,120,800,stranger,1.6598699771296224,4.289959882222552,0.8290000000000004,1
5,88,80,120,800,stranger,1.835416676238299,4.289959882222552,0.6570000000000004,1
5,89,80,120,800,stranger,1.4411706467029606,4.289959882222552,0.8120000000000005,1
5,90,80,120,800,stranger,1.0635696566796229,4.289959882222552,0.6990000000000004,1
5,91,80,120,800,stranger,3.662815377423437,4.289959882222552,0.7350000000000003,1
5,92,80,120,800,stranger,1.5003798639985741,4.289959882222552,0.6480000000000004,1
5,93,80,120,800,stranger,-0.8527837954147778,4.289959882222552,0.7570000000000003,2
5,94,80,120,800,stranger,2.6884357211251872,4.289959882222552,0.6900000000000004,1
5,95,80,120,800,stranger,1.3204831381293283,4.289959882222552,0.8360000000000005,1
5,96,80,120,800,stranger,1.1551268718338044,4.289959882222552,0.6070000000000003,1
5,97,80,120,800,stranger,0.8757159040534579,4.289959882222552,0.6380000000000003,1
5,98,80,120,800,stranger,-0.5197870472964446,4.289959882222552,0.6630000000000004,2
5,99,80,120,800,stranger,2.109313960027003,4.289959882222552,0.7390000000000003,1
5,100,80,120,800,stranger,1.4748887060140201,4.289959882222552,0.7930000000000004,1
5,101,80,120,800,stranger,3.961551894504391,4.289959882222552,0.7020000000000004,1
5,102,80,120,800,stranger,2.265815627807505,4.289959882222552,0.6860000000000004,1
5,103,80,120,800,stranger,1.8953946871379048,4.289959882222552,0.7030000000000003,1
5,104,80,120,800,stranger,2.268213273487777,4.289959882222552,0.7520000000000004,1
5,105,80,120,800,stranger,3.0375429272280314,4.289959882222552,0.7520000000000004,1
5,106,80,120,800,stranger,3.5908585011186354,4.289959882222552,0.7690000000000003,1
5,107,80,120,800,stranger,1.4107676310271746,4.289959882222552,0.8090000000000004,1
5,108,80,120,800,stranger,3.032751317145774,4.289959882222552,0.7700000000000005,1
5,109,80,120,800,stranger,2.5837647444178575,4.289959882222552,0.5840000000000003,1
5,110,80,120,800,stranger,1.6960243955695482,4.289959882222552,0.6280000000000003,1
5,111,80,120,800,stranger,1.1292905932954311,4.289959882222552,0.7420000000000004,1
5,112,80,120,800,stranger,2.5370807369415855,4.289959882222552,0.7000000000000004,1
5,113,80,120,800,stranger,1.253420718464329,4.289959882222552,0.8390000000000004,1
5,114,80,120,800,stranger,1.6272535895132472,4.289959882222552,0.8250000000000004,1
5,115,80,120,800,stranger,-0.13388470485791237,4.289959882222552,0.7420000000000004,2
5,116,80,120,800,stranger,-0.7557080204944585,4.289959882222552,0.7210000000000003,2
5,117,80,120,800,stranger,0.13874701501815978,4.289959882222552,0.7670000000000003,1
5,118,80,120,800,stranger,2.9386679004278697,4.289959882222552,0.8710000000000004,1
5,119,80,120,800,stranger,1.580274325798681,4.289959882222552,0.6940000000000004,1
5,120,80,120,800,stranger,1.7044432818528519,4.289959882222552,0.7340000000000004,1
5,121,80,120,800,stranger,-0.7622209711352369,4.289959882222552,0.8510000000000004,1
5,122,80,120,800,stranger,1.7085413199928094,4.289959882222552,0.8540000000000005,1
5,123,80,120,800,stranger,1.3090045018938277,4.289959882222552,0.8640000000000005,1
5,124,80,120,800,stranger,3.0145563319275492,4.289959882222552,0.5870000000000003,1
5,125,80,120,800,stranger,1.2867372772040366,4.289959882222552,0.5960000000000003,1
5,126,80,120,800,stranger,2.278157551806731,4.289959882222552,0.8350000000000004,1
5,127,80,120,800,stranger,1.124191961186954,4.289959882222552,0.7380000000000004,1
5,128,80,120,800,stranger,1.746526740951373,4.289959882222552,0.7960000000000005,1
5,129,80,120,800,stranger,2.1788862005130114,4.289959882222552,0.7280000000000004,1
5,130,80,120,800,stranger,1.9114406053954132,4.289959882222552,0.7820000000000005,1
5,1,80,120,800,self,5.03943559504222,4.289959882222552,0.6440000000000003,1
5,2,80,120,800,self,3.0069012062528935,4.289959882222552,0.5740000000000003,1
5,3,80,120,800,self,4.408513847246095,4.289959882222552,0.5590000000000003,1
5,4,80,120,800,self,3.2581781692392706,4.289959882222552,0.6800000000000004,1
5,5,80,120,800,self,2.1226846667183112,4.289959882222552,0.7070000000000003,1
5,6,80,120,800,self,3.4539510048044137,4.289959882222552,0.6180000000000003,1
5,7,80,120,800,self,3.926965041751852,4.289959882222552,0.6960000000000004,1
5,8,80,120,800,self,3.8892844051520297,4.289959882222552,0.6960000000000004,1
5,9,80,120,800,self,3.2715756832340386,4.289959882222552,0.8190000000000004,1
5,10,80,120,800,self,2.9516181071744545,4.289959882222552,0.6270000000000003,1
5,11,80,120,800,self,3.7106536981642533,4.289959882222552,0.4820000000000002,1
5,12,80,120,800,self,3.3464839820119874,4.289959882222552,0.6540000000000004,1
5,13,80,120,800,self,5.012709971340095,4.289959882222552,0.7280000000000004,1
5,14,80,120,800,self,4.292213053330102,4.289959882222552,0.5240000000000002,1
5,15,80,120,800,self,4.053018354936517,4.289959882222552,0.7120000000000004,1
5,16,80,120,800,self,4.670547937172857,4.289959882222552,0.6960000000000004,1
5,17,80,120,800,self,4.160564758546897,4.289959882222552,0.7130000000000003,1
5,18,80,120,800,self,3.4542840915121307,4.289959882222552,0.5890000000000003,1
5,19,80,120,800,self,1.8559029796387876,4.289959882222552,0.6210000000000003,1
5,20,80,120,800,self,3.435040478464921,4.289959882222552,0.8780000000000006,1
5,21,80,120,800,self,2.9231101837323843,4.289959882222552,0.6800000000000004,1
5,22,80,120,800,self,5.713701189084032,4.289959882222552,0.5040000000000002,1
5,23,80,120,800,self,4.408738407437122,4.289959882222552,0.6490000000000004,1
5,24,80,120,800,self,3.242889939526281,4.289959882222552,0.8510000000000004,1
5,25,80,120,800,self,3.5769859378579945,4.289959882222552,0.8130000000000004,1
5,26,80,120,800,self,4.692915456056733,4.289959882222552,0.6550000000000004,1
5,27,80,120,800,self,3.7325976860303474,4.289959882222552,0.7830000000000004,1
5,28,80,120,800,self,4.2457098243554485,4.289959882222552,0.8250000000000004,1
5,29,80,120,800,self,2.1733383493134,4.289959882222552,0.7450000000000003,1
5,30,80,120,800,self,2.5175070300142313,4.289959882222552,0.6680000000000004,1
5,31,80,120,800,self,4.0240935564439,4.289959882222552,0.5570000000000003,1
5,32,80,120,800,self,3.2221641917678974,4.289959882222552,0.7740000000000005,1
5,33,80,120,800,self,5.192669163386631,4.289959882222552,0.6080000000000003,1
5,34,80,120,800,self,3.623358440187923,4.289959882222552,0.8040000000000005,1
5,35,80,120,800,self,3.5298076012128443,4.289959882222552,0.7040000000000004,1
5,36,80,120,800,self,4.180223216257997,4.289959882222552,0.7810000000000004,1
5,37,80,120,800,self,4.117359653095426,4.289959882222552,0.5730000000000003,1
5,38,80,120,800,self,4.548071752697771,4.289959882222552,0.7110000000000003,1
5,39,80,120,800,self,3.9333089359730344,4.289959882222552,0.6070000000000003,1
5,40,80,120,800,self,3.76664542482555,4.289959882222552,0.6670000000000004,1
5,41,80,120,800,self,3.094683027346805,4.289959882222552,0.5710000000000003,1
5,42,80,120,800,self,3.222972874928688,4.289959882222552,0.7000000000000004,1
5,43,80,120,800,self,4.195609539391647,4.289959882222552,0.5960000000000003,1
5,44,80,120,800,self,3.6883296243479764,4.289959882222552,0.7430000000000003,1
5,45,80,120,800,self,3.0549407607816246,4.289959882222552,0.8040000000000005,1
5,46,80,120,800,self,4.173079845867069,4.289959882222552,0.5290000000000002,1
5,47,80,120,800,self,1.8981664532960763,4.289959882222552,0.6970000000000004,1
5,48,80,120,800,self,2.695124635009483,4.289959882222552,0.6940000000000004,1
5,49,80,120,800,self,2.454159031173629,4.289959882222552,0.6710000000000004,1
5,50,80,120,800,self,2.829062984857615,4.289959882222552,0.5430000000000003,1
5,51,80,120,800,self,3.6362223762287504,4.289959882222552,0.8760000000000006,1
5,52,80,120,800,self,3.862037344790896,4.289959882222552,0.8710000000000004,1
5,53,80,120,800,self,3.848038421295038,4.289959882222552,0.7530000000000003,1
5,54,80,120,800,self,5.528565023247914,4.289959882222552,0.5750000000000003,1
5,55,80,120,800,self,3.906965136268548,4.289959882222552,0.7350000000000003,1
5,56,80,120,800,self,3.4910743870664627,4.289959882222552,0.7200000000000004,1
5,57,80,120,800,self,3.8235752159389094,4.289959882222552,0.7050000000000003,1
5,58,80,120,800,self,4.620036757633681,4.289959882222552,0.4590000000000002,1
5,59,80,120,800,self,3.5743301587589085,4.289959882222552,0.8240000000000005,1
5,60,80,120,800,self,4.5175340874897145,4.289959882222552,0.6710000000000004,1
5,61,80,120,800,self,3.0588985882066497,4.289959882222552,0.7300000000000004,1
5,62,80,120,800,self,4.7187421330432215,4.289959882222552,0.6680000000000004,1
5,63,80,120,800,self,4.487286608849645,4.289959882222552,0.6750000000000004,1
5,64,80,120,800,self,5.242807261099477,4.289959882222552,0.6260000000000003,1
5,65,80,120,800,self,3.4939484684554625,4.289959882222552,0.4780000000000002,1
5,66,80,120,800,self,2.880711374231958,4.289959882222552,0.8000000000000005,1
5,67,80,120,800,self,5.938230770911369,4.289959882222552,0.4550000000000002,1
5,68,80,120,800,self,1.6658743992828977,4.289959882222552,0.8620000000000005,1
5,69,80,120,800,self,4.541393169665431,4.289959882222552,0.6340000000000003,1
5,70,80,120,800,self,5.780708113665588,4.289959882222552,0.5040000000000002,1
5,71,80,120,800,self,2.83779338591912,4.289959882222552,0.6600000000000004,1
5,72,80,120,800,self,3.437736320483258,4.289959882222552,0.6880000000000004,1
5,73,80,120,800,self,3.443001784897602,4.289959882222552,0.7880000000000005,1
5,74,80,120,800,self,3.7643560583799824,4.289959882222552,0.8120000000000005,1
5,75,80,120,800,self,2.8989146444265357,4.289959882222552,0.6370000000000003,1
5,76,80,120,800,self,5.458262505764554,4.289959882222552,0.5510000000000003,1
5,77,80,120,800,self,4.201798388568508,4.289959882222552,0.8680000000000005,1
5,78,80,120,800,self,3.3088016406356036,4.289959882222552,0.8320000000000005,1
5,79,80,120,800,self,4.867909375253612,4.289959882222552,0.5340000000000003,1
5,80,80,120,800,self,4.174876336645317,4.289959882222552,0.6160000000000003,1
5,81,80,120,800,self,3.433344319102276,4.289959882222552,0.5280000000000002,1
5,82,80,120,800,self,3.6004952495596427,4.289959882222552,0.8030000000000004,1
5,83,80,120,800,self,4.879745539761854,4.289959882222552,0.8480000000000005,1
5,84,80,120,800,self,3.6527679443557677,4.289959882222552,0.7860000000000005,1
5,85,80,120,800,self,3.295210533659741,4.289959882222552,0.6800000000000004,1
5,86,80,120,800,self,3.0289681976300726,4.289959882222552,0.7340000000000004,1
5,87,80,120,800,self,4.008248875820681,4.289959882222552,0.8180000000000005,1
5,88,80,120,800,self,3.324994388103224,4.289959882222552,0.6450000000000004,1
5,89,80,120,800,self,4.188863504086872,4.289959882222552,0.6980000000000004,1
5,90,80,120,800,self,5.686019755023265,4.289959882222552,0.6040000000000003,1
5,91,80,120,800,self,2.703339123840062,4.289959882222552,0.6150000000000003,1
5,92,80,120,800,self,2.822615698116372,4.289959882222552,0.7250000000000003,1
5,93,80,120,800,self,2.310872829848064,4.289959882222552,0.7110000000000003,1
5,94,80,120,800,self,1.9654822076802263,4.289959882222552,0.8770000000000004,1
5,95,80,120,800,self,4.324760795506771,4.289959882222552,0.5370000000000003,1
5,96,80,120,800,self,5.862054902886868,4.289959882222552,0.43700000000000017,1
5,97,80,120,800,self,2.90965431493046,4.289959882222552,0.5970000000000003,1
5,98,80,120,800,self,3.7098740615489647,4.289959882222552,0.6760000000000004,1
5,99,80,120,800,self,3.43418674005944,4.289959882222552,0.8400000000000005,1
5,100,80,120,800,self,3.4415453609711144,4.289959882222552,0.8780000000000006,1
5,101,80,120,800,self,2.9580422191565034,4.289959882222552,0.6550000000000004,1
5,102,80,120,800,self,3.1847996625779986,4.289959882222552,0.8430000000000004,1
5,103,80,120,800,self,4.557321562156193,4.289959882222552,0.7320000000000004,1
5,104,80,120,800,self,3.304083127120995,4.289959882222552,0.8510000000000004,1
5,105,80,120,800,self,2.8968345888674247,4.289959882222552,0.6910000000000004,1
5,106,80,120,800,self,3.6742490888528008,4.289959882222552,0.5820000000000003,1
5,107,80,120,800,self,3.3723995780615863,4.289959882222552,0.6060000000000003,1
5,108,80,120,800,self,4.748022402198121,4.289959882222552,0.6000000000000003,1
5,109,80,120,800,self,5.126575400651909,4.289959882222552,0.7260000000000004,1
5,110,80,120,800,self,4.816485626945871,4.289959882222552,0.8290000000000004,1
5,111,80,120,800,self,3.4851544062176654,4.289959882222552,0.6440000000000003,1
5,112,80,120,800,self,3.0783293801800307,4.289959882222552,0.8690000000000004,1
5,113,80,120,800,self,4.192481054639954,4.289959882222552,0.5640000000000003,1
5,114,80,120,800,self,4.803265109068938,4.289959882222552,0.6550000000000004,1
5,115,80,120,800,self,3.962201524963386,4.289959882222552,0.5870000000000003,1
5,116,80,120,800,self,3.1787839773363378,4.289959882222552,0.5080000000000002,1
5,117,80,120,800,self,2.9229747429050246,4.289959882222552,0.8380000000000005,1
5,118,80,120,800,self,3.911621564995201,4.289959882222552,0.5620000000000003,1
5,119,80,120,800,self,2.7594034055552896,4.289959882222552,0.6610000000000004,1
5,120,80,120,800,self,3.032606211465798,4.289959882222552,0.8770000000000004,1
5,121,80,120,800,self,5.277800707416144,4.289959882222552,0.5840000000000003,1
5,122,80,120,800,self,5.601434551295759,4.289959882222552,0.6610000000000004,1
5,123,80,120,800,self,4.1556931166707525,4.289959882222552,0.7300000000000004,1
5,124,80,120,800,self,3.2503369780177915,4.289959882222552,0.6790000000000004,1
5,125,80,120,800,self,4.389616516532502,4.289959882222552,0.8210000000000004,1
5,126,80,120,800,self,4.770221269073207,4.289959882222552,0.5890000000000003,1
5,127,80,120,800,self,3.9844474781704435,4.289959882222552,0.6590000000000004,1
5,128,80,120,800,self,4.0992631119825536,4.289959882222552,0.5500000000000003,1
5,129,80,120,800,self,4.285173397241108,4.289959882222552,0.7580000000000005,1
5,130,80,120,800,self,4.735073977284925,4.289959882222552,0.8060000000000005,1
6,1,80,120,800,stranger,1.78656775876301,4.058036107047686,0.8680000000000005,1
6,2,80,120,800,stranger,2.041073190279332,4.058036107047686,0.6510000000000004,1
6,3,80,120,800,stranger,1.1126614583658399,4.058036107047686,0.7970000000000004,1
6,4,80,120,800,stranger,1.2534167043159168,4.058036107047686,0.6910000000000004,1
6,5,80,120,800,stranger,2.326572528966086,4.058036107047686,0.8200000000000005,1
6,6,80,120,800,stranger,1.5875926376504972,4.058036107047686,0.4800000000000002,1
6,7,80,120,800,stranger,1.4672471828931766,4.058036107047686,0.7280000000000004,1
6,8,80,120,800,stranger,2.034810095759203,4.058036107047686,0.8650000000000004,1
6,9,80,120,800,stranger,3.125926506822637,4.058036107047686,0.8090000000000004,1
6,10,80,120,800,stranger,-0.091953754468719,4.058036107047686,0.6280000000000003,2
6,11,80,120,800,stranger,2.934330969114043,4.058036107047686,0.6560000000000004,1
6,12,80,120,800,stranger,3.694431945265698,4.058036107047686,0.6460000000000004,1
6,13,80,120,800,stranger,-1.1747470111801182,4.058036107047686,0.8720000000000006,2
6,14,80,120,800,stranger,1.7667866007182482,4.058036107047686,0.6790000000000004,1
6,15,80,120,800,stranger,1.1223313111667232,4.058036107047686,0.7870000000000004,1
6,16,80,120,800,stranger,3.1079630300568826,4.058036107047686,0.4930000000000002,1
6,17,80,120,800,stranger,1.8127551085236302,4.058036107047686,0.8010000000000004,1
6,18,80,120,800,stranger,2.80013773486832,4.058036107047686,0.7830000000000004,1
6,19,80,120,800,stranger,0.47432236954819695,4.058036107047686,0.8450000000000004,1
6,20,80,120,800,stranger,2.491005205901639,4.058036107047686,0.7170000000000003,1
6,21,80,120,800,stranger,2.793674036029163,4.058036107047686,0.6750000000000004,1
6,22,80,120,800,stranger,1.7576881187450806,4.058036107047686,0.8400000000000005,1
6,23,80,120,800,stranger,-0.6407838603575996,4.058036107047686,0.7800000000000005,2
6,24,80,120,800,stranger,-0.2215471830843566,4.058036107047686,0.7360000000000004,1
6,25,80,120,800,stranger,0.2591374479423111,4.058036107047686,0.5800000000000003,1
6,26,80,120,800,stranger,2.0794341548584563,4.058036107047686,0.6710000000000004,1
6,27,80,120,800,stranger,-0.4503011111679559,4.058036107047686,0.8770000000000004,2
6,28,80,120,800,stranger,-2.1670852990378395,4.058036107047686,0.6800000000000004,2
6,29,80,120,800,stranger,2.103939008207321,4.058036107047686,0.8650000000000004,1
6,30,80,120,800,stranger,1.6234343495100678,4.058036107047686,0.6930000000000004,1
6,31,80,120,800,stranger,1.7466158971146348,4.058036107047686,0.8750000000000004,1
6,32,80,120,800,stranger,1.2042033244629549,4.058036107047686,0.5300000000000002,1
6,33,80,120,800,stranger,1.9407323941918602,4.058036107047686,0.8390000000000004,1
6,34,80,120,800,stranger,0.21775878516351965,4.058036107047686,0.5620000000000003,1
6,35,80,120,800,stranger,2.2185862250836506,4.058036107047686,0.6380000000000003,1
6,36,80,120,800,stranger,1.7584350567254021,4.058036107047686,0.8310000000000004,1
6,37,80,120,800,stranger,1.5591885404716797,4.058036107047686,0.8420000000000005,1
6,38,80,120,800,stranger,1.962280140197445,4.058036107047686,0.6440000000000003,1
6,39,80,120,800,stranger,3.4351663058717565,4.058036107047686,0.8160000000000005,1
6,40,80,120,800,stranger,-0.4474347370332913,4.058036107047686,0.6930000000000004,2
6,41,80,120,800,stranger,3.678531843844313,4.058036107047686,0.8270000000000004,1
6,42,80,120,800,stranger,1.7885666089656111,4.058036107047686,0.6290000000000003,1
6,43,80,120,800,stranger,2.572521223236072,4.058036107047686,0.8320000000000005,1
6,44,80,120,800,stranger,2.074153313991684,4.058036107047686,0.8590000000000004,1
6,45,80,120,800,stranger,1.7417472977574375,4.058036107047686,0.7760000000000005,1
6,46,80,120,800,stranger,-0.11378810187631694,4.058036107047686,0.5220000000000002,2
6,47,80,120,800,stranger,2.001690817971147,4.058036107047686,0.6670000000000004,1
6,48,80,120,800,stranger,-0.31031060505765284,4.058036107047686,0.7900000000000005,1
6,49,80,120,800,stranger,2.323955410067427,4.058036107047686,0.7970000000000004,1
6,50,80,120,800,stranger,2.9265189250826626,4.058036107047686,0.7490000000000003,1
6,51,80,120,800,stranger,2.6497289101097574,4.058036107047686,0.6480000000000004,1
6,52,80,120,800,stranger,1.6995565218968467,4.058036107047686,0.7220000000000004,1
6,53,80,120,800,stranger,1.3625946543489,4.058036107047686,0.8250000000000004,1
6,54,80,120,800,stranger,2.0731354181435218,4.058036107047686,0.7460000000000004,1
6,55,80,120,800,stranger,1.1069134846622022,4.058036107047686,0.4910000000000002,1
6,56,80,120,800,stranger,2.327539576108302,4.058036107047686,0.4980000000000002,1
6,57,80,120,800,stranger,3.800984889788071,4.058036107047686,0.6200000000000003,1
6,58,80,120,800,stranger,2.921730489992782,4.058036107047686,0.6930000000000004,1
6,59,80,120,800,stranger,1.938549144544381,4.058036107047686,0.8780000000000006,1
6,60,80,120,800,stranger,0.8874996469519553,4.058036107047686,0.6650000000000004,1
6,61,80,120,800,stranger,1.4624832352619996,4.058036107047686,0.7520000000000004,1
6,62,80,120,800,stranger,1.9769603240930071,4.058036107047686,0.8800000000000006,1
6,63,80,120,800,stranger,3.0438603870905734,4.058036107047686,0.6280000000000003,1
6,64,80,120,800,stranger,0.6389859664007373,4.058036107047686,0.7180000000000004,1
6,65,80,120,800,stranger,1.9761968682726678,4.058036107047686,0.8720000000000006,1
6,66,80,120,800,stranger,0.8032326317915691,4.058036107047686,0.5840000000000003,1
6,67,80,120,800,stranger,0.032517145334345354,4.058036107047686,0.8670000000000004,1
6,68,80,120,800,stranger,1.6595601610575654,4.058036107047686,0.6700000000000004,1
6,69,80,120,800,stranger,1.7441063218659498,4.058036107047686,0.6920000000000004,1
6,70,80,120,800,stranger,0.6520390695864723,4.058036107047686,0.7480000000000004,1
6,71,80,120,800,stranger,2.3122588410160296,4.058036107047686,0.6060000000000003,1
6,72,80,120,800,stranger,1.5870450256267488,4.058036107047686,0.8280000000000005,1
6,73,80,120,800,stranger,0.7394538042494984,4.058036107047686,0.5860000000000003,1
6,74,80,120,800,stranger,2.1735103722221827,4.058036107047686,0.6520000000000004,1
6,75,80,120,800,stranger,1.6139812445644082,4.058036107047686,0.6050000000000003,1
6,76,80,120,800,stranger,1.0133816357691554,4.058036107047686,0.6760000000000004,1
6,77,80,120,800,stranger,1.1168526307814501,4.058036107047686,0.7220000000000004,1
6,78,80,120,800,stranger,3.849734336204541,4.058036107047686,0.7760000000000005,1
6,79,80,120,800,stranger,-0.6459171741998003,4.058036107047686,0.6490000000000004,2
6,80,80,120,800,stranger,1.5081976544618452,4.058036107047686,0.7680000000000005,1
6,81,80,120,800,stranger,2.924851351024997,4.058036107047686,0.6330000000000003,1
6,82,80,120,800,stranger,3.7616259826708744,4.058036107047686,0.5560000000000003,1
6,83,80,120,800,stranger,0.4952000837567048,4.058036107047686,0.8620000000000005,1
6,84,80,120,800,stranger,2.0493888446560433,4.058036107047686,0.5790000000000003,1
6,85,80,120,800,stranger,0.8591747190118407,4.058036107047686,0.8120000000000005,1
6,86,80,120,800,stranger,1.3684315070837791,4.058036107047686,0.6820000000000004,1
6,87,80,120,800,stranger,-0.5927618874610504,4.058036107047686,0.8680000000000005,2
6,88,80,120,800,stranger,3.3650986373938476,4.058036107047686,0.7670000000000003,1
6,89,80,120,800,stranger,-0.799790374870755,4.058036107047686,0.8260000000000005,1
6,90,80,120,800,stranger,4.248169112025269,4.058036107047686,0.6550000000000004,1
6,91,80,120,800,stranger,3.0018633715644505,4.058036107047686,0.5400000000000003,1
6,92,80,120,800,stranger,1.702310976895469,4.058036107047686,0.8130000000000004,1
6,93,80,120,800,stranger,3.8126371175857896,4.058036107047686,0.5580000000000003,1
6,94,80,120,800,stranger,1.4420492253912451,4.058036107047686,0.8340000000000005,1
6,95,80,120,800,stranger,-1.398416399869029,4.058036107047686,0.6830000000000004,2
6,96,80,120,800,stranger,1.38812735087515,4.058036107047686,0.6700000000000004,1
6,97,80,120,800,stranger,3.231125275101575,4.058036107047686,0.6690000000000004,1
6,98,80,120,800,stranger,2.8076821102299543,4.058036107047686,0.6720000000000004,1
6,99,80,120,800,stranger,1.0063609052446052,4.058036107047686,0.8490000000000004,1
6,100,80,120,800,stranger,1.7014467632140051,4.058036107047686,0.6480000000000004,1
6,101,80,120,800,stranger,2.538260031151148,4.058036107047686,0.6130000000000003,1
6,102,80,120,800,stranger,1.6347397587649373,4.058036107047686,0.8360000000000005,1
6,103,80,120,800,stranger,1.46838972060101,4.058036107047686,0.7300000000000004,1
6,104,80,120,800,stranger,1.9502691812050283,4.058036107047686,0.7160000000000004,1
6,105,80,120,800,stranger,2.702736097918771,4.058036107047686,0.7340000000000004,1
6,106,80,120,800,stranger,-0.13634113528584568,4.058036107047686,0.8770000000000004,2
6,107,80,120,800,stranger,1.0143378050764826,4.058036107047686,0.6930000000000004,1
6,108,80,120,800,stranger,0.764744908909343,4.058036107047686,0.7870000000000004,1
6,109,80,120,800,stranger,1.59531891671099,4.058036107047686,0.7320000000000004,1
6,110,80,120,800,stranger,3.600489924261822,4.058036107047686,0.7800000000000005,1
6,111,80,120,800,stranger,2.1033842208273263,4.058036107047686,0.7270000000000003,1
6,112,80,120,800,stranger,2.8022794902696733,4.058036107047686,0.7580000000000005,1
6,113,80,120,800,stranger,2.295184149672797,4.058036107047686,0.6770000000000004,1
6,114,80,120,800,stranger,2.527628789803927,4.058036107047686,0.5280000000000002,1
6,115,80,120,800,stranger,0.29389055234260353,4.058036107047686,0.7660000000000005,1
6,116,80,120,800,stranger,3.350992307363542,4.058036107047686,0.7670000000000003,1
6,117,80,120,800,stranger,1.8719760022259453,4.058036107047686,0.6420000000000003,1
6,118,80,120,800,stranger,0.9376330339650709,4.058036107047686,0.6900000000000004,1
6,119,80,120,800,stranger,2.1235359539921475,4.058036107047686,0.6890000000000004,1
6,120,80,120,800,stranger,1.5435957365987425,4.058036107047686,0.7290000000000003,1
6,121,80,120,800,stranger,2.5435079763451007,4.058036107047686,0.8280000000000005,1
6,122,80,120,800,stranger,1.3095709826717865,4.058036107047686,0.5580000000000003,1
6,123,80,120,800,stranger,2.155130328450137,4.058036107047686,0.8040000000000005,1
6,124,80,120,800,stranger,2.6576714367847942,4.058036107047686,0.6540000000000004,1
6,125,80,120,800,stranger,2.1998628369510405,4.058036107047686,0.7090000000000003,1
6,126,80,120,800,stranger,1.8000737538821872,4.058036107047686,0.8060000000000005,1
6,127,80,120,800,stranger,0.5896251449515381,4.058036107047686,0.8010000000000004,1
6,128,80,120,800,stranger,2.415053272637626,4.058036107047686,0.6970000000000004,1
6,129,80,120,800,stranger,0.6248942462035451,4.058036107047686,0.7850000000000004,1
6,130,80,120,800,stranger,-0.07392530770122652,4.058036107047686,0.6690000000000004,2
6,1,80,120,800,self,3.935209444558064,4.058036107047686,0.5850000000000003,1
6,2,80,120,800,self,3.971441701874159,4.058036107047686,0.6860000000000004,1
6,3,80,120,800,self,5.1806481983743025,4.058036107047686,0.5010000000000002,1
6,4,80,120,800,self,5.029315757501594,4.058036107047686,0.4660000000000002,1
6,5,80,120,800,self,3.5893826258372052,4.058036107047686,0.6530000000000004,1
6,6,80,120,800,self,4.999381666916159,4.058036107047686,0.7890000000000004,1
6,7,80,120,800,self,3.8225085164795645,4.058036107047686,0.6000000000000003,1
6,8,80,120,800,self,5.877054807782815,4.058036107047686,0.5080000000000002,1
6,9,80,120,800,self,4.813115979044969,4.058036107047686,0.5360000000000003,1
6,10,80,120,800,self,3.7007247470819786,4.058036107047686,0.6260000000000003,1
6,11,80,120,800,self,3.665480999768341,4.058036107047686,0.7240000000000004,1
6,12,80,120,800,self,3.357825068935605,4.058036107047686,0.8110000000000004,1
6,13,80,120,800,self,4.50692435375027,4.058036107047686,0.8580000000000005,1
6,14,80,120,800,self,2.555028668174047,4.058036107047686,0.8570000000000004,1
6,15,80,120,800,self,3.5212409438803354,4.058036107047686,0.6110000000000003,1
6,16,80,120,800,self,4.741417771372156,4.058036107047686,0.5010000000000002,1
6,17,80,120,800,self,4.298169034911556,4.058036107047686,0.5610000000000003,1
6,18,80,120,800,self,3.824694571320569,4.058036107047686,0.6120000000000003,1
6,19,80,120,800,self,3.7705467902241816,4.058036107047686,0.7010000000000003,1
6,20,80,120,800,self,4.050156143727803,4.058036107047686,0.5910000000000003,1
6,21,80,120,800,self,3.263797780309132,4.058036107047686,0.7200000000000004,1
6,22,80,120,800,self,4.861159838648687,4.058036107047686,0.5530000000000003,1
6,23,80,120,800,self,3.466574850773816,4.058036107047686,0.5720000000000003,1
6,24,80,120,800,self,2.2250059915990983,4.058036107047686,0.6660000000000004,1
6,25,80,120,800,self,3.220843141178905,4.058036107047686,0.8200000000000005,1
6,26,80,120,800,self,3.368732054672186,4.058036107047686,0.6580000000000004,1
6,27,80,120,800,self,3.848768394320636,4.058036107047686,0.8720000000000006,1
6,28,80,120,800,self,2.4696890029763825,4.058036107047686,0.4500000000000002,1
6,29,80,120,800,self,3.357263540878394,4.058036107047686,0.6680000000000004,1
6,30,80,120,800,self,5.434085184304454,4.058036107047686,0.7660000000000005,1
6,31,80,120,800,self,3.8866071768854034,4.058036107047686,0.7430000000000003,1
6,32,80,120,800,self,2.582457193609747,4.058036107047686,0.5860000000000003,1
6,33,80,120,800,self,2.3344103157784084,4.058036107047686,0.8490000000000004,1
6,34,80,120,800,self,4.773121396527436,4.058036107047686,0.4960000000000002,1
6,35,80,120,800,self,3.8603935237031024,4.058036107047686,0.6030000000000003,1
6,36,80,120,800,self,4.7436808185614625,4.058036107047686,0.5620000000000003,1
6,37,80,120,800,self,4.206230917000895,4.058036107047686,0.6990000000000004,1
6,38,80,120,800,self,2.329533114653154,4.058036107047686,0.4930000000000002,1
6,39,80,120,800,self,4.601388262343505,4.058036107047686,0.5960000000000003,1
6,40,80,120,800,self,4.782254898542524,4.058036107047686,0.4740000000000002,1
6,41,80,120,800,self,3.4623018311072244,4.058036107047686,0.8120000000000005,1
6,42,80,120,800,self,3.1344902600874285,4.058036107047686,0.8530000000000004,1
6,43,80,120,800,self,4.642273325689457,4.058036107047686,0.7360000000000004,1
6,44,80,120,800,self,2.984800950458747,4.058036107047686,0.6250000000000003,1
6,45,80,120,800,self,3.700442566719375,4.058036107047686,0.8540000000000005,1
6,46,80,120,800,self,3.9068709257560505,4.058036107047686,0.7430000000000003,1
6,47,80,120,800,self,5.3422172507259615,4.058036107047686,0.5240000000000002,1
6,48,80,120,800,self,2.3876180386356096,4.058036107047686,0.7520000000000004,1
6,49,80,120,800,self,4.499535880512537,4.058036107047686,0.5170000000000002,1
6,50,80,120,800,self,3.331950435222173,4.058036107047686,0.8540000000000005,1
6,51,80,120,800,self,2.9852775479902105,4.058036107047686,0.6220000000000003,1
6,52,80,120,800,self,4.151491157781425,4.058036107047686,0.7020000000000004,1
6,53,80,120,800,self,4.134911462648464,4.058036107047686,0.7570000000000003,1
6,54,80,120,800,self,3.6082684586315716,4.058036107047686,0.6850000000000004,1
6,55,80,120,800,self,4.436961788338384,4.058036107047686,0.8360000000000005,1
6,56,80,120,800,self,4.6873233251355995,4.058036107047686,0.6210000000000003,1
6,57,80,120,800,self,4.004756047404788,4.058036107047686,0.6740000000000004,1
6,58,80,120,800,self,2.454211396856781,4.058036107047686,0.7090000000000003,1
6,59,80,120,800,self,3.9453373229868642,4.058036107047686,0.5490000000000003,1
6,60,80,120,800,self,2.85515587445069,4.058036107047686,0.7380000000000004,1
6,61,80,120,800,self,4.778866439942901,4.058036107047686,0.6630000000000004,1
6,62,80,120,800,self,5.1512643119724455,4.058036107047686,0.5060000000000002,1
6,63,80,120,800,self,3.74378081160092,4.058036107047686,0.7490000000000003,1
6,64,80,120,800,self,6.018732938498917,4.058036107047686,0.4540000000000002,1
6,65,80,120,800,self,3.773534135779201,4.058036107047686,0.8230000000000004,1
6,66,80,120,800,self,3.7074818036432173,4.058036107047686,0.5510000000000003,1
6,67,80,120,800,self,4.831660293510673,4.058036107047686,0.5840000000000003,1
6,68,80,120,800,self,3.6565861803812068,4.058036107047686,0.5450000000000003,1
6,69,80,120,800,self,2.4581858700632395,4.058036107047686,0.8320000000000005,1
6,70,80,120,800,self,2.535077681556243,4.058036107047686,0.7110000000000003,1
6,71,80,120,800,self,3.1033761003420848,4.058036107047686,0.7220000000000004,1
6,72,80,120,800,self,3.8085611380994515,4.058036107047686,0.4860000000000002,1
6,73,80,120,800,self,4.011410134196906,4.058036107047686,0.5710000000000003,1
6,74,80,120,800,self,5.4507913383101405,4.058036107047686,0.5510000000000003,1
6,75,80,120,800,self,4.068683973229528,4.058036107047686,0.7360000000000004,1
6,76,80,120,800,self,6.272525306631776,4.058036107047686,0.6800000000000004,1
6,77,80,120,800,self,1.9599024732852988,4.058036107047686,0.6400000000000003,1
6,78,80,120,800,self,4.9913134522804885,4.058036107047686,0.7960000000000005,1
6,79,80,120,800,self,3.5025611710047597,4.058036107047686,0.7990000000000004,1
6,80,80,120,800,self,3.566844097550218,4.058036107047686,0.5050000000000002,1
6,81,80,120,800,self,4.714443388709793,4.058036107047686,0.5560000000000003,1
6,82,80,120,800,self,3.4124875715741565,4.058036107047686,0.6810000000000004,1
6,83,80,120,800,self,2.76268881541713,4.058036107047686,0.7560000000000004,1
6,84,80,120,800,self,3.7235539769745234,4.058036107047686,0.8480000000000005,1
6,85,80,120,800,self,3.6456746055709917,4.058036107047686,0.7900000000000005,1
6,86,80,120,800,self,1.8422454737455776,4.058036107047686,0.8730000000000004,1
6,87,80,120,800,self,4.270335805631351,4.058036107047686,0.7790000000000004,1
6,88,80,120,800,self,5.621659358325959,4.058036107047686,0.5760000000000003,1
6,89,80,120,800,self,3.159823853703625,4.058036107047686,0.8610000000000004,1
6,90,80,120,800,self,3.6049846577782234,4.058036107047686,0.7270000000000003,1
6,91,80,120,800,self,5.322358267324059,4.058036107047686,0.5220000000000002,1
6,92,80,120,800,self,3.6191774302843633,4.058036107047686,0.8720000000000006,1
6,93,80,120,800,self,3.124438106221231,4.058036107047686,0.8240000000000005,1
6,94,80,120,800,self,4.07886387126995,4.058036107047686,0.7480000000000004,1
6,95,80,120,800,self,4.62669756957183,4.058036107047686,0.5300000000000002,1
6,96,80,120,800,self,3.3952154613618513,4.058036107047686,0.8470000000000004,1
6,97,80,120,800,self,2.708120782719304,4.058036107047686,0.7750000000000004,1
6,98,80,120,800,self,2.9843553010396873,4.058036107047686,0.5610000000000003,1
6,99,80,120,800,self,4.104145392095546,4.058036107047686,0.6580000000000004,1
6,100,80,120,800,self,4.369866302348987,4.058036107047686,0.8090000000000004,1
6,101,80,120,800,self,4.063472254781401,4.058036107047686,0.4890000000000002,1
6,102,80,120,800,self,3.7714958918939283,4.058036107047686,0.7340000000000004,1
6,103,80,120,800,self,1.9172130181359879,4.058036107047686,0.7170000000000003,1
6,104,80,120,800,self,4.658556644915118,4.058036107047686,0.4930000000000002,1
6,105,80,120,800,self,3.414037361412442,4.058036107047686,0.7870000000000004,1
6,106,80,120,800,self,4.150546551662859,4.058036107047686,0.8390000000000004,1
6,107,80,120,800,self,2.4648385992084307,4.058036107047686,0.6560000000000004,1
6,108,80,120,800,self,2.915537864275212,4.058036107047686,0.7920000000000005,1
6,109,80,120,800,self,2.517723800165767,4.058036107047686,0.8060000000000005,1
6,110,80,120,800,self,4.780208571564526,4.058036107047686,0.5990000000000003,1
6,111,80,120,800,self,3.774954768040235,4.058036107047686,0.7160000000000004,1
6,112,80,120,800,self,3.361745707272701,4.058036107047686,0.5940000000000003,1
6,113,80,120,800,self,4.913429702962258,4.058036107047686,0.5080000000000002,1
6,114,80,120,800,self,3.907631161454226,4.058036107047686,0.5450000000000003,1
6,115,80,120,800,self,4.58038860597736,4.058036107047686,0.7460000000000004,1
6,116,80,120,800,self,3.4512750368373717,4.058036107047686,0.6410000000000003,1
6,117,80,120,800,self,3.4999867134898732,4.058036107047686,0.7830000000000004,1
6,118,80,120,800,self,4.365178951293787,4.058036107047686,0.7280000000000004,1
6,119,80,120,800,self,4.08533136965063,4.058036107047686,0.5530000000000003,1
6,120,80,120,800,self,2.8385562777801225,4.058036107047686,0.7580000000000005,1
6,121,80,120,800,self,3.2009138097165173,4.058036107047686,0.6450000000000004,1
6,122,80,120,800,self,3.6039478409727006,4.058036107047686,0.5940000000000003,1
6,123,80,120,800,self,4.106674946239616,4.058036107047686,0.4550000000000002,1
6,124,80,120,800,self,4.073192873813741,4.058036107047686,0.7510000000000003,1
6,125,80,120,800,self,1.448597356559471,4.058036107047686,0.6050000000000003,1
6,126,80,120,800,self,2.8841368275116297,4.058036107047686,0.7110000000000003,1
6,127,80,120,800,self,4.217695494991885,4.058036107047686,0.6350000000000003,1
6,128,80,120,800,self,2.3240249123229644,4.058036107047686,0.8030000000000004,1
6,129,80,120,800,self,2.285757061396314,4.058036107047686,0.8700000000000006,1
6,130,80,120,800,self,4.098736540625081,4.058036107047686,0.4980000000000002,1
7,1,80,120,800,stranger,2.06949546475948,3.585549165544525,0.6930000000000004,1
7,2,80,120,800,stranger,2.7231056883788156,3.585549165544525,0.6140000000000003,1
7,3,80,120,800,stranger,1.8542787516478043,3.585549165544525,0.6310000000000003,1
7,4,80,120,800,stranger,1.8882874960516336,3.585549165544525,0.7770000000000004,1
7,5,80,120,800,stranger,3.027233239875376,3.585549165544525,0.43100000000000016,1
7,6,80,120,800,stranger,-0.9506570244926854,3.585549165544525,0.7680000000000005,1
7,7,80,120,800,stranger,1.2665688822611039,3.585549165544525,0.5760000000000003,1
7,8,80,120,800,stranger,2.9704586192484155,3.585549165544525,0.5000000000000002,1
7,9,80,120,800,stranger,3.2010981519019914,3.585549165544525,0.7350000000000003,1
7,10,80,120,800,stranger,-1.8787779724814788,3.585549165544525,0.5630000000000003,2
7,11,80,120,800,stranger,2.4293572332576256,3.585549165544525,0.5500000000000003,1
7,12,80,120,800,stranger,2.4133984984041708,3.585549165544525,0.5110000000000002,1
7,13,80,120,800,stranger,1.8592365236815356,3.585549165544525,0.5990000000000003,1
7,14,80,120,800,stranger,2.8235898573650076,3.585549165544525,0.6710000000000004,1
7,15,80,120,800,stranger,0.06608763670327888,3.585549165544525,0.8560000000000005,1
7,16,80,120,800,stranger,1.334278036684986,3.585549165544525,0.6450000000000004,1
7,17,80,120,800,stranger,3.4709166071894546,3.585549165544525,0.8590000000000004,1
7,18,80,120,800,stranger,0.3309712473737379,3.585549165544525,0.6990000000000004,2
7,19,80,120,800,stranger,-0.41627222365581706,3.585549165544525,0.7260000000000004,2
7,20,80,120,800,stranger,3.685550217613544,3.585549165544525,0.7700000000000005,1
7,21,80,120,800,stranger,1.4590669907227654,3.585549165544525,0.6900000000000004,1
7,22,80,120,800,stranger,1.4924063181748732,3.585549165544525,0.4990000000000002,1
7,23,80,120,800,stranger,1.9771155084569543,3.585549165544525,0.6590000000000004,1
7,24,80,120,800,stranger,0.8587645018761256,3.585549165544525,0.7530000000000003,1
7,25,80,120,800,stranger,2.6453532752901556,3.585549165544525,0.7180000000000004,1
7,26,80,120,800,stranger,0.7861609374353218,3.585549165544525,0.5020000000000002,1
7,27,80,120,800,stranger,-1.7420517062415013,3.585549165544525,0.5450000000000003,2
7,28,80,120,800,stranger,-1.3958745131464232,3.585549165544525,0.7940000000000005,2
7,29,80,120,800,stranger,1.6732729487873685,3.585549165544525,0.6840000000000004,1
7,30,80,120,800,stranger,1.4799024979091282,3.585549165544525,0.7250000000000003,1
7,31,80,120,800,stranger,2.093725658936478,3.585549165544525,0.43700000000000017,1
7,32,80,120,800,stranger,1.9200351805275697,3.585549165544525,0.6990000000000004,1
7,33,80,120,800,stranger,-0.04022356131613869,3.585549165544525,0.7880000000000005,1
7,34,80,120,800,stranger,-0.60172602476051,3.585549165544525,0.8110000000000004,2
7,35,80,120,800,stranger,2.3340443854844164,3.585549165544525,0.6980000000000004,1
7,36,80,120,800,stranger,-1.4488108321221538,3.585549165544525,0.5480000000000003,2
7,37,80,120,800,stranger,2.2962652965720793,3.585549165544525,0.8340000000000005,1
7,38,80,120,800,stranger,1.1360089606605288,3.585549165544525,0.5200000000000002,1
7,39,80,120,800,stranger,1.902064546156185,3.585549165544525,0.7610000000000003,1
7,40,80,120,800,stranger,2.894081826871972,3.585549165544525,0.6630000000000004,1
7,41,80,120,800,stranger,2.62052218248372,3.585549165544525,0.5550000000000003,1
7,42,80,120,800,stranger,1.78679925904128,3.585549165544525,0.8640000000000005,1
7,43,80,120,800,stranger,0.9726001964710028,3.585549165544525,0.8080000000000005,1
7,44,80,120,800,stranger,1.0940652556796817,3.585549165544525,0.8620000000000005,1
7,45,80,120,800,stranger,1.685270055756056,3.585549165544525,0.6790000000000004,1
7,46,80,120,800,stranger,0.7745977235949648,3.585549165544525,0.6710000000000004,1
7,47,80,120,800,stranger,1.2460185504919064,3.585549165544525,0.7200000000000004,1
7,48,80,120,800,stranger,2.3456143812831085,3.585549165544525,0.7210000000000003,1
7,49,80,120,800,stranger,1.7253194113504264,3.585549165544525,0.8720000000000006,1
7,50,80,120,800,stranger,0.0564895823265924,3.585549165544525,0.6900000000000004,1
7,51,80,120,800,stranger,2.4213926148612184,3.585549165544525,0.8490000000000004,1
7,52,80,120,800,stranger,1.2028946420701319,3.585549165544525,0.5760000000000003,1
7,53,80,120,800,stranger,0.08867190331222041,3.585549165544525,0.7900000000000005,1
7,54,80,120,800,stranger,1.6651613889374501,3.585549165544525,0.7640000000000005,1
7,55,80,120,800,stranger,1.4695503594003894,3.585549165544525,0.6910000000000004,1
7,56,80,120,800,stranger,2.8883581932950175,3.585549165544525,0.8600000000000005,1
7,57,80,120,800,stranger,0.06659538394561137,3.585549165544525,0.6800000000000004,1
7,58,80,120,800,stranger,-0.9782025748459101,3.585549165544525,0.5640000000000003,2
7,59,80,120,800,stranger,0.6207666667919077,3.585549165544525,0.7690000000000003,1
7,60,80,120,800,stranger,2.807204527898736,3.585549165544525,0.6470000000000004,1
7,61,80,120,800,stranger,1.9229077155312422,3.585549165544525,0.6810000000000004,1
7,62,80,120,800,stranger,1.5416676858564138,3.585549165544525,0.8590000000000004,1
7,63,80,120,800,stranger,1.19233121033183,3.585549165544525,0.7660000000000005,1
7,64,80,120,800,stranger,1.008442904774837,3.585549165544525,0.5650000000000003,1
7,65,80,120,800,stranger,-0.796856718986911,3.585549165544525,0.7190000000000003,2
7,66,80,120,800,stranger,0.25693289444718526,3.585549165544525,0.6230000000000003,1
7,67,80,120,800,stranger,2.784498247064843,3.585549165544525,0.5950000000000003,1
7,68,80,120,800,stranger,0.5534106427055987,3.585549165544525,0.8510000000000004,1
7,69,80,120,800,stranger,1.257731872273434,3.585549165544525,0.6420000000000003,1
7,70,80,120,800,stranger,2.5128445177002274,3.585549165544525,0.8150000000000004,1
7,71,80,120,800,stranger,3.3355260464349787,3.585549165544525,0.8730000000000004,1
7,72,80,120,800,stranger,1.5400401722295962,3.585549165544525,0.6590000000000004,1
7,73,80,120,800,stranger,1.4897742406075547,3.585549165544525,0.7250000000000003,1
7,74,80,120,800,stranger,1.6676153356294638,3.585549165544525,0.8510000000000004,1
7,75,80,120,800,stranger,1.0844267919732793,3.585549165544525,0.8570000000000004,1
7,76,80,120,800,stranger,1.7558430987508513,3.585549165544525,0.7540000000000004,1
7,77,80,120,800,stranger,1.904409704123729,3.585549165544525,0.6360000000000003,1
7,78,80,120,800,stranger,1.4689682852944534,3.585549165544525,0.8580000000000005,1
7,79,80,120,800,stranger,0.7915063115533537,3.585549165544525,0.6900000000000004,1
7,80,80,120,800,stranger,3.6951931457161384,3.585549165544525,0.6170000000000003,1
7,81,80,120,800,stranger,2.7150435840681344,3.585549165544525,0.6350000000000003,1
7,82,80,120,800,stranger,2.079472125962678,3.585549165544525,0.7920000000000005,1
7,83,80,120,800,stranger,1.7212564185849142,3.585549165544525,0.6790000000000004,1
7,84,80,120,800,stranger,2.2620003399026674,3.585549165544525,0.8800000000000006,1
7,85,80,120,800,stranger,2.035323466753001,3.585549165544525,0.6210000000000003,1
7,86,80,120,800,stranger,1.613114011971545,3.585549165544525,0.7220000000000004,1
7,87,80,120,800,stranger,1.541683600694543,3.585549165544525,0.8310000000000004,1
7,88,80,120,800,stranger,1.5120207537603045,3.585549165544525,0.8680000000000005,1
7,89,80,120,800,stranger,2.09268020289374,3.585549165544525,0.7940000000000005,1
7,90,80,120,800,stranger,1.7018357947583045,3.585549165544525,0.41700000000000015,1
7,91,80,120,800,stranger,-0.10263057239111206,3.585549165544525,0.8420000000000005,2
7,92,80,120,800,stranger,1.1685226958862194,3.585549165544525,0.8350000000000004,1
7,93,80,120,800,stranger,1.748604587853424,3.585549165544525,0.7100000000000004,1
7,94,80,120,800,stranger,0.677879661573306,3.585549165544525,0.7370000000000003,1
7,95,80,120,800,stranger,2.6649713864850755,3.585549165544525,0.42200000000000015,1
7,96,80,120,800,stranger,0.4881351905626627,3.585549165544525,0.40700000000000014,1
7,97,80,120,800,stranger,2.0624590286295783,3.585549165544525,0.5800000000000003,1
7,98,80,120,800,stranger,1.1017150758656653,3.585549165544525,0.7060000000000004,1
7,99,80,120,800,stranger,1.3211205206330976,3.585549165544525,0.8150000000000004,1
7,100,80,120,800,stranger,1.565732482183724,3.585549165544525,0.7080000000000004,1
7,101,80,120,800,stranger,1.435334325121402,3.585549165544525,0.7030000000000003,1
7,102,80,120,800,stranger,1.0571642982963492,3.585549165544525,0.8360000000000005,1
7,103,80,120,800,stranger,2.0662042230222712,3.585549165544525,0.7360000000000004,1
7,104,80,120,800,stranger,3.0878367871150125,3.585549165544525,0.8210000000000004,1
7,105,80,120,800,stranger,0.4185855392476582,3.585549165544525,0.8240000000000005,1
7,106,80,120,800,stranger,3.1108553820000875,3.585549165544525,0.6980000000000004,1
7,107,80,120,800,stranger,1.0442784062294157,3.585549165544525,0.8270000000000004,1
7,108,80,120,800,stranger,-1.3190375031202075,3.585549165544525,0.6650000000000004,2
7,109,80,120,800,stranger,2.1299542554708086,3.585549165544525,0.7330000000000003,1
7,110,80,120,800,stranger,2.6586952256457286,3.585549165544525,0.8350000000000004,1
7,111,80,120,800,stranger,0.4980693355003807,3.585549165544525,0.8210000000000004,1
7,112,80,120,800,stranger,2.0791642049200525,3.585549165544525,0.4880000000000002,1
7,113,80,120,800,stranger,2.124080529720624,3.585549165544525,0.4970000000000002,1
7,114,80,120,800,stranger,1.2082709551746156,3.585549165544525,0.7910000000000004,1
7,115,80,120,800,stranger,1.3809204154865662,3.585549165544525,0.8760000000000006,1
7,116,80,120,800,stranger,1.9853674611117134,3.585549165544525,0.7370000000000003,1
7,117,80,120,800,stranger,1.9575570953628065,3.585549165544525,0.8300000000000005,1
7,118,80,120,800,stranger,2.3411710404835997,3.585549165544525,0.8460000000000005,1
7,119,80,120,800,stranger,1.8385065719212221,3.585549165544525,0.7940000000000005,1
7,120,80,120,800,stranger,1.4231565682744745,3.585549165544525,0.8630000000000004,1
7,121,80,120,800,stranger,1.4275455383885802,3.585549165544525,0.5550000000000003,1
7,122,80,120,800,stranger,1.5503306044749152,3.585549165544525,0.8520000000000005,1
7,123,80,120,800,stranger,1.3421058222827056,3.585549165544525,0.5580000000000003,1
7,124,80,120,800,stranger,1.4825026317137366,3.585549165544525,0.4650000000000002,1
7,125,80,120,800,stranger,1.3398936343621375,3.585549165544525,0.6710000000000004,1
7,126,80,120,800,stranger,0.3069078474159821,3.585549165544525,0.5820000000000003,2
7,127,80,120,800,stranger,0.8521634220623697,3.585549165544525,0.7620000000000005,1
7,128,80,120,800,stranger,2.0538798219842946,3.585549165544525,0.5710000000000003,1
7,129,80,120,800,stranger,1.9035729270831707,3.585549165544525,0.6300000000000003,1
7,130,80,120,800,stranger,1.0497331416092814,3.585549165544525,0.8180000000000005,1
7,1,80,120,800,self,4.319012657347969,3.585549165544525,0.6490000000000004,1
7,2,80,120,800,self,2.6378413593858943,3.585549165544525,0.8690000000000004,1
7,3,80,120,800,self,4.1703914016166355,3.585549165544525,0.6200000000000003,1
7,4,80,120,800,self,3.0048859556193883,3.585549165544525,0.5210000000000002,1
7,5,80,120,800,self,5.624882874942196,3.585549165544525,0.5800000000000003,1
7,6,80,120,800,self,5.187053330621305,3.585549165544525,0.6170000000000003,1
7,7,80,120,800,self,3.3529024181528535,3.585549165544525,0.5220000000000002,1
7,8,80,120,800,self,3.360194416253603,3.585549165544525,0.7450000000000003,1
7,9,80,120,800,self,4.096766531585498,3.585549165544525,0.43900000000000017,1
7,10,80,120,800,self,5.097131855324989,3.585549165544525,0.5280000000000002,1
7,11,80,120,800,self,4.665778067168792,3.585549165544525,0.5770000000000003,1
7,12,80,120,800,self,4.273813091873086,3.585549165544525,0.7430000000000003,1
7,13,80,120,800,self,2.834745653037425,3.585549165544525,0.7140000000000004,1
7,14,80,120,800,self,2.7016450256947833,3.585549165544525,0.5470000000000003,1
7,15,80,120,800,self,3.1223641462247675,3.585549165544525,0.7710000000000004,1
7,16,80,120,800,self,2.57985018071625,3.585549165544525,0.6520000000000004,1
7,17,80,120,800,self,5.502567003448265,3.585549165544525,0.4900000000000002,1
7,18,80,120,800,self,4.20822707763069,3.585549165544525,0.5610000000000003,1
7,19,80,120,800,self,2.400008460503429,3.585549165544525,0.42200000000000015,1
7,20,80,120,800,self,2.9871937819233585,3.585549165544525,0.8520000000000005,1
7,21,80,120,800,self,4.2167926218023,3.585549165544525,0.6710000000000004,1
7,22,80,120,800,self,3.989626892704108,3.585549165544525,0.4890000000000002,1
7,23,80,120,800,self,2.723744790493231,3.585549165544525,0.7120000000000004,1
7,24,80,120,800,self,4.6351960604114915,3.585549165544525,0.8300000000000005,1
7,25,80,120,800,self,3.817302357191731,3.585549165544525,0.5120000000000002,1
7,26,80,120,800,self,4.000312491543189,3.585549165544525,0.5610000000000003,1
7,27,80,120,800,self,2.580150332773564,3.585549165544525,0.4540000000000002,1
7,28,80,120,800,self,3.891650710844359,3.585549165544525,0.6310000000000003,1
7,29,80,120,800,self,4.28322411415022,3.585549165544525,0.4440000000000002,1
7,30,80,120,800,self,3.94421234494137,3.585549165544525,0.7340000000000004,1
7,31,80,120,800,self,3.5015606626243003,3.585549165544525,0.4980000000000002,1
7,32,80,120,800,self,4.772892911542697,3.585549165544525,0.4860000000000002,1
7,33,80,120,800,self,2.3315440928898763,3.585549165544525,0.7920000000000005,1
7,34,80,120,800,self,3.561295468323724,3.585549165544525,0.4590000000000002,1
7,35,80,120,800,self,4.39571451288967,3.585549165544525,0.6870000000000004,1
7,36,80,120,800,self,4.03586944844874,3.585549165544525,0.5040000000000002,1
7,37,80,120,800,self,3.4558475169636536,3.585549165544525,0.4650000000000002,1
7,38,80,120,800,self,3.009213768629304,3.585549165544525,0.8000000000000005,1
7,39,80,120,800,self,2.8681560486684448,3.585549165544525,0.5830000000000003,1
7,40,80,120,800,self,2.6743157386956202,3.585549165544525,0.5330000000000003,1
7,41,80,120,800,self,3.047498014631647,3.585549165544525,0.5260000000000002,1
7,42,80,120,800,self,4.266414241983548,3.585549165544525,0.6210000000000003,1
7,43,80,120,800,self,2.0770280661927663,3.585549165544525,0.43400000000000016,1
7,44,80,120,800,self,5.285667179231877,3.585549165544525,0.7860000000000005,1
7,45,80,120,800,self,4.37718779111003,3.585549165544525,0.4850000000000002,1
7,46,80,120,800,self,4.962973566354176,3.585549165544525,0.5610000000000003,1
7,47,80,120,800,self,4.925408211082656,3.585549165544525,0.5060000000000002,1
7,48,80,120,800,self,3.933367490829301,3.585549165544525,0.5880000000000003,1
7,49,80,120,800,self,2.1271024944394394,3.585549165544525,0.5750000000000003,1
7,50,80,120,800,self,4.59648083121399,3.585549165544525,0.5970000000000003,1
7,51,80,120,800,self,3.782068597858442,3.585549165544525,0.6210000000000003,1
7,52,80,120,800,self,3.7651350648215183,3.585549165544525,0.6630000000000004,1
7,53,80,120,800,self,3.345213439106801,3.585549165544525,0.7050000000000003,1
7,54,80,120,800,self,4.84732830755531,3.585549165544525,0.6020000000000003,1
7,55,80,120,800,self,4.586459557726347,3.585549165544525,0.7380000000000004,1
7,56,80,120,800,self,3.3787220463578675,3.585549165544525,0.4950000000000002,1
7,57,80,120,800,self,3.428545043638915,3.585549165544525,0.6870000000000004,1
7,58,80,120,800,self,3.568506336339355,3.585549165544525,0.8790000000000004,1
7,59,80,120,800,self,3.2450194501519847,3.585549165544525,0.6230000000000003,1
7,60,80,120,800,self,3.6785212296575347,3.585549165544525,0.7180000000000004,1
7,61,80,120,800,self,3.1484485395943564,3.585549165544525,0.5560000000000003,1
7,62,80,120,800,self,3.393912161808056,3.585549165544525,0.7470000000000003,1
7,63,80,120,800,self,3.701953566603583,3.585549165544525,0.7040000000000004,1
7,64,80,120,800,self,2.680647350785633,3.585549165544525,0.5320000000000003,1
7,65,80,120,800,self,3.3343513286213424,3.585549165544525,0.6010000000000003,1
7,66,80,120,800,self,3.543026946909815,3.585549165544525,0.7380000000000004,1
7,67,80,120,800,self,4.122965949537075,3.585549165544525,0.41600000000000015,1
7,68,80,120,800,self,3.9857959174744497,3.585549165544525,0.42100000000000015,1
7,69,80,120,800,self,2.7476649181257953,3.585549165544525,0.7150000000000003,1
7,70,80,120,800,self,2.7914396921966795,3.585549165544525,0.6980000000000004,1
7,71,80,120,800,self,4.583997879982592,3.585549165544525,0.4860000000000002,1
7,72,80,120,800,self,4.327337508435116,3.585549165544525,0.5120000000000002,1
7,73,80,120,800,self,4.272740534264561,3.585549165544525,0.8690000000000004,1
7,74,80,120,800,self,2.51666563787085,3.585549165544525,0.8360000000000005,1
7,75,80,120,800,self,3.852573016116789,3.585549165544525,0.6730000000000004,1
7,76,80,120,800,self,1.313082047946895,3.585549165544525,0.6960000000000004,1
7,77,80,120,800,self,3.099316541347134,3.585549165544525,0.6890000000000004,1
7,78,80,120,800,self,2.3250036548003967,3.585549165544525,0.8730000000000004,1
7,79,80,120,800,self,2.836129754281715,3.585549165544525,0.8490000000000004,1
7,80,80,120,800,self,3.1948320135479573,3.585549165544525,0.5060000000000002,1
7,81,80,120,800,self,2.4646134623475104,3.585549165544525,0.6410000000000003,1
7,82,80,120,800,self,4.19744698352213,3.585549165544525,0.6160000000000003,1
7,83,80,120,800,self,4.692507951671012,3.585549165544525,0.8220000000000005,1
7,84,80,120,800,self,3.634407926011778,3.585549165544525,0.5080000000000002,1
7,85,80,120,800,self,4.572017611397253,3.585549165544525,0.6160000000000003,1
7,86,80,120,800,self,2.8748463500821764,3.585549165544525,0.6130000000000003,1
7,87,80,120,800,self,2.5760828236425017,3.585549165544525,0.7140000000000004,1
7,88,80,120,800,self,4.816610461432074,3.585549165544525,0.6420000000000003,1
7,89,80,120,800,self,2.687068637684859,3.585549165544525,0.6450000000000004,1
7,90,80,120,800,self,4.976426043457983,3.585549165544525,0.6490000000000004,1
7,91,80,120,800,self,3.463870542569417,3.585549165544525,0.6380000000000003,1
7,92,80,120,800,self,4.728531791526729,3.585549165544525,0.4650000000000002,1
7,93,80,120,800,self,1.9550366129722025,3.585549165544525,0.7730000000000004,1
7,94,80,120,800,self,4.479740780889703,3.585549165544525,0.6070000000000003,1
7,95,80,120,800,self,4.022354948376076,3.585549165544525,0.5680000000000003,1
7,96,80,120,800,self,2.6775759394377214,3.585549165544525,0.8640000000000005,1
7,97,80,120,800,self,3.696908523131735,3.585549165544525,0.6940000000000004,1
7,98,80,120,800,self,2.690887895215709,3.585549165544525,0.7970000000000004,1
7,99,80,120,800,self,4.456970858721063,3.585549165544525,0.6000000000000003,1
7,100,80,120,800,self,3.6897475768452788,3.585549165544525,0.6270000000000003,1
7,101,80,120,800,self,3.1537337739777915,3.585549165544525,0.6380000000000003,1
7,102,80,120,800,self,3.8844862329162098,3.585549165544525,0.5160000000000002,1
7,103,80,120,800,self,3.5644007466382246,3.585549165544525,0.7430000000000003,1
7,104,80,120,800,self,3.8345845764904043,3.585549165544525,0.7670000000000003,1
7,105,80,120,800,self,4.671332427709352,3.585549165544525,0.4520000000000002,1
7,106,80,120,800,self,3.285939300241159,3.585549165544525,0.6770000000000004,1
7,107,80,120,800,self,2.465381478739508,3.585549165544525,0.7140000000000004,1
7,108,80,120,800,self,2.662479024383294,3.585549165544525,0.6770000000000004,1
7,109,80,120,800,self,3.40529369230952,3.585549165544525,0.6830000000000004,1
7,110,80,120,800,self,3.6017988306916737,3.585549165544525,0.5200000000000002,1
7,111,80,120,800,self,2.3771507381746826,3.585549165544525,0.8210000000000004,1
7,112,80,120,800,self,4.438098756213721,3.585549165544525,0.4770000000000002,1
7,113,80,120,800,self,4.635481513837565,3.585549165544525,0.4670000000000002,1
7,114,80,120,800,self,4.934182186320584,3.585549165544525,0.6290000000000003,1
7,115,80,120,800,self,2.7419796888996366,3.585549165544525,0.8080000000000005,1
7,116,80,120,800,self,3.2703431701933265,3.585549165544525,0.43600000000000017,1
7,117,80,120,800,self,3.2691557501626676,3.585549165544525,0.6300000000000003,1
7,118,80,120,800,self,4.4159758569895295,3.585549165544525,0.4510000000000002,1
7,119,80,120,800,self,2.8652869230830813,3.585549165544525,0.6740000000000004,1
7,120,80,120,800,self,3.894961581977658,3.585549165544525,0.7310000000000003,1
7,121,80,120,800,self,4.889477669223254,3.585549165544525,0.6280000000000003,1
7,122,80,120,800,self,4.1184191349069135,3.585549165544525,0.5340000000000003,1
7,123,80,120,800,self,3.576580328387369,3.585549165544525,0.4840000000000002,1
7,124,80,120,800,self,3.315249206536992,3.585549165544525,0.7040000000000004,1
7,125,80,120,800,self,4.241082684972452,3.585549165544525,0.7580000000000005,1
7,126,80,120,800,self,4.515839175970074,3.585549165544525,0.40600000000000014,1
7,127,80,120,800,self,3.6996370873891307,3.585549165544525,0.4970000000000002,1
7,128,80,120,800,self,2.6624500508220637,3.585549165544525,0.7520000000000004,1
7,129,80,120,800,self,3.112959950626279,3.585549165544525,0.8020000000000005,1
7,130,80,120,800,self,3.5232677451029617,3.585549165544525,0.8460000000000005,1
8,1,80,120,800,stranger,3.115154384936221,3.6055054714961745,0.7180000000000004,1
8,2,80,120,800,stranger,1.6315630435194879,3.6055054714961745,0.7180000000000004,1
8,3,80,120,800,stranger,0.8872428815252934,3.6055054714961745,0.5770000000000003,1
8,4,80,120,800,stranger,1.8992495761228483,3.6055054714961745,0.5250000000000002,1
8,5,80,120,800,stranger,2.649325858711189,3.6055054714961745,0.4760000000000002,1
8,6,80,120,800,stranger,1.4865225662314714,3.6055054714961745,0.8200000000000005,1
8,7,80,120,800,stranger,2.188405154699507,3.6055054714961745,0.8000000000000005,1
8,8,80,120,800,stranger,1.8637468250160882,3.6055054714961745,0.6380000000000003,1
8,9,80,120,800,stranger,2.193797130934418,3.6055054714961745,0.6930000000000004,1
8,10,80,120,800,stranger,1.5783599657679623,3.6055054714961745,0.8480000000000005,1
8,11,80,120,800,stranger,2.648426071211053,3.6055054714961745,0.5860000000000003,1
8,12,80,120,800,stranger,1.6899697738780142,3.6055054714961745,0.6420000000000003,1
8,13,80,120,800,stranger,2.148857510524785,3.6055054714961745,0.5750000000000003,1
8,14,80,120,800,stranger,2.059392945345703,3.6055054714961745,0.7030000000000003,1
8,15,80,120,800,stranger,2.3843539077198166,3.6055054714961745,0.8220000000000005,1
8,16,80,120,800,stranger,0.7701957650013107,3.6055054714961745,0.7810000000000004,1
8,17,80,120,800,stranger,0.8544526921453499,3.6055054714961745,0.8620000000000005,1
8,18,80,120,800,stranger,1.5282918981101432,3.6055054714961745,0.8740000000000006,1
8,19,80,120,800,stranger,1.5761519245649267,3.6055054714961745,0.4960000000000002,1
8,20,80,120,800,stranger,1.1195073906644106,3.6055054714961745,0.7980000000000005,1
8,21,80,120,800,stranger,-0.9542639052359668,3.6055054714961745,0.5950000000000003,1
8,22,80,120,800,stranger,2.047921367317676,3.6055054714961745,0.6430000000000003,1
8,23,80,120,800,stranger,2.1895007140351974,3.6055054714961745,0.7390000000000003,1
8,24,80,120,800,stranger,3.580676496932697,3.6055054714961745,0.8360000000000005,1
8,25,80,120,800,stranger,1.7837775548170427,3.6055054714961745,0.8320000000000005,1
8,26,80,120,800,stranger,0.5566030965820644,3.6055054714961745,0.40300000000000014,1
8,27,80,120,800,stranger,1.8623854481464237,3.6055054714961745,0.6050000000000003,1
8,28,80,120,800,stranger,2.705995944872079,3.6055054714961745,0.41500000000000015,1
8,29,80,120,800,stranger,3.0061941595260997,3.6055054714961745,0.6480000000000004,1
8,30,80,120,800,stranger,-1.878909121187121,3.6055054714961745,0.7550000000000003,2
8,31,80,120,800,stranger,0.36655812034842644,3.6055054714961745,0.8560000000000005,1
8,32,80,120,800,stranger,1.3880900456524379,3.6055054714961745,0.8240000000000005,1
8,33,80,120,800,stranger,2.680492610976562,3.6055054714961745,0.4970000000000002,1
8,34,80,120,800,stranger,0.8304767949830874,3.6055054714961745,0.5060000000000002,1
8,35,80,120,800,stranger,1.5517594768542202,3.6055054714961745,0.8010000000000004,1
8,36,80,120,800,stranger,-0.18316473995012317,3.6055054714961745,0.6190000000000003,1
8,37,80,120,800,stranger,0.4804814799188505,3.6055054714961745,0.7430000000000003,1
8,38,80,120,800,stranger,1.6328640269074066,3.6055054714961745,0.7200000000000004,1
8,39,80,120,800,stranger,0.18067471218527043,3.6055054714961745,0.6870000000000004,1
8,40,80,120,800,stranger,1.2995463211056664,3.6055054714961745,0.7780000000000005,1
8,41,80,120,800,stranger,2.931231388816027,3.6055054714961745,0.5560000000000003,1
8,42,80,120,800,stranger,1.4876897573480228,3.6055054714961745,0.8310000000000004,1
8,43,80,120,800,stranger,1.1531865427785208,3.6055054714961745,0.8390000000000004,1
8,44,80,120,800,stranger,0.8009824203068737,3.6055054714961745,0.7950000000000004,1
8,45,80,120,800,stranger,0.708302405515828,3.6055054714961745,0.6660000000000004,1
8,46,80,120,800,stranger,1.7772796410503084,3.6055054714961745,0.6410000000000003,1
8,47,80,120,800,stranger,2.142283903254471,3.6055054714961745,0.8420000000000005,1
8,48,80,120,800,stranger,1.3267182532926696,3.6055054714961745,0.7750000000000004,1
8,49,80,120,800,stranger,1.822930435840029,3.6055054714961745,0.6880000000000004,1
8,50,80,120,800,stranger,1.8347192652993027,3.6055054714961745,0.8610000000000004,1
8,51,80,120,800,stranger,0.9265608697535553,3.6055054714961745,0.8100000000000005,1
8,52,80,120,800,stranger,2.3924047404398516,3.6055054714961745,0.6930000000000004,1
8,53,80,120,800,stranger,1.8027509931018368,3.6055054714961745,0.6740000000000004,1
8,54,80,120,800,stranger,2.539865403265394,3.6055054714961745,0.5080000000000002,1
8,55,80,120,800,stranger,1.2540322220958837,3.6055054714961745,0.5610000000000003,1
8,56,80,120,800,stranger,0.6826443991744127,3.6055054714961745,0.8490000000000004,1
8,57,80,120,800,stranger,1.090083442572503,3.6055054714961745,0.4830000000000002,1
8,58,80,120,800,stranger,2.6558870275384336,3.6055054714961745,0.6300000000000003,1
8,59,80,120,800,stranger,1.4792998370212924,3.6055054714961745,0.8790000000000004,1
8,60,80,120,800,stranger,1.416106357617557,3.6055054714961745,0.8400000000000005,1
8,61,80,120,800,stranger,2.1490288203593186,3.6055054714961745,0.8630000000000004,1
8,62,80,120,800,stranger,2.3139366509927677,3.6055054714961745,0.6710000000000004,1
8,63,80,120,800,stranger,2.2020420893693307,3.6055054714961745,0.7220000000000004,1
8,64,80,120,800,stranger,1.845520044524707,3.6055054714961745,0.7840000000000005,1
8,65,80,120,800,stranger,0.710257377610643,3.6055054714961745,0.5550000000000003,1
8,66,80,120,800,stranger,0.0018335212046232119,3.6055054714961745,0.6180000000000003,2
8,67,80,120,800,stranger,1.0632308628036453,3.6055054714961745,0.8160000000000005,1
8,68,80,120,800,stranger,0.34415399085671483,3.6055054714961745,0.7340000000000004,2
8,69,80,120,800,stranger,-0.10533351791499168,3.6055054714961745,0.5830000000000003,1
8,70,80,120,800,stranger,1.5759636049282344,3.6055054714961745,0.7760000000000005,1
8,71,80,120,800,stranger,1.1424156864215451,3.6055054714961745,0.6110000000000003,1
8,72,80,120,800,stranger,3.101610279384539,3.6055054714961745,0.7100000000000004,1
8,73,80,120,800,stranger,1.3027813126775136,3.6055054714961745,0.5720000000000003,1
8,74,80,120,800,stranger,1.4318764493700997,3.6055054714961745,0.5660000000000003,1
8,75,80,120,800,stranger,1.444724950623252,3.6055054714961745,0.7850000000000004,1
8,76,80,120,800,stranger,2.5298817049534423,3.6055054714961745,0.6170000000000003,1
8,77,80,120,800,stranger,1.6942671859810825,3.6055054714961745,0.8500000000000005,1
8,78,80,120,800,stranger,2.976435383240187,3.6055054714961745,0.8410000000000004,1
8,79,80,120,800,stranger,-0.3619195069926592,3.6055054714961745,0.8720000000000006,2
8,80,80,120,800,stranger,1.4794401511622173,3.6055054714961745,0.8170000000000004,1
8,81,80,120,800,stranger,2.782735424568322,3.6055054714961745,0.5000000000000002,1
8,82,80,120,800,stranger,0.35744516112087676,3.6055054714961745,0.6810000000000004,2
8,83,80,120,800,stranger,1.8315286630713938,3.6055054714961745,0.7800000000000005,1
8,84,80,120,800,stranger,1.8341865855427821,3.6055054714961745,0.8500000000000005,1
8,85,80,120,800,stranger,-1.7850159161170707,3.6055054714961745,0.6210000000000003,2
8,86,80,120,800,stranger,-1.3462847642939213,3.6055054714961745,0.6700000000000004,2
8,87,80,120,800,stranger,0.45876179171330855,3.6055054714961745,0.6250000000000003,2
8,88,80,120,800,stranger,2.4183341481199103,3.6055054714961745,0.43200000000000016,1
8,89,80,120,800,stranger,2.141017212270126,3.6055054714961745,0.8030000000000004,1
8,90,80,120,800,stranger,1.5287893639810872,3.6055054714961745,0.8210000000000004,1
8,91,80,120,800,stranger,2.5492723901945977,3.6055054714961745,0.6490000000000004,1
8,92,80,120,800,stranger,1.246745065071329,3.6055054714961745,0.8030000000000004,2
8,93,80,120,800,stranger,1.9322137898440257,3.6055054714961745,0.5450000000000003,1
8,94,80,120,800,stranger,-0.009021543205365523,3.6055054714961745,0.5120000000000002,2
8,95,80,120,800,stranger,2.150333764575813,3.6055054714961745,0.6020000000000003,1
8,96,80,120,800,stranger,1.2861708834041938,3.6055054714961745,0.5580000000000003,1
8,97,80,120,800,stranger,2.2573633563469437,3.6055054714961745,0.8200000000000005,1
8,98,80,120,800,stranger,1.3098389240936545,3.6055054714961745,0.5530000000000003,1
8,99,80,120,800,stranger,0.9467550814186971,3.6055054714961745,0.7590000000000003,1
8,100,80,120,800,stranger,1.7337652396476688,3.6055054714961745,0.8750000000000004,1
8,101,80,120,800,stranger,2.8514719666274777,3.6055054714961745,0.7010000000000003,1
8,102,80,120,800,stranger,1.8570496942453278,3.6055054714961745,0.6950000000000004,1
8,103,80,120,800,stranger,1.4691636150466232,3.6055054714961745,0.7680000000000005,1
8,104,80,120,800,stranger,2.0359233648663335,3.6055054714961745,0.7170000000000003,1
8,105,80,120,800,stranger,2.8558601051030754,3.6055054714961745,0.6720000000000004,1
8,106,80,120,800,stranger,1.4408249531740782,3.6055054714961745,0.7160000000000004,1
8,107,80,120,800,stranger,1.8716627482024553,3.6055054714961745,0.8560000000000005,1
8,108,80,120,800,stranger,1.3455634575716675,3.6055054714961745,0.8650000000000004,1
8,109,80,120,800,stranger,1.9943005872245032,3.6055054714961745,0.8270000000000004,1
8,110,80,120,800,stranger,1.720762293620815,3.6055054714961745,0.7220000000000004,1
8,111,80,120,800,stranger,1.835683289358752,3.6055054714961745,0.7120000000000004,1
8,112,80,120,800,stranger,2.5475099030969846,3.6055054714961745,0.8330000000000004,1
8,113,80,120,800,stranger,0.9470920329370973,3.6055054714961745,0.8460000000000005,1
8,114,80,120,800,stranger,0.15212010052143787,3.6055054714961745,0.8650000000000004,1
8,115,80,120,800,stranger,1.5253515971799758,3.6055054714961745,0.5610000000000003,1
8,116,80,120,800,stranger,0.9670193200229845,3.6055054714961745,0.7760000000000005,1
8,117,80,120,800,stranger,2.1667801456758293,3.6055054714961745,0.8340000000000005,1
8,118,80,120,800,stranger,2.498997164599342,3.6055054714961745,0.6480000000000004,1
8,119,80,120,800,stranger,2.4915194971438295,3.6055054714961745,0.5990000000000003,1
8,120,80,120,800,stranger,-1.1105765690182423,3.6055054714961745,0.7590000000000003,2
8,121,80,120,800,stranger,-1.1733758790854414,3.6055054714961745,0.6880000000000004,2
8,122,80,120,800,stranger,1.6348994770254346,3.6055054714961745,0.8150000000000004,1
8,123,80,120,800,stranger,1.061404794382847,3.6055054714961745,0.7730000000000004,1
8,124,80,120,800,stranger,2.5033988857220453,3.6055054714961745,0.6050000000000003,1
8,125,80,120,800,stranger,2.444325783162374,3.6055054714961745,0.4970000000000002,1
8,126,80,120,800,stranger,1.2126796093052579,3.6055054714961745,0.7890000000000004,1
8,127,80,120,800,stranger,1.48006532972776,3.6055054714961745,0.7110000000000003,1
8,128,80,120,800,stranger,1.7855408580976506,3.6055054714961745,0.5780000000000003,1
8,129,80,120,800,stranger,-0.9311999601114725,3.6055054714961745,0.7120000000000004,2
8,130,80,120,800,stranger,2.240329398454241,3.6055054714961745,0.6140000000000003,1
8,1,80,120,800,self,2.7076797608945125,3.6055054714961745,0.8670000000000004,1
8,2,80,120,800,self,2.2353043557904106,3.6055054714961745,0.5140000000000002,1
8,3,80,120,800,self,5.22224793287022,3.6055054714961745,0.5350000000000003,1
8,4,80,120,800,self,4.804621998999043,3.6055054714961745,0.6360000000000003,1
8,5,80,120,800,self,2.5254107226762224,3.6055054714961745,0.4520000000000002,1
8,6,80,120,800,self,5.710734701814992,3.6055054714961745,0.3640000000000001,1
8,7,80,120,800,self,3.6039543710002677,3.6055054714961745,0.5180000000000002,1
8,8,80,120,800,self,4.162156225659125,3.6055054714961745,0.5110000000000002,1
8,9,80,120,800,self,3.641513990485176,3.6055054714961745,0.6700000000000004,1
8,10,80,120,800,self,2.894744978930833,3.6055054714961745,0.4620000000000002,1
8,11,80,120,800,self,4.752730115100064,3.6055054714961745,0.4850000000000002,1
8,12,80,120,800,self,3.2333798735076904,3.6055054714961745,0.4890000000000002,1
8,13,80,120,800,self,4.259884366530552,3.6055054714961745,0.5010000000000002,1
8,14,80,120,800,self,3.47177136422622,3.6055054714961745,0.42900000000000016,1
8,15,80,120,800,self,4.6580492235118305,3.6055054714961745,0.7050000000000003,1
8,16,80,120,800,self,3.6951816042521877,3.6055054714961745,0.6830000000000004,1
8,17,80,120,800,self,3.981780763447066,3.6055054714961745,0.6130000000000003,1
8,18,80,120,800,self,3.2066545969186127,3.6055054714961745,0.5530000000000003,1
8,19,80,120,800,self,4.746397993586237,3.6055054714961745,0.4780000000000002,1
8,20,80,120,800,self,3.1184954004121375,3.6055054714961745,0.6950000000000004,1
8,21,80,120,800,self,3.519629434406098,3.6055054714961745,0.6220000000000003,1
8,22,80,120,800,self,3.3277539163145344,3.6055054714961745,0.8080000000000005,1
8,23,80,120,800,self,4.325552370476894,3.6055054714961745,0.6530000000000004,1
8,24,80,120,800,self,3.14887254724947,3.6055054714961745,0.6100000000000003,1
8,25,80,120,800,self,3.8887025788697107,3.6055054714961745,0.6300000000000003,1
8,26,80,120,800,self,4.6656681807136415,3.6055054714961745,0.6110000000000003,1
8,27,80,120,800,self,4.276813096472533,3.6055054714961745,0.5660000000000003,1
8,28,80,120,800,self,4.266148223813785,3.6055054714961745,0.6880000000000004,1
8,29,80,120,800,self,3.995975642813541,3.6055054714961745,0.6010000000000003,1
8,30,80,120,800,self,5.872040190821956,3.6055054714961745,0.5890000000000003,1
8,31,80,120,800,self,4.101000533391164,3.6055054714961745,0.43800000000000017,1
8,32,80,120,800,self,3.1615247519245773,3.6055054714961745,0.7760000000000005,1
8,33,80,120,800,self,5.627091453019521,3.6055054714961745,0.5080000000000002,1
8,34,80,120,800,self,2.753149510015754,3.6055054714961745,0.8090000000000004,1
8,35,80,120,800,self,4.719658652965551,3.6055054714961745,0.5300000000000002,1
8,36,80,120,800,self,2.6294080427292617,3.6055054714961745,0.8490000000000004,1
8,37,80,120,800,self,3.3058866026714293,3.6055054714961745,0.5160000000000002,1
8,38,80,120,800,self,4.518432967819834,3.6055054714961745,0.7020000000000004,1
8,39,80,120,800,self,3.681921466924531,3.6055054714961745,0.6400000000000003,1
8,40,80,120,800,self,2.9774586666947975,3.6055054714961745,0.8310000000000004,1
8,41,80,120,800,self,4.744038774352752,3.6055054714961745,0.6380000000000003,1
8,42,80,120,800,self,3.3311672203238523,3.6055054714961745,0.6520000000000004,1
8,43,80,120,800,self,5.8105636698228915,3.6055054714961745,0.4640000000000002,1
8,44,80,120,800,self,3.4038996732621962,3.6055054714961745,0.6850000000000004,1
8,45,80,120,800,self,3.3605112594710933,3.6055054714961745,0.6980000000000004,1
8,46,80,120,800,self,4.932016535455068,3.6055054714961745,0.5580000000000003,1
8,47,80,120,800,self,4.350411425006546,3.6055054714961745,0.3880000000000001,1
8,48,80,120,800,self,3.5671813075071115,3.6055054714961745,0.7080000000000004,1
8,49,80,120,800,self,4.620629543992893,3.6055054714961745,0.8100000000000005,1
8,50,80,120,800,self,4.255566549049679,3.6055054714961745,0.7790000000000004,1
8,51,80,120,800,self,5.148116132708848,3.6055054714961745,0.8040000000000005,1
8,52,80,120,800,self,3.4583547909396195,3.6055054714961745,0.8730000000000004,1
8,53,80,120,800,self,1.7337871742163555,3.6055054714961745,0.7300000000000004,1
8,54,80,120,800,self,2.419507166568973,3.6055054714961745,0.8580000000000005,1
8,55,80,120,800,self,3.480560387466848,3.6055054714961745,0.8010000000000004,1
8,56,80,120,800,self,3.353742376702726,3.6055054714961745,0.6690000000000004,1
8,57,80,120,800,self,5.405005631427054,3.6055054714961745,0.41400000000000015,1
8,58,80,120,800,self,2.3385023811800005,3.6055054714961745,0.6480000000000004,1
8,59,80,120,800,self,3.7082805483899204,3.6055054714961745,0.5330000000000003,1
8,60,80,120,800,self,5.034741047920682,3.6055054714961745,0.41900000000000015,1
8,61,80,120,800,self,3.6100860656436016,3.6055054714961745,0.4540000000000002,1
8,62,80,120,800,self,3.2725484039891723,3.6055054714961745,0.7130000000000003,1
8,63,80,120,800,self,3.779981907041504,3.6055054714961745,0.8230000000000004,1
8,64,80,120,800,self,4.6570336836295905,3.6055054714961745,0.6300000000000003,1
8,65,80,120,800,self,3.156544038179754,3.6055054714961745,0.6500000000000004,1
8,66,80,120,800,self,4.027083343596806,3.6055054714961745,0.5590000000000003,1
8,67,80,120,800,self,2.5954606044042183,3.6055054714961745,0.5000000000000002,1
8,68,80,120,800,self,4.021543414168186,3.6055054714961745,0.5120000000000002,1
8,69,80,120,800,self,3.0970194042893877,3.6055054714961745,0.5830000000000003,1
8,70,80,120,800,self,3.2472103589607033,3.6055054714961745,0.6290000000000003,1
8,71,80,120,800,self,4.01578937329173,3.6055054714961745,0.5430000000000003,1
8,72,80,120,800,self,3.184327730332907,3.6055054714961745,0.5980000000000003,1
8,73,80,120,800,self,3.3264857063411046,3.6055054714961745,0.6780000000000004,1
8,74,80,120,800,self,4.554269464513254,3.6055054714961745,0.3890000000000001,1
8,75,80,120,800,self,3.315198577506462,3.6055054714961745,0.6620000000000004,1
8,76,80,120,800,self,2.3163311904965096,3.6055054714961745,0.7470000000000003,1
8,77,80,120,800,self,3.661144144277698,3.6055054714961745,0.43400000000000016,1
8,78,80,120,800,self,5.196468331306297,3.6055054714961745,0.5110000000000002,1
8,79,80,120,800,self,5.1905703964568595,3.6055054714961745,0.4950000000000002,1
8,80,80,120,800,self,3.956577072510195,3.6055054714961745,0.6920000000000004,1
8,81,80,120,800,self,4.138866032374601,3.6055054714961745,0.4750000000000002,1
8,82,80,120,800,self,3.7257449735750092,3.6055054714961745,0.5860000000000003,1
8,83,80,120,800,self,3.952829699246594,3.6055054714961745,0.5670000000000003,1
8,84,80,120,800,self,2.6363539446577438,3.6055054714961745,0.5820000000000003,1
8,85,80,120,800,self,2.906624839561845,3.6055054714961745,0.5950000000000003,1
8,86,80,120,800,self,4.161966526441244,3.6055054714961745,0.7620000000000005,1
8,87,80,120,800,self,4.441144171901007,3.6055054714961745,0.5070000000000002,1
8,88,80,120,800,self,4.100292545179052,3.6055054714961745,0.6950000000000004,1
8,89,80,120,800,self,5.13369716359939,3.6055054714961745,0.5840000000000003,1
8,90,80,120,800,self,3.962439885487546,3.6055054714961745,0.8290000000000004,1
8,91,80,120,800,self,4.265362793229633,3.6055054714961745,0.6600000000000004,1
8,92,80,120,800,self,3.7177200450903594,3.6055054714961745,0.5480000000000003,1
8,93,80,120,800,self,3.681266177098927,3.6055054714961745,0.6180000000000003,1
8,94,80,120,800,self,4.079415161726398,3.6055054714961745,0.4950000000000002,1
8,95,80,120,800,self,4.9791539536816005,3.6055054714961745,0.5260000000000002,1
8,96,80,120,800,self,4.737076068306643,3.6055054714961745,0.5510000000000003,1
8,97,80,120,800,self,2.575122220665471,3.6055054714961745,0.6010000000000003,1
8,98,80,120,800,self,3.006067457653853,3.6055054714961745,0.7250000000000003,1
8,99,80,120,800,self,5.427410939493807,3.6055054714961745,0.8080000000000005,1
8,100,80,120,800,self,4.399267368822439,3.6055054714961745,0.5730000000000003,1
8,101,80,120,800,self,3.9670690156754542,3.6055054714961745,0.7280000000000004,1
8,102,80,120,800,self,2.584615767218006,3.6055054714961745,0.4510000000000002,1
8,103,80,120,800,self,3.9118219626348893,3.6055054714961745,0.4920000000000002,1
8,104,80,120,800,self,3.5851699301162196,3.6055054714961745,0.5650000000000003,1
8,105,80,120,800,self,4.5609363808262575,3.6055054714961745,0.6930000000000004,1
8,106,80,120,800,self,4.0713079394781735,3.6055054714961745,0.7150000000000003,1
8,107,80,120,800,self,4.686013196423657,3.6055054714961745,0.5490000000000003,1
8,108,80,120,800,self,3.6382921368285293,3.6055054714961745,0.6470000000000004,1
8,109,80,120,800,self,3.4820129428185687,3.6055054714961745,0.6040000000000003,1
8,110,80,120,800,self,2.5985456645752465,3.6055054714961745,0.5810000000000003,1
8,111,80,120,800,self,3.163850649818712,3.6055054714961745,0.7500000000000004,1
8,112,80,120,800,self,4.0091245940201015,3.6055054714961745,0.6160000000000003,1
8,113,80,120,800,self,4.431736026513977,3.6055054714961745,0.6520000000000004,1
8,114,80,120,800,self,4.120805749897739,3.6055054714961745,0.6200000000000003,1
8,115,80,120,800,self,3.054678572030333,3.6055054714961745,0.7710000000000004,1
8,116,80,120,800,self,3.88248656616398,3.6055054714961745,0.5040000000000002,1
8,117,80,120,800,self,2.9866222036379977,3.6055054714961745,0.6980000000000004,1
8,118,80,120,800,self,2.8595942941695425,3.6055054714961745,0.4620000000000002,1
8,119,80,120,800,self,2.645972025989297,3.6055054714961745,0.8570000000000004,1
8,120,80,120,800,self,2.1316161180518405,3.6055054714961745,0.4920000000000002,1
8,121,80,120,800,self,2.9151171751962215,3.6055054714961745,0.6270000000000003,1
8,122,80,120,800,self,5.409801114572472,3.6055054714961745,0.7480000000000004,1
8,123,80,120,800,self,1.6124476742468465,3.6055054714961745,0.7340000000000004,1
8,124,80,120,800,self,4.375936181322816,3.6055054714961745,0.5110000000000002,1
8,125,80,120,800,self,3.369865200249465,3.6055054714961745,0.5680000000000003,1
8,126,80,120,800,self,3.9195797863346282,3.6055054714961745,0.44000000000000017,1
8,127,80,120,800,self,3.240826132339423,3.6055054714961745,0.6340000000000003,1
8,128,80,120,800,self,2.418779121955429,3.6055054714961745,0.8760000000000006,1
8,129,80,120,800,self,3.48807237275487,3.6055054714961745,0.6300000000000003,1
8,130,80,120,800,self,2.954929393929305,3.6055054714961745,0.8610000000000004,1
